EstacaoCodigo,NivelConsistencia,Data,TipoMedicaoChuvas,Maxima,Total,DiaMaxima,NumDiasDeChuva,MaximaStatus,TotalStatus,NumDiasDeChuvaStatus,TotalAnual,TotalAnualStatus,Chuva01,Chuva02,Chuva03,Chuva04,Chuva05,Chuva06,Chuva07,Chuva08,Chuva09,Chuva10,Chuva11,Chuva12,Chuva13,Chuva14,Chuva15,Chuva16,Chuva17,Chuva18,Chuva19,Chuva20,Chuva21,Chuva22,Chuva23,Chuva24,Chuva25,Chuva26,Chuva27,Chuva28,Chuva29,Chuva30,Chuva31,Chuva01Status,Chuva02Status,Chuva03Status,Chuva04Status,Chuva05Status,Chuva06Status,Chuva07Status,Chuva08Status,Chuva09Status,Chuva10Status,Chuva11Status,Chuva12Status,Chuva13Status,Chuva14Status,Chuva15Status,Chuva16Status,Chuva17Status,Chuva18Status,Chuva19Status,Chuva20Status,Chuva21Status,Chuva22Status,Chuva23Status,Chuva24Status,Chuva25Status,Chuva26Status,Chuva27Status,Chuva28Status,Chuva29Status,Chuva30Status,Chuva31Status
2648020,1,01/11/2024,1,15.7,86.8,8.0,15.0,1.0,1,1,,0,0.0,0.0,1.2,2.3,6.2,3.1,12.8,15.7,0.0,0.0,5.1,2.1,4.2,0.0,0.0,0.0,0.0,1.1,0.0,0.0,5.3,12.7,8.5,5.4,0.0,0.0,0.0,1.1,0.0,0.0,,1,1,1,1,1,1,1,1,1,1,1,1,1,1,1,1,1,1,1,1,1,1,1,1,1,1,1,1,1,1,0.0
2648020,1,01/10/2024,1,95.7,248.3,10.0,6.0,1.0,1,1,,0,0.0,0.0,12.5,0.0,0.0,0.0,0.0,0.0,0.0,95.7,73.8,55.4,0.0,0.0,0.0,0.0,0.0,0.0,0.0,0.0,0.0,5.6,0.0,0.0,0.0,0.0,0.0,0.0,0.0,0.0,5.3,1,1,1,1,1,1,1,1,1,1,1,1,1,1,1,1,1,1,1,1,1,1,1,1,1,1,1,1,1,1,1.0
2648020,1,01/09/2024,1,12.7,25.7,15.0,7.0,1.0,1,1,,0,0.0,0.0,1.2,0.0,0.0,0.0,0.0,0.0,1.1,0.0,0.0,0.0,2.4,3.1,12.7,0.0,0.0,0.0,0.0,1.1,0.0,0.0,0.0,0.0,0.0,0.0,4.1,0.0,0.0,0.0,,1,1,1,1,1,1,1,1,1,1,1,1,1,1,1,1,1,1,1,1,1,1,1,1,1,1,1,1,1,1,0.0
2648020,1,01/08/2024,1,4.1,10.9,25.0,4.0,1.0,1,1,,0,3.4,0.0,0.0,0.0,0.0,0.0,1.1,0.0,0.0,0.0,0.0,0.0,0.0,0.0,0.0,0.0,0.0,0.0,0.0,0.0,0.0,0.0,0.0,2.3,4.1,0.0,0.0,0.0,0.0,0.0,0.0,1,1,1,1,1,1,1,1,1,1,1,1,1,1,1,1,1,1,1,1,1,1,1,1,1,1,1,1,1,1,1.0
2648020,1,01/07/2024,1,25.7,112.2,10.0,14.0,1.0,1,1,,0,0.0,0.0,0.0,0.0,0.0,0.0,2.3,5.2,9.5,25.7,7.4,12.5,9.1,8.2,5.3,3.5,12.3,0.0,0.0,0.0,0.0,0.0,0.0,0.0,0.0,0.0,0.0,0.0,5.7,4.3,1.2,1,1,1,1,1,1,1,1,1,1,1,1,1,1,1,1,1,1,1,1,1,1,1,1,1,1,1,1,1,1,1.0
2648020,1,01/06/2024,1,6.7,16.6,24.0,4.0,1.0,1,1,,0,0.0,0.0,0.0,0.0,0.0,0.0,0.0,0.0,0.0,0.0,0.0,0.0,0.0,0.0,0.0,0.0,0.0,0.0,0.0,0.0,2.3,0.0,0.0,6.7,3.5,4.1,0.0,0.0,0.0,0.0,,1,1,1,1,1,1,1,1,1,1,1,1,1,1,1,1,1,1,1,1,1,1,1,1,1,1,1,1,1,1,0.0
2648020,1,01/05/2024,1,12.6,84.2,19.0,17.0,1.0,1,1,,0,0.0,1.3,2.4,1.1,2.3,0.0,0.0,0.0,0.0,5.4,0.0,0.0,0.0,5.7,3.2,0.0,0.0,5.3,12.6,2.3,0.0,1.1,7.3,5.8,12.2,3.1,8.5,4.6,0.0,0.0,0.0,1,1,1,1,1,1,1,1,1,1,1,1,1,1,1,1,1,1,1,1,1,1,1,1,1,1,1,1,1,1,1.0
2648020,1,01/04/2024,1,65.9,198.0,15.0,16.0,1.0,1,1,,0,0.0,1.1,2.3,5.4,0.0,0.0,2.1,3.4,0.0,1.1,0.0,35.7,12.3,19.5,65.9,18.5,12.4,0.0,0.0,0.0,0.0,0.0,0.0,1.3,0.0,12.7,0.0,0.0,3.1,1.2,,1,1,1,1,1,1,1,1,1,1,1,1,1,1,1,1,1,1,1,1,1,1,1,1,1,1,1,1,1,1,0.0
2648020,1,01/03/2024,1,5.6,31.1,21.0,11.0,1.0,1,1,,0,2.1,0.0,0.0,0.0,2.4,3.5,4.1,1.1,2.3,5.4,0.0,0.0,0.0,0.0,1.2,0.0,2.3,0.0,1.1,0.0,5.6,0.0,0.0,0.0,0.0,0.0,0.0,0.0,0.0,0.0,0.0,1,1,1,1,1,1,1,1,1,1,1,1,1,1,1,1,1,1,1,1,1,1,1,1,1,1,1,1,1,1,1.0
2648020,1,01/02/2024,1,210.6,372.2,25.0,10.0,1.0,1,1,,0,0.0,0.0,0.0,0.0,0.0,0.0,0.0,0.0,0.0,0.0,0.0,0.0,0.0,7.5,0.0,0.0,1.1,2.3,57.4,4.2,80.6,5.3,0.0,0.0,210.6,1.1,0.0,0.0,2.1,,,1,1,1,1,1,1,1,1,1,1,1,1,1,1,1,1,1,1,1,1,1,1,1,1,1,1,1,1,1,0,0.0
2648020,1,01/01/2024,1,65.7,174.9,23.0,20.0,1.0,1,1,,0,2.3,5.7,25.4,1.1,12.7,9.3,0.0,0.0,3.1,1.1,0.0,2.3,0.0,0.0,0.0,0.0,1.2,0.0,0.0,2.4,3.1,5.4,65.7,12.3,8.6,2.1,5.3,2.4,0.0,3.4,0.0,1,1,1,1,1,1,1,1,1,1,1,1,1,1,1,1,1,1,1,1,1,1,1,1,1,1,1,1,1,1,1.0
2648020,1,01/12/2023,1,15.2,37.8,8.0,8.0,1.0,1,1,,0,0.0,0.0,0.0,1.2,3.1,0.0,1.1,15.2,1.4,12.6,1.1,2.1,0.0,0.0,0.0,0.0,0.0,0.0,0.0,0.0,0.0,0.0,0.0,0.0,0.0,0.0,0.0,0.0,0.0,0.0,0.0,1,1,1,1,1,1,1,1,1,1,1,1,1,1,1,1,1,1,1,1,1,1,1,1,1,1,1,1,1,1,1.0
2648020,1,01/11/2023,1,64.5,179.0,4.0,16.0,1.0,1,1,,0,2.1,1.3,15.7,64.5,0.0,0.0,0.0,0.0,0.0,1.1,2.3,0.0,1.2,3.5,2.4,0.0,12.7,1.1,2.3,0.0,0.0,0.0,18.6,1.2,0.0,0.0,3.1,45.9,0.0,0.0,,1,1,1,1,1,1,1,1,1,1,1,1,1,1,1,1,1,1,1,1,1,1,1,1,1,1,1,1,1,1,0.0
2648020,1,01/10/2023,1,65.7,239.7,29.0,19.0,1.0,1,1,,0,8.7,0.0,0.0,12.7,25.2,4.1,2.4,35.9,1.1,2.3,0.0,25.8,1.1,0.0,0.0,4.3,12.7,1.1,1.2,0.0,0.0,0.0,1.1,0.0,0.0,0.0,4.2,5.4,65.7,0.0,24.7,1,1,1,1,1,1,1,1,1,1,1,1,1,1,1,1,1,1,1,1,1,1,1,1,1,1,1,1,1,1,1.0
2648020,1,01/09/2023,1,7.6,41.3,27.0,13.0,1.0,1,1,,0,0.0,0.0,5.4,0.0,0.0,5.7,2.1,1.1,0.0,0.0,0.0,0.0,0.0,2.3,0.0,0.0,0.0,0.0,0.0,0.0,1.2,0.0,1.3,0.0,2.4,3.5,7.6,2.1,5.2,1.4,,1,1,1,1,1,1,1,1,1,1,1,1,1,1,1,1,1,1,1,1,1,1,1,1,1,1,1,1,1,1,0.0
2648020,1,01/08/2023,1,12.5,45.0,10.0,7.0,1.0,1,1,,0,0.0,0.0,0.0,0.0,0.0,0.0,0.0,0.0,7.2,12.5,3.1,7.3,0.0,0.0,1.1,0.0,0.0,0.0,5.3,0.0,0.0,0.0,0.0,0.0,8.5,0.0,0.0,0.0,0.0,0.0,0.0,1,1,1,1,1,1,1,1,1,1,1,1,1,1,1,1,1,1,1,1,1,1,1,1,1,1,1,1,1,1,1.0
2648020,1,01/07/2023,1,12.7,66.2,12.0,13.0,1.0,1,1,,0,0.0,0.0,0.0,0.0,0.0,0.0,0.0,0.0,0.0,1.2,3.1,12.7,4.2,0.0,0.0,2.4,12.3,1.1,12.7,1.5,7.2,5.4,1.1,1.3,0.0,0.0,0.0,0.0,0.0,0.0,0.0,1,1,1,1,1,1,1,1,1,1,1,1,1,1,1,1,1,1,1,1,1,1,1,1,1,1,1,1,1,1,1.0
2648020,1,01/06/2023,1,35.4,71.2,16.0,6.0,1.0,1,1,,0,0.0,0.0,0.0,0.0,0.0,0.0,0.0,0.0,0.0,0.0,0.0,0.0,1.1,12.6,18.7,35.4,0.0,0.0,0.0,0.0,0.0,1.1,2.3,0.0,0.0,0.0,0.0,0.0,0.0,0.0,,1,1,1,1,1,1,1,1,1,1,1,1,1,1,1,1,1,1,1,1,1,1,1,1,1,1,1,1,1,1,0.0
2648020,1,01/05/2023,1,0.0,0.0,1.0,0.0,1.0,1,1,,0,0.0,0.0,0.0,0.0,0.0,0.0,0.0,0.0,0.0,0.0,0.0,0.0,0.0,0.0,0.0,0.0,0.0,0.0,0.0,0.0,0.0,0.0,0.0,0.0,0.0,0.0,0.0,0.0,0.0,0.0,0.0,1,1,1,1,1,1,1,1,1,1,1,1,1,1,1,1,1,1,1,1,1,1,1,1,1,1,1,1,1,1,1.0
2648020,1,01/04/2023,1,12.7,69.5,18.0,13.0,1.0,1,1,,0,0.0,0.0,0.0,0.0,1.1,0.0,12.1,7.5,0.0,2.1,0.0,0.0,0.0,5.3,3.5,6.1,3.2,12.7,4.2,0.0,0.0,5.2,1.1,5.4,0.0,0.0,0.0,0.0,0.0,0.0,,1,1,1,1,1,1,1,1,1,1,1,1,1,1,1,1,1,1,1,1,1,1,1,1,1,1,1,1,1,1,0.0
2648020,1,01/03/2023,1,87.5,137.8,23.0,14.0,1.0,1,1,,0,0.0,0.0,0.0,3.1,12.4,5.7,4.2,1.1,0.0,2.1,0.0,3.4,5.1,0.0,0.0,1.1,2.4,0.0,0.0,0.0,0.0,0.0,87.5,0.0,0.0,0.0,1.1,1.2,0.0,7.4,0.0,1,1,1,1,1,1,1,1,1,1,1,1,1,1,1,1,1,1,1,1,1,1,1,1,1,1,1,1,1,1,1.0
2648020,1,01/02/2023,1,35.7,94.3,27.0,18.0,1.0,1,1,,0,0.0,0.0,3.2,2.1,5.7,0.0,0.0,0.0,0.0,1.1,2.3,0.0,0.0,1.3,4.2,5.4,3.1,7.6,1.1,3.1,1.4,1.1,2.4,5.1,0.0,0.0,35.7,8.4,,,,1,1,1,1,1,1,1,1,1,1,1,1,1,1,1,1,1,1,1,1,1,1,1,1,1,1,1,1,0,0,0.0
2648020,1,01/01/2023,1,10.3,30.3,15.0,7.0,1.0,1,1,,0,0.0,0.0,0.0,0.0,0.0,0.0,0.0,0.0,0.0,0.0,0.0,0.0,0.0,5.4,10.3,0.0,0.0,0.0,5.3,3.4,2.5,0.0,1.1,0.0,0.0,0.0,0.0,0.0,0.0,2.3,0.0,1,1,1,1,1,1,1,1,1,1,1,1,1,1,1,1,1,1,1,1,1,1,1,1,1,1,1,1,1,1,1.0
2648020,1,01/12/2022,1,86.9,212.5,20.0,18.0,1.0,1,1,,0,5.9,7.3,1.1,0.0,35.7,2.3,0.0,0.0,0.0,0.0,1.1,0.0,3.2,0.0,0.0,0.0,0.0,5.4,12.7,86.9,7.3,5.7,0.0,1.2,1.3,2.1,0.0,15.8,12.4,5.1,0.0,1,1,1,1,1,1,1,1,1,1,1,1,1,1,1,1,1,1,1,1,1,1,1,1,1,1,1,1,1,1,1.0
2648020,1,01/11/2022,1,12.7,37.0,27.0,10.0,1.0,1,1,,0,0.0,0.0,0.0,0.0,0.0,0.0,0.0,0.0,1.1,0.0,0.0,0.0,0.0,1.2,0.0,0.0,0.0,0.0,0.0,1.1,0.0,0.0,0.0,2.1,1.3,1.1,12.7,6.4,4.2,5.8,,1,1,1,1,1,1,1,1,1,1,1,1,1,1,1,1,1,1,1,1,1,1,1,1,1,1,1,1,1,1,0.0
2648020,1,01/10/2022,1,10.4,79.8,17.0,18.0,1.0,1,1,,0,1.1,0.0,0.0,0.0,0.0,1.1,8.3,0.0,0.0,4.2,4.2,6.7,0.0,4.3,3.5,7.2,10.4,0.0,3.2,4.1,3.5,5.3,2.1,3.1,0.0,0.0,0.0,0.0,0.0,5.1,2.4,1,1,1,1,1,1,1,1,1,1,1,1,1,1,1,1,1,1,1,1,1,1,1,1,1,1,1,1,1,1,1.0
2648020,1,01/09/2022,1,12.7,53.6,13.0,14.0,1.0,1,1,,0,0.0,0.0,8.3,5.1,0.0,3.2,4.5,1.1,0.0,0.0,1.1,2.3,12.7,0.0,0.0,2.3,0.0,1.2,0.0,1.1,0.0,2.1,3.2,0.0,0.0,5.4,0.0,0.0,0.0,0.0,,1,1,1,1,1,1,1,1,1,1,1,1,1,1,1,1,1,1,1,1,1,1,1,1,1,1,1,1,1,1,0.0
2648020,1,01/08/2022,1,96.8,199.3,11.0,13.0,1.0,1,1,,0,0.0,0.0,0.0,0.0,0.0,3.2,12.7,5.4,25.2,35.7,96.8,7.2,1.1,0.0,0.0,0.0,4.2,2.1,0.0,0.0,0.0,0.0,0.0,1.1,0.0,0.0,0.0,0.0,0.0,3.2,1.4,1,1,1,1,1,1,1,1,1,1,1,1,1,1,1,1,1,1,1,1,1,1,1,1,1,1,1,1,1,1,1.0
2648020,1,01/07/2022,1,7.5,10.9,15.0,4.0,1.0,1,1,,0,0.0,0.0,0.0,1.1,0.0,0.0,0.0,0.0,0.0,0.0,1.1,0.0,0.0,1.2,7.5,0.0,0.0,0.0,0.0,0.0,0.0,0.0,0.0,0.0,0.0,0.0,0.0,0.0,0.0,0.0,0.0,1,1,1,1,1,1,1,1,1,1,1,1,1,1,1,1,1,1,1,1,1,1,1,1,1,1,1,1,1,1,1.0
2648020,1,01/06/2022,1,12.7,50.9,2.0,12.0,1.0,1,1,,0,1.2,12.7,4.1,0.0,2.1,1.2,5.8,7.3,3.2,4.5,0.0,0.0,0.0,0.0,0.0,0.0,0.0,0.0,0.0,0.0,0.0,5.6,0.0,0.0,1.1,0.0,2.1,0.0,0.0,0.0,,1,1,1,1,1,1,1,1,1,1,1,1,1,1,1,1,1,1,1,1,1,1,1,1,1,1,1,1,1,1,0.0
2648020,1,01/05/2022,1,12.5,45.1,4.0,10.0,1.0,1,1,,0,1.2,0.0,5.4,12.5,7.6,1.1,0.0,0.0,4.1,2.3,3.1,0.0,0.0,0.0,0.0,0.0,0.0,0.0,0.0,0.0,0.0,0.0,0.0,0.0,0.0,0.0,0.0,0.0,0.0,5.7,2.1,1,1,1,1,1,1,1,1,1,1,1,1,1,1,1,1,1,1,1,1,1,1,1,1,1,1,1,1,1,1,1.0
2648020,1,01/04/2022,1,9.4,44.6,13.0,12.0,1.0,1,1,,0,7.6,5.3,4.1,3.2,1.1,0.0,0.0,0.0,1.2,0.0,2.4,5.7,9.4,0.0,0.0,0.0,0.0,1.1,0.0,0.0,0.0,0.0,0.0,0.0,0.0,0.0,1.2,0.0,0.0,2.3,,1,1,1,1,1,1,1,1,1,1,1,1,1,1,1,1,1,1,1,1,1,1,1,1,1,1,1,1,1,1,0.0
2648020,1,01/03/2022,1,65.7,226.1,7.0,17.0,1.0,1,1,,0,2.1,0.0,1.3,0.0,0.0,0.0,65.7,8.5,6.3,0.0,7.2,55.8,7.3,0.0,1.1,0.0,0.0,0.0,12.7,5.3,15.4,6.2,2.1,1.2,0.0,0.0,0.0,0.0,0.0,12.7,15.2,1,1,1,1,1,1,1,1,1,1,1,1,1,1,1,1,1,1,1,1,1,1,1,1,1,1,1,1,1,1,1.0
2648020,1,01/02/2022,1,7.3,10.5,18.0,3.0,1.0,1,1,,0,0.0,0.0,1.1,0.0,0.0,0.0,0.0,0.0,0.0,0.0,0.0,0.0,0.0,0.0,0.0,0.0,0.0,7.3,0.0,0.0,0.0,2.1,0.0,0.0,0.0,0.0,0.0,0.0,,,,1,1,1,1,1,1,1,1,1,1,1,1,1,1,1,1,1,1,1,1,1,1,1,1,1,1,1,1,0,0,0.0
2648020,1,01/01/2022,1,85.7,168.3,10.0,16.0,1.0,1,1,,0,0.0,0.0,0.0,2.3,3.1,1.2,1.1,0.0,0.0,85.7,5.4,7.3,2.1,1.1,1.3,2.1,0.0,0.0,0.0,0.0,0.0,0.0,0.0,0.0,0.0,0.0,1.1,7.4,35.6,4.2,7.3,1,1,1,1,1,1,1,1,1,1,1,1,1,1,1,1,1,1,1,1,1,1,1,1,1,1,1,1,1,1,1.0
2648020,1,01/12/2021,1,12.4,35.7,7.0,8.0,1.0,1,1,,0,0.0,2.6,1.1,2.3,0.0,7.3,12.4,0.0,0.0,0.0,0.0,0.0,0.0,0.0,5.4,0.0,0.0,0.0,0.0,0.0,0.0,3.2,0.0,0.0,0.0,0.0,1.4,0.0,0.0,0.0,0.0,1,1,1,1,1,1,1,1,1,1,1,1,1,1,1,1,1,1,1,1,1,1,1,1,1,1,1,1,1,1,1.0
2648020,1,01/11/2021,1,35.7,115.4,1.0,14.0,1.0,1,1,,0,35.7,12.4,0.0,0.0,8.5,4.7,3.5,2.4,5.1,0.0,6.2,8.5,4.7,1.1,0.0,0.0,0.0,12.2,5.3,0.0,0.0,0.0,0.0,0.0,0.0,5.1,0.0,0.0,0.0,0.0,,1,1,1,1,1,1,1,1,1,1,1,1,1,1,1,1,1,1,1,1,1,1,1,1,1,1,1,1,1,1,0.0
2648020,1,01/10/2021,1,12.5,88.3,1.0,20.0,1.0,1,1,,0,12.5,1.1,2.4,1.2,0.0,0.0,0.0,0.0,7.5,6.3,8.2,10.3,1.1,2.2,0.0,3.5,2.1,4.2,8.3,1.1,2.4,0.0,0.0,3.2,0.0,0.0,0.0,0.0,2.1,3.2,5.4,1,1,1,1,1,1,1,1,1,1,1,1,1,1,1,1,1,1,1,1,1,1,1,1,1,1,1,1,1,1,1.0
2648020,1,01/09/2021,1,7.5,26.4,17.0,12.0,1.0,1,1,,0,1.2,0.0,0.0,0.0,2.3,0.0,0.0,1.2,1.1,0.0,0.0,0.0,0.0,0.0,1.3,2.4,7.5,3.6,0.0,1.2,2.3,1.1,0.0,0.0,0.0,0.0,0.0,0.0,1.2,0.0,,1,1,1,1,1,1,1,1,1,1,1,1,1,1,1,1,1,1,1,1,1,1,1,1,1,1,1,1,1,1,0.0
2648020,1,01/08/2021,1,4.2,23.1,1.0,13.0,1.0,1,1,,0,4.2,2.3,0.0,1.1,0.0,2.1,0.0,0.0,0.0,0.0,1.1,0.0,3.1,1.2,1.1,0.0,0.0,0.0,0.0,1.1,0.0,0.0,0.0,0.0,0.0,0.0,1.3,0.0,2.2,1.1,1.2,1,1,1,1,1,1,1,1,1,1,1,1,1,1,1,1,1,1,1,1,1,1,1,1,1,1,1,1,1,1,1.0
2648020,1,01/07/2021,1,4.2,12.7,6.0,5.0,1.0,1,1,,0,0.0,0.0,0.0,0.0,0.0,4.2,2.1,0.0,1.1,0.0,0.0,0.0,0.0,0.0,0.0,4.2,0.0,0.0,0.0,0.0,1.1,0.0,0.0,0.0,0.0,0.0,0.0,0.0,0.0,0.0,0.0,1,1,1,1,1,1,1,1,1,1,1,1,1,1,1,1,1,1,1,1,1,1,1,1,1,1,1,1,1,1,1.0
2648020,1,01/06/2021,1,12.5,50.6,20.0,12.0,1.0,1,1,,0,0.0,0.0,0.0,0.0,0.0,2.1,5.7,4.6,2.1,0.0,0.0,0.0,0.0,0.0,0.0,0.0,3.1,5.6,7.2,12.5,2.3,1.1,0.0,0.0,1.2,0.0,3.1,0.0,0.0,0.0,,1,1,1,1,1,1,1,1,1,1,1,1,1,1,1,1,1,1,1,1,1,1,1,1,1,1,1,1,1,1,0.0
2648020,1,01/05/2021,1,12.8,68.2,13.0,12.0,1.0,1,1,,0,0.0,0.0,0.0,0.0,0.0,2.1,12.7,0.0,0.0,0.0,3.1,4.2,12.8,10.2,1.1,0.0,0.0,0.0,0.0,0.0,1.1,2.1,3.2,0.0,0.0,0.0,0.0,0.0,12.5,3.1,0.0,1,1,1,1,1,1,1,1,1,1,1,1,1,1,1,1,1,1,1,1,1,1,1,1,1,1,1,1,1,1,1.0
2648020,1,01/04/2021,1,7.5,37.5,22.0,11.0,1.0,1,1,,0,0.0,0.0,0.0,1.2,3.5,5.1,5.3,4.7,0.0,0.0,0.0,0.0,0.0,0.0,0.0,2.1,0.0,0.0,0.0,1.1,2.4,7.5,1.2,3.4,0.0,0.0,0.0,0.0,0.0,0.0,,1,1,1,1,1,1,1,1,1,1,1,1,1,1,1,1,1,1,1,1,1,1,1,1,1,1,1,1,1,1,0.0
2648020,1,01/03/2021,1,85.3,196.5,1.0,12.0,1.0,1,1,,0,85.3,47.8,2.5,2.3,0.0,0.0,0.0,0.0,2.1,42.7,0.0,0.0,0.0,0.0,3.1,0.0,0.0,4.7,1.2,0.0,0.0,0.0,1.2,2.4,0.0,0.0,0.0,0.0,1.2,0.0,0.0,1,1,1,1,1,1,1,1,1,1,1,1,1,1,1,1,1,1,1,1,1,1,1,1,1,1,1,1,1,1,1.0
2648020,1,01/02/2021,1,56.5,145.1,28.0,13.0,1.0,1,1,,0,0.0,0.0,0.0,0.0,3.2,0.0,0.0,0.0,1.1,1.2,3.1,5.2,2.4,1.3,1.1,0.0,2.2,0.0,0.0,0.0,0.0,0.0,0.0,0.0,36.7,12.4,18.7,56.5,,,,1,1,1,1,1,1,1,1,1,1,1,1,1,1,1,1,1,1,1,1,1,1,1,1,1,1,1,1,0,0,0.0
2648020,1,01/01/2021,1,67.5,352.5,22.0,20.0,1.0,1,1,,0,0.0,3.2,1.1,0.0,2.4,4.7,3.5,4.2,46.5,0.0,5.7,0.0,0.0,2.3,35.8,0.0,1.1,0.0,57.5,64.3,37.4,67.5,8.6,2.1,1.1,0.0,0.0,1.2,0.0,2.3,0.0,1,1,1,1,1,1,1,1,1,1,1,1,1,1,1,1,1,1,1,1,1,1,1,1,1,1,1,1,1,1,1.0
2648020,1,01/12/2020,1,56.8,192.7,6.0,20.0,1.0,1,1,,0,5.2,1.1,10.2,2.3,1.4,56.8,47.5,35.6,0.0,0.0,0.0,0.0,0.0,1.1,2.4,1.5,3.1,0.0,1.1,0.0,0.0,0.0,0.0,1.2,0.0,3.4,5.7,1.1,2.1,5.7,4.2,1,1,1,1,1,1,1,1,1,1,1,1,1,1,1,1,1,1,1,1,1,1,1,1,1,1,1,1,1,1,1.0
2648020,1,01/11/2020,1,55.7,82.0,19.0,11.0,1.0,1,1,,0,1.1,0.0,0.0,2.4,0.0,0.0,0.0,0.0,0.0,3.1,1.1,2.4,0.0,1.1,0.0,0.0,0.0,2.4,55.7,0.0,6.2,4.1,0.0,0.0,0.0,0.0,2.4,0.0,0.0,0.0,,1,1,1,1,1,1,1,1,1,1,1,1,1,1,1,1,1,1,1,1,1,1,1,1,1,1,1,1,1,1,0.0
2648020,1,01/10/2020,1,7.4,43.5,5.0,13.0,1.0,1,1,,0,2.4,0.0,1.2,4.3,7.4,3.5,4.1,2.5,7.1,5.3,0.0,0.0,0.0,0.0,0.0,0.0,0.0,0.0,1.1,0.0,0.0,1.3,1.2,0.0,0.0,0.0,0.0,0.0,0.0,2.1,0.0,1,1,1,1,1,1,1,1,1,1,1,1,1,1,1,1,1,1,1,1,1,1,1,1,1,1,1,1,1,1,1.0
2648020,1,01/09/2020,1,9.7,39.2,1.0,10.0,1.0,1,1,,0,9.7,5.4,0.0,0.0,0.0,2.1,3.2,2.4,7.5,2.3,0.0,0.0,0.0,0.0,0.0,0.0,2.1,0.0,0.0,0.0,1.1,0.0,0.0,0.0,0.0,0.0,0.0,3.4,0.0,0.0,,1,1,1,1,1,1,1,1,1,1,1,1,1,1,1,1,1,1,1,1,1,1,1,1,1,1,1,1,1,1,0.0
2648020,1,01/08/2020,1,12.4,49.7,18.0,8.0,1.0,1,1,,0,0.0,0.0,0.0,0.0,0.0,0.0,0.0,0.0,0.0,0.0,0.0,0.0,7.4,0.0,5.3,8.1,1.2,12.4,0.0,8.5,5.7,0.0,0.0,0.0,0.0,0.0,0.0,0.0,0.0,0.0,1.1,1,1,1,1,1,1,1,1,1,1,1,1,1,1,1,1,1,1,1,1,1,1,1,1,1,1,1,1,1,1,1.0
2648020,1,01/07/2020,1,18.2,68.2,7.0,6.0,1.0,1,1,,0,15.7,0.0,0.0,0.0,0.0,12.4,18.2,2.4,0.0,0.0,0.0,0.0,0.0,0.0,0.0,0.0,7.2,0.0,0.0,0.0,0.0,0.0,0.0,0.0,0.0,0.0,0.0,0.0,12.3,0.0,0.0,1,1,1,1,1,1,1,1,1,1,1,1,1,1,1,1,1,1,1,1,1,1,1,1,1,1,1,1,1,1,1.0
2648020,1,01/06/2020,1,25.7,54.2,6.0,8.0,1.0,1,1,,0,0.0,5.1,0.0,0.0,0.0,25.7,0.0,0.0,0.0,12.5,0.0,0.0,0.0,0.0,0.0,0.0,1.2,0.0,1.1,0.0,0.0,0.0,0.0,1.2,0.0,0.0,5.1,2.3,0.0,0.0,,1,1,1,1,1,1,1,1,1,1,1,1,1,1,1,1,1,1,1,1,1,1,1,1,1,1,1,1,1,1,0.0
2648020,1,01/05/2020,1,7.2,11.8,14.0,3.0,1.0,1,1,,0,0.0,0.0,0.0,0.0,0.0,0.0,0.0,0.0,0.0,0.0,0.0,0.0,0.0,7.2,2.3,0.0,0.0,0.0,0.0,0.0,0.0,0.0,2.3,0.0,0.0,0.0,0.0,0.0,0.0,0.0,0.0,1,1,1,1,1,1,1,1,1,1,1,1,1,1,1,1,1,1,1,1,1,1,1,1,1,1,1,1,1,1,1.0
2648020,1,01/04/2020,1,12.5,24.4,7.0,7.0,1.0,1,1,,0,0.0,1.1,0.0,0.0,0.0,0.0,12.5,0.0,0.0,0.0,0.0,0.0,1.1,2.3,0.0,0.0,0.0,2.2,0.0,0.0,0.0,0.0,0.0,0.0,0.0,2.1,3.1,0.0,0.0,0.0,,1,1,1,1,1,1,1,1,1,1,1,1,1,1,1,1,1,1,1,1,1,1,1,1,1,1,1,1,1,1,0.0
2648020,1,01/03/2020,1,15.4,46.3,4.0,9.0,1.0,1,1,,0,0.0,1.3,12.2,15.4,0.0,0.0,0.0,1.2,0.0,0.0,0.0,0.0,0.0,0.0,0.0,0.0,0.0,0.0,4.2,0.0,0.0,5.3,0.0,1.2,2.4,0.0,3.1,0.0,0.0,0.0,0.0,1,1,1,1,1,1,1,1,1,1,1,1,1,1,1,1,1,1,1,1,1,1,1,1,1,1,1,1,1,1,1.0
2648020,1,01/02/2020,1,95.8,275.2,7.0,14.0,1.0,1,1,,0,0.0,0.0,35.7,3.2,5.6,7.9,95.8,52.6,2.1,7.9,2.3,5.8,0.0,0.0,0.0,0.0,0.0,0.0,5.8,0.0,0.0,0.0,0.0,0.0,2.4,35.7,12.4,0.0,0.0,,,1,1,1,1,1,1,1,1,1,1,1,1,1,1,1,1,1,1,1,1,1,1,1,1,1,1,1,1,1,0,0.0
2648020,1,01/01/2020,1,18.5,95.5,31.0,11.0,1.0,1,1,,0,0.0,7.6,0.0,15.2,12.4,5.2,4.3,0.0,5.2,7.1,0.0,0.0,0.0,0.0,0.0,0.0,0.0,0.0,0.0,0.0,0.0,0.0,7.2,0.0,0.0,0.0,0.0,7.5,5.3,0.0,18.5,1,1,1,1,1,1,1,1,1,1,1,1,1,1,1,1,1,1,1,1,1,1,1,1,1,1,1,1,1,1,1.0
2648020,1,01/12/2019,1,16.2,72.8,5.0,10.0,1.0,1,1,,0,0.0,0.0,0.0,3.1,16.2,12.5,0.0,0.0,0.0,1.2,0.0,0.0,5.3,0.0,2.4,12.2,7.5,8.3,4.1,0.0,0.0,0.0,0.0,0.0,0.0,0.0,0.0,0.0,0.0,0.0,0.0,1,1,1,1,1,1,1,1,1,1,1,1,1,1,1,1,1,1,1,1,1,1,1,1,1,1,1,1,1,1,1.0
2648020,1,01/11/2019,1,52.5,278.3,11.0,16.0,1.0,1,1,,0,0.0,5.1,2.5,7.2,0.0,3.1,2.4,1.1,2.3,35.7,52.5,47.3,27.1,19.2,2.1,0.0,0.0,0.0,0.0,0.0,0.0,0.0,0.0,0.0,0.0,15.6,36.7,18.4,0.0,0.0,,1,1,1,1,1,1,1,1,1,1,1,1,1,1,1,1,1,1,1,1,1,1,1,1,1,1,1,1,1,1,0.0
2648020,1,01/10/2019,1,18.7,76.4,16.0,10.0,1.0,1,1,,0,0.0,0.0,0.0,5.8,0.0,7.1,12.5,4.2,0.0,0.0,0.0,0.0,0.0,1.2,12.5,18.7,0.0,0.0,0.0,0.0,0.0,0.0,0.0,0.0,0.0,1.2,5.4,7.8,0.0,0.0,0.0,1,1,1,1,1,1,1,1,1,1,1,1,1,1,1,1,1,1,1,1,1,1,1,1,1,1,1,1,1,1,1.0
2648020,1,01/09/2019,1,25.3,75.9,21.0,12.0,1.0,1,1,,0,3.5,9.7,0.0,1.2,0.0,0.0,7.9,0.0,0.0,0.0,0.0,0.0,0.0,0.0,1.2,0.0,0.0,0.0,7.5,5.2,25.3,5.8,0.0,5.1,2.3,0.0,0.0,0.0,0.0,1.2,,1,1,1,1,1,1,1,1,1,1,1,1,1,1,1,1,1,1,1,1,1,1,1,1,1,1,1,1,1,1,0.0
2648020,1,01/08/2019,1,15.2,38.9,16.0,5.0,1.0,1,1,,0,0.0,0.0,0.0,0.0,0.0,0.0,0.0,0.0,0.0,0.0,0.0,0.0,0.0,12.7,0.0,15.2,0.0,0.0,0.0,0.0,0.0,0.0,0.0,0.0,2.1,3.2,0.0,0.0,0.0,0.0,5.7,1,1,1,1,1,1,1,1,1,1,1,1,1,1,1,1,1,1,1,1,1,1,1,1,1,1,1,1,1,1,1.0
2648020,1,01/07/2019,1,34.2,57.0,2.0,6.0,1.0,1,1,,0,0.0,34.2,0.0,0.0,0.0,0.0,0.0,0.0,0.0,0.0,0.0,0.0,0.0,0.0,8.3,0.0,2.1,0.0,7.5,0.0,0.0,0.0,0.0,0.0,0.0,0.0,1.1,3.8,0.0,0.0,0.0,1,1,1,1,1,1,1,1,1,1,1,1,1,1,1,1,1,1,1,1,1,1,1,1,1,1,1,1,1,1,1.0
2648020,1,01/06/2019,1,15.6,40.5,2.0,6.0,1.0,1,1,,0,8.2,15.6,7.4,0.0,0.0,2.1,0.0,0.0,0.0,0.0,0.0,0.0,0.0,0.0,0.0,0.0,0.0,0.0,0.0,0.0,0.0,0.0,0.0,2.1,0.0,5.1,0.0,0.0,0.0,0.0,,1,1,1,1,1,1,1,1,1,1,1,1,1,1,1,1,1,1,1,1,1,1,1,1,1,1,1,1,1,1,0.0
2648020,1,01/05/2019,1,35.6,119.8,31.0,19.0,1.0,1,1,,0,0.0,0.0,0.0,0.0,0.0,0.0,2.1,1.1,0.0,3.1,0.0,2.1,4.2,3.4,5.1,2.6,1.5,7.2,3.5,2.1,0.0,0.0,0.0,1.1,0.0,1.3,5.8,7.2,12.1,18.7,35.6,1,1,1,1,1,1,1,1,1,1,1,1,1,1,1,1,1,1,1,1,1,1,1,1,1,1,1,1,1,1,1.0
2648020,1,01/04/2019,1,35.7,129.0,21.0,14.0,1.0,1,1,,0,0.0,0.0,0.0,0.0,2.3,1.5,12.6,8.3,4.2,5.1,1.1,0.0,0.0,0.0,0.0,0.0,12.2,0.0,0.0,0.0,35.7,8.3,12.5,7.9,15.2,0.0,0.0,2.1,0.0,0.0,,1,1,1,1,1,1,1,1,1,1,1,1,1,1,1,1,1,1,1,1,1,1,1,1,1,1,1,1,1,1,0.0
2648020,1,01/03/2019,1,75.8,146.7,29.0,17.0,1.0,1,1,,0,0.0,0.0,0.0,0.0,3.1,2.2,0.0,0.0,3.1,1.1,0.0,2.6,0.0,4.2,6.3,2.1,0.0,25.7,4.1,1.2,3.1,0.0,0.0,0.0,1.1,0.0,5.3,3.2,75.8,2.5,0.0,1,1,1,1,1,1,1,1,1,1,1,1,1,1,1,1,1,1,1,1,1,1,1,1,1,1,1,1,1,1,1.0
2648020,1,01/02/2019,1,90.7,279.2,18.0,18.0,1.0,1,1,,0,0.0,12.7,18.5,4.1,7.2,1.1,0.0,0.0,0.0,0.0,0.0,12.5,0.0,0.0,8.2,12.5,25.9,90.7,7.2,12.5,1.1,0.0,0.0,7.4,18.3,12.7,25.4,1.2,,,,1,1,1,1,1,1,1,1,1,1,1,1,1,1,1,1,1,1,1,1,1,1,1,1,1,1,1,1,0,0,0.0
2648020,1,01/01/2019,1,35.8,137.5,20.0,14.0,1.0,1,1,,0,0.0,0.0,4.5,0.0,5.7,8.3,0.0,0.0,0.0,0.0,15.7,18.3,5.2,3.1,0.0,0.0,2.1,18.5,0.0,35.8,0.0,1.2,0.0,0.0,0.0,1.1,5.3,12.7,0.0,0.0,0.0,1,1,1,1,1,1,1,1,1,1,1,1,1,1,1,1,1,1,1,1,1,1,1,1,1,1,1,1,1,1,1.0
2648020,1,01/12/2018,1,25.7,80.4,24.0,11.0,1.0,1,1,,0,0.0,0.0,0.0,0.0,0.0,0.0,0.0,0.0,0.0,0.0,0.0,8.7,0.0,7.2,3.1,5.1,0.0,2.1,5.4,0.0,2.4,0.0,1.1,25.7,18.4,1.2,0.0,0.0,0.0,0.0,0.0,1,1,1,1,1,1,1,1,1,1,1,1,1,1,1,1,1,1,1,1,1,1,1,1,1,1,1,1,1,1,1.0
2648020,1,01/11/2018,1,15.8,72.0,10.0,17.0,1.0,1,1,,0,2.3,4.1,1.1,0.0,0.0,3.5,2.4,3.1,12.6,15.8,2.3,0.0,0.0,0.0,0.0,0.0,3.1,7.4,0.0,1.3,0.0,2.5,1.1,5.2,0.0,0.0,3.1,0.0,1.1,0.0,,1,1,1,1,1,1,1,1,1,1,1,1,1,1,1,1,1,1,1,1,1,1,1,1,1,1,1,1,1,1,0.0
2648020,1,01/10/2018,1,12.4,82.6,27.0,16.0,1.0,1,1,,0,0.0,4.2,0.0,0.0,0.0,2.1,0.0,0.0,1.3,3.2,4.1,7.6,5.4,4.3,0.0,0.0,2.1,0.0,0.0,1.3,0.0,0.0,5.7,8.5,7.4,6.8,12.4,0.0,6.2,0.0,0.0,1,1,1,1,1,1,1,1,1,1,1,1,1,1,1,1,1,1,1,1,1,1,1,1,1,1,1,1,1,1,1.0
2648020,1,01/09/2018,1,24.2,94.6,4.0,13.0,1.0,1,1,,0,0.0,12.4,8.3,24.2,0.0,2.4,0.0,0.0,0.0,1.1,0.0,0.0,7.3,4.1,2.3,12.1,0.0,0.0,0.0,0.0,1.2,0.0,0.0,2.3,12.6,4.3,0.0,0.0,0.0,0.0,,1,1,1,1,1,1,1,1,1,1,1,1,1,1,1,1,1,1,1,1,1,1,1,1,1,1,1,1,1,1,0.0
2648020,1,01/08/2018,1,12.5,41.7,25.0,7.0,1.0,1,1,,0,0.0,6.2,0.0,0.0,0.0,0.0,1.5,0.0,7.2,0.0,0.0,0.0,0.0,0.0,0.0,0.0,0.0,0.0,0.0,0.0,1.2,7.8,0.0,5.3,12.5,0.0,0.0,0.0,0.0,0.0,0.0,1,1,1,1,1,1,1,1,1,1,1,1,1,1,1,1,1,1,1,1,1,1,1,1,1,1,1,1,1,1,1.0
2648020,1,01/07/2018,1,7.3,38.6,30.0,12.0,1.0,1,1,,0,0.0,0.0,0.0,0.0,2.1,1.4,0.0,0.0,0.0,2.5,3.6,0.0,0.0,0.0,0.0,0.0,0.0,1.2,0.0,0.0,1.1,0.0,0.0,5.4,3.6,4.2,1.1,0.0,5.1,7.3,0.0,1,1,1,1,1,1,1,1,1,1,1,1,1,1,1,1,1,1,1,1,1,1,1,1,1,1,1,1,1,1,1.0
2648020,1,01/06/2018,1,25.4,73.0,27.0,15.0,1.0,1,1,,0,0.0,5.2,2.1,1.5,0.0,0.0,0.0,0.0,0.0,0.0,0.0,0.0,3.1,0.0,7.8,5.4,3.1,8.2,0.0,0.0,0.0,2.1,0.0,1.3,0.0,3.1,25.4,1.1,2.4,1.2,,1,1,1,1,1,1,1,1,1,1,1,1,1,1,1,1,1,1,1,1,1,1,1,1,1,1,1,1,1,1,0.0
2648020,1,01/05/2018,1,35.6,108.7,18.0,13.0,1.0,1,1,,0,0.0,25.7,0.0,0.0,2.1,1.3,8.6,0.0,7.5,9.6,2.1,1.3,3.5,0.0,0.0,3.1,0.0,35.6,4.1,0.0,0.0,0.0,0.0,0.0,0.0,0.0,0.0,0.0,4.2,0.0,0.0,1,1,1,1,1,1,1,1,1,1,1,1,1,1,1,1,1,1,1,1,1,1,1,1,1,1,1,1,1,1,1.0
2648020,1,01/04/2018,1,52.7,91.8,16.0,12.0,1.0,1,1,,0,9.6,1.1,2.4,3.6,8.1,0.0,3.2,0.0,0.0,0.0,1.1,0.0,0.0,2.4,1.3,52.7,5.1,1.2,0.0,0.0,0.0,0.0,0.0,0.0,0.0,0.0,0.0,0.0,0.0,0.0,,1,1,1,1,1,1,1,1,1,1,1,1,1,1,1,1,1,1,1,1,1,1,1,1,1,1,1,1,1,1,0.0
2648020,1,01/03/2018,1,15.2,94.5,29.0,15.0,1.0,1,1,,0,3.4,1.2,1.5,2.3,0.0,0.0,0.0,2.1,0.0,0.0,0.0,0.0,0.0,0.0,0.0,1.1,0.0,0.0,0.0,1.4,12.5,0.0,0.0,0.0,8.3,12.7,5.3,7.2,15.2,9.7,10.6,1,1,1,1,1,1,1,1,1,1,1,1,1,1,1,1,1,1,1,1,1,1,1,1,1,1,1,1,1,1,1.0
2648020,1,01/02/2018,1,10.6,56.9,28.0,14.0,1.0,1,1,,0,5.6,2.1,0.0,0.0,0.0,0.0,2.3,0.0,0.0,5.3,1.2,6.3,2.5,1.3,3.2,1.2,0.0,0.0,2.4,0.0,0.0,0.0,0.0,5.6,0.0,7.3,0.0,10.6,,,,1,1,1,1,1,1,1,1,1,1,1,1,1,1,1,1,1,1,1,1,1,1,1,1,1,1,1,1,0,0,0.0
2648020,1,01/01/2018,1,70.5,343.0,11.0,26.0,1.0,1,1,,0,3.4,0.0,7.5,0.0,0.0,0.0,0.0,2.3,1.6,7.3,70.5,5.4,12.5,7.2,5.8,12.2,18.7,50.6,7.3,5.4,15.6,10.5,5.8,12.9,23.7,18.3,8.5,4.7,5.6,12.4,7.3,1,1,1,1,1,1,1,1,1,1,1,1,1,1,1,1,1,1,1,1,1,1,1,1,1,1,1,1,1,1,1.0
2648020,1,01/12/2017,1,18.7,113.4,18.0,15.0,1.0,1,1,,0,0.0,0.0,8.3,7.6,0.0,0.0,8.5,0.0,0.0,2.3,0.0,0.0,0.0,0.0,0.0,1.2,0.0,18.7,12.3,15.7,0.0,15.4,0.0,5.1,12.7,2.2,1.1,0.0,1.2,1.1,0.0,1,1,1,1,1,1,1,1,1,1,1,1,1,1,1,1,1,1,1,1,1,1,1,1,1,1,1,1,1,1,1.0
2648020,1,01/11/2017,1,18.6,64.5,19.0,15.0,1.0,1,1,,0,0.0,1.2,0.0,0.0,7.4,1.1,2.1,3.4,4.2,1.1,2.4,0.0,0.0,0.0,0.0,0.0,12.2,1.1,18.6,2.1,1.1,1.2,0.0,0.0,0.0,5.3,0.0,0.0,0.0,0.0,,1,1,1,1,1,1,1,1,1,1,1,1,1,1,1,1,1,1,1,1,1,1,1,1,1,1,1,1,1,1,0.0
2648020,1,01/10/2017,1,12.7,56.8,8.0,20.0,1.0,1,1,,0,2.3,1.1,0.0,0.0,1.2,0.0,2.1,12.7,8.6,4.2,2.3,0.0,2.1,0.0,3.1,1.1,1.3,0.0,0.0,0.0,1.2,0.0,1.3,2.5,3.7,1.1,2.4,0.0,1.2,1.3,0.0,1,1,1,1,1,1,1,1,1,1,1,1,1,1,1,1,1,1,1,1,1,1,1,1,1,1,1,1,1,1,1.0
2648020,1,01/09/2017,1,87.4,109.3,30.0,12.0,1.0,1,1,,0,0.0,1.2,1.4,0.0,0.0,0.0,0.0,0.0,0.0,0.0,0.0,0.0,0.0,0.0,0.0,2.4,1.2,0.0,4.5,0.0,0.0,1.1,0.0,1.3,2.1,3.5,0.0,1.7,1.5,87.4,,1,1,1,1,1,1,1,1,1,1,1,1,1,1,1,1,1,1,1,1,1,1,1,1,1,1,1,1,1,1,0.0
2648020,1,01/08/2017,1,12.5,76.9,9.0,17.0,1.0,1,1,,0,0.0,0.0,2.1,0.0,3.2,0.0,1.1,0.0,12.5,2.1,1.3,5.7,0.0,8.6,0.0,6.4,2.1,3.2,0.0,12.5,8.6,1.4,0.0,0.0,1.2,0.0,0.0,0.0,1.5,0.0,3.4,1,1,1,1,1,1,1,1,1,1,1,1,1,1,1,1,1,1,1,1,1,1,1,1,1,1,1,1,1,1,1.0
2648020,1,01/07/2017,1,3.1,15.8,3.0,8.0,1.0,1,1,,0,0.0,0.0,3.1,0.0,2.4,3.1,1.2,2.4,0.0,0.0,0.0,0.0,1.2,0.0,0.0,0.0,0.0,0.0,0.0,1.1,0.0,0.0,0.0,0.0,0.0,0.0,0.0,1.3,0.0,0.0,0.0,1,1,1,1,1,1,1,1,1,1,1,1,1,1,1,1,1,1,1,1,1,1,1,1,1,1,1,1,1,1,1.0
2648020,1,01/06/2017,1,75.8,362.2,1.0,21.0,1.0,1,1,,0,75.8,42.5,38.4,26.7,18.9,33.4,24.8,18.2,7.5,0.0,0.0,0.0,1.4,0.0,0.0,0.0,3.1,26.4,4.7,19.6,4.2,5.3,3.1,1.2,2.3,0.0,3.2,0.0,0.0,1.5,,1,1,1,1,1,1,1,1,1,1,1,1,1,1,1,1,1,1,1,1,1,1,1,1,1,1,1,1,1,1,0.0
2648020,1,01/05/2017,1,63.7,350.4,19.0,19.0,1.0,1,1,,0,0.0,0.0,1.2,2.5,0.0,1.4,0.0,1.1,0.0,0.0,2.1,0.0,3.5,0.0,1.2,0.0,0.0,4.1,63.7,45.3,32.5,38.7,0.3,2.5,0.0,0.0,12.4,18.7,25.4,36.2,57.6,1,1,1,1,1,1,1,1,1,1,1,1,1,1,1,1,1,1,1,1,1,1,1,1,1,1,1,1,1,1,1.0
2648020,1,01/04/2017,1,36.7,115.3,8.0,25.0,1.0,1,1,,0,5.1,2.4,1.7,3.1,1.3,5.2,1.4,36.7,12.1,8.5,2.3,5.1,0.0,1.1,2.4,4.2,1.3,1.5,1.1,3.4,1.6,2.7,3.5,2.1,1.4,4.1,0.0,0.0,0.0,0.0,,1,1,1,1,1,1,1,1,1,1,1,1,1,1,1,1,1,1,1,1,1,1,1,1,1,1,1,1,1,1,0.0
2648020,1,01/03/2017,1,25.7,234.3,28.0,25.0,1.0,1,1,,0,8.5,12.3,6.2,0.0,2.1,0.0,0.0,2.3,10.2,5.7,9.6,0.0,7.4,0.0,0.0,4.5,3.2,7.9,11.3,18.4,24.5,7.2,4.5,3.7,8.3,3.1,2.4,25.7,18.2,23.5,3.6,1,1,1,1,1,1,1,1,1,1,1,1,1,1,1,1,1,1,1,1,1,1,1,1,1,1,1,1,1,1,1.0
2648020,1,01/02/2017,1,82.7,226.1,1.0,11.0,1.0,1,1,,0,82.7,26.2,12.1,0.0,0.0,0.0,6.4,0.0,0.0,7.2,0.0,35.3,8.4,2.5,0.0,0.0,0.0,0.0,0.0,0.0,5.2,0.0,0.0,37.6,0.0,0.0,2.5,0.0,,,,1,1,1,1,1,1,1,1,1,1,1,1,1,1,1,1,1,1,1,1,1,1,1,1,1,1,1,1,0,0,0.0
2648020,1,01/01/2017,1,56.7,480.1,5.0,22.0,1.0,1,1,,0,5.2,35.7,34.5,25.8,56.7,0.0,0.0,2.5,0.0,0.0,0.0,1.2,0.0,0.0,0.0,0.0,25.7,36.2,37.6,18.7,15.2,7.5,12.8,35.7,27.6,24.2,10.5,25.2,12.7,18.6,10.3,1,1,1,1,1,1,1,1,1,1,1,1,1,1,1,1,1,1,1,1,1,1,1,1,1,1,1,1,1,1,1.0
2648020,1,01/12/2016,1,45.3,288.7,14.0,27.0,1.0,1,1,,0,0.0,3.1,20.5,7.6,2.1,11.8,0.0,7.3,18.6,5.2,3.1,0.0,4.3,45.3,0.0,11.5,1.5,10.3,7.5,5.6,9.7,11.3,18.5,15.7,13.6,7.5,10.3,16.7,8.5,6.2,5.4,1,1,1,1,1,1,1,1,1,1,1,1,1,1,1,1,1,1,1,1,1,1,1,1,1,1,1,1,1,1,1.0
2648020,1,01/11/2016,1,35.2,108.0,27.0,18.0,1.0,1,1,,0,1.2,0.0,0.0,0.0,2.4,2.3,4.1,2.1,4.7,0.0,0.0,0.0,1.4,0.0,1.2,2.5,0.0,0.0,2.2,0.0,11.4,6.2,7.4,0.0,0.0,5.4,35.2,6.1,7.5,4.7,,1,1,1,1,1,1,1,1,1,1,1,1,1,1,1,1,1,1,1,1,1,1,1,1,1,1,1,1,1,1,0.0
2648020,1,01/10/2016,1,52.7,216.0,26.0,18.0,1.0,1,1,,0,5.4,0.0,3.7,5.4,18.5,25.7,0.0,0.0,0.0,0.0,0.0,0.0,22.5,1.2,0.0,1.4,20.7,18.4,25.2,2.6,0.0,0.0,1.2,4.2,3.4,52.7,1.3,0.0,0.0,0.0,2.5,1,1,1,1,1,1,1,1,1,1,1,1,1,1,1,1,1,1,1,1,1,1,1,1,1,1,1,1,1,1,1.0
2648020,1,01/09/2016,1,35.7,81.8,4.0,10.0,1.0,1,1,,0,0.0,0.0,4.2,35.7,1.2,25.4,2.1,0.0,0.0,0.0,0.0,0.0,0.0,0.0,0.0,2.1,0.0,0.0,3.5,0.0,0.0,1.7,0.0,4.7,0.0,1.2,0.0,0.0,0.0,0.0,,1,1,1,1,1,1,1,1,1,1,1,1,1,1,1,1,1,1,1,1,1,1,1,1,1,1,1,1,1,1,0.0
2648020,1,01/08/2016,1,55.7,201.9,20.0,19.0,1.0,1,1,,0,0.0,0.0,0.0,8.1,3.2,2.1,0.0,4.3,12.6,0.0,1.1,0.0,0.0,0.0,3.2,2.4,0.0,35.2,12.4,55.7,35.6,0.0,0.0,2.1,0.0,1.1,3.2,5.4,4.2,7.3,2.7,1,1,1,1,1,1,1,1,1,1,1,1,1,1,1,1,1,1,1,1,1,1,1,1,1,1,1,1,1,1,1.0
2648020,1,01/07/2016,1,18.7,31.8,15.0,8.0,1.0,1,1,,0,0.0,1.4,0.0,0.0,2.1,1.4,0.0,0.0,0.0,0.0,1.1,0.0,2.4,3.5,18.7,0.0,0.0,0.0,0.0,0.0,0.0,0.0,0.0,0.0,0.0,0.0,1.2,0.0,0.0,0.0,0.0,1,1,1,1,1,1,1,1,1,1,1,1,1,1,1,1,1,1,1,1,1,1,1,1,1,1,1,1,1,1,1.0
2648020,1,01/06/2016,1,26.7,93.1,17.0,13.0,1.0,1,1,,0,2.3,0.0,0.0,0.0,0.0,0.0,0.0,0.0,0.0,0.0,0.2,0.1,0.0,0.0,0.0,12.2,26.7,2.1,7.4,6.5,4.3,18.5,7.3,1.3,0.0,0.0,0.0,4.2,0.0,0.0,,1,1,1,1,1,1,1,1,1,1,1,1,1,1,1,1,1,1,1,1,1,1,1,1,1,1,1,1,1,1,0.0
2648020,1,01/05/2016,1,55.8,162.2,22.0,17.0,1.0,1,1,,0,0.0,1.2,0.0,0.0,0.0,4.3,1.2,0.0,0.0,1.4,0.0,0.0,0.0,0.0,3.5,5.7,0.0,0.0,0.0,0.0,35.7,55.8,6.4,4.2,2.5,1.2,2.5,18.7,15.4,0.1,2.4,1,1,1,1,1,1,1,1,1,1,1,1,1,1,1,1,1,1,1,1,1,1,1,1,1,1,1,1,1,1,1.0
2648020,1,01/04/2016,1,65.7,134.4,11.0,9.0,1.0,1,1,,0,0.0,0.0,3.2,0.0,0.0,0.0,0.0,1.4,2.5,4.6,65.7,13.6,4.2,0.0,0.0,0.0,0.0,3.5,0.0,0.0,0.0,0.0,0.0,0.0,0.0,0.0,35.7,0.0,0.0,0.0,,1,1,1,1,1,1,1,1,1,1,1,1,1,1,1,1,1,1,1,1,1,1,1,1,1,1,1,1,1,1,0.0
2648020,1,01/03/2016,1,46.7,258.2,3.0,19.0,1.0,1,1,,0,0.0,1.5,46.7,32.5,18.4,12.8,2.1,0.0,3.5,35.7,7.2,0.0,0.0,1.3,0.0,9.7,8.6,0.0,0.0,0.0,5.3,2.1,1.3,0.0,35.7,26.5,3.2,0.0,0.0,4.1,0.0,1,1,1,1,1,1,1,1,1,1,1,1,1,1,1,1,1,1,1,1,1,1,1,1,1,1,1,1,1,1,1.0
2648020,1,01/02/2016,1,55.6,233.9,17.0,17.0,1.0,1,1,,0,3.2,1.3,2.4,1.5,18.3,5.2,0.0,0.0,2.2,1.3,12.6,0.0,0.0,0.0,0.0,0.0,55.6,0.0,5.3,0.0,45.7,2.1,0.0,7.4,0.0,8.4,0.0,10.7,50.7,,,1,1,1,1,1,1,1,1,1,1,1,1,1,1,1,1,1,1,1,1,1,1,1,1,1,1,1,1,1,0,0.0
2648020,1,01/01/2016,1,47.3,175.5,29.0,19.0,1.0,1,1,,0,0.0,7.5,5.4,4.6,7.2,8.3,6.7,7.4,5.9,12.6,6.3,18.7,0.0,0.0,2.3,1.6,0.0,0.0,0.0,0.0,0.0,0.0,0.0,0.0,0.0,3.7,12.4,7.6,47.3,5.7,4.3,1,1,1,1,1,1,1,1,1,1,1,1,1,1,1,1,1,1,1,1,1,1,1,1,1,1,1,1,1,1,1.0
2648020,1,01/12/2015,1,55.3,255.2,10.0,27.0,1.0,1,1,,0,5.3,7.4,12.3,1.2,0.0,2.4,1.7,5.3,12.2,55.3,12.2,0.0,10.5,9.7,1.2,1.4,2.3,5.4,8.2,12.6,18.4,12.3,9.7,7.4,5.3,8.2,9.5,12.6,5.2,0.0,0.0,1,1,1,1,1,1,1,1,1,1,1,1,1,1,1,1,1,1,1,1,1,1,1,1,1,1,1,1,1,1,1.0
2648020,1,01/11/2015,1,45.6,249.0,2.0,27.0,1.0,1,1,,0,18.5,45.6,10.1,8.3,1.2,1.1,2.4,10.5,18.7,17.1,0.0,0.0,5.2,1.3,2.1,3.2,18.7,15.4,7.8,0.0,5.4,2.3,3.6,8.7,7.5,4.3,5.2,12.1,8.5,4.2,,1,1,1,1,1,1,1,1,1,1,1,1,1,1,1,1,1,1,1,1,1,1,1,1,1,1,1,1,1,1,0.0
2648020,1,01/10/2015,1,30.7,173.7,9.0,28.0,1.0,1,1,,0,4.6,5.3,7.9,3.8,6.2,2.5,8.3,1.4,30.7,25.4,18.7,5.1,3.2,0.0,2.1,1.3,1.2,12.1,7.5,3.4,2.5,1.4,2.3,0.0,0.0,3.1,2.5,1.2,2.7,4.2,3.1,1,1,1,1,1,1,1,1,1,1,1,1,1,1,1,1,1,1,1,1,1,1,1,1,1,1,1,1,1,1,1.0
2648020,1,01/09/2015,1,12.5,83.9,5.0,18.0,1.0,1,1,,0,0.0,2.4,7.8,3.2,12.5,10.7,8.4,6.8,3.1,5.3,0.0,0.0,0.0,0.0,2.1,0.0,0.0,2.4,0.0,0.0,0.0,1.3,0.0,0.0,3.5,2.4,4.7,3.4,2.3,1.6,,1,1,1,1,1,1,1,1,1,1,1,1,1,1,1,1,1,1,1,1,1,1,1,1,1,1,1,1,1,1,0.0
2648020,1,01/08/2015,1,25.6,68.5,27.0,10.0,1.0,1,1,,0,1.1,0.0,0.0,0.0,1.2,0.0,0.0,0.0,2.4,0.0,0.0,1.1,0.0,0.0,0.0,0.0,0.0,0.0,0.0,0.0,1.2,0.0,0.0,6.4,18.7,8.5,25.6,2.3,0.0,0.0,0.0,1,1,1,1,1,1,1,1,1,1,1,1,1,1,1,1,1,1,1,1,1,1,1,1,1,1,1,1,1,1,1.0
2648020,1,01/07/2015,1,9.8,80.8,24.0,20.0,1.0,1,1,,0,0.0,3.2,2.5,2.7,4.5,3.6,2.3,4.5,2.1,0.0,0.0,3.4,2.7,0.0,7.5,6.2,0.0,0.0,5.7,4.2,3.5,2.3,6.1,9.8,2.3,1.7,0.0,0.0,0.0,0.0,0.0,1,1,1,1,1,1,1,1,1,1,1,1,1,1,1,1,1,1,1,1,1,1,1,1,1,1,1,1,1,1,1.0
2648020,1,01/06/2015,1,35.7,72.5,13.0,11.0,1.0,1,1,,0,0.0,0.0,0.0,0.0,0.0,0.0,0.0,0.0,1.1,2.3,0.0,4.2,35.7,4.2,12.5,0.0,0.0,2.4,0.0,0.0,3.1,0.0,0.0,0.0,3.1,0.0,2.4,0.0,1.5,0.0,,1,1,1,1,1,1,1,1,1,1,1,1,1,1,1,1,1,1,1,1,1,1,1,1,1,1,1,1,1,1,0.0
2648020,1,01/05/2015,1,41.2,108.1,25.0,21.0,1.0,1,1,,0,0.0,3.5,2.6,5.1,0.0,0.0,0.0,1.2,2.4,3.1,1.2,2.2,1.1,3.2,1.3,2.4,1.2,3.5,4.1,2.4,2.1,0.0,0.0,3.5,41.2,8.5,12.3,0.0,0.0,0.0,0.0,1,1,1,1,1,1,1,1,1,1,1,1,1,1,1,1,1,1,1,1,1,1,1,1,1,1,1,1,1,1,1.0
2648020,1,01/04/2015,1,30.7,94.1,23.0,16.0,1.0,1,1,,0,0.0,0.0,0.0,0.0,0.0,0.0,0.0,1.1,2.5,2.3,0.0,0.0,0.0,0.0,2.1,0.0,0.0,0.0,3.1,1.2,5.6,7.4,30.7,7.6,5.8,8.4,5.7,4.5,3.6,2.5,,1,1,1,1,1,1,1,1,1,1,1,1,1,1,1,1,1,1,1,1,1,1,1,1,1,1,1,1,1,1,
2648020,1,01/03/2015,1,8.7,51.3,14.0,18.0,1.0,1,1,,0,3.1,2.4,2.1,1.2,0.0,0.0,4.1,0.0,0.0,0.0,1.2,2.3,0.0,8.7,3.1,1.2,0.0,4.1,3.5,2.3,4.2,2.5,1.4,0.0,0.0,0.0,2.4,0.0,0.0,1.5,0.0,1,1,1,1,1,1,1,1,1,1,1,1,1,1,1,1,1,1,1,1,1,1,1,1,1,1,1,1,1,1,1.0
2648020,1,01/02/2015,1,62.5,292.0,4.0,22.0,1.0,1,1,,0,5.3,4.1,2.3,62.5,0.0,6.7,0.0,0.0,0.0,0.0,0.0,7.4,12.5,5.8,4.7,3.5,7.3,60.5,12.3,6.5,55.7,6.2,7.4,8.2,2.1,5.3,3.4,2.3,,,,1,1,1,1,1,1,1,1,1,1,1,1,1,1,1,1,1,1,1,1,1,1,1,1,1,1,1,1,0,0,0.0
2648020,1,01/01/2015,1,55.7,252.5,15.0,26.0,1.0,1,1,,0,5.2,4.6,6.2,3.4,2.7,2.3,2.2,7.3,5.4,4.7,0.0,3.1,1.5,0.0,55.7,19.6,35.3,16.4,7.5,2.4,7.3,4.7,0.0,5.2,4.3,0.0,0.0,12.7,8.6,5.7,18.5,1,1,1,1,1,1,1,1,1,1,1,1,1,1,1,1,1,1,1,1,1,1,1,1,1,1,1,1,1,1,1.0
2648020,1,01/12/2014,1,18.7,126.8,29.0,18.0,1.0,1,1,,0,3.4,0.0,0.0,2.2,1.2,0.0,0.0,3.4,0.0,12.5,0.0,0.0,2.5,0.0,0.0,0.0,5.1,3.4,12.1,7.6,0.0,8.5,10.4,1.2,0.0,0.0,2.1,12.5,18.7,7.6,12.4,1,1,1,1,1,1,1,1,1,1,1,1,1,1,1,1,1,1,1,1,1,1,1,1,1,1,1,1,1,1,1.0
2648020,1,01/11/2014,1,35.7,74.9,26.0,15.0,1.0,1,1,,0,0.0,0.0,1.3,2.1,7.6,1.1,0.0,0.0,0.0,2.4,1.5,0.0,2.3,5.7,0.0,0.0,0.0,2.1,0.0,1.1,0.0,0.0,0.0,3.1,2.4,35.7,5.1,0.0,0.0,1.4,,1,1,1,1,1,1,1,1,1,1,1,1,1,1,1,1,1,1,1,1,1,1,1,1,1,1,1,1,1,1,0.0
2648020,1,01/10/2014,1,18.5,58.1,1.0,12.0,1.0,1,1,,0,18.5,3.1,0.0,0.0,0.0,0.0,0.0,2.1,0.0,0.0,1.1,0.0,0.0,2.6,4.2,0.0,3.4,2.1,12.5,0.0,0.0,0.0,0.0,1.4,0.0,5.7,0.0,0.0,0.0,1.4,0.0,1,1,1,1,1,1,1,1,1,1,1,1,1,1,1,1,1,1,1,1,1,1,1,1,1,1,1,1,1,1,1.0
2648020,1,01/09/2014,1,15.7,114.9,1.0,24.0,1.0,1,1,,0,15.7,1.4,12.7,8.6,3.7,4.1,2.6,0.0,0.0,1.1,2.1,0.0,0.0,1.3,1.1,0.0,0.0,5.7,8.3,4.2,1.1,2.1,2.3,8.5,3.7,12.5,2.3,3.4,2.1,4.3,,1,1,1,1,1,1,1,1,1,1,1,1,1,1,1,1,1,1,1,1,1,1,1,1,1,1,1,1,1,1,0.0
2648020,1,01/08/2014,1,12.3,64.3,16.0,14.0,1.0,1,1,,0,0.0,0.0,2.1,1.3,5.2,0.0,0.0,0.0,1.1,0.0,0.0,0.0,7.5,7.1,7.3,12.3,6.1,0.0,0.0,0.0,1.2,0.0,0.0,0.0,1.1,8.3,2.4,0.0,1.3,0.0,0.0,1,1,1,1,1,1,1,1,1,1,1,1,1,1,1,1,1,1,1,1,1,1,1,1,1,1,1,1,1,1,1.0
2648020,1,01/07/2014,1,25.7,73.6,25.0,15.0,1.0,1,1,,0,0.0,0.0,0.0,1.1,0.0,1.2,0.0,2.3,1.4,0.0,0.0,1.6,9.5,12.3,7.4,4.1,0.0,0.0,0.0,1.2,1.1,0.0,0.0,2.4,25.7,0.0,0.0,1.1,1.2,0.0,0.0,1,1,1,1,1,1,1,1,1,1,1,1,1,1,1,1,1,1,1,1,1,1,1,1,1,1,1,1,1,1,1.0
2648020,1,01/06/2014,1,135.9,300.7,8.0,20.0,1.0,1,1,,0,2.5,0.0,0.0,0.0,12.2,2.3,45.7,135.9,7.4,12.2,2.5,15.7,0.0,0.0,0.0,2.1,1.4,18.6,12.7,0.0,1.2,1.1,0.0,0.0,1.3,2.4,3.3,1.7,18.5,0.0,,1,1,1,1,1,1,1,1,1,1,1,1,1,1,1,1,1,1,1,1,1,1,1,1,1,1,1,1,1,1,0.0
2648020,1,01/05/2014,1,25.3,85.1,24.0,18.0,1.0,1,1,,0,1.2,1.1,0.0,0.0,1.2,0.0,0.0,2.3,0.0,0.0,2.5,0.0,0.0,0.0,0.0,1.1,1.3,0.0,0.0,0.0,3.2,1.4,2.5,25.3,2.1,18.2,12.5,3.1,2.1,1.4,2.6,1,1,1,1,1,1,1,1,1,1,1,1,1,1,1,1,1,1,1,1,1,1,1,1,1,1,1,1,1,1,1.0
2648020,1,01/04/2014,1,25.7,71.0,3.0,17.0,1.0,1,1,,0,1.1,1.3,25.7,1.1,0.0,0.0,0.0,0.0,0.0,4.2,1.3,1.1,0.0,0.0,1.2,2.2,0.0,0.0,1.1,0.0,0.0,2.3,3.4,1.2,1.5,2.3,18.6,0.0,0.0,1.4,,1,1,1,1,1,1,1,1,1,1,1,1,1,1,1,1,1,1,1,1,1,1,1,1,1,1,1,1,1,1,0.0
2648020,1,01/03/2014,1,18.7,104.9,11.0,25.0,1.0,1,1,,0,0.0,0.0,2.5,1.7,3.1,1.4,2.1,1.1,4.3,0.0,18.7,7.5,0.0,3.5,2.7,8.6,10.3,9.5,6.9,3.1,2.5,0.0,0.0,3.2,2.6,1.1,1.5,2.4,1.3,2.1,1.2,1,1,1,1,1,1,1,1,1,1,1,1,1,1,1,1,1,1,1,1,1,1,1,1,1,1,1,1,1,1,1.0
2648020,1,01/02/2014,1,5.7,31.2,16.0,13.0,1.0,1,1,,0,1.2,0.0,0.0,0.0,0.0,0.0,0.0,0.0,0.0,0.0,3.4,2.1,1.4,0.0,0.0,5.7,4.2,0.0,0.0,2.1,1.1,0.0,1.2,1.3,0.0,1.6,2.8,3.1,,,,1,1,1,1,1,1,1,1,1,1,1,1,1,1,1,1,1,1,1,1,1,1,1,1,1,1,1,1,0,0,0.0
2648020,1,01/01/2014,1,52.3,257.5,12.0,16.0,1.0,1,1,,0,12.5,5.1,45.3,37.5,34.9,3.4,2.1,0.0,0.0,1.2,0.0,52.3,6.2,5.4,12.5,0.0,0.0,0.0,0.0,0.0,2.4,3.1,31.5,0.0,2.1,0.0,0.0,0.0,0.0,0.0,0.0,1,1,1,1,1,1,1,1,1,1,1,1,1,1,1,1,1,1,1,1,1,1,1,1,1,1,1,1,1,1,1.0
2648020,1,01/12/2013,1,45.6,127.9,11.0,21.0,1.0,1,1,,0,2.1,0.0,3.5,0.0,1.6,12.5,6.2,4.3,5.7,7.2,45.6,0.0,0.0,3.1,4.2,0.0,2.3,8.6,1.3,0.0,5.2,4.1,1.1,2.3,0.0,0.0,0.0,0.0,2.5,1.1,3.4,1,1,1,1,1,1,1,1,1,1,1,1,1,1,1,1,1,1,1,1,1,1,1,1,1,1,1,1,1,1,1.0
2648020,1,01/11/2013,1,5.1,42.0,30.0,20.0,1.0,1,1,,0,1.1,1.2,0.0,0.0,2.3,1.1,0.0,1.5,0.0,0.0,0.0,0.0,1.2,0.0,0.0,0.0,1.2,2.3,1.1,2.3,1.5,1.4,3.2,2.5,1.4,1.6,4.1,2.5,3.4,5.1,,1,1,1,1,1,1,1,1,1,1,1,1,1,1,1,1,1,1,1,1,1,1,1,1,1,1,1,1,1,1,0.0
2648020,1,01/10/2013,1,7.1,39.0,7.0,19.0,1.0,1,1,,0,1.1,2.2,2.4,1.6,3.1,2.5,7.1,1.1,2.3,0.0,1.2,1.1,2.5,0.0,1.3,1.1,1.4,0.0,0.0,0.0,1.2,2.1,0.0,2.3,1.4,0.0,0.0,0.0,0.0,0.0,0.0,1,1,1,1,1,1,1,1,1,1,1,1,1,1,1,1,1,1,1,1,1,1,1,1,1,1,1,1,1,1,1.0
2648020,1,01/09/2013,1,62.8,189.9,21.0,18.0,1.0,1,1,,0,0.0,3.2,1.1,2.3,0.0,0.0,0.0,0.0,0.0,0.0,0.0,1.1,1.5,1.2,2.1,2.4,15.7,25.3,5.4,4.2,62.8,45.7,12.3,1.2,0.0,0.0,0.0,1.1,0.0,1.3,,1,1,1,1,1,1,1,1,1,1,1,1,1,1,1,1,1,1,1,1,1,1,1,1,1,1,1,1,1,1,0.0
2648020,1,01/08/2013,1,56.3,134.7,27.0,20.0,1.0,1,1,,0,0.0,1.2,0.0,0.0,1.1,0.0,5.7,3.4,2.5,0.0,1.1,1.5,0.0,5.2,7.5,2.3,3.1,5.6,1.2,2.4,0.0,0.0,3.2,4.1,20.5,1.7,56.3,5.1,0.0,0.0,0.0,1,1,1,1,1,1,1,1,1,1,1,1,1,1,1,1,1,1,1,1,1,1,1,1,1,1,1,1,1,1,1.0
2648020,1,01/07/2013,1,45.8,147.0,21.0,20.0,1.0,1,1,,0,1.2,1.5,0.0,0.0,0.0,1.2,1.1,2.3,1.1,2.1,0.0,0.0,0.0,5.2,1.1,3.6,1.5,2.1,25.7,18.5,45.8,10.7,12.9,5.3,2.4,1.7,0.0,0.0,0.0,0.0,0.0,1,1,1,1,1,1,1,1,1,1,1,1,1,1,1,1,1,1,1,1,1,1,1,1,1,1,1,1,1,1,1.0
2648020,1,01/06/2013,1,45.3,233.5,22.0,23.0,1.0,1,1,,0,0.0,16.5,0.0,0.0,0.0,1.1,1.2,1.4,0.0,0.0,2.3,1.6,1.1,1.7,12.5,5.6,1.4,0.0,12.6,10.2,19.7,45.3,25.5,12.7,18.6,5.7,12.6,8.6,10.4,5.2,,1,1,1,1,1,1,1,1,1,1,1,1,1,1,1,1,1,1,1,1,1,1,1,1,1,1,1,1,1,1,0.0
2648020,1,01/05/2013,1,35.2,68.1,6.0,18.0,1.0,1,1,,0,0.0,0.0,0.0,0.0,0.0,35.2,2.1,0.0,0.0,0.0,0.0,1.1,1.3,0.0,0.0,3.5,3.6,1.3,1.1,1.2,0.0,1.4,0.0,1.2,4.3,3.5,1.6,2.1,1.3,1.1,1.2,1,1,1,1,1,1,1,1,1,1,1,1,1,1,1,1,1,1,1,1,1,1,1,1,1,1,1,1,1,1,1.0
2648020,1,01/04/2013,1,55.7,123.7,4.0,19.0,1.0,1,1,,0,2.3,1.4,2.6,55.7,32.5,2.5,1.7,2.8,2.6,1.7,3.1,2.3,4.1,1.3,0.0,0.0,0.0,0.0,0.0,0.0,0.0,1.1,1.3,2.3,1.1,1.3,0.0,0.0,0.0,0.0,,1,1,1,1,1,1,1,1,1,1,1,1,1,1,1,1,1,1,1,1,1,1,1,1,1,1,1,1,1,1,0.0
2648020,1,01/03/2013,1,86.5,218.8,16.0,30.0,1.0,1,1,,0,2.1,1.2,1.5,2.7,3.2,4.1,3.7,1.5,12.3,1.1,1.3,2.6,2.4,1.1,2.3,86.5,3.7,2.3,30.5,12.3,7.6,3.8,5.3,4.2,2.6,5.4,1.2,0.0,3.6,4.2,2.5,1,1,1,1,1,1,1,1,1,1,1,1,1,1,1,1,1,1,1,1,1,1,1,1,1,1,1,1,1,1,1.0
2648020,1,01/02/2013,1,35.6,99.7,8.0,22.0,1.0,1,1,,0,0.2,0.0,1.1,1.3,2.1,10.7,18.3,35.6,1.4,2.5,1.1,1.5,3.6,3.7,2.4,1.5,3.8,1.6,0.0,1.1,1.3,0.0,0.0,0.0,0.0,1.3,2.1,1.5,,,,1,1,1,1,1,1,1,1,1,1,1,1,1,1,1,1,1,1,1,1,1,1,1,1,1,1,1,1,0,0,0.0
2648020,1,01/01/2013,1,45.6,244.5,14.0,27.0,1.0,1,1,,0,0.2,1.3,2.5,1.1,0.2,5.7,1.1,0.3,0.0,0.0,0.0,3.2,1.5,45.6,2.3,1.4,3.2,2.3,1.7,10.5,7.8,5.6,4.3,12.1,40.7,35.4,45.2,5.8,0.0,2.1,1.4,1,1,1,1,1,1,1,1,1,1,1,1,1,1,1,1,1,1,1,1,1,1,1,1,1,1,1,1,1,1,1.0
2648020,1,01/12/2012,1,12.5,86.8,19.0,27.0,1.0,1,1,,0,1.1,0.5,0.7,1.3,0.0,0.2,0.1,1.4,0.0,0.0,1.6,1.7,2.3,0.2,0.5,1.1,2.3,4.2,12.5,3.7,5.3,7.5,0.0,0.1,2.5,9.4,7.2,8.6,5.2,2.4,3.2,1,1,1,1,1,1,1,1,1,1,1,1,1,1,1,1,1,1,1,1,1,1,1,1,1,1,1,1,1,1,1.0
2648020,1,01/11/2012,1,5.2,37.0,8.0,21.0,1.0,1,1,,0,0.2,2.5,1.2,0.0,3.4,0.0,0.0,5.2,4.1,0.2,3.5,1.5,0.2,2.3,1.2,1.5,0.6,0.0,0.0,0.0,1.1,0.3,0.0,0.5,0.0,0.0,1.4,2.3,0.6,3.2,,1,1,1,1,1,1,1,1,1,1,1,1,1,1,1,1,1,1,1,1,1,1,1,1,1,1,1,1,1,1,0.0
2648020,1,01/10/2012,1,63.7,144.7,23.0,24.0,1.0,1,1,,0,0.2,0.7,0.5,0.0,0.0,0.2,1.3,0.0,0.0,3.7,12.5,25.7,0.2,0.1,1.3,0.0,0.1,1.1,1.4,0.0,0.0,12.5,63.7,3.4,7.2,2.1,1.5,3.6,1.3,0.1,0.3,1,1,1,1,1,1,1,1,1,1,1,1,1,1,1,1,1,1,1,1,1,1,1,1,1,1,1,1,1,1,1.0
2648020,1,01/09/2012,1,6.7,27.6,20.0,22.0,1.0,1,1,,0,0.2,0.0,0.0,0.1,0.0,0.3,0.0,0.1,0.0,0.2,1.5,0.1,2.5,0.7,0.2,0.1,0.0,0.0,1.3,6.7,4.2,1.1,0.0,1.5,1.3,0.7,0.5,0.6,2.3,1.4,,1,1,1,1,1,1,1,1,1,1,1,1,1,1,1,1,1,1,1,1,1,1,1,1,1,1,1,1,1,1,0.0
2648020,1,01/08/2012,1,15.8,28.2,1.0,19.0,1.0,1,1,,0,15.8,1.1,0.0,1.3,0.0,1.2,0.0,0.0,1.3,0.0,0.0,0.1,0.2,0.0,0.0,0.1,0.2,0.5,0.1,0.0,0.2,0.1,0.0,0.0,0.0,0.2,2.3,1.5,1.3,0.5,0.2,1,1,1,1,1,1,1,1,1,1,1,1,1,1,1,1,1,1,1,1,1,1,1,1,1,1,1,1,1,1,1.0
2648020,1,01/07/2012,1,35.4,163.8,27.0,19.0,1.0,1,1,,0,1.2,0.0,0.0,0.0,0.0,1.3,4.2,1.1,1.5,0.0,2.3,4.1,1.2,0.0,0.0,1.1,34.6,2.5,0.0,0.0,1.2,0.0,0.0,1.3,0.0,15.7,35.4,12.3,7.9,22.5,12.4,1,1,1,1,1,1,1,1,1,1,1,1,1,1,1,1,1,1,1,1,1,1,1,1,1,1,1,1,1,1,1.0
2648020,1,01/06/2012,1,35.7,176.0,10.0,21.0,1.0,1,1,,0,1.3,0.0,2.7,18.5,6.7,5.9,3.5,1.3,4.2,35.7,1.6,2.1,0.0,0.0,0.0,1.5,2.1,25.7,20.3,19.1,12.5,5.3,3.6,0.0,0.0,0.0,0.0,0.0,1.3,1.1,,1,1,1,1,1,1,1,1,1,1,1,1,1,1,1,1,1,1,1,1,1,1,1,1,1,1,1,1,1,1,0.0
2648020,1,01/05/2012,1,57.4,191.0,25.0,20.0,1.0,1,1,,0,0.0,1.4,2.7,2.9,3.2,0.0,0.0,0.0,1.4,0.0,0.0,1.6,0.0,0.0,2.1,3.4,1.7,3.5,1.8,25.7,31.2,1.3,0.0,5.2,57.4,34.6,2.5,0.0,0.0,3.1,4.3,1,1,1,1,1,1,1,1,1,1,1,1,1,1,1,1,1,1,1,1,1,1,1,1,1,1,1,1,1,1,1.0
2648020,1,01/04/2012,1,64.6,161.2,27.0,20.0,1.0,1,1,,0,1.3,0.0,0.0,0.0,2.4,0.0,0.0,0.0,1.2,3.5,1.1,1.5,0.4,3.7,2.1,0.0,1.6,0.0,0.0,2.5,1.7,1.3,0.0,2.1,1.7,3.5,64.6,25.7,36.8,2.5,,1,1,1,1,1,1,1,1,1,1,1,1,1,1,1,1,1,1,1,1,1,1,1,1,1,1,1,1,1,1,0.0
2648020,1,01/03/2012,1,12.3,41.5,22.0,18.0,1.0,1,1,,0,0.0,2.7,1.2,1.4,0.0,1.7,0.0,2.1,0.0,0.0,0.0,0.0,0.0,1.5,2.3,1.7,1.1,2.1,0.0,3.2,1.6,12.3,1.6,1.1,1.3,0.0,1.2,0.0,0.0,1.4,0.0,1,1,1,1,1,1,1,1,1,1,1,1,1,1,1,1,1,1,1,1,1,1,1,1,1,1,1,1,1,1,1.0
2648020,1,01/02/2012,1,53.6,95.9,10.0,14.0,1.0,1,1,,0,1.2,0.0,0.0,0.0,0.0,0.0,1.1,0.0,1.5,53.6,25.3,0.0,0.4,0.0,0.0,1.3,0.0,0.0,0.0,0.0,0.0,1.1,0.0,0.2,1.4,1.5,1.7,2.5,3.1,,,1,1,1,1,1,1,1,1,1,1,1,1,1,1,1,1,1,1,1,1,1,1,1,1,1,1,1,1,1,0,0.0
2648020,1,01/01/2012,1,56.7,171.3,1.0,26.0,1.0,1,1,,0,56.7,34.5,1.6,1.1,2.3,1.4,1.2,1.1,1.3,1.6,2.5,1.2,1.7,1.4,0.0,2.1,1.6,1.3,0.0,0.0,1.2,0.0,3.8,1.7,17.5,25.4,1.3,1.5,3.1,0.0,1.2,1,1,1,1,1,1,1,1,1,1,1,1,1,1,1,1,1,1,1,1,1,1,1,1,1,1,1,1,1,1,1.0
2648020,1,01/12/2011,1,18.3,127.1,31.0,18.0,1.0,1,1,,0,1.2,0.1,0.0,0.0,0.0,0.0,0.0,1.1,1.3,0.0,0.0,0.0,0.0,15.3,18.2,1.2,0.4,0.0,0.0,0.2,0.1,0.0,0.0,12.3,8.5,6.4,10.5,7.3,15.2,9.5,18.3,1,1,1,1,1,1,1,1,1,1,1,1,1,1,1,1,1,1,1,1,1,1,1,1,1,1,1,1,1,1,1.0
2648020,1,01/11/2011,1,18.2,51.7,14.0,19.0,1.0,1,1,,0,0.1,1.1,0.0,0.0,0.0,0.0,0.0,0.0,0.0,0.1,0.3,0.5,1.6,18.2,12.5,10.2,0.5,1.3,1.2,0.4,0.1,1.1,0.0,0.2,0.5,0.0,0.0,0.0,0.6,1.2,,1,1,1,1,1,1,1,1,1,1,1,1,1,1,1,1,1,1,1,1,1,1,1,1,1,1,1,1,1,1,0.0
2648020,1,01/10/2011,1,10.5,25.8,14.0,23.0,1.0,1,1,,0,0.0,0.5,0.0,0.0,0.1,0.3,0.0,1.1,0.2,0.5,1.2,1.5,2.1,10.5,1.1,0.2,0.1,0.0,0.5,1.3,0.1,0.4,0.0,1.3,1.2,0.0,0.0,0.3,0.1,1.1,0.1,1,1,1,1,1,1,1,1,1,1,1,1,1,1,1,1,1,1,1,1,1,1,1,1,1,1,1,1,1,1,1.0
2648020,1,01/09/2011,1,33.1,104.0,7.0,23.0,3.0,3,3,,0,1.0,0.0,1.1,0.1,0.0,13.9,33.1,32.7,2.1,0.0,0.0,0.0,1.2,2.5,1.4,2.5,0.2,0.1,1.1,0.1,1.3,1.1,0.2,2.1,3.4,1.1,0.0,0.5,1.2,0.0,,1,1,1,1,1,1,1,1,1,1,1,1,1,1,1,1,1,1,1,1,1,1,1,3,1,1,1,1,1,1,0.0
2648020,1,01/08/2011,1,20.7,153.8,9.0,29.0,1.0,1,1,,0,10.3,12.3,1.0,3.0,1.0,5.0,1.0,2.0,20.7,20.5,5.1,1.0,0.0,2.3,4.2,1.0,1.2,2.2,12.6,2.3,0.0,1.3,12.4,1.4,1.1,0.2,1.3,1.2,0.4,15.1,10.7,1,1,1,1,1,1,1,1,1,1,1,1,1,1,1,1,1,1,1,1,1,1,1,1,1,1,1,1,1,1,1.0
2648020,1,01/07/2011,1,9.0,78.0,2.0,14.0,1.0,1,1,,0,8.0,9.0,7.0,6.0,0.0,3.0,0.0,5.0,2.0,0.0,0.0,0.0,0.0,0.0,2.0,0.0,4.0,6.0,0.0,0.0,9.0,0.0,0.0,4.0,0.0,0.0,0.0,0.0,0.0,7.0,6.0,1,1,1,1,1,1,1,1,1,1,1,1,1,1,1,1,1,1,1,1,1,1,1,1,1,1,1,1,1,1,1.0
2648020,1,01/06/2011,1,0.6,2.7,27.0,7.0,1.0,1,1,,0,0.0,0.0,0.0,0.0,0.0,0.0,0.0,0.0,0.0,0.0,0.0,0.0,0.0,0.0,0.0,0.0,0.0,0.0,0.0,0.0,0.3,0.0,0.4,0.0,0.5,0.2,0.6,0.3,0.4,0.0,,1,1,1,1,1,1,1,1,1,1,1,1,1,1,1,1,1,1,1,1,1,1,1,1,1,1,1,1,1,1,0.0
2648020,1,01/05/2011,1,0.9,5.9,16.0,12.0,1.0,1,1,,0,0.0,0.0,0.0,0.3,0.0,0.2,0.0,0.0,0.0,0.0,0.5,0.0,0.0,0.0,0.7,0.9,0.6,0.0,0.7,0.6,0.4,0.3,0.0,0.2,0.0,0.0,0.0,0.5,0.0,0.0,0.0,1,1,1,1,1,1,1,1,1,1,1,1,1,1,1,1,1,1,1,1,1,1,1,1,1,1,1,1,1,1,1.0
2648020,1,01/04/2011,1,10.2,18.5,30.0,18.0,1.0,1,1,,0,0.0,0.3,0.2,0.0,0.0,0.0,0.4,0.7,0.0,0.5,0.2,0.6,0.7,0.0,0.5,0.0,0.2,0.4,0.0,0.0,0.7,0.0,0.6,0.4,0.0,0.0,0.7,0.5,0.7,10.2,,1,1,1,1,1,1,1,1,1,1,1,1,1,1,1,1,1,1,1,1,1,1,1,1,1,1,1,1,1,1,0.0
2648020,1,01/03/2011,1,15.2,25.1,13.0,19.0,1.0,1,1,,0,0.0,0.0,0.3,0.5,0.0,0.6,0.4,0.0,0.2,0.7,0.6,0.7,15.2,0.0,0.0,0.0,0.0,0.0,0.0,0.6,0.0,0.0,0.5,0.3,0.5,0.6,0.4,0.7,0.9,0.6,0.8,1,1,1,1,1,1,1,1,1,1,1,1,1,1,1,1,1,1,1,1,1,1,1,1,1,1,1,1,1,1,1.0
2648020,1,01/02/2011,1,0.9,11.9,5.0,24.0,1.0,1,1,,0,0.3,0.4,0.2,0.0,0.9,0.8,0.6,0.3,0.2,0.8,0.7,0.6,0.2,0.7,0.4,0.5,0.0,0.0,0.6,0.5,0.2,0.5,0.7,0.5,0.7,0.2,0.0,0.4,,,,1,1,1,1,1,1,1,1,1,1,1,1,1,1,1,1,1,1,1,1,1,1,1,1,1,1,1,1,0,0,0.0
2648020,1,01/01/2011,1,0.9,7.1,23.0,14.0,1.0,1,1,,0,0.0,0.0,0.0,0.5,0.0,0.0,0.7,0.3,0.0,0.0,0.6,0.0,0.3,0.4,0.0,0.6,0.0,0.4,0.2,0.3,0.7,0.5,0.9,0.0,0.7,0.0,0.0,0.0,0.0,0.0,0.0,1,1,1,1,1,1,1,1,1,1,1,1,1,1,1,1,1,1,1,1,1,1,1,1,1,1,1,1,1,1,1.0
2648020,1,01/12/2010,1,0.9,7.6,26.0,16.0,1.0,1,1,,0,0.0,0.0,0.5,0.2,0.0,0.0,0.0,0.6,0.0,0.0,0.3,0.0,0.6,0.0,0.5,0.3,0.2,0.0,0.0,0.0,0.0,0.7,0.0,0.0,0.4,0.9,0.5,0.4,0.7,0.5,0.3,1,1,1,1,1,1,1,1,1,1,1,1,1,1,1,1,1,1,1,1,1,1,1,1,1,1,1,1,1,1,1.0
2648020,1,01/11/2010,1,0.8,4.5,20.0,10.0,1.0,1,1,,0,0.0,0.0,0.3,0.0,0.0,0.3,0.0,0.0,0.0,0.0,0.0,0.0,0.0,0.2,0.5,0.0,0.0,0.0,0.0,0.8,0.3,0.0,0.0,0.0,0.6,0.0,0.0,0.2,0.7,0.6,,1,1,1,1,1,1,1,1,1,1,1,1,1,1,1,1,1,1,1,1,1,1,1,1,1,1,1,1,1,1,0.0
2648020,1,01/10/2010,1,0.7,5.1,29.0,12.0,1.0,1,1,,0,0.3,0.5,0.4,0.0,0.0,0.3,0.0,0.0,0.0,0.0,0.0,0.0,0.0,0.2,0.5,0.0,0.0,0.0,0.0,0.5,0.3,0.0,0.0,0.0,0.6,0.0,0.0,0.2,0.7,0.6,0.0,1,1,1,1,1,1,1,1,1,1,1,1,1,1,1,1,1,1,1,1,1,1,1,1,1,1,1,1,1,1,1.0
2648020,1,01/09/2010,1,0.7,3.3,24.0,8.0,1.0,1,1,,0,0.0,0.0,0.0,0.0,0.0,0.0,0.3,0.0,0.0,0.0,0.0,0.0,0.0,0.0,0.0,0.0,0.5,0.0,0.2,0.0,0.0,0.0,0.0,0.7,0.6,0.0,0.5,0.3,0.2,0.0,,1,1,1,1,1,1,1,1,1,1,1,1,1,1,1,1,1,1,1,1,1,1,1,1,1,1,1,1,1,1,0.0
2648020,1,01/08/2010,1,0.5,1.7,15.0,5.0,1.0,1,1,,0,0.3,0.4,0.0,0.0,0.0,0.0,0.2,0.0,0.0,0.0,0.3,0.0,0.0,0.0,0.5,0.0,0.0,0.0,0.0,0.0,0.0,0.0,0.0,0.0,0.0,0.0,0.0,0.0,0.0,0.0,0.0,1,1,1,1,1,1,1,1,1,1,1,1,1,1,1,1,1,1,1,1,1,1,1,1,1,1,1,1,1,1,1.0
2648020,1,01/07/2010,1,15.2,33.7,19.0,16.0,1.0,1,1,,0,0.0,0.0,0.0,0.0,0.0,0.0,0.0,0.0,0.0,0.0,0.5,0.0,0.0,0.7,0.5,0.9,0.6,0.8,15.2,0.6,10.2,0.7,0.9,0.5,0.0,0.0,0.0,0.5,0.3,0.6,0.2,1,1,1,1,1,1,1,1,1,1,1,1,1,1,1,1,1,1,1,1,1,1,1,1,1,1,1,1,1,1,1.0
2648020,1,01/06/2010,1,10.3,14.5,21.0,9.0,1.0,1,1,,0,0.5,0.7,0.4,0.6,0.0,0.0,0.0,0.0,0.0,0.0,0.0,0.0,0.0,0.0,0.0,0.0,0.0,0.0,0.7,0.6,10.3,0.0,0.0,0.5,0.2,0.0,0.0,0.0,0.0,0.0,,1,1,1,1,1,1,1,1,1,1,1,1,1,1,1,1,1,1,1,1,1,1,1,1,1,1,1,1,1,1,0.0
2648020,1,01/05/2010,1,15.3,33.7,17.0,11.0,1.0,1,1,,0,0.0,0.0,0.0,0.0,0.2,0.0,0.6,0.8,0.3,0.9,0.7,0.0,0.0,0.0,0.0,0.4,15.3,13.7,0.0,0.0,0.0,0.0,0.3,0.0,0.0,0.0,0.0,0.0,0.0,0.0,0.5,1,1,1,1,1,1,1,1,1,1,1,1,1,1,1,1,1,1,1,1,1,1,1,1,1,1,1,1,1,1,1.0
2648020,1,01/04/2010,1,12.3,17.7,26.0,11.0,1.0,1,1,,0,0.0,0.0,0.0,0.0,0.3,0.0,0.0,0.0,0.0,0.0,0.0,0.2,0.0,0.0,0.4,0.0,0.0,0.0,0.0,0.5,0.3,0.4,0.9,0.7,0.8,12.3,0.9,0.0,0.0,0.0,,1,1,1,1,1,1,1,1,1,1,1,1,1,1,1,1,1,1,1,1,1,1,1,1,1,1,1,1,1,1,0.0
2648020,1,01/03/2010,1,0.9,8.2,25.0,16.0,1.0,1,1,,0,0.0,0.3,0.5,0.7,0.8,0.3,0.2,0.7,0.0,0.0,0.0,0.3,0.7,0.0,0.0,0.0,0.0,0.0,0.0,0.0,0.3,0.0,0.0,0.7,0.9,0.5,0.3,0.6,0.4,0.0,0.0,1,1,1,1,1,1,1,1,1,1,1,1,1,1,1,1,1,1,1,1,1,1,1,1,1,1,1,1,1,1,1.0
2648020,1,01/02/2010,1,15.3,20.4,9.0,11.0,1.0,1,1,,0,0.0,0.0,0.0,0.0,0.0,0.0,0.0,0.0,15.3,0.6,0.7,0.5,0.0,0.6,0.5,0.0,0.8,0.0,0.0,0.2,0.0,0.0,0.4,0.5,0.3,0.0,0.0,0.0,,,,1,1,1,1,1,1,1,1,1,1,1,1,1,1,1,1,1,1,1,1,1,1,1,1,1,1,1,1,0,0,0.0
2648020,1,01/01/2010,1,15.3,49.5,21.0,23.0,1.0,1,1,,0,0.0,0.0,0.0,0.2,0.3,0.6,0.3,0.4,0.0,0.5,0.8,0.7,0.9,12.3,0.0,0.5,0.4,0.9,0.7,0.2,15.3,11.4,0.5,0.6,0.7,0.3,0.8,0.0,0.0,0.2,0.0,1,1,1,1,1,1,1,1,1,1,1,1,1,1,1,1,1,1,1,1,1,1,1,1,1,1,1,1,1,1,1.0
2648020,1,01/12/2009,1,0.8,5.1,27.0,12.0,1.0,1,1,,0,0.0,0.3,0.0,0.0,0.5,0.0,0.0,0.4,0.0,0.5,0.3,0.6,0.7,0.2,0.3,0.0,0.0,0.2,0.0,0.0,0.0,0.0,0.0,0.0,0.0,0.3,0.8,0.0,0.0,0.0,0.0,1,1,1,1,1,1,1,1,1,1,1,1,1,1,1,1,1,1,1,1,1,1,1,1,1,1,1,1,1,1,1.0
2648020,1,01/11/2009,1,0.9,6.9,21.0,15.0,1.0,1,1,,0,0.0,0.0,0.0,0.0,0.0,0.6,0.4,0.5,0.2,0.0,0.0,0.0,0.3,0.0,0.0,0.0,0.2,0.7,0.3,0.0,0.9,0.6,0.0,0.0,0.2,0.0,0.3,0.4,0.6,0.7,,1,1,1,1,1,1,1,1,1,1,1,1,1,1,1,1,1,1,1,1,1,1,1,1,1,1,1,1,1,1,0.0
2648020,1,01/10/2009,1,0.9,6.6,12.0,13.0,1.0,1,1,,0,0.0,0.0,0.0,0.3,0.1,0.0,0.0,0.6,0.4,0.8,0.5,0.9,0.7,0.0,0.6,0.0,0.5,0.7,0.3,0.2,0.0,0.0,0.0,0.0,0.0,0.0,0.0,0.0,0.0,0.0,0.0,1,1,1,1,1,1,1,1,1,1,1,1,1,1,1,1,1,1,1,1,1,1,1,1,1,1,1,1,1,1,1.0
2648020,1,01/09/2009,1,15.3,47.7,29.0,16.0,1.0,1,1,,0,0.0,0.0,0.9,0.4,0.2,0.7,0.6,0.8,0.6,10.5,0.8,0.0,0.0,0.0,0.0,0.0,0.0,0.0,0.0,13.3,0.0,0.7,0.9,0.0,0.0,0.0,0.8,0.7,15.3,0.5,,1,1,1,1,1,1,1,1,1,1,1,1,1,1,1,1,1,1,1,1,1,1,1,1,1,1,1,1,1,1,0.0
2648020,1,01/08/2009,1,15.7,18.5,1.0,6.0,1.0,1,1,,0,15.7,0.0,0.7,0.0,0.0,0.0,0.0,0.0,0.5,0.0,0.0,0.0,0.0,0.0,0.0,0.0,0.0,0.0,0.7,0.0,0.6,0.0,0.0,0.0,0.3,0.0,0.0,0.0,0.0,0.0,0.0,1,1,1,1,1,1,1,1,1,1,1,1,1,1,1,1,1,1,1,1,1,1,1,1,1,1,1,1,1,1,1.0
2648020,1,01/07/2009,1,12.6,34.6,31.0,17.0,1.0,1,1,,0,0.0,0.0,0.0,0.0,0.7,0.5,0.0,0.7,0.9,12.3,0.8,0.7,0.0,0.0,0.4,0.0,0.7,0.0,0.0,0.0,0.0,0.6,0.0,0.4,0.0,0.3,0.7,0.9,0.6,0.8,12.6,1,1,1,1,1,1,1,1,1,1,1,1,1,1,1,1,1,1,1,1,1,1,1,1,1,1,1,1,1,1,1.0
2648020,1,01/06/2009,1,0.6,3.5,30.0,10.0,1.0,1,1,,0,0.0,0.0,0.0,0.0,0.0,0.0,0.0,0.0,0.3,0.2,0.4,0.0,0.0,0.0,0.0,0.0,0.0,0.0,0.0,0.0,0.0,0.0,0.0,0.5,0.3,0.5,0.2,0.1,0.4,0.6,,1,1,1,1,1,1,1,1,1,1,1,1,1,1,1,1,1,1,1,1,1,1,1,1,1,1,1,1,1,1,0.0
2648020,1,01/05/2009,1,0.7,4.4,4.0,11.0,1.0,1,1,,0,0.5,0.3,0.5,0.7,0.2,0.0,0.0,0.3,0.6,0.0,0.0,0.0,0.3,0.2,0.5,0.0,0.0,0.0,0.0,0.0,0.0,0.0,0.0,0.0,0.3,0.0,0.0,0.0,0.0,0.0,0.0,1,1,1,1,1,1,1,1,1,1,1,1,1,1,1,1,1,1,1,1,1,1,1,1,1,1,1,1,1,1,1.0
2648020,1,01/04/2009,1,0.7,4.3,1.0,8.0,1.0,1,1,,0,0.7,0.0,0.0,0.0,0.0,0.7,0.4,0.0,0.0,0.0,0.0,0.0,0.0,0.0,0.0,0.0,0.0,0.0,0.0,0.0,0.7,0.5,0.7,0.3,0.0,0.0,0.0,0.3,0.0,0.0,,1,1,1,1,1,1,1,1,1,1,1,1,1,1,1,1,1,1,1,1,1,1,1,1,1,1,1,1,1,1,0.0
2648020,1,01/03/2009,1,15.3,28.5,25.0,8.0,1.0,1,1,,0,0.0,0.0,0.0,0.0,0.7,0.3,0.6,0.5,0.0,0.3,0.0,0.2,0.0,0.0,0.0,0.0,0.0,0.0,0.0,0.0,0.0,0.0,0.0,0.0,15.3,10.6,0.0,0.0,0.0,0.0,0.0,1,1,1,1,1,1,1,1,1,1,1,1,1,1,1,1,1,1,1,1,1,1,1,1,1,1,1,1,1,1,1.0
2648020,1,01/02/2009,1,32.5,48.2,4.0,13.0,1.0,1,1,,0,0.0,0.0,0.0,32.5,0.7,0.0,0.0,0.6,0.2,0.5,0.7,10.3,0.0,0.2,0.0,0.0,0.0,0.0,0.0,0.0,0.6,0.9,0.0,0.3,0.5,0.0,0.2,0.0,,,,1,1,1,1,1,1,1,1,1,1,1,1,1,1,1,1,1,1,1,1,1,1,1,1,1,1,1,1,0,0,0.0
2648020,1,01/01/2009,1,62.3,80.3,13.0,13.0,1.0,1,1,,0,0.0,0.0,0.0,0.5,0.0,0.0,0.0,0.0,0.0,0.6,0.0,0.0,62.3,0.5,0.7,0.2,0.3,12.4,0.0,0.0,0.0,0.0,0.7,0.0,0.5,0.3,0.7,0.0,0.6,0.0,0.0,1,1,1,1,1,1,1,1,1,1,1,1,1,1,1,1,1,1,1,1,1,1,1,1,1,1,1,1,1,1,1.0
2648020,1,01/12/2008,1,25.7,48.0,17.0,16.0,1.0,1,1,,0,0.0,0.5,0.7,0.0,0.7,0.3,0.0,0.0,0.0,0.0,0.6,0.4,0.7,0.0,0.5,15.8,25.7,0.0,0.0,0.0,0.0,0.3,0.2,0.0,0.0,0.2,0.5,0.0,0.5,0.0,0.4,1,1,1,1,1,1,1,1,1,1,1,1,1,1,1,1,1,1,1,1,1,1,1,1,1,1,1,1,1,1,1.0
2648020,1,01/11/2008,1,23.6,103.9,23.0,20.0,1.0,1,1,,0,0.0,0.0,0.0,0.5,0.3,0.0,0.0,0.2,0.0,0.0,12.5,16.7,13.2,0.7,0.0,0.0,0.7,0.9,0.5,0.0,0.9,12.6,23.6,16.3,0.9,0.6,0.7,0.6,0.8,0.7,,1,1,1,1,1,1,1,1,1,1,1,1,1,1,1,1,1,1,1,1,1,1,1,1,1,1,1,1,1,1,0.0
2648020,1,01/10/2008,1,16.3,72.1,17.0,17.0,1.0,1,1,,0,0.0,0.0,0.0,12.6,0.9,0.3,0.0,0.0,0.0,0.0,0.3,0.5,0.3,0.0,0.7,12.5,16.3,11.4,0.7,0.0,0.3,0.4,0.0,0.7,0.0,0.5,0.2,0.0,13.5,0.0,0.0,1,1,1,1,1,1,1,1,1,1,1,1,1,1,1,1,1,1,1,1,1,1,1,1,1,1,1,1,1,1,1.0
2648020,1,01/09/2008,1,0.9,7.5,26.0,16.0,1.0,1,1,,0,0.0,0.0,0.0,0.0,0.0,0.5,0.0,0.5,0.4,0.6,0.7,0.3,0.2,0.0,0.0,0.0,0.0,0.0,0.2,0.4,0.0,0.0,0.3,0.5,0.4,0.9,0.7,0.3,0.0,0.6,,1,1,1,1,1,1,1,1,1,1,1,1,1,1,1,1,1,1,1,1,1,1,1,1,1,1,1,1,1,1,0.0
2648020,1,01/08/2008,1,0.7,3.9,14.0,9.0,1.0,1,1,,0,0.3,0.5,0.0,0.0,0.0,0.0,0.2,0.0,0.0,0.6,0.0,0.0,0.0,0.7,0.6,0.2,0.0,0.0,0.0,0.0,0.0,0.0,0.0,0.5,0.0,0.0,0.3,0.0,0.0,0.0,0.0,1,1,1,1,1,1,1,1,1,1,1,1,1,1,1,1,1,1,1,1,1,1,1,1,1,1,1,1,1,1,1.0
2648020,1,01/07/2008,1,0.6,1.2,24.0,4.0,1.0,1,1,,0,0.0,0.0,0.0,0.0,0.0,0.0,0.0,0.0,0.0,0.0,0.0,0.0,0.0,0.0,0.0,0.0,0.0,0.0,0.0,0.0,0.0,0.0,0.0,0.6,0.0,0.0,0.0,0.0,0.2,0.3,0.1,1,1,1,1,1,1,1,1,1,1,1,1,1,1,1,1,1,1,1,1,1,1,1,1,1,1,1,1,1,1,1.0
2648020,1,01/06/2008,1,0.6,3.7,24.0,9.0,1.0,1,1,,0,0.0,0.0,0.0,0.0,0.0,0.0,0.0,0.0,0.0,0.5,0.0,0.5,0.0,0.0,0.0,0.0,0.0,0.4,0.0,0.0,0.5,0.0,0.0,0.6,0.3,0.2,0.3,0.4,0.0,0.0,,1,1,1,1,1,1,1,1,1,1,1,1,1,1,1,1,1,1,1,1,1,1,1,1,1,1,1,1,1,1,0.0
2648020,1,01/05/2008,1,0.7,2.9,3.0,5.0,1.0,1,1,,0,0.0,0.6,0.7,0.0,0.0,0.0,0.0,0.0,0.0,0.0,0.0,0.0,0.0,0.0,0.0,0.0,0.0,0.0,0.0,0.0,0.0,0.0,0.0,0.0,0.0,0.0,0.0,0.0,0.7,0.6,0.3,1,1,1,1,1,1,1,1,1,1,1,1,1,1,1,1,1,1,1,1,1,1,1,1,1,1,1,1,1,1,1.0
2648020,1,01/04/2008,1,32.4,70.7,22.0,,1.0,1,0,,0,0.0,0.0,0.0,0.0,0.0,0.0,0.0,0.0,0.0,0.0,0.6,0.7,0.3,0.0,0.7,0.6,0.3,0.7,0.5,,17.6,32.4,0.0,0.0,0.0,0.7,13.6,0.9,0.7,0.4,,1,1,1,1,1,1,1,1,1,1,1,1,1,1,1,1,1,1,1,0,4,1,1,1,1,1,1,1,1,1,0.0
2648020,1,01/03/2008,1,12.3,42.6,15.0,16.0,1.0,1,1,,0,0.0,0.0,0.7,0.0,0.0,0.0,0.0,0.0,0.0,0.5,0.3,0.7,0.0,0.6,12.3,10.5,0.9,0.0,0.7,0.5,12.3,0.7,0.5,0.0,0.0,0.0,0.6,0.3,0.5,0.0,0.0,1,1,1,1,1,1,1,1,1,1,1,1,1,1,1,1,1,1,1,1,1,1,1,1,1,1,1,1,1,1,1.0
2648020,1,01/02/2008,1,20.5,24.9,1.0,10.0,1.0,1,1,,0,20.5,0.0,0.0,0.0,0.0,0.0,0.0,0.0,0.5,0.6,0.3,0.7,0.0,0.0,0.2,0.0,0.0,0.0,0.0,0.0,0.7,0.0,0.2,0.0,0.0,0.0,0.5,0.7,0.0,,,1,1,1,1,1,1,1,1,1,1,1,1,1,1,1,1,1,1,1,1,1,1,1,1,1,1,1,1,1,0,0.0
2648020,1,01/01/2008,1,32.6,53.7,20.0,17.0,1.0,1,1,,0,0.0,0.0,0.0,0.0,0.0,0.0,0.0,0.6,0.3,0.2,0.0,0.2,0.0,0.5,0.0,0.0,0.0,0.7,0.0,32.6,0.4,0.7,0.5,0.0,0.3,0.6,0.5,13.2,0.9,0.7,0.8,1,1,1,1,1,1,1,1,1,1,1,1,1,1,1,1,1,1,1,1,1,1,1,1,1,1,1,1,1,1,1.0
2648020,1,01/12/2007,1,23.3,44.4,11.0,9.0,1.0,1,1,,0,0.0,0.0,0.0,0.0,0.0,0.0,0.0,0.0,0.0,0.6,23.3,0.5,0.0,0.0,0.0,0.0,17.6,0.0,0.7,0.0,0.0,0.0,0.0,0.0,0.0,0.7,0.0,0.3,0.2,0.5,0.0,1,1,1,1,1,1,1,1,1,1,1,1,1,1,1,1,1,1,1,1,1,1,1,1,1,1,1,1,1,1,1.0
2648020,1,01/11/2007,1,23.4,27.1,3.0,8.0,1.0,1,1,,0,0.6,0.7,23.4,0.0,0.0,0.2,0.0,0.0,0.5,0.0,0.9,0.0,0.5,0.3,0.0,0.0,0.0,0.0,0.0,0.0,0.0,0.0,0.0,0.0,0.0,0.0,0.0,0.0,0.0,0.0,,1,1,1,1,1,1,1,1,1,1,1,1,1,1,1,1,1,1,1,1,1,1,1,1,1,1,1,1,1,1,0.0
2648020,1,01/10/2007,1,0.9,7.7,15.0,14.0,1.0,1,1,,0,0.0,0.0,0.0,0.0,0.0,0.2,0.0,0.6,0.0,0.4,0.0,0.7,0.5,0.0,0.9,0.7,0.0,0.0,0.0,0.8,0.6,0.0,0.3,0.0,0.6,0.0,0.0,0.4,0.7,0.3,0.0,1,1,1,1,1,1,1,1,1,1,1,1,1,1,1,1,1,1,1,1,1,1,1,1,1,1,1,1,1,1,1.0
2648020,1,01/09/2007,1,12.2,18.0,19.0,11.0,1.0,1,1,,0,0.0,0.0,0.7,0.2,0.3,0.0,0.0,0.0,0.0,0.0,0.0,0.0,0.0,0.0,0.0,0.0,0.7,0.9,12.2,0.0,0.7,0.9,0.0,0.0,0.5,0.5,0.4,0.0,0.0,0.0,,1,1,1,1,1,1,1,1,1,1,1,1,1,1,1,1,1,1,1,1,1,1,1,1,1,1,1,1,1,1,0.0
2648020,1,01/08/2007,1,0.7,2.0,30.0,4.0,1.0,1,1,,0,0.0,0.0,0.0,0.0,0.0,0.0,0.0,0.0,0.0,0.0,0.0,0.0,0.0,0.0,0.0,0.0,0.0,0.0,0.0,0.0,0.0,0.0,0.3,0.0,0.0,0.5,0.0,0.0,0.0,0.7,0.5,1,1,1,1,1,1,1,1,1,1,1,1,1,1,1,1,1,1,1,1,1,1,1,1,1,1,1,1,1,1,1.0
2648020,1,01/07/2007,1,0.9,3.0,20.0,5.0,1.0,1,1,,0,0.0,0.0,0.0,0.0,0.0,0.0,0.0,0.0,0.0,0.0,0.0,0.0,0.5,0.0,0.0,0.0,0.0,0.0,0.7,0.9,0.0,0.5,0.4,0.0,0.0,0.0,0.0,0.0,0.0,0.0,0.0,1,1,1,1,1,1,1,1,1,1,1,1,1,1,1,1,1,1,1,1,1,1,1,1,1,1,1,1,1,1,1.0
2648020,1,01/06/2007,1,0.2,0.2,5.0,1.0,1.0,1,1,,0,0.0,0.0,0.0,0.0,0.2,0.0,0.0,0.0,0.0,0.0,0.0,0.0,0.0,0.0,0.0,0.0,0.0,0.0,0.0,0.0,0.0,0.0,0.0,0.0,0.0,0.0,0.0,0.0,0.0,0.0,,1,1,1,1,1,1,1,1,1,1,1,1,1,1,1,1,1,1,1,1,1,1,1,1,1,1,1,1,1,1,0.0
2648020,1,01/05/2007,1,15.6,31.3,14.0,9.0,1.0,1,1,,0,0.0,0.0,0.0,0.0,0.0,0.7,0.0,0.0,0.0,0.0,0.0,0.0,0.0,15.6,0.0,0.2,0.5,0.7,0.4,0.6,12.5,0.0,0.0,0.0,0.0,0.0,0.0,0.0,0.0,0.0,0.1,1,1,1,1,1,1,1,1,1,1,1,1,1,1,1,1,1,1,1,1,1,1,1,1,1,1,1,1,1,1,1.0
2648020,1,01/04/2007,1,12.7,14.9,4.0,5.0,1.0,1,1,,0,0.0,0.0,0.0,12.7,0.0,0.0,0.0,0.0,0.0,0.0,0.0,0.0,0.3,0.0,0.0,0.0,0.0,0.0,0.0,0.7,0.0,0.0,0.0,0.0,0.7,0.5,0.0,0.0,0.0,0.0,,1,1,1,1,1,1,1,1,1,1,1,1,1,1,1,1,1,1,1,1,1,1,1,1,1,1,1,1,1,1,0.0
2648020,1,01/03/2007,1,17.2,32.7,10.0,8.0,1.0,1,1,,0,0.0,0.0,0.0,0.0,0.0,0.0,0.0,0.0,0.6,17.2,12.5,0.7,0.4,0.0,0.0,0.0,0.7,0.3,0.0,0.0,0.0,0.0,0.0,0.0,0.0,0.0,0.0,0.0,0.0,0.3,0.0,1,1,1,1,1,1,1,1,1,1,1,1,1,1,1,1,1,1,1,1,1,1,1,1,1,1,1,1,1,1,1.0
2648020,1,01/02/2007,1,0.9,2.9,8.0,7.0,1.0,1,1,,0,0.0,0.0,0.0,0.3,0.0,0.2,0.3,0.9,0.7,0.0,0.0,0.0,0.0,0.0,0.3,0.0,0.0,0.0,0.0,0.0,0.2,0.0,0.0,0.0,0.0,0.0,0.0,0.0,,,,1,1,1,1,1,1,1,1,1,1,1,1,1,1,1,1,1,1,1,1,1,1,1,1,1,1,1,1,0,0,0.0
2648020,1,01/01/2007,1,12.3,15.9,13.0,8.0,1.0,1,1,,0,0.0,0.2,0.0,0.0,0.0,0.0,0.0,0.6,0.0,0.0,0.3,0.0,12.3,0.0,0.0,0.7,0.0,0.0,0.0,0.2,0.0,0.0,0.0,0.0,0.0,0.0,0.0,0.9,0.7,0.0,0.0,1,1,1,1,1,1,1,1,1,1,1,1,1,1,1,1,1,1,1,1,1,1,1,1,1,1,1,1,1,1,1.0
2648020,2,01/12/2006,1,,28.2,,,0.0,2,0,,0,,,,,,,,,,,,,,,,,,,,,,,,,,,,,,,,0,0,0,0,0,0,0,0,0,0,0,0,0,0,0,0,0,0,0,0,0,0,0,0,0,0,0,0,0,0,0.0
2648020,1,01/12/2006,1,0.7,4.0,20.0,8.0,1.0,1,1,,0,0.0,0.0,0.0,0.0,0.6,0.0,0.0,0.0,0.0,0.2,0.0,0.3,0.0,0.0,0.0,0.0,0.0,0.0,0.0,0.7,0.3,0.5,0.7,0.0,0.0,0.7,0.0,0.0,0.0,0.0,0.0,1,1,1,1,1,1,1,1,1,1,1,1,1,1,1,1,1,1,1,1,1,1,1,1,1,1,1,1,1,1,1.0
2648020,2,01/11/2006,1,36.4,98.9,28.0,9.0,1.0,1,1,,0,17.3,25.6,0.7,0.0,0.0,0.0,0.0,0.0,0.0,0.0,0.0,0.0,0.0,0.0,0.5,0.0,0.0,0.0,0.0,0.0,0.0,0.0,0.0,0.0,16.3,0.7,0.5,36.4,0.9,0.0,,1,1,1,1,1,1,1,1,1,1,1,1,1,1,1,1,1,1,1,1,1,1,1,1,1,1,1,1,1,1,0.0
2648020,1,01/11/2006,1,36.4,98.9,28.0,9.0,1.0,1,1,,0,17.3,25.6,0.7,0.0,0.0,0.0,0.0,0.0,0.0,0.0,0.0,0.0,0.0,0.0,0.5,0.0,0.0,0.0,0.0,0.0,0.0,0.0,0.0,0.0,16.3,0.7,0.5,36.4,0.9,0.0,,1,1,1,1,1,1,1,1,1,1,1,1,1,1,1,1,1,1,1,1,1,1,1,1,1,1,1,1,1,1,0.0
2648020,2,01/10/2006,1,25.6,44.1,2.0,4.0,1.0,1,1,,0,17.3,25.6,0.7,0.0,0.0,0.0,0.0,0.0,0.0,0.0,0.0,0.0,0.0,0.0,0.5,0.0,0.0,0.0,0.0,0.0,0.0,0.0,0.0,0.0,0.0,0.0,0.0,0.0,0.0,0.0,0.0,1,1,1,1,1,1,1,1,1,1,1,1,1,1,1,1,1,1,1,1,1,1,1,1,1,1,1,1,1,1,1.0
2648020,1,01/10/2006,1,25.6,44.1,2.0,4.0,1.0,1,1,,0,17.3,25.6,0.7,0.0,0.0,0.0,0.0,0.0,0.0,0.0,0.0,0.0,0.0,0.0,0.5,0.0,0.0,0.0,0.0,0.0,0.0,0.0,0.0,0.0,0.0,0.0,0.0,0.0,0.0,0.0,0.0,1,1,1,1,1,1,1,1,1,1,1,1,1,1,1,1,1,1,1,1,1,1,1,1,1,1,1,1,1,1,1.0
2648020,2,01/09/2006,1,12.0,14.8,16.0,6.0,1.0,1,1,,0,0.0,0.0,0.0,0.0,0.0,0.0,0.0,0.0,0.0,0.0,0.0,0.0,0.0,0.0,0.5,12.0,0.8,0.7,0.0,0.0,0.0,0.0,0.0,0.0,0.6,0.2,0.0,0.0,0.0,0.0,,1,1,1,1,1,1,1,1,1,1,1,1,1,1,1,1,1,1,1,1,1,1,1,1,1,1,1,1,1,1,0.0
2648020,1,01/09/2006,1,0.8,3.0,17.0,6.0,1.0,1,1,,0,0.0,0.0,0.0,0.0,0.0,0.0,0.0,0.0,0.0,0.0,0.0,0.0,0.0,0.0,0.5,0.2,0.8,0.7,0.0,0.0,0.0,0.0,0.0,0.0,0.6,0.2,0.0,0.0,0.0,0.0,,1,1,1,1,1,1,1,1,1,1,1,1,1,1,1,1,1,1,1,1,1,1,1,1,1,1,1,1,1,1,0.0
2648020,2,01/08/2006,1,0.6,1.2,30.0,3.0,1.0,1,1,,0,0.0,0.0,0.0,0.0,0.0,0.0,0.0,0.0,0.0,0.0,0.0,0.0,0.0,0.0,0.2,0.0,0.0,0.0,0.0,0.0,0.0,0.0,0.0,0.0,0.0,0.0,0.0,0.0,0.0,0.6,0.4,1,1,1,1,1,1,1,1,1,1,1,1,1,1,1,1,1,1,1,1,1,1,1,1,1,1,1,1,1,1,1.0
2648020,1,01/08/2006,1,0.6,1.2,30.0,3.0,1.0,1,1,,0,0.0,0.0,0.0,0.0,0.0,0.0,0.0,0.0,0.0,0.0,0.0,0.0,0.0,0.0,0.2,0.0,0.0,0.0,0.0,0.0,0.0,0.0,0.0,0.0,0.0,0.0,0.0,0.0,0.0,0.6,0.4,1,1,1,1,1,1,1,1,1,1,1,1,1,1,1,1,1,1,1,1,1,1,1,1,1,1,1,1,1,1,1.0
2648020,2,01/07/2006,1,0.8,2.1,9.0,4.0,1.0,1,1,,0,0.0,0.0,0.0,0.0,0.0,0.0,0.0,0.0,0.8,0.0,0.0,0.0,0.0,0.5,0.0,0.0,0.0,0.0,0.0,0.0,0.3,0.0,0.0,0.0,0.0,0.0,0.5,0.0,0.0,0.0,0.0,1,1,1,1,1,1,1,1,1,1,1,1,1,1,1,1,1,1,1,1,1,1,1,1,1,1,1,1,1,1,1.0
2648020,1,01/07/2006,1,0.5,1.3,14.0,3.0,1.0,1,1,,0,0.0,0.0,0.0,0.0,0.0,0.0,0.0,0.0,0.0,0.0,0.0,0.0,0.0,0.5,0.0,0.0,0.0,0.0,0.0,0.0,0.3,0.0,0.0,0.0,0.0,0.0,0.5,0.0,0.0,0.0,0.0,1,1,1,1,1,1,1,1,1,1,1,1,1,1,1,1,1,1,1,1,1,1,1,1,1,1,1,1,1,1,1.0
2648020,2,01/06/2006,1,0.9,2.8,30.0,4.0,1.0,1,1,,0,0.0,0.0,0.0,0.0,0.0,0.0,0.0,0.0,0.0,0.0,0.0,0.0,0.0,0.0,0.0,0.0,0.0,0.0,0.0,0.0,0.8,0.0,0.0,0.4,0.0,0.0,0.0,0.0,0.7,0.9,,1,1,1,1,1,1,1,1,1,1,1,1,1,1,1,1,1,1,1,1,1,1,1,1,1,1,1,1,1,1,0.0
2648020,1,01/06/2006,1,0.9,2.8,30.0,4.0,1.0,1,1,,0,0.0,0.0,0.0,0.0,0.0,0.0,0.0,0.0,0.0,0.0,0.0,0.0,0.0,0.0,0.0,0.0,0.0,0.0,0.0,0.0,0.8,0.0,0.0,0.4,0.0,0.0,0.0,0.0,0.7,0.9,,1,1,1,1,1,1,1,1,1,1,1,1,1,1,1,1,1,1,1,1,1,1,1,1,1,1,1,1,1,1,0.0
2648020,2,01/05/2006,1,0.9,2.9,25.0,7.0,1.0,1,1,,0,0.0,0.0,0.0,0.0,0.0,0.0,0.0,0.2,0.0,0.0,0.0,0.1,0.0,0.0,0.0,0.0,0.0,0.0,0.5,0.3,0.7,0.2,0.0,0.0,0.9,0.0,0.0,0.0,0.0,0.0,0.0,1,1,1,1,1,1,1,1,1,1,1,1,1,1,1,1,1,1,1,1,1,1,1,1,1,1,1,1,1,1,1.0
2648020,1,01/05/2006,1,0.9,2.9,25.0,7.0,1.0,1,1,,0,0.0,0.0,0.0,0.0,0.0,0.0,0.0,0.2,0.0,0.0,0.0,0.1,0.0,0.0,0.0,0.0,0.0,0.0,0.5,0.3,0.7,0.2,0.0,0.0,0.9,0.0,0.0,0.0,0.0,0.0,0.0,1,1,1,1,1,1,1,1,1,1,1,1,1,1,1,1,1,1,1,1,1,1,1,1,1,1,1,1,1,1,1.0
2648020,2,01/04/2006,1,,20.7,,,0.0,2,0,,0,,,,,,,,,,,,,,,,,,,,,,,,,,,,,,,,0,0,0,0,0,0,0,0,0,0,0,0,0,0,0,0,0,0,0,0,0,0,0,0,0,0,0,0,0,0,0.0
2648020,1,01/04/2006,1,0.3,0.5,9.0,2.0,1.0,1,1,,0,0.0,0.0,0.0,0.0,0.0,0.0,0.0,0.2,0.3,0.0,0.0,0.0,0.0,0.0,0.0,0.0,0.0,0.0,0.0,0.0,0.0,0.0,0.0,0.0,0.0,0.0,0.0,0.0,0.0,0.0,,1,1,1,1,1,1,1,1,1,1,1,1,1,1,1,1,1,1,1,1,1,1,1,1,1,1,1,1,1,1,0.0
2648020,2,01/03/2006,1,,48.8,,,0.0,2,0,,0,,,,,,,,,,,,,,,,,,,,,,,,,,,,,,,,0,0,0,0,0,0,0,0,0,0,0,0,0,0,0,0,0,0,0,0,0,0,0,0,0,0,0,0,0,0,0.0
2648020,1,01/03/2006,1,0.7,2.3,21.0,5.0,1.0,1,1,,0,0.0,0.0,0.0,0.0,0.3,0.0,0.0,0.0,0.0,0.6,0.0,0.0,0.0,0.0,0.0,0.0,0.0,0.0,0.0,0.0,0.7,0.0,0.0,0.3,0.0,0.0,0.4,0.0,0.0,0.0,0.0,1,1,1,1,1,1,1,1,1,1,1,1,1,1,1,1,1,1,1,1,1,1,1,1,1,1,1,1,1,1,1.0
2648020,2,01/02/2006,1,22.7,30.7,5.0,15.0,1.0,1,1,,0,0.0,0.0,0.0,0.0,22.7,0.6,0.0,0.6,0.4,0.8,0.7,0.6,0.0,0.7,0.6,0.3,0.0,0.0,0.7,0.6,0.3,0.0,0.0,0.4,0.0,0.0,0.7,0.0,,,,1,1,1,1,1,1,1,1,1,1,1,1,1,1,1,1,1,1,1,1,1,1,1,1,1,1,1,1,0,0,0.0
2648020,1,01/02/2006,1,22.7,30.7,5.0,15.0,1.0,1,1,,0,0.0,0.0,0.0,0.0,22.7,0.6,0.0,0.6,0.4,0.8,0.7,0.6,0.0,0.7,0.6,0.3,0.0,0.0,0.7,0.6,0.3,0.0,0.0,0.4,0.0,0.0,0.7,0.0,,,,1,1,1,1,1,1,1,1,1,1,1,1,1,1,1,1,1,1,1,1,1,1,1,1,1,1,1,1,0,0,0.0
2648020,2,01/01/2006,1,,48.9,,,0.0,2,0,,0,,,,,,,,,,,,,,,,,,,,,,,,,,,,,,,,0,0,0,0,0,0,0,0,0,0,0,0,0,0,0,0,0,0,0,0,0,0,0,0,0,0,0,0,0,0,0.0
2648020,1,01/01/2006,1,0.7,3.1,1.0,6.0,1.0,1,1,,0,0.7,0.5,0.0,0.0,0.0,0.0,0.0,0.0,0.0,0.0,0.0,0.0,0.0,0.0,0.0,0.0,0.0,0.4,0.0,0.5,0.0,0.0,0.0,0.7,0.0,0.0,0.0,0.3,0.0,0.0,0.0,1,1,1,1,1,1,1,1,1,1,1,1,1,1,1,1,1,1,1,1,1,1,1,1,1,1,1,1,1,1,1.0
2648020,1,01/12/2005,1,25.6,48.9,31.0,10.0,1.0,1,1,,0,0.0,0.0,0.0,0.0,0.0,0.0,0.7,0.5,0.0,0.0,0.0,0.8,0.0,0.3,0.2,0.0,0.0,0.5,0.0,0.0,0.0,0.0,0.0,0.3,0.0,0.0,0.0,19.3,0.7,0.0,25.6,1,1,1,1,1,1,1,1,1,1,1,1,1,1,1,1,1,1,1,1,1,1,1,1,1,1,1,1,1,1,1.0
2648020,1,01/11/2005,1,12.3,17.1,10.0,11.0,1.0,1,1,,0,0.0,0.0,0.0,0.5,0.0,0.7,0.3,0.4,0.6,12.3,0.0,0.0,0.0,0.0,0.0,0.5,0.3,0.0,0.7,0.5,0.0,0.0,0.0,0.0,0.0,0.0,0.0,0.0,0.3,0.0,,1,1,1,1,1,1,1,1,1,1,1,1,1,1,1,1,1,1,1,1,1,1,1,1,1,1,1,1,1,1,0.0
2648020,1,01/10/2005,1,42.3,73.1,5.0,18.0,1.0,1,1,,0,0.0,0.0,0.0,0.0,42.3,0.7,0.0,0.3,0.7,0.0,0.6,0.3,0.5,0.2,0.0,0.8,0.7,0.0,0.0,0.6,0.3,0.7,0.5,0.2,0.4,0.0,0.0,0.6,22.7,0.0,0.0,1,1,1,1,1,1,1,1,1,1,1,1,1,1,1,1,1,1,1,1,1,1,1,1,1,1,1,1,1,1,1.0
2648020,1,01/09/2005,1,62.8,294.9,12.0,20.0,1.0,1,1,,0,0.9,0.6,0.0,0.7,51.5,0.0,0.0,0.0,0.0,0.0,0.0,62.8,0.5,0.3,0.7,25.2,36.7,16.5,42.3,0.0,0.9,0.7,51.6,0.6,0.7,0.9,0.0,0.5,0.3,0.0,,1,1,1,1,1,1,1,1,1,1,1,1,1,1,1,1,1,1,1,1,1,1,1,1,1,1,1,1,1,1,0.0
2648020,1,01/08/2005,1,23.6,63.3,31.0,6.0,1.0,1,1,,0,0.0,0.2,0.0,0.0,0.0,0.1,0.0,0.0,15.7,23.4,0.0,0.0,0.0,0.0,0.0,0.0,0.0,0.3,0.0,0.0,0.0,0.0,0.0,0.0,0.0,0.0,0.0,0.0,0.0,0.0,23.6,1,1,1,1,1,1,1,1,1,1,1,1,1,1,1,1,1,1,1,1,1,1,1,1,1,1,1,1,1,1,1.0
2648020,1,01/07/2005,1,12.7,18.4,24.0,14.0,1.0,1,1,,0,0.0,0.0,0.0,0.0,0.6,0.0,0.3,0.1,0.2,0.7,0.2,0.0,0.0,0.1,0.0,0.0,0.0,0.0,0.0,0.9,0.7,0.6,0.5,12.7,0.6,0.0,0.0,0.0,0.0,0.0,0.2,1,1,1,1,1,1,1,1,1,1,1,1,1,1,1,1,1,1,1,1,1,1,1,1,1,1,1,1,1,1,1.0
2648020,1,01/06/2005,1,18.7,20.0,16.0,4.0,1.0,1,1,,0,0.0,0.0,0.0,0.0,0.0,0.0,0.0,0.0,0.0,0.0,0.0,0.0,0.0,0.2,0.0,18.7,0.0,0.7,0.0,0.0,0.0,0.0,0.0,0.0,0.0,0.0,0.4,0.0,0.0,0.0,,1,1,1,1,1,1,1,1,1,1,1,1,1,1,1,1,1,1,1,1,1,1,1,1,1,1,1,1,1,1,0.0
2648020,1,01/05/2005,1,15.7,32.4,20.0,7.0,1.0,1,1,,0,0.0,0.0,0.0,0.0,0.0,0.0,0.0,0.2,0.7,0.0,0.0,12.6,0.0,0.0,0.0,0.0,0.0,0.2,2.3,15.7,0.0,0.0,0.0,0.7,0.0,0.0,0.0,0.0,0.0,0.0,0.0,1,1,1,1,1,1,1,1,1,1,1,1,1,1,1,1,1,1,1,1,1,1,1,1,1,1,1,1,1,1,1.0
2648020,1,01/04/2005,1,25.7,66.4,19.0,13.0,1.0,1,1,,0,0.0,0.6,0.3,18.7,0.9,0.0,0.0,0.0,0.2,0.0,0.3,0.7,0.0,0.9,0.0,0.0,0.0,0.3,25.7,0.0,0.0,0.3,0.0,0.0,0.0,0.0,0.8,16.7,0.0,0.0,,1,1,1,1,1,1,1,1,1,1,1,1,1,1,1,1,1,1,1,1,1,1,1,1,1,1,1,1,1,1,0.0
2648020,1,01/03/2005,1,22.7,26.7,14.0,7.0,1.0,1,1,,0,0.0,0.0,0.0,1.0,0.3,0.7,0.0,0.0,0.0,0.0,0.0,0.0,0.0,22.7,0.0,0.0,0.0,0.0,0.0,0.7,0.0,0.0,0.0,0.0,0.0,0.5,0.0,0.0,0.0,0.8,0.0,1,1,1,1,1,1,1,1,1,1,1,1,1,1,1,1,1,1,1,1,1,1,1,1,1,1,1,1,1,1,1.0
2648020,1,01/02/2005,1,0.9,2.2,28.0,5.0,1.0,1,1,,0,0.0,0.2,0.0,0.0,0.0,0.0,0.0,0.0,0.0,0.0,0.0,0.2,0.0,0.0,0.0,0.1,0.0,0.0,0.0,0.0,0.0,0.0,0.0,0.0,0.0,0.8,0.0,0.9,,,,1,1,1,1,1,1,1,1,1,1,1,1,1,1,1,1,1,1,1,1,1,1,1,1,1,1,1,1,0,0,0.0
2648020,1,01/01/2005,1,0.9,5.1,4.0,9.0,1.0,1,1,,0,0.0,0.3,0.2,0.9,0.0,0.0,0.3,0.0,0.5,0.0,0.0,0.0,0.0,0.0,0.0,0.0,0.0,0.0,0.9,0.0,0.0,0.0,0.0,0.0,0.0,0.5,0.0,0.0,0.8,0.0,0.7,1,1,1,3,1,1,1,1,1,1,1,1,1,1,1,1,1,1,1,1,1,1,1,1,1,1,1,1,1,1,1.0
2648020,2,01/12/2004,1,12.4,28.8,11.0,12.0,1.0,1,1,,0,0.0,0.0,0.3,0.0,0.0,0.0,0.8,0.7,0.5,0.9,12.4,0.0,0.0,0.0,0.0,10.7,0.0,0.0,0.7,0.0,0.1,0.5,0.3,0.9,0.0,0.0,0.0,0.0,0.0,0.0,0.0,1,1,1,1,1,1,1,1,1,1,1,1,1,1,1,1,1,1,1,1,1,1,1,1,1,1,1,1,1,1,1.0
2648020,1,01/12/2004,1,12.4,28.8,11.0,12.0,1.0,1,1,,0,0.0,0.0,0.3,0.0,0.0,0.0,0.8,0.7,0.5,0.9,12.4,0.0,0.0,0.0,0.0,10.7,0.0,0.0,0.7,0.0,0.1,0.5,0.3,0.9,0.0,0.0,0.0,0.0,0.0,0.0,0.0,1,1,1,1,1,1,1,1,1,1,1,1,1,1,1,1,1,1,1,1,1,1,1,1,1,1,1,1,1,1,1.0
2648020,2,01/11/2004,1,25.3,57.9,26.0,11.0,1.0,1,1,,0,0.0,0.0,0.0,15.7,0.0,0.8,0.0,0.0,0.2,0.1,12.4,0.0,0.0,0.0,0.9,0.0,0.7,0.0,0.0,0.0,0.0,0.0,0.0,0.0,0.0,25.3,0.2,0.7,0.9,0.0,,1,1,1,1,1,1,1,1,1,1,1,1,1,1,1,1,1,1,1,1,1,1,1,1,1,1,1,1,1,1,0.0
2648020,1,01/11/2004,1,25.3,57.9,26.0,11.0,1.0,1,1,,0,0.0,0.0,0.0,15.7,0.0,0.8,0.0,0.0,0.2,0.1,12.4,0.0,0.0,0.0,0.9,0.0,0.7,0.0,0.0,0.0,0.0,0.0,0.0,0.0,0.0,25.3,0.2,0.7,0.9,0.0,,1,1,1,1,1,1,1,1,1,1,1,1,1,1,1,1,1,1,1,1,1,1,1,1,1,1,1,1,1,1,0.0
2648020,2,01/10/2004,1,15.7,36.1,11.0,11.0,1.0,1,1,,0,0.0,0.0,0.0,0.0,0.0,0.0,0.0,0.0,0.0,0.0,15.7,0.2,0.3,0.7,0.6,0.0,0.8,0.0,0.9,0.0,0.0,0.5,0.7,15.2,0.5,0.0,0.0,0.0,0.0,0.0,0.0,1,1,1,1,1,1,1,1,1,1,1,1,1,1,1,1,1,1,1,1,1,1,1,1,1,1,1,1,1,1,1.0
2648020,1,01/10/2004,1,15.7,36.1,11.0,11.0,1.0,1,1,,0,0.0,0.0,0.0,0.0,0.0,0.0,0.0,0.0,0.0,0.0,15.7,0.2,0.3,0.7,0.6,0.0,0.8,0.0,0.9,0.0,0.0,0.5,0.7,15.2,0.5,0.0,0.0,0.0,0.0,0.0,0.0,1,1,1,1,1,1,1,1,1,1,1,1,1,1,1,1,1,1,1,1,1,1,1,1,1,1,1,1,1,1,1.0
2648020,2,01/09/2004,1,,43.7,,,0.0,2,0,,0,,,,,,,,,,,,,,,,,,,,,,,,,,,,,,,,0,0,0,0,0,0,0,0,0,0,0,0,0,0,0,0,0,0,0,0,0,0,0,0,0,0,0,0,0,0,0.0
2648020,1,01/09/2004,1,0.9,4.2,13.0,8.0,1.0,1,1,,0,0.0,0.0,0.0,0.0,0.0,0.0,0.0,0.0,0.1,0.0,0.0,0.5,0.9,0.0,0.0,0.5,0.0,0.0,0.0,0.0,0.0,0.5,0.0,0.0,0.3,0.0,0.9,0.5,0.0,0.0,,1,1,1,1,1,1,1,1,1,1,1,1,1,1,1,1,1,1,1,1,1,1,1,1,1,1,1,1,1,1,0.0
2648020,2,01/08/2004,1,15.3,17.4,28.0,7.0,1.0,1,1,,0,0.0,0.0,0.0,0.0,0.0,0.0,0.0,0.1,0.0,0.0,0.0,0.0,0.0,0.0,0.0,0.0,0.0,0.0,0.0,0.0,0.0,0.2,0.3,0.0,0.0,0.3,0.7,15.3,0.5,0.0,0.0,1,1,1,1,1,1,1,1,1,1,1,1,1,1,1,1,1,1,1,1,1,1,1,1,1,1,1,1,1,1,1.0
2648020,1,01/08/2004,1,15.3,17.4,28.0,7.0,1.0,1,1,,0,0.0,0.0,0.0,0.0,0.0,0.0,0.0,0.1,0.0,0.0,0.0,0.0,0.0,0.0,0.0,0.0,0.0,0.0,0.0,0.0,0.0,0.2,0.3,0.0,0.0,0.3,0.7,15.3,0.5,0.0,0.0,1,1,1,1,1,1,1,1,1,1,1,1,1,1,1,1,1,1,1,1,1,1,1,1,1,1,1,1,1,1,1.0
2648020,2,01/07/2004,1,22.3,92.7,16.0,19.0,1.0,1,1,,0,0.0,0.3,0.0,0.5,12.6,0.0,0.3,14.5,0.1,0.0,0.0,0.0,0.0,0.0,0.0,22.3,15.6,0.8,7.3,15.7,0.0,0.4,0.5,0.2,0.1,0.2,0.0,0.3,0.2,0.0,0.8,1,1,1,1,1,1,1,1,1,1,1,1,1,1,1,1,1,1,1,1,1,1,1,1,1,1,1,1,1,1,1.0
2648020,1,01/07/2004,1,22.3,92.7,16.0,19.0,1.0,1,1,,0,0.0,0.3,0.0,0.5,12.6,0.0,0.3,14.5,0.1,0.0,0.0,0.0,0.0,0.0,0.0,22.3,15.6,0.8,7.3,15.7,0.0,0.4,0.5,0.2,0.1,0.2,0.0,0.3,0.2,0.0,0.8,1,1,1,1,1,1,1,1,1,1,1,1,1,1,1,1,1,1,1,1,1,1,1,1,1,1,1,1,1,1,1.0
2648020,2,01/06/2004,1,12.3,24.0,11.0,8.0,1.0,1,1,,0,0.5,0.7,0.0,0.0,0.0,0.0,0.0,0.0,0.0,0.1,12.3,9.5,0.0,0.0,0.0,0.0,0.0,0.0,0.0,0.0,0.0,0.0,0.0,0.0,0.0,0.2,0.5,0.0,0.2,0.0,,1,1,1,1,1,1,1,1,1,1,1,1,1,1,1,1,1,1,1,1,1,1,1,1,1,1,1,1,1,1,0.0
2648020,1,01/06/2004,1,12.3,24.0,11.0,8.0,1.0,1,1,,0,0.5,0.7,0.0,0.0,0.0,0.0,0.0,0.0,0.0,0.1,12.3,9.5,0.0,0.0,0.0,0.0,0.0,0.0,0.0,0.0,0.0,0.0,0.0,0.0,0.0,0.2,0.5,0.0,0.2,0.0,,1,1,1,1,1,1,1,1,1,1,1,1,1,1,1,1,1,1,1,1,1,1,1,1,1,1,1,1,1,1,0.0
2648020,1,01/05/2004,1,13.7,48.2,26.0,14.0,1.0,1,1,,0,0.0,0.0,0.0,0.7,0.9,0.7,12.3,5.6,0.0,0.0,0.0,0.0,12.5,0.1,0.0,0.0,0.0,0.0,0.1,0.0,0.0,0.0,0.5,0.1,0.3,13.7,0.0,0.0,0.2,0.0,0.5,1,1,1,1,1,1,1,1,1,1,1,1,1,1,1,1,1,1,1,1,1,1,1,1,1,1,1,1,1,1,1.0
2648020,1,01/04/2004,1,36.2,80.4,13.0,11.0,1.0,1,1,,0,0.0,0.0,0.0,0.0,0.5,0.3,0.0,0.0,0.0,0.0,0.9,22.5,36.2,0.0,0.0,0.7,0.1,0.0,0.0,0.3,0.0,0.0,0.0,0.6,0.0,0.0,9.6,0.0,0.0,8.7,,1,1,1,1,1,1,1,1,1,1,1,1,1,1,1,1,1,1,1,1,1,1,1,1,1,1,1,1,1,1,0.0
2648020,1,01/03/2004,1,25.4,41.4,29.0,10.0,1.0,1,1,,0,0.7,0.0,0.0,0.0,0.0,0.0,0.0,0.0,0.1,0.0,0.2,0.4,0.6,0.9,0.0,0.0,0.0,0.0,0.3,12.6,0.0,0.0,0.0,0.0,0.0,0.0,0.0,0.0,25.4,0.2,0.0,1,1,1,1,1,1,1,1,1,1,1,1,1,1,1,1,1,1,1,1,1,1,1,1,1,1,1,1,1,1,1.0
2648020,1,01/02/2004,1,32.5,116.1,2.0,16.0,1.0,1,1,,0,0.0,32.5,0.4,0.0,0.0,23.7,0.0,0.9,0.8,0.4,0.3,0.6,0.7,0.3,25.3,0.0,0.0,0.0,0.0,15.5,0.0,0.0,0.0,0.0,0.0,13.5,0.9,0.2,0.1,,,1,1,1,1,1,1,1,1,1,1,1,1,1,1,1,1,1,1,1,1,1,1,1,1,1,1,1,1,1,0,0.0
2648020,1,01/01/2004,1,46.7,105.1,24.0,23.0,1.0,1,1,,0,9.6,0.1,0.2,0.4,0.9,0.1,0.0,0.3,0.0,0.0,0.0,25.7,0.5,0.0,0.6,0.4,0.0,0.0,0.3,0.4,15.2,0.3,0.1,46.7,0.8,0.5,0.8,0.7,0.4,0.1,0.0,1,1,1,1,1,1,1,1,1,1,1,1,1,1,1,1,1,1,1,1,1,1,1,1,1,1,1,1,1,1,1.0
2648020,1,01/12/2003,1,72.9,280.4,5.0,21.0,1.0,1,1,,0,0.0,0.0,0.3,0.0,72.9,0.0,0.2,0.0,9.7,0.0,0.0,33.2,0.0,53.2,35.1,0.5,0.3,0.2,0.3,9.7,26.2,0.1,15.7,0.2,0.5,0.2,0.1,0.0,0.0,0.3,21.5,1,1,1,1,1,1,1,1,1,1,1,1,1,1,1,1,1,1,1,1,1,1,1,1,1,1,1,1,1,1,1.0
2648020,1,01/11/2003,1,25.7,85.6,7.0,12.0,1.0,1,1,,0,0.4,0.7,0.0,0.0,0.0,0.3,25.7,15.3,0.0,0.0,0.0,0.0,15.7,0.0,0.0,0.0,13.8,0.1,0.0,0.0,0.0,0.0,0.0,0.0,13.2,0.1,0.2,0.1,0.0,0.0,,1,1,1,1,1,1,1,1,1,1,1,1,1,1,1,1,1,1,1,1,1,1,1,1,1,1,1,1,1,1,0.0
2648020,1,01/10/2003,1,12.3,18.9,10.0,18.0,1.0,1,1,,0,0.0,0.0,0.0,0.0,0.0,0.4,0.7,0.5,0.3,12.3,0.8,0.3,0.0,0.0,0.0,0.0,0.0,0.0,0.3,0.2,0.5,0.2,0.0,0.1,0.0,0.3,0.6,0.2,0.4,0.3,0.5,1,1,1,1,1,1,1,1,1,1,1,1,1,1,1,1,1,1,1,1,1,1,1,1,1,1,1,1,1,1,1.0
2648020,1,01/09/2003,1,15.3,49.8,26.0,10.0,1.0,1,1,,0,0.0,0.0,0.0,0.0,0.0,0.0,0.0,0.1,0.9,12.3,9.7,0.0,0.0,0.0,0.1,9.7,0.0,0.0,0.0,0.0,0.0,0.0,0.0,0.0,0.7,15.3,0.1,0.0,0.9,0.0,,1,1,1,1,1,1,1,1,1,1,1,1,1,1,1,1,1,1,1,1,1,1,1,1,1,1,1,1,1,1,0.0
2648020,1,01/08/2003,1,32.3,57.4,31.0,7.0,1.0,1,1,,0,0.0,0.0,0.0,0.0,0.0,0.3,0.2,0.0,0.0,0.0,0.0,0.0,0.0,0.0,0.0,0.0,0.0,0.0,0.0,0.0,0.0,0.1,0.0,0.0,0.7,0.0,0.0,0.1,0.0,23.7,32.3,1,1,1,1,1,1,1,1,1,1,1,1,1,1,1,1,1,1,1,1,1,1,1,1,1,1,1,1,1,1,1.0
2648020,1,01/07/2003,1,23.6,35.8,7.0,14.0,1.0,1,1,,0,0.0,0.0,0.0,0.0,0.1,0.0,23.6,0.0,0.1,0.3,0.2,0.0,0.0,0.2,0.6,9.7,0.3,0.0,0.0,0.0,0.1,0.0,0.1,0.1,0.0,0.0,0.0,0.0,0.0,0.1,0.3,1,1,1,1,1,1,1,1,1,1,1,1,1,1,1,1,1,1,1,1,1,1,1,1,1,1,1,1,1,1,1.0
2648020,1,01/06/2003,1,15.3,45.2,6.0,13.0,1.0,1,1,,0,0.1,0.0,0.2,12.3,0.7,15.3,0.0,13.5,0.9,0.8,0.0,0.0,0.3,0.0,0.0,0.0,0.0,0.1,0.7,0.2,0.0,0.0,0.0,0.0,0.0,0.1,0.0,0.0,0.0,0.0,,1,1,1,1,1,1,1,1,1,1,1,1,1,1,1,1,1,1,1,1,1,1,1,1,1,1,1,1,1,1,0.0
2648020,1,01/05/2003,1,21.3,26.3,5.0,14.0,1.0,1,1,,0,0.5,0.3,0.6,0.0,21.3,0.2,0.0,0.0,0.0,0.0,0.2,0.0,0.2,0.5,0.4,0.3,0.0,0.0,0.0,0.0,0.0,0.1,0.7,0.9,0.0,0.0,0.0,0.0,0.0,0.1,0.0,1,1,1,1,1,1,1,1,1,1,1,1,1,1,1,1,1,1,1,1,1,1,1,1,1,1,1,1,1,1,1.0
2648020,1,01/04/2003,1,0.9,4.2,4.0,9.0,1.0,1,1,,0,0.0,0.0,0.5,0.9,0.8,0.0,0.0,0.0,0.0,0.2,0.5,0.0,0.0,0.0,0.1,0.0,0.7,0.0,0.0,0.0,0.0,0.0,0.4,0.0,0.0,0.0,0.0,0.0,0.0,0.1,,1,1,1,1,1,1,1,1,1,1,1,1,1,1,1,1,1,1,1,1,1,1,1,1,1,1,1,1,1,1,0.0
2648020,1,01/03/2003,1,22.3,74.9,27.0,17.0,1.0,1,1,,0,0.0,0.0,0.1,12.3,9.5,0.0,0.0,9.7,7.3,8.9,0.5,0.4,0.0,0.1,0.0,0.0,0.1,0.0,0.0,0.0,0.9,0.1,0.0,0.6,0.7,0.9,22.3,0.5,0.0,0.0,0.0,1,1,1,1,1,1,1,1,1,1,1,1,1,1,1,1,1,1,1,1,1,1,1,1,1,1,1,1,1,1,1.0
2648020,1,01/02/2003,1,9.6,64.9,13.0,12.0,1.0,1,1,,0,0.0,0.6,0.0,0.0,0.0,0.0,8.3,9.5,7.2,0.0,0.0,7.3,9.6,7.2,0.0,0.0,0.6,0.0,6.3,7.2,0.6,0.0,0.5,0.0,0.0,0.0,0.0,0.0,,,,1,1,1,1,1,1,1,1,1,1,1,1,1,1,1,1,1,1,1,1,1,1,1,1,1,1,1,1,0,0,0.0
2648020,1,01/01/2003,1,44.3,264.6,27.0,19.0,1.0,1,1,,0,23.0,0.0,16.9,32.3,13.7,0.0,0.0,0.0,0.0,0.0,19.8,0.3,6.5,13.4,7.4,9.1,0.0,1.1,0.0,0.0,12.2,7.3,5.2,0.0,0.9,38.6,44.3,12.5,0.0,0.1,0.0,1,1,1,1,1,1,1,1,1,1,1,1,1,1,1,1,1,1,1,1,1,1,1,1,1,1,1,1,1,1,1.0
2648020,1,01/12/2002,1,28.3,166.0,2.0,20.0,1.0,1,1,,0,0.0,28.3,13.5,0.6,5.6,0.0,6.1,25.3,1.8,0.0,1.5,4.8,9.2,8.6,0.0,1.9,0.0,1.1,0.3,4.9,25.8,0.7,8.3,1.8,15.9,0.0,0.0,0.0,0.0,0.0,0.0,1,1,1,1,1,1,1,1,1,1,1,1,1,1,1,1,1,1,1,1,1,1,1,1,1,1,1,1,1,1,1.0
2648020,1,01/11/2002,1,26.8,128.5,1.0,15.0,1.0,1,1,,0,26.8,0.3,0.2,0.0,0.0,7.2,5.6,0.0,0.0,0.0,23.7,0.0,0.0,0.0,0.0,0.5,0.9,0.0,7.4,0.0,5.3,14.8,0.0,0.0,0.0,6.1,0.0,15.0,8.4,6.3,,1,1,1,1,1,1,1,1,1,1,1,1,1,1,1,1,1,1,1,1,1,1,1,1,1,1,1,1,1,1,0.0
2648020,1,01/10/2002,1,22.5,78.2,30.0,16.0,1.0,1,1,,0,19.7,0.1,0.0,0.0,0.0,0.0,0.0,0.0,0.7,0.0,0.0,0.4,0.0,0.0,0.1,0.0,0.9,0.3,11.5,0.2,0.5,0.3,0.0,0.6,0.9,0.7,0.0,0.0,0.0,22.5,18.8,1,1,1,1,1,1,1,1,1,1,1,1,1,1,1,1,1,1,1,1,1,1,1,1,1,1,1,1,1,1,1.0
2648020,1,01/09/2002,1,42.3,117.7,21.0,12.0,1.0,1,1,,0,0.0,0.0,0.0,0.0,0.0,0.8,23.4,0.0,0.0,0.2,0.1,0.0,0.3,25.3,0.3,0.0,0.4,0.5,0.2,23.9,42.3,0.0,0.0,0.0,0.0,0.0,0.0,0.0,0.0,0.0,,1,1,1,1,1,1,1,1,1,1,1,1,1,1,1,1,1,1,1,1,1,1,1,1,1,1,1,1,1,1,0.0
2648020,1,01/08/2002,1,44.6,106.5,1.0,17.0,1.0,1,1,,0,44.6,0.0,12.5,0.0,0.0,28.6,0.3,0.1,0.4,0.0,0.0,0.0,0.0,0.2,13.6,0.3,0.0,0.0,0.0,0.1,0.1,0.0,0.9,0.7,0.1,0.0,0.0,0.0,0.1,3.6,0.3,1,1,1,1,1,1,1,1,1,1,1,1,1,1,1,1,1,1,1,1,1,1,1,1,1,1,1,1,1,1,1.0
2648020,1,01/07/2002,1,8.3,28.7,22.0,13.0,1.0,1,1,,0,0.0,0.1,0.2,0.0,0.1,0.1,6.7,0.0,0.0,0.0,0.0,0.3,0.0,0.0,0.0,0.0,0.0,0.0,0.1,0.0,4.6,8.3,7.6,0.0,0.1,0.2,0.3,0.0,0.0,0.0,0.0,1,1,1,1,1,1,1,1,1,1,1,1,1,1,1,1,1,1,1,1,1,1,1,1,1,1,1,1,1,1,1.0
2648020,1,01/06/2002,1,16.2,37.0,16.0,12.0,1.0,1,1,,0,0.0,0.0,0.0,0.0,0.1,0.2,0.0,0.0,0.1,0.0,0.5,0.3,0.4,0.1,0.9,16.2,0.0,0.1,0.0,5.8,0.0,12.3,0.0,0.0,0.0,0.0,0.0,0.0,0.0,0.0,,1,1,1,1,1,1,1,1,1,1,1,1,1,1,1,1,1,1,1,1,1,1,1,1,1,1,1,1,1,1,0.0
2648020,1,01/05/2002,1,16.7,62.4,16.0,17.0,1.0,1,1,,0,0.0,0.1,3.9,0.0,0.6,13.3,10.7,0.1,0.0,0.0,0.0,0.0,0.0,0.0,0.0,16.7,0.3,5.6,8.3,0.4,0.2,0.0,0.5,0.1,0.6,0.0,0.0,0.0,0.2,0.8,0.0,1,1,1,1,1,1,1,1,1,1,1,1,1,1,1,1,1,1,1,1,1,1,1,1,1,1,1,1,1,1,1.0
2648020,1,01/04/2002,1,21.2,61.5,2.0,16.0,1.0,1,1,,0,0.0,21.2,1.8,0.9,0.7,12.5,9.8,0.0,0.0,0.0,0.0,0.0,0.0,0.7,0.0,0.0,0.0,0.0,0.8,1.8,0.5,0.0,0.4,0.1,0.1,0.0,0.5,0.0,0.1,9.6,,1,1,1,1,1,1,1,1,1,1,1,1,1,1,1,1,1,1,1,1,1,1,1,1,1,1,1,1,1,1,0.0
2648020,1,01/03/2002,1,55.9,147.0,13.0,14.0,1.0,1,1,,0,0.0,16.4,0.1,0.0,0.0,0.0,9.7,0.2,19.6,0.0,0.0,0.0,55.9,13.5,28.9,0.0,0.0,0.0,0.0,0.0,0.0,0.5,0.6,0.1,0.4,0.0,0.0,0.3,0.8,0.0,0.0,1,1,1,1,1,1,1,1,1,1,1,1,1,1,1,1,1,1,1,1,1,1,1,1,1,1,1,1,1,1,1.0
2648020,1,01/02/2002,1,48.3,149.5,7.0,17.0,1.0,1,1,,0,12.6,0.0,0.0,0.5,0.3,0.0,48.3,0.3,0.0,0.3,0.2,0.0,1.4,1.9,2.5,0.6,0.2,44.9,0.5,0.0,12.5,0.2,22.3,0.0,0.0,0.0,0.0,0.0,,,,1,1,1,1,1,1,1,1,1,1,1,1,1,1,1,1,1,1,1,1,1,1,1,1,1,1,1,1,0,0,0.0
2648020,1,01/01/2002,1,33.5,160.6,23.0,15.0,1.0,1,1,,0,0.1,0.0,0.0,0.0,0.0,0.8,0.0,9.7,8.7,32.6,2.4,31.1,29.0,5.7,1.1,0.0,0.0,0.0,0.0,0.0,0.3,0.0,33.5,0.2,2.3,0.0,0.0,3.1,0.0,0.0,0.0,1,1,1,1,1,1,1,1,1,1,1,1,1,1,1,1,1,1,1,1,1,1,1,1,1,1,1,1,1,1,1.0
2648020,1,01/12/2001,1,70.3,141.4,23.0,15.0,1.0,1,1,,0,12.3,0.0,0.0,0.0,0.6,13.4,0.0,0.1,0.0,7.2,14.6,0.0,0.1,0.2,0.0,0.8,0.2,0.0,0.0,0.0,0.0,9.5,70.3,0.0,0.7,11.3,0.0,0.0,0.0,0.0,0.1,1,1,1,1,1,1,1,1,1,1,1,1,1,1,1,1,1,1,1,1,1,1,1,1,1,1,1,1,1,1,1.0
2648020,1,01/11/2001,1,26.3,107.5,11.0,17.0,1.0,1,1,,0,0.0,0.0,0.0,0.6,0.0,0.0,0.0,14.5,0.2,0.4,26.3,10.5,0.0,0.0,9.4,0.3,0.5,4.1,0.0,0.7,0.6,0.1,0.2,0.0,0.0,0.5,0.0,0.0,16.5,22.1,,1,1,1,1,1,1,1,1,1,1,1,1,1,1,1,1,1,1,1,1,1,1,1,1,1,1,1,1,1,1,0.0
2648020,1,01/10/2001,1,57.3,151.6,1.0,15.0,1.0,1,1,,0,57.3,20.2,0.0,0.0,0.0,0.5,0.0,14.3,14.2,0.3,0.0,0.0,0.1,0.0,0.0,0.0,0.3,0.5,0.7,40.7,0.2,0.8,0.9,0.0,0.0,0.0,0.0,0.0,0.0,0.6,0.0,1,1,1,1,1,1,1,1,1,1,1,1,1,1,1,1,1,1,1,1,1,1,1,1,1,1,1,1,1,1,1.0
2648020,1,01/09/2001,1,35.0,154.2,23.0,18.0,1.0,1,1,,0,0.0,0.0,0.0,0.0,1.1,8.3,1.4,0.0,0.5,7.6,29.0,0.0,0.5,5.6,8.6,0.0,0.0,0.0,1.1,0.0,0.0,5.3,35.0,1.7,0.0,0.1,0.9,0.3,32.8,14.4,,1,1,1,1,1,1,1,1,1,1,1,1,1,1,1,1,1,1,1,1,1,1,1,1,1,1,1,1,1,1,0.0
2648020,1,01/08/2001,1,14.5,22.5,22.0,9.0,1.0,1,1,,0,0.0,0.0,0.2,0.0,0.1,0.0,0.0,0.0,0.1,0.0,0.0,0.0,0.0,0.0,0.0,0.0,0.0,0.0,0.0,0.0,0.0,14.5,0.6,0.0,0.0,0.0,0.5,0.6,0.9,0.0,5.0,1,1,1,1,1,1,1,1,1,1,1,1,1,1,1,1,1,1,1,1,1,1,1,1,1,1,1,1,1,1,1.0
2648020,1,01/07/2001,1,93.2,244.4,28.0,11.0,1.0,1,1,,0,0.0,0.0,0.0,0.1,0.0,2.4,8.6,0.0,0.0,0.0,0.0,14.2,0.0,0.0,0.0,0.0,0.0,0.0,28.7,0.0,24.1,0.0,0.0,0.5,13.2,15.3,44.1,93.2,0.0,0.0,0.0,1,1,1,1,1,1,1,1,1,1,1,1,1,1,1,1,1,1,1,1,1,1,1,1,1,1,1,1,1,1,1.0
2648020,1,01/06/2001,1,92.6,180.9,26.0,12.0,1.0,1,1,,0,0.0,0.0,6.0,0.0,0.0,0.0,4.5,0.0,0.4,0.0,2.7,0.0,0.0,0.1,0.2,0.0,12.5,14.3,12.1,35.0,0.0,0.0,0.0,0.0,0.5,92.6,0.0,0.0,0.0,0.0,,1,1,3,1,1,1,1,1,1,1,1,1,1,1,1,1,1,1,1,1,1,1,1,1,1,1,1,1,1,1,0.0
2648020,1,01/05/2001,1,54.9,224.4,2.0,10.0,1.0,1,1,,0,14.5,54.9,0.0,0.0,23.5,23.7,0.0,0.0,0.0,0.0,23.8,0.0,0.0,0.0,0.0,35.6,21.9,0.0,0.0,0.0,0.0,8.4,0.0,0.0,0.0,0.0,0.0,8.9,0.0,0.0,9.2,1,1,1,1,1,1,1,1,1,1,1,1,1,1,1,1,1,1,1,1,1,1,1,1,1,1,1,1,1,1,1.0
2648020,1,01/04/2001,1,23.2,65.1,21.0,8.0,1.0,1,1,,0,0.0,0.0,0.0,0.0,0.0,0.0,14.2,5.4,0.0,0.0,0.0,0.0,0.0,0.0,0.0,0.0,0.0,8.4,0.0,0.0,23.2,0.0,5.2,0.1,0.0,0.0,8.5,0.0,0.1,0.0,,1,1,1,1,1,1,1,1,1,1,1,1,1,1,1,1,1,1,1,1,1,1,1,1,1,1,1,1,1,1,0.0
2648020,1,01/03/2001,1,52.6,282.2,9.0,16.0,1.0,1,1,,0,52.0,0.0,0.0,0.0,4.0,0.0,29.5,8.8,52.6,26.8,0.0,0.0,11.5,0.0,0.0,0.4,10.9,0.0,0.0,0.0,0.0,0.0,19.7,2.2,10.4,36.8,14.4,1.6,0.6,0.0,0.0,1,1,1,1,1,1,1,1,1,1,1,1,1,1,1,1,1,1,1,1,1,1,1,1,1,1,1,1,1,1,1.0
2648020,1,01/02/2001,1,125.0,431.6,15.0,20.0,1.0,1,1,,0,2.2,0.0,5.4,90.5,1.8,7.5,0.5,0.0,0.1,25.2,0.0,0.0,4.1,25.0,125.0,37.3,4.1,42.4,1.8,40.0,5.0,0.0,0.0,0.1,0.0,0.0,3.6,10.0,,,,1,1,1,1,1,1,1,1,1,1,1,1,1,1,1,1,1,1,1,1,1,1,1,1,1,1,1,1,0,0,0.0
2648020,1,01/01/2001,1,48.8,227.3,12.0,17.0,1.0,1,1,,0,0.0,0.0,0.0,0.0,0.0,0.2,37.5,0.9,0.0,28.9,15.8,48.8,15.0,31.3,0.0,3.0,2.3,0.0,0.0,2.9,0.9,0.2,0.0,11.3,8.2,0.0,0.0,0.0,0.0,14.9,5.2,1,1,1,1,1,1,1,1,1,1,1,1,1,1,1,1,1,1,1,1,1,1,1,1,1,1,1,1,1,1,1.0
2648020,2,01/12/2000,1,23.4,111.0,15.0,9.0,1.0,1,1,1580.5,2,0.3,0.0,0.0,5.2,0.0,0.0,0.0,0.0,0.0,0.0,0.0,0.0,0.0,0.0,23.4,0.0,0.0,0.0,0.0,0.0,0.4,0.0,0.0,0.0,20.6,0.0,0.0,10.8,15.4,15.5,19.4,1,1,1,1,1,1,1,1,1,1,1,1,1,1,1,1,1,1,1,1,1,1,1,1,1,1,1,1,1,1,1.0
2648020,1,01/12/2000,1,23.4,111.0,15.0,9.0,1.0,1,1,,0,0.3,0.0,0.0,0.0,0.0,0.0,0.0,5.2,0.0,0.0,0.0,0.0,0.0,0.0,23.4,0.0,0.0,0.0,0.0,0.0,0.4,0.0,0.0,0.0,20.6,0.0,0.0,10.8,15.4,15.5,19.4,1,1,1,1,1,1,1,1,1,1,1,1,1,1,1,1,1,1,1,1,1,1,1,1,1,1,1,1,1,1,1.0
2648020,2,01/11/2000,1,,147.6,,,0.0,2,0,1580.5,2,0.0,0.0,0.0,0.0,0.0,0.3,,,0.6,0.0,,,0.0,0.2,,,0.5,7.3,0.0,0.0,0.0,0.0,0.0,0.0,23.4,20.2,0.0,0.0,0.0,25.6,,1,1,1,1,1,1,0,0,1,1,0,0,1,1,0,0,1,1,1,1,1,1,1,1,1,1,1,1,1,1,0.0
2648020,1,01/11/2000,1,25.6,90.7,30.0,9.0,1.0,1,1,,0,0.0,0.0,0.0,0.0,0.0,0.3,0.0,0.0,0.6,0.0,0.0,0.0,0.0,0.2,0.0,12.6,0.5,7.3,0.0,0.0,0.0,0.0,0.0,0.0,23.4,0.0,0.0,0.0,20.2,25.6,,1,1,1,1,1,1,1,1,1,1,1,1,1,1,1,1,1,1,1,1,1,1,1,1,1,1,1,1,1,1,0.0
2648020,2,01/10/2000,1,32.3,176.6,16.0,16.0,1.0,1,1,1580.5,2,0.6,0.7,0.0,0.6,16.9,0.1,0.0,0.0,0.0,13.2,8.4,0.0,18.5,25.7,15.3,32.3,12.5,0.3,0.0,4.5,0.0,0.0,0.0,0.0,0.0,0.0,26.8,0.2,0.0,0.0,0.0,1,1,1,1,1,1,1,1,1,1,1,1,1,1,1,1,1,1,1,1,1,1,1,1,1,1,1,1,1,1,1.0
2648020,1,01/10/2000,1,32.3,176.6,15.0,16.0,1.0,1,1,,0,0.6,0.7,0.0,0.6,16.9,0.1,0.0,13.2,0.0,0.0,8.4,0.0,18.5,25.7,32.3,15.3,12.5,0.3,0.0,4.5,0.0,0.0,0.0,0.0,0.0,0.0,26.8,0.2,0.0,0.0,0.0,1,1,1,1,1,1,1,1,1,1,1,1,1,1,1,1,1,1,1,1,1,1,1,1,1,1,1,1,1,1,1.0
2648020,2,01/09/2000,1,51.6,158.2,12.0,20.0,1.0,1,1,1580.5,2,0.0,0.3,10.3,0.0,0.0,0.0,0.4,0.0,0.0,0.0,11.4,51.6,2.5,6.7,11.1,17.8,8.8,2.4,10.8,6.4,0.2,0.6,3.5,0.7,11.5,0.0,0.0,0.7,0.5,0.0,,1,1,1,1,1,1,1,1,1,1,1,1,1,1,1,1,1,1,1,1,1,1,1,1,1,1,1,1,1,1,0.0
2648020,1,01/09/2000,1,51.6,158.2,12.0,20.0,1.0,1,1,,0,0.0,0.3,10.3,0.0,0.0,0.0,0.4,0.0,0.0,0.0,11.4,51.6,2.5,6.7,11.1,17.8,8.8,2.4,10.8,6.4,0.2,0.6,3.5,0.7,11.5,0.0,0.0,0.7,0.5,0.0,,1,1,1,1,1,1,1,1,1,1,1,1,1,1,1,1,1,1,1,1,1,1,1,1,1,1,1,1,1,1,0.0
2648020,2,01/08/2000,1,20.6,54.8,27.0,14.0,1.0,1,0,1580.5,2,1.8,0.8,2.0,0.0,0.0,0.0,0.0,0.2,0.3,3.0,0.0,0.0,0.0,0.0,0.0,14.3,0.0,4.8,0.0,0.0,0.5,0.5,0.2,0.0,0.0,0.0,20.6,5.6,0.0,0.0,0.2,1,1,1,1,1,1,1,1,1,1,1,1,1,1,1,1,1,1,1,1,1,1,1,1,1,1,1,1,1,1,1.0
2648020,1,01/08/2000,1,20.6,54.8,27.0,14.0,1.0,1,0,,0,1.8,0.8,2.0,0.0,0.0,0.0,0.0,0.2,0.3,3.0,0.0,0.0,0.0,0.0,0.0,14.3,0.0,4.8,0.0,0.0,0.5,0.5,0.2,0.0,0.0,0.0,20.6,5.6,0.0,0.0,0.2,1,1,1,1,1,1,1,1,1,1,1,1,1,1,1,1,1,1,1,1,1,1,1,1,1,1,1,1,1,1,1.0
2648020,2,01/07/2000,1,15.3,45.0,23.0,8.0,1.0,1,1,1580.5,2,0.0,0.0,1.5,0.0,0.0,0.0,0.0,0.0,0.0,8.9,9.2,0.0,0.0,0.0,3.2,6.3,0.0,0.0,0.0,0.0,0.0,0.1,15.3,0.0,0.0,0.0,0.0,0.0,0.0,0.5,0.0,1,1,1,1,1,1,1,1,1,1,1,1,1,1,1,1,1,1,1,1,1,1,1,1,1,1,1,1,1,1,1.0
2648020,1,01/07/2000,1,15.3,45.0,23.0,8.0,1.0,1,0,,0,0.0,0.0,0.0,0.0,1.5,0.0,0.0,0.0,0.0,0.0,0.0,8.9,9.2,0.0,3.2,6.3,0.0,0.0,0.0,0.0,0.0,0.1,15.3,0.0,0.0,0.0,0.0,0.0,0.0,0.5,0.0,1,1,1,1,1,1,1,1,1,1,1,1,1,1,1,1,1,1,1,1,1,1,1,1,1,1,1,1,1,1,1.0
2648020,2,01/06/2000,1,40.0,119.5,17.0,12.0,1.0,1,0,1580.5,2,0.0,0.0,0.0,0.0,1.2,0.5,0.0,0.1,0.0,0.0,0.0,0.0,0.0,0.0,0.0,0.0,40.0,8.0,5.2,6.0,30.0,0.0,0.0,0.0,0.0,20.0,2.5,0.9,0.0,5.1,,1,1,1,1,1,1,1,1,1,1,1,1,1,1,1,1,1,1,1,1,1,1,1,1,1,1,1,1,1,1,0.0
2648020,1,01/06/2000,1,40.0,119.5,17.0,12.0,1.0,1,0,,0,0.0,0.0,0.0,0.0,1.2,0.5,0.0,0.1,0.0,0.0,0.0,0.0,0.0,0.0,0.0,0.0,40.0,8.0,5.2,6.0,30.0,0.0,0.0,0.0,0.0,20.0,2.5,0.9,0.0,5.1,,1,1,1,1,1,1,1,1,1,1,1,1,1,1,1,1,1,1,1,1,1,1,1,1,1,1,1,1,1,1,0.0
2648020,2,01/05/2000,1,19.4,27.1,12.0,8.0,1.0,1,0,1580.5,2,0.0,0.0,0.3,0.0,0.0,0.0,0.0,0.0,0.0,0.0,0.0,19.4,0.0,0.9,0.0,0.1,0.8,0.0,0.0,0.1,0.0,0.0,0.0,0.1,0.0,5.4,0.0,0.0,0.0,0.0,0.0,1,1,1,1,1,1,1,1,1,1,1,1,1,1,1,1,1,1,1,1,1,1,1,1,1,1,1,1,1,1,1.0
2648020,1,01/05/2000,1,19.4,27.1,12.0,8.0,1.0,1,0,,0,0.0,0.0,0.3,0.0,0.0,0.0,0.0,0.0,0.0,0.0,0.0,19.4,0.0,0.9,0.0,0.1,0.8,0.0,0.0,0.1,0.0,0.0,0.0,0.1,0.0,5.4,0.0,0.0,0.0,0.0,0.0,1,1,1,1,1,1,1,1,1,1,1,1,1,1,1,1,1,1,1,1,1,1,1,1,1,1,1,1,1,1,1.0
2648020,2,01/04/2000,1,14.1,17.2,18.0,6.0,1.0,1,1,1580.5,2,0.0,0.0,0.0,0.5,0.0,0.0,0.0,0.0,0.0,0.0,0.0,0.0,0.1,0.0,0.0,0.0,0.1,14.1,2.3,0.0,0.0,0.0,0.0,0.0,0.1,0.0,0.0,0.0,0.0,0.0,,1,1,1,1,1,1,1,1,1,1,1,1,1,1,1,1,1,1,1,1,1,1,1,1,1,1,1,1,1,1,0.0
2648020,1,01/04/2000,1,14.1,17.2,18.0,6.0,1.0,1,0,,0,0.5,0.0,0.0,0.0,0.0,0.0,0.0,0.0,0.0,0.0,0.0,0.0,0.1,0.0,0.0,0.0,0.1,14.1,2.3,0.0,0.0,0.0,0.0,0.0,0.1,0.0,0.0,0.0,0.0,0.0,,1,1,1,1,1,1,1,1,1,1,1,1,1,1,1,1,1,1,1,1,1,1,1,1,1,1,1,1,1,1,0.0
2648020,2,01/03/2000,1,,174.2,,,0.0,1,0,1580.5,2,0.1,35.0,0.1,1.4,8.1,,68.6,0.3,1.8,2.0,0.0,0.4,0.2,0.0,0.0,0.0,5.4,8.0,0.0,0.0,0.9,0.1,2.3,0.1,0.0,19.2,0.0,20.2,0.0,0.0,0.0,1,1,1,1,1,0,4,1,1,1,1,1,1,1,1,1,1,1,1,1,1,1,1,1,1,1,1,1,1,1,1.0
2648020,1,01/03/2000,1,68.6,174.2,6.0,19.0,1.0,1,0,,0,0.1,35.0,0.1,1.4,8.1,68.6,0.0,0.3,1.8,2.0,0.0,0.4,0.2,0.0,0.0,0.0,5.4,8.0,0.0,0.0,0.9,0.1,2.3,0.1,19.2,0.0,0.0,20.2,0.0,0.0,0.0,1,1,1,1,1,1,1,1,1,1,1,1,1,1,1,1,1,1,1,1,1,1,1,1,1,1,1,1,1,1,1.0
2648020,2,01/02/2000,1,75.4,264.8,10.0,12.0,1.0,1,0,1580.5,2,35.0,11.3,2.3,0.0,0.0,0.0,0.0,0.1,14.4,75.4,0.0,0.0,0.0,0.0,42.7,62.8,0.0,0.0,15.0,0.2,0.0,0.0,0.0,2.2,0.0,0.0,0.0,0.0,3.4,,,1,1,1,1,1,1,1,1,1,1,1,1,1,1,1,1,1,1,1,1,1,1,1,1,1,1,1,1,1,0,0.0
2648020,1,01/02/2000,1,75.4,229.9,10.0,12.0,1.0,1,0,,0,0.1,11.3,2.3,0.0,0.0,0.0,0.0,0.1,14.4,75.4,0.0,0.0,0.0,0.0,42.7,62.8,0.0,0.0,15.0,0.2,0.0,0.0,0.0,2.2,0.0,0.0,0.0,0.0,3.4,,,1,1,1,1,1,1,1,1,1,1,1,1,1,1,1,1,1,1,1,1,1,1,1,1,1,1,1,1,1,0,0.0
2648020,2,01/01/2000,1,,284.5,,,0.0,2,0,1580.5,2,60.5,20.8,0.0,0.0,0.0,0.0,12.3,0.0,18.7,0.0,,0.1,0.0,0.6,,0.3,12.2,0.0,28.5,0.0,0.0,0.0,0.0,0.0,2.5,15.4,0.0,8.6,0.0,0.0,0.0,1,1,1,1,1,1,1,1,1,1,0,1,1,1,0,1,1,1,1,1,1,1,1,1,1,1,1,1,1,1,1.0
2648020,1,01/01/2000,1,60.5,227.8,1.0,15.0,1.0,1,0,,0,60.5,20.8,0.0,0.0,0.0,0.0,12.3,18.7,0.0,0.0,46.7,0.1,0.0,0.6,0.1,0.5,0.3,12.2,28.5,0.0,0.0,0.0,0.0,0.0,2.5,15.4,0.0,8.6,0.0,0.0,0.0,1,1,1,1,1,1,1,1,1,1,1,1,1,1,1,1,1,1,1,1,1,1,1,1,1,1,1,1,1,1,1.0
2648020,2,01/12/1999,1,,123.7,,,,1,0,1895.7,2,0.0,2.3,1.6,1.5,0.0,0.0,22.0,2.7,22.5,2.5,2.1,4.2,,62.3,0.0,0.0,0.0,0.0,0.0,0.0,0.0,0.0,0.0,0.0,0.0,0.0,0.0,0.0,0.0,0.0,0.0,1,1,1,1,1,1,1,1,1,1,1,1,0,4,1,1,1,1,1,1,1,1,1,1,1,1,1,1,1,1,1.0
2648020,1,01/12/1999,1,62.3,123.7,14.0,10.0,1.0,1,0,1947.1,1,0.0,2.3,1.6,1.5,0.0,0.0,22.0,2.7,22.5,2.5,2.1,4.2,0.0,62.3,0.0,0.0,0.0,0.0,0.0,0.0,0.0,0.0,0.0,0.0,0.0,0.0,0.0,0.0,0.0,0.0,0.0,1,1,1,1,1,1,1,1,1,1,1,1,1,1,1,1,1,1,1,1,1,1,1,1,1,1,1,1,1,1,1.0
2648020,2,01/11/1999,1,36.8,127.2,14.0,21.0,1.0,1,1,1895.7,2,3.0,4.9,0.7,0.1,12.3,19.1,0.0,0.0,0.9,0.1,0.1,8.9,3.6,36.8,0.1,0.6,0.9,0.0,0.0,0.0,7.7,0.0,2.2,9.3,0.2,0.4,15.3,0.0,0.0,0.0,,1,1,1,1,1,1,1,1,1,1,1,1,1,1,1,1,1,1,1,1,1,1,1,1,1,1,1,1,1,1,0.0
2648020,1,01/11/1999,1,36.8,158.4,14.0,21.0,1.0,1,0,1947.1,1,34.2,4.9,0.7,0.1,12.3,19.1,0.0,0.0,0.9,0.1,0.1,8.9,3.6,36.8,0.1,0.6,0.9,0.0,0.0,0.0,7.7,0.0,2.2,9.3,0.2,0.4,15.3,0.0,0.0,0.0,,1,1,1,1,1,1,1,1,1,1,1,1,1,1,1,1,1,1,1,1,1,1,1,1,1,1,1,1,1,1,0.0
2648020,2,01/10/1999,1,52.9,234.3,8.0,,1.0,1,0,1895.7,2,0.0,12.3,21.4,0.0,0.9,0.0,28.9,52.9,0.0,0.0,0.0,0.6,0.0,0.0,0.2,23.4,21.2,17.2,0.1,0.0,0.0,,12.6,0.0,1.6,2.0,1.3,0.0,0.0,3.5,34.2,1,1,1,1,1,1,1,1,1,1,1,1,1,1,1,1,1,1,1,1,1,0,4,1,1,1,1,1,1,1,1.0
2648020,1,01/10/1999,1,52.9,203.1,8.0,16.0,1.0,1,0,1947.1,1,0.0,0.0,12.3,21.4,0.0,0.9,28.9,52.9,0.0,0.0,0.0,0.6,0.0,0.0,0.2,44.6,17.2,0.0,0.1,0.0,0.0,0.0,12.6,0.0,1.6,2.0,0.0,1.3,0.0,3.5,3.0,1,1,1,1,1,1,1,1,1,1,1,1,1,1,1,1,1,1,1,1,1,1,1,1,1,1,1,1,1,1,1.0
2648020,2,01/09/1999,1,44.5,141.8,10.0,12.0,1.0,1,0,1895.7,2,0.0,0.0,0.0,0.0,0.0,0.7,0.0,0.0,22.4,44.5,16.7,5.0,28.0,2.5,9.7,0.7,0.0,0.0,0.0,0.0,0.0,0.0,0.0,0.0,1.7,0.0,0.0,0.0,1.4,8.5,,1,1,1,1,1,1,1,1,1,1,1,1,1,1,1,1,1,1,1,1,1,1,1,1,1,1,1,1,1,1,0.0
2648020,1,01/09/1999,1,44.5,141.8,10.0,12.0,1.0,1,0,1947.1,1,0.0,0.0,0.0,0.0,0.0,0.7,0.0,0.0,22.4,44.5,16.7,5.0,28.0,2.5,9.7,0.7,0.0,0.0,0.0,0.0,0.0,0.0,0.0,0.0,1.7,0.0,0.0,0.0,1.4,8.5,,1,1,1,1,1,1,1,1,1,1,1,1,1,1,1,1,1,1,1,1,1,1,1,1,1,1,1,1,1,1,0.0
2648020,2,01/08/1999,1,9.7,24.6,18.0,5.0,1.0,1,0,1895.7,2,0.0,0.0,0.0,0.0,0.0,0.0,0.0,0.0,0.0,0.0,0.0,0.0,0.0,4.5,0.0,0.0,7.6,9.7,1.9,0.0,0.0,0.0,0.0,0.0,0.0,0.0,0.0,0.0,0.9,0.0,0.0,1,1,1,1,1,1,1,1,1,1,1,1,1,1,1,1,1,1,1,1,1,1,1,1,1,1,1,1,1,1,1.0
2648020,1,01/08/1999,1,9.7,24.6,18.0,5.0,1.0,1,0,1947.1,1,0.0,0.0,0.0,0.0,0.0,0.0,0.0,0.0,0.0,0.0,0.0,0.0,0.0,4.5,0.0,0.0,7.6,9.7,1.9,0.0,0.0,0.0,0.0,0.0,0.0,0.0,0.0,0.0,0.9,0.0,0.0,1,1,1,1,1,1,1,1,1,1,1,1,1,1,1,1,1,1,1,1,1,1,1,1,1,1,1,1,1,1,1.0
2648020,2,01/07/1999,1,156.3,296.8,3.0,14.0,1.0,1,0,1895.7,2,0.0,2.7,156.3,67.9,8.7,0.0,27.4,5.2,0.0,13.2,1.5,0.0,0.2,0.0,0.0,0.0,0.0,0.9,0.0,0.5,0.0,0.0,0.0,0.0,0.1,0.0,0.0,7.7,0.0,0.0,4.5,1,1,1,1,1,1,1,1,1,1,1,1,1,1,1,1,1,1,1,1,1,1,1,1,1,1,1,1,1,1,1.0
2648020,1,01/07/1999,1,156.3,296.8,3.0,14.0,1.0,1,0,1947.1,1,0.0,2.7,156.3,67.9,8.7,0.0,27.4,5.2,0.0,13.2,1.5,0.0,0.2,0.0,0.0,0.0,0.0,0.9,0.0,0.5,0.0,0.0,0.0,0.0,0.1,0.0,0.0,7.7,0.0,0.0,4.5,1,1,1,1,1,1,1,1,1,1,1,1,1,1,1,1,1,1,1,1,1,1,1,1,1,1,1,1,1,1,1.0
2648020,2,01/06/1999,1,31.9,114.2,21.0,14.0,1.0,1,0,1895.7,2,0.1,0.0,0.0,0.0,0.0,0.8,0.0,11.9,20.0,14.6,0.0,0.0,1.5,0.0,5.9,0.0,0.0,11.4,1.9,13.8,31.9,0.0,0.0,0.1,0.0,0.0,0.0,0.1,0.0,0.2,,1,1,1,1,1,1,1,1,1,1,1,1,1,1,1,1,1,1,1,1,1,1,1,1,1,1,1,1,1,1,0.0
2648020,1,01/06/1999,1,31.9,114.2,21.0,14.0,1.0,1,0,1947.1,1,0.1,0.0,0.0,0.0,0.0,0.8,0.0,11.9,20.0,14.6,0.0,0.0,1.5,0.0,5.9,0.0,0.0,11.4,1.9,13.8,31.9,0.0,0.0,0.1,0.0,0.0,0.0,0.1,0.0,0.2,,1,1,1,1,1,1,1,1,1,1,1,1,1,1,1,1,1,1,1,1,1,1,1,1,1,1,1,1,1,1,0.0
2648020,2,01/05/1999,1,,77.1,,,0.0,2,0,1895.7,2,0.8,0.0,0.0,0.0,0.0,,0.2,0.0,0.0,,,0.1,0.0,0.0,0.6,0.0,0.0,0.7,0.0,4.1,0.0,0.2,0.0,0.0,0.0,0.0,0.0,0.0,7.9,1.4,0.0,1,1,1,1,1,0,1,1,1,0,0,1,1,1,1,1,1,1,1,1,1,1,1,1,1,1,1,1,1,1,1.0
2648020,1,01/05/1999,1,74.4,163.0,11.0,11.0,1.0,1,0,1947.1,1,0.0,0.0,0.0,0.0,0.0,52.6,0.2,0.0,0.0,20.8,74.4,0.1,0.0,0.0,0.6,0.0,0.0,0.7,0.0,4.1,0.0,0.2,0.0,0.0,0.0,0.0,0.0,0.0,7.9,1.4,0.0,1,1,1,1,1,1,1,1,1,1,1,1,1,1,1,1,1,1,1,1,1,1,1,1,1,1,1,1,1,1,1.0
2648020,2,01/04/1999,1,32.2,113.8,2.0,16.0,1.0,1,1,1895.7,2,5.7,32.2,10.9,0.1,7.6,0.0,1.6,1.6,0.0,1.2,6.0,0.1,1.2,0.0,0.0,29.8,4.9,0.0,0.0,0.0,0.0,0.0,0.0,0.0,0.0,0.0,0.8,8.1,2.0,0.0,,1,1,1,1,1,1,1,1,1,1,1,1,1,1,1,1,1,1,1,1,1,1,1,1,1,1,1,1,1,1,0.0
2648020,1,01/04/1999,1,32.2,108.1,3.0,15.0,1.0,1,0,1947.1,1,0.0,10.9,32.2,0.1,7.6,0.0,1.6,1.6,0.0,1.2,6.0,0.1,1.2,0.0,0.0,29.8,4.9,0.0,0.0,0.0,0.0,0.0,0.0,0.0,0.0,0.0,0.8,8.1,2.0,0.0,,1,1,1,1,1,1,1,1,1,1,1,1,1,1,1,1,1,1,1,1,1,1,1,1,1,1,1,1,1,1,0.0
2648020,2,01/03/1999,1,47.4,164.1,31.0,23.0,1.0,1,1,1895.7,2,2.1,0.0,0.1,2.2,0.3,0.5,5.6,18.9,0.2,0.0,32.2,0.0,1.9,0.2,3.6,1.3,0.2,8.4,2.1,0.0,0.0,13.8,14.9,0.8,0.0,0.0,0.1,0.0,0.1,7.2,47.4,1,1,1,1,1,1,1,1,1,1,1,1,1,1,1,1,1,1,1,1,1,1,1,1,1,1,1,1,1,1,1.0
2648020,1,01/03/1999,1,47.4,164.1,31.0,23.0,1.0,1,0,1947.1,1,2.1,0.0,0.1,2.2,0.3,0.5,5.6,18.9,0.2,0.0,32.2,0.0,1.9,0.2,1.3,3.6,0.2,8.4,2.1,0.0,0.0,13.8,14.9,0.8,0.0,0.0,0.1,0.0,0.1,7.2,47.4,1,1,1,1,1,1,1,1,1,1,1,1,1,1,1,1,1,1,1,1,1,1,1,1,1,1,1,1,1,1,1.0
2648020,2,01/02/1999,1,32.1,166.7,22.0,17.0,1.0,1,1,1895.7,2,0.0,0.0,1.8,0.0,0.0,0.0,0.0,20.1,6.3,6.4,0.0,0.0,9.1,11.3,1.5,1.4,8.7,32.0,0.2,0.0,5.5,32.1,14.5,5.2,10.5,0.0,0.1,0.0,,,,1,1,1,1,1,1,1,1,1,1,1,1,1,1,1,1,1,1,1,1,1,1,1,1,1,1,1,1,0,0,0.0
2648020,1,01/02/1999,1,32.1,137.9,22.0,17.0,1.0,1,0,1947.1,1,0.0,0.0,1.8,0.0,0.0,0.0,20.1,6.3,6.4,0.0,0.0,0.0,9.1,11.3,1.5,1.4,8.7,3.2,0.2,0.0,5.5,32.1,14.5,5.2,10.5,0.0,0.1,0.0,,,,1,1,1,1,1,1,1,1,1,1,1,1,1,1,1,1,1,1,1,1,1,1,1,1,1,1,1,1,0,0,0.0
2648020,2,01/01/1999,1,91.2,311.4,5.0,19.0,1.0,1,1,1895.7,2,0.0,0.0,0.0,0.0,91.2,3.4,43.0,0.0,18.8,0.2,13.7,0.2,3.5,12.5,0.0,0.1,5.3,12.3,6.8,4.3,21.2,9.4,2.1,57.7,0.0,0.0,5.7,0.0,0.0,0.0,0.0,1,1,1,1,1,1,1,1,1,1,1,1,1,1,1,1,1,1,1,1,1,1,1,1,1,1,1,1,1,1,1.0
2648020,1,01/01/1999,1,91.2,311.4,5.0,19.0,1.0,1,0,1947.1,1,0.0,0.0,0.0,0.0,91.2,43.0,3.4,0.0,18.8,0.2,13.7,0.2,3.5,12.5,0.0,0.1,5.3,12.3,6.8,4.3,21.2,9.4,2.1,57.7,0.0,0.0,5.7,0.0,0.0,0.0,0.0,1,1,1,1,1,1,1,1,1,1,1,1,1,1,1,1,1,1,1,1,1,1,1,1,1,1,1,1,1,1,1.0
2648020,2,01/12/1998,1,31.9,128.9,11.0,14.0,1.0,1,1,2590.2,1,0.0,0.0,0.0,0.0,23.1,2.4,0.0,0.0,0.1,12.1,31.9,0.0,0.0,0.0,3.0,1.1,13.5,0.0,0.0,0.0,0.0,9.7,23.9,0.2,5.9,0.2,1.8,0.0,0.0,0.0,0.0,1,1,1,1,1,1,1,1,1,1,1,1,1,1,1,1,1,1,1,1,1,1,1,1,1,1,1,1,1,1,1.0
2648020,1,01/12/1998,1,23.9,75.3,23.0,14.0,1.0,1,0,2501.8,3,0.0,0.0,0.0,0.0,0.1,2.4,0.0,0.0,0.1,12.1,4.0,0.0,0.0,0.0,0.3,1.1,13.5,0.0,0.0,0.0,0.0,9.7,23.9,0.2,5.9,0.2,1.8,0.0,0.0,0.0,0.0,1,1,1,1,1,1,1,1,1,1,1,1,1,1,1,1,1,1,1,1,1,1,1,1,1,1,1,1,1,1,1.0
2648020,2,01/11/1998,1,92.1,147.0,11.0,13.0,1.0,1,0,2590.2,1,11.9,0.2,0.0,0.1,0.0,0.0,0.0,13.2,0.0,4.3,92.1,7.1,7.0,8.6,0.1,0.0,0.0,0.0,0.0,0.0,0.0,2.2,0.0,0.0,0.1,0.0,0.0,0.0,0.0,0.1,,1,1,1,1,1,1,1,1,1,1,1,1,1,1,1,1,1,1,1,1,1,1,1,1,1,1,1,1,1,1,0.0
2648020,1,01/11/1998,1,92.1,147.0,11.0,13.0,1.0,1,0,2501.8,3,11.9,0.2,0.0,0.1,0.0,0.0,0.0,13.2,0.0,4.3,92.1,7.1,7.0,8.6,0.1,0.0,0.0,0.0,0.0,0.0,0.0,2.2,0.0,0.0,0.1,0.0,0.0,0.0,0.0,0.1,,1,1,1,1,1,1,1,1,1,1,1,1,1,1,1,1,1,1,1,1,1,1,1,1,1,1,1,1,1,1,0.0
2648020,2,01/10/1998,1,44.8,271.6,26.0,23.0,1.0,1,0,2590.2,1,10.0,8.3,0.1,9.1,12.8,0.0,27.1,14.1,11.4,0.0,6.6,0.1,0.0,12.3,14.6,0.1,34.6,6.0,0.0,0.0,5.7,0.1,0.0,17.9,0.4,44.8,34.0,0.1,0.0,0.0,1.4,1,1,1,1,1,1,1,1,1,1,1,1,1,1,1,1,1,1,1,1,1,1,1,1,1,1,1,1,1,1,1.0
2648020,1,01/10/1998,1,44.8,261.9,26.0,23.0,1.0,1,0,2501.8,3,0.3,8.3,0.1,9.1,12.8,0.0,27.1,14.1,11.4,0.0,6.6,0.1,0.0,12.3,14.6,0.1,34.6,6.0,0.0,0.0,5.7,0.1,0.0,17.9,0.4,44.8,34.0,0.1,0.0,0.0,1.4,1,1,1,1,1,1,1,1,1,1,1,1,1,1,1,1,1,1,1,1,1,1,1,1,1,1,1,1,1,1,1.0
2648020,2,01/09/1998,1,70.3,302.7,20.0,22.0,1.0,1,1,2590.2,1,0.0,0.0,0.0,0.1,43.2,0.3,36.7,18.3,2.5,0.0,2.2,0.0,12.1,10.0,19.3,0.1,0.1,0.0,6.9,70.3,5.5,0.3,6.0,2.4,0.1,0.0,12.1,34.5,19.7,0.0,,1,1,1,1,1,1,1,1,1,1,1,1,1,1,1,1,1,1,1,1,1,1,1,1,1,1,1,1,1,1,0.0
2648020,1,01/09/1998,1,70.3,302.7,20.0,22.0,3.0,3,0,2501.8,3,0.0,0.0,0.0,0.1,43.2,0.3,36.7,18.3,2.5,0.0,2.2,12.1,10.0,19.3,0.1,0.1,0.0,0.0,6.9,70.3,5.5,0.3,6.0,2.4,0.1,0.0,12.1,34.5,19.7,0.0,,1,1,1,1,1,1,1,1,1,1,1,1,1,1,3,1,1,1,1,1,1,1,1,1,1,1,1,1,1,1,0.0
2648020,2,01/08/1998,1,78.3,281.3,14.0,16.0,1.0,1,0,2590.2,1,0.2,21.3,0.0,0.0,24.9,23.8,0.0,0.0,0.0,39.6,3.9,0.0,26.1,78.3,0.1,0.0,0.0,12.4,2.2,0.4,13.7,17.8,16.4,0.2,0.0,0.0,0.0,0.0,0.0,0.0,0.0,1,1,1,1,1,1,1,1,1,1,1,1,1,1,1,1,1,1,1,1,1,1,1,1,1,1,1,1,1,1,1.0
2648020,1,01/08/1998,1,78.3,281.3,14.0,16.0,1.0,1,0,2501.8,3,0.2,21.3,0.0,0.0,24.9,23.8,0.0,0.0,0.0,39.6,3.9,0.0,26.1,78.3,0.1,0.0,0.0,12.4,2.2,0.4,13.7,17.8,16.4,0.2,0.0,0.0,0.0,0.0,0.0,0.0,0.0,1,1,1,1,1,1,1,1,1,1,1,1,1,1,1,1,1,1,1,1,1,1,1,1,1,1,1,1,1,1,1.0
2648020,2,01/07/1998,1,41.5,158.3,9.0,15.0,1.0,1,0,2590.2,1,0.0,0.2,27.0,2.9,0.0,0.0,0.0,29.5,41.5,1.6,0.0,0.0,0.0,0.0,0.0,0.0,0.0,0.1,5.4,1.3,25.9,5.7,6.9,7.9,0.2,0.0,0.0,0.0,0.0,2.2,0.0,1,1,1,1,1,1,1,1,1,1,1,1,1,1,1,1,1,1,1,1,1,1,1,1,1,1,1,1,1,1,1.0
2648020,1,01/07/1998,1,41.5,158.3,9.0,15.0,1.0,1,0,2501.8,3,0.0,0.2,27.0,2.9,0.0,0.0,0.0,29.5,41.5,1.6,0.0,0.0,0.0,0.0,0.0,0.0,0.0,0.1,5.4,1.3,25.9,5.7,6.9,7.9,0.2,0.0,0.0,0.0,0.0,2.2,0.0,1,1,1,1,1,1,1,1,1,1,1,1,1,1,1,1,1,1,1,1,1,1,1,1,1,1,1,1,1,1,1.0
2648020,2,01/06/1998,1,38.5,61.9,19.0,8.0,1.0,1,0,2590.2,1,0.0,0.0,0.0,0.0,0.0,0.0,0.0,0.1,0.2,0.1,0.0,0.0,0.1,0.0,0.0,0.0,0.0,0.0,38.5,6.9,0.0,0.0,0.0,15.9,0.0,0.0,0.0,0.1,0.0,0.0,,1,1,1,1,1,1,1,1,1,1,1,1,1,1,1,1,1,1,1,1,1,1,1,1,1,1,1,1,1,1,0.0
2648020,1,01/06/1998,1,38.5,61.9,19.0,8.0,1.0,1,0,2501.8,3,0.0,0.0,0.0,0.0,0.0,0.0,0.0,0.1,0.2,0.1,0.0,0.0,0.1,0.0,0.0,0.0,0.0,0.0,38.5,6.9,0.0,0.0,0.0,15.9,0.0,0.0,0.0,0.1,0.0,0.0,,1,1,1,1,1,1,1,1,1,1,1,1,1,1,1,1,1,1,1,1,1,1,1,1,1,1,1,1,1,1,0.0
2648020,2,01/05/1998,1,13.8,26.4,31.0,5.0,1.0,1,0,2590.2,1,0.0,0.0,0.0,0.0,0.0,0.0,0.0,0.0,0.0,0.0,0.0,0.0,0.0,0.3,4.4,0.0,0.0,0.0,0.0,0.0,0.0,0.0,0.0,0.0,0.0,0.0,0.1,0.0,0.0,7.8,13.8,1,1,1,1,1,1,1,1,1,1,1,1,1,1,1,1,1,1,1,1,1,1,1,1,1,1,1,1,1,1,1.0
2648020,1,01/05/1998,1,13.8,26.4,31.0,5.0,1.0,1,0,2501.8,3,0.0,0.0,0.0,0.0,0.0,0.0,0.0,0.0,0.0,0.0,0.0,0.0,0.0,0.3,4.4,0.0,0.0,0.0,0.0,0.0,0.0,0.0,0.0,0.0,0.0,0.0,0.1,0.0,0.0,7.8,13.8,1,1,1,1,1,1,1,1,1,1,1,1,1,1,1,1,1,1,1,1,1,1,1,1,1,1,1,1,1,1,1.0
2648020,2,01/04/1998,1,31.7,131.4,28.0,10.0,1.0,1,0,2590.2,1,4.4,0.0,0.0,0.0,6.2,6.9,0.2,0.0,0.0,0.0,0.0,0.0,0.0,0.0,0.0,4.8,18.2,0.0,0.0,0.0,0.0,0.0,21.0,20.1,0.0,0.0,17.9,31.7,0.0,0.0,,1,1,1,1,1,1,1,1,1,1,1,1,1,1,1,1,1,1,1,1,1,1,1,1,1,1,1,1,1,1,0.0
2648020,1,01/04/1998,1,31.7,131.4,28.0,10.0,1.0,1,0,2501.8,3,4.4,0.0,0.0,0.0,6.2,6.9,0.2,0.0,0.0,0.0,0.0,0.0,0.0,0.0,0.0,4.8,18.2,0.0,0.0,0.0,0.0,0.0,21.0,20.1,0.0,0.0,17.9,31.7,0.0,0.0,,1,1,1,1,1,1,1,1,1,1,1,1,1,1,1,1,1,1,1,1,1,1,1,1,1,1,1,1,1,1,0.0
2648020,2,01/03/1998,1,61.2,284.1,23.0,21.0,1.0,1,1,2590.2,1,0.0,0.0,0.3,0.3,0.0,0.0,32.5,0.0,0.0,0.0,0.0,2.3,3.2,0.4,0.2,0.7,0.2,43.0,46.9,0.9,0.3,0.5,61.2,39.1,7.1,0.1,0.0,0.0,15.4,10.0,19.5,1,1,1,1,1,1,1,1,1,1,1,1,1,1,1,1,1,1,1,1,1,1,1,1,1,1,1,1,1,1,1.0
2648020,1,01/03/1998,1,61.2,275.1,23.0,21.0,1.0,1,0,2501.8,3,0.0,0.0,0.3,0.3,0.0,0.0,0.0,0.0,0.0,0.0,32.5,2.3,3.2,0.4,0.2,0.7,0.2,43.0,46.9,0.9,0.3,0.5,61.2,39.1,7.1,0.1,0.0,0.0,15.4,1.0,19.5,1,1,1,1,1,1,1,1,1,1,1,1,1,1,1,1,1,1,1,1,1,1,1,1,1,1,1,1,1,1,1.0
2648020,2,01/02/1998,1,167.0,471.4,17.0,22.0,1.0,1,0,2590.2,1,16.9,0.6,0.3,0.1,0.4,5.0,0.1,0.2,0.3,0.1,12.4,0.0,0.0,0.1,36.0,21.7,167.0,23.3,0.0,0.0,0.0,24.6,14.9,7.6,99.9,0.2,0.0,39.7,,,,1,1,1,1,1,1,1,1,1,1,1,1,1,1,1,1,1,1,1,1,1,1,1,1,1,1,1,1,0,0,0.0
2648020,1,01/02/1998,1,167.0,471.4,17.0,22.0,1.0,1,0,2501.8,3,16.9,0.6,0.3,0.1,0.4,5.0,0.1,0.2,0.3,0.1,12.4,0.0,0.0,0.1,36.0,21.7,167.0,23.3,0.0,0.0,0.0,24.6,14.9,7.6,99.9,0.2,0.0,39.7,,,,1,1,1,1,1,1,1,1,1,1,1,1,1,1,1,1,1,1,1,1,1,1,1,1,1,1,1,1,0,0,0.0
2648020,2,01/01/1998,1,63.6,325.2,8.0,20.0,1.0,1,1,2590.2,1,0.3,0.0,12.4,30.2,0.3,0.0,7.4,63.6,9.2,0.1,0.0,0.0,24.5,0.0,50.5,6.0,16.3,0.0,0.2,8.0,0.0,0.0,8.3,0.1,27.9,0.0,0.0,0.0,26.2,18.3,15.4,1,1,1,1,1,1,1,1,1,1,1,1,1,1,1,1,1,1,1,1,1,1,1,1,1,1,1,1,1,1,1.0
2648020,1,01/01/1998,1,51.1,309.1,7.0,20.0,1.0,1,0,2501.8,3,0.3,0.0,12.4,30.2,0.2,7.4,51.1,12.5,9.2,0.1,0.0,0.0,16.5,0.0,50.5,6.0,16.3,0.0,0.2,0.0,0.0,0.0,8.3,0.1,27.9,0.0,0.0,0.0,26.2,18.3,15.4,1,1,1,1,1,1,1,1,1,1,1,1,1,1,1,1,1,1,1,1,1,1,1,1,1,1,1,1,1,1,1.0
2648020,2,01/12/1997,1,,221.8,,,0.0,2,0,1758.6,2,0.0,0.2,4.9,0.0,0.1,0.0,0.0,6.5,0.0,0.0,0.0,0.0,0.0,0.0,0.3,0.0,0.0,0.0,8.0,0.3,0.0,4.3,0.0,0.5,,0.0,0.0,33.4,1.0,0.0,23.2,1,1,1,1,1,1,1,1,1,1,1,1,1,1,1,1,1,1,1,1,1,1,1,1,0,1,1,1,1,1,1.0
2648020,1,01/12/1997,1,33.4,83.7,28.0,13.0,1.0,1,0,1168.0,1,0.0,0.2,4.9,0.0,0.1,0.0,0.0,6.5,0.0,0.0,0.0,0.0,0.0,0.0,0.3,0.0,0.0,0.0,0.8,0.3,0.0,4.3,0.0,0.5,8.2,0.0,0.0,33.4,1.0,0.0,23.2,1,1,1,1,1,1,1,1,1,1,1,1,1,1,1,1,1,1,1,1,1,1,1,1,1,1,1,1,1,1,1.0
2648020,2,01/11/1997,1,,261.9,,,0.0,2,0,1758.6,2,13.1,1.2,0.5,0.9,15.6,25.6,0.2,0.0,0.0,0.0,0.0,22.6,0.6,0.1,0.0,0.2,14.8,23.6,9.7,0.9,0.2,8.2,0.0,0.3,0.0,0.7,,0.0,0.0,0.0,,1,1,1,1,1,1,1,1,1,1,1,1,1,1,1,1,1,1,1,1,1,1,1,1,1,1,0,1,1,1,0.0
2648020,1,01/11/1997,1,25.6,148.4,6.0,20.0,1.0,1,0,1168.0,1,12.9,1.2,0.5,0.9,15.6,25.6,0.2,0.0,0.0,0.0,0.0,22.6,0.6,0.1,0.0,0.2,14.8,23.6,9.7,0.9,0.2,8.2,0.0,0.3,0.0,0.7,9.6,0.0,0.0,0.0,,1,1,1,1,1,1,1,1,1,1,1,1,1,1,1,1,1,1,1,1,1,1,1,1,1,1,1,1,1,1,0.0
2648020,2,01/10/1997,1,,357.6,,,0.0,2,0,1758.6,2,,,0.7,0.3,0.1,28.9,17.8,15.2,27.5,40.8,9.6,7.9,0.0,0.0,0.3,0.1,7.6,5.4,9.1,17.5,,37.2,0.0,0.0,0.0,0.0,0.0,0.0,0.0,1.3,26.1,0,0,1,1,1,1,1,1,1,1,1,1,1,1,1,1,1,1,1,1,0,1,1,1,1,1,1,1,1,1,1.0
2648020,1,01/10/1997,1,40.8,271.0,10.0,21.0,1.0,1,0,1168.0,1,5.4,0.5,0.7,0.3,0.1,28.9,17.8,15.2,27.5,40.8,9.6,7.9,0.0,0.0,0.3,0.1,7.6,5.4,17.5,9.1,37.2,0.0,0.0,0.0,0.0,0.0,0.0,0.0,0.0,13.0,26.1,1,1,1,1,1,1,1,1,1,1,1,1,1,1,1,1,1,1,1,1,1,1,1,1,1,1,1,1,1,1,1.0
2648020,2,01/09/1997,1,,99.1,,,0.0,2,0,1758.6,2,0.1,0.2,0.0,0.0,0.2,0.0,0.0,0.0,0.0,0.1,0.5,0.0,0.0,0.6,18.6,0.0,0.0,0.0,0.0,9.4,8.3,0.4,0.0,0.0,0.0,,,5.4,7.2,9.7,,1,1,1,1,1,1,1,1,1,1,1,1,1,1,1,1,1,1,1,1,1,1,1,1,1,0,0,1,1,1,0.0
2648020,1,01/09/1997,1,18.6,61.2,15.0,14.0,1.0,1,0,1168.0,1,0.0,0.2,0.0,0.2,0.0,0.0,0.0,0.0,0.0,0.1,0.5,0.0,0.0,0.6,18.6,0.0,0.0,0.0,0.0,9.4,8.3,0.4,0.0,0.0,0.0,0.3,0.3,5.4,7.2,9.7,,1,1,1,1,1,1,1,1,1,1,1,1,1,1,1,1,1,1,1,1,1,1,1,1,1,1,1,1,1,1,0.0
2648020,2,01/08/1997,1,19.1,100.7,22.0,13.0,1.0,1,0,1758.6,2,0.0,4.8,14.0,3.7,8.7,0.2,11.4,0.4,0.0,0.0,0.0,0.0,0.0,0.0,0.0,0.0,0.0,0.0,0.0,0.0,18.7,19.1,12.6,6.6,0.4,0.0,0.0,0.1,0.0,0.0,0.0,1,1,1,1,1,1,1,1,1,1,1,1,1,1,1,1,1,1,1,1,1,1,1,1,1,1,1,1,1,1,1.0
2648020,1,01/08/1997,1,19.1,100.7,22.0,13.0,1.0,1,0,1168.0,1,0.0,4.8,14.0,3.7,8.7,0.2,11.4,0.4,0.0,0.0,0.0,0.0,0.0,0.0,0.0,0.0,0.0,0.0,0.0,0.0,18.7,19.1,12.6,6.6,0.4,0.0,0.0,0.1,0.0,0.0,0.0,1,1,1,1,1,1,1,1,1,1,1,1,1,1,1,1,1,1,1,1,1,1,1,1,1,1,1,1,1,1,1.0
2648020,2,01/07/1997,1,14.3,42.1,21.0,10.0,1.0,1,1,1758.6,2,0.0,0.2,0.0,2.4,0.0,0.0,0.0,0.2,0.0,0.0,0.0,0.0,0.0,0.0,0.0,0.0,0.1,7.6,3.9,0.2,14.3,13.1,0.0,0.0,0.0,0.0,0.0,0.1,0.0,0.0,0.0,1,1,1,1,1,1,1,1,1,1,1,1,1,1,1,1,1,1,1,1,1,1,1,1,1,1,1,1,1,1,1.0
2648020,1,01/07/1997,1,14.3,42.1,21.0,10.0,1.0,1,0,1168.0,1,0.0,0.0,0.2,2.4,0.0,0.0,0.0,0.2,0.0,0.0,0.0,0.0,0.0,0.0,0.0,0.0,0.1,7.6,3.9,0.2,14.3,13.1,0.0,0.0,0.0,0.0,0.0,0.1,0.0,0.0,0.0,1,1,1,1,1,1,1,1,1,1,1,1,1,1,1,1,1,1,1,1,1,1,1,1,1,1,1,1,1,1,1.0
2648020,2,01/06/1997,1,32.0,87.2,27.0,11.0,1.0,1,1,1758.6,2,0.0,0.1,0.0,0.0,0.2,0.0,0.0,0.0,0.0,0.0,0.0,0.0,0.0,7.8,0.0,0.1,0.0,0.0,0.3,15.9,0.0,0.0,0.0,0.0,0.0,4.2,32.0,10.0,7.1,9.5,,1,1,1,1,1,1,1,1,1,1,1,1,1,1,1,1,1,1,1,1,1,1,1,1,1,1,1,1,1,1,0.0
2648020,1,01/06/1997,1,30.9,86.1,26.0,11.0,1.0,1,0,1168.0,1,0.0,0.1,0.0,0.0,0.2,0.0,0.0,0.0,0.0,0.0,0.0,0.0,0.0,7.8,0.0,0.1,0.0,0.0,0.3,15.9,0.0,0.0,0.0,0.0,4.2,30.9,10.0,7.1,9.5,0.0,,1,1,1,1,1,1,1,1,1,1,1,1,1,1,1,1,1,1,1,1,1,1,1,1,1,1,1,1,1,1,0.0
2648020,2,01/05/1997,1,13.4,73.3,16.0,12.0,1.0,1,1,1758.6,2,0.0,0.0,0.0,0.0,8.0,0.0,0.1,0.0,0.0,0.0,0.6,0.0,0.0,3.7,7.9,13.4,5.4,0.3,0.0,0.0,0.0,8.6,0.0,0.0,11.8,6.1,0.0,7.4,0.0,0.0,0.0,1,1,1,1,1,1,1,1,1,1,1,1,1,1,1,1,1,1,1,1,1,1,1,1,1,1,1,1,1,1,1.0
2648020,1,01/05/1997,1,15.4,67.3,16.0,13.0,1.0,1,0,1168.0,1,0.0,0.0,0.0,0.0,8.0,0.0,0.1,0.0,0.0,0.0,0.6,0.0,0.0,7.9,3.7,15.4,5.4,0.3,0.0,0.0,0.0,0.6,0.0,2.1,9.7,6.1,0.0,7.4,0.0,0.0,0.0,1,1,1,1,1,1,1,1,1,1,1,1,1,1,1,1,1,1,1,1,1,1,1,1,1,1,1,1,1,1,1.0
2648020,2,01/04/1997,1,,28.5,,,0.0,2,0,1758.6,2,0.1,,,0.0,0.5,0.0,0.0,0.0,0.0,0.6,0.0,0.0,0.0,0.0,0.0,0.0,0.1,,0.0,0.6,0.0,0.8,0.0,0.0,0.0,0.0,0.0,0.0,0.0,0.0,,1,0,0,1,1,1,1,1,1,1,1,1,1,1,1,1,1,0,1,1,1,1,1,1,1,1,1,1,1,1,0.0
2648020,1,01/04/1997,1,0.8,3.5,22.0,9.0,1.0,1,0,1168.0,1,0.1,0.5,0.1,0.0,0.5,0.0,0.0,0.0,0.0,0.6,0.0,0.0,0.0,0.0,0.0,0.0,0.1,0.2,0.0,0.6,0.0,0.8,0.0,0.0,0.0,0.0,0.0,0.0,0.0,0.0,,1,1,1,1,1,1,1,1,1,1,1,1,1,1,1,1,1,1,1,1,1,1,1,1,1,1,1,1,1,1,0.0
2648020,2,01/03/1997,1,46.4,105.8,3.0,,1.0,1,0,1758.6,2,,,46.4,0.1,0.0,38.8,0.0,0.0,7.3,0.0,5.8,0.0,6.9,0.0,0.1,0.0,0.2,0.0,0.1,0.0,0.0,0.0,0.0,0.0,0.0,0.0,0.0,0.0,0.0,0.0,0.1,0,0,4,1,1,1,1,1,1,1,1,1,1,1,1,1,1,1,1,1,1,1,1,1,1,1,1,1,1,1,1.0
2648020,1,01/03/1997,1,46.4,89.3,3.0,9.0,1.0,1,0,1168.0,1,0.0,0.0,46.4,0.0,0.0,29.2,0.0,0.0,7.3,0.0,5.8,0.0,0.1,0.0,0.1,0.0,0.2,0.0,0.1,0.0,0.0,0.0,0.0,0.0,0.0,0.0,0.0,0.0,0.0,0.0,0.1,1,1,1,1,1,1,1,1,1,1,1,1,1,1,1,1,1,1,1,1,1,1,1,1,1,1,1,1,1,1,1.0
2648020,2,01/02/1997,1,,157.9,,,0.0,2,0,1758.6,2,44.5,0.0,2.4,,0.0,0.0,0.0,4.0,0.0,0.0,0.0,0.2,0.0,0.0,0.1,9.8,0.0,0.2,0.0,0.1,,1.9,0.0,0.3,0.5,0.2,0.4,4.8,,,,1,1,1,0,1,1,1,1,1,1,1,1,1,1,1,1,1,1,1,1,0,1,1,1,1,1,1,1,0,0,0.0
2648020,1,01/02/1997,1,44.5,70.1,1.0,16.0,1.0,1,0,1168.0,1,44.5,0.0,2.4,0.1,0.0,0.0,0.0,4.0,0.0,0.0,0.0,0.0,0.2,0.0,0.1,9.8,0.0,0.2,0.0,0.1,0.6,1.9,0.0,0.3,0.5,0.2,0.4,4.8,,,,1,1,1,1,1,1,1,1,1,1,1,1,1,1,1,1,1,1,1,1,1,1,1,1,1,1,1,1,0,0,0.0
2648020,2,01/01/1997,1,54.9,222.7,21.0,16.0,1.0,1,0,1758.6,2,0.0,29.5,1.8,0.0,0.0,0.0,0.0,0.0,0.0,0.0,11.3,0.0,0.0,0.0,0.0,0.0,4.9,3.4,5.2,21.2,54.9,23.2,5.0,0.6,19.8,9.7,10.0,0.2,0.0,0.0,22.0,1,1,1,1,1,1,1,1,1,1,1,1,1,1,1,1,1,1,1,1,1,1,1,1,1,1,1,1,1,1,1.0
2648020,1,01/01/1997,1,29.5,144.6,2.0,14.0,1.0,1,0,1168.0,1,0.0,29.5,1.8,0.0,0.0,0.0,0.0,0.0,0.0,0.0,11.3,0.0,0.0,0.0,0.0,0.0,4.9,3.4,5.2,21.2,0.0,0.0,5.0,0.6,19.8,9.7,10.0,0.2,0.0,0.0,22.0,1,1,1,1,1,1,1,1,1,1,1,1,1,1,1,1,1,1,1,1,1,1,1,1,1,1,1,1,1,1,1.0
2648020,2,01/12/1996,1,35.2,123.4,22.0,13.0,1.0,1,0,1763.7,1,0.0,0.0,17.2,0.0,0.0,7.2,24.2,0.0,0.0,0.0,6.9,3.8,0.2,0.0,9.8,0.0,0.1,0.0,0.0,18.4,0.0,35.2,0.1,0.0,0.0,0.0,0.1,0.2,0.0,0.0,0.0,1,1,1,1,1,1,1,1,1,1,1,1,1,1,1,1,1,1,1,1,1,1,1,1,1,1,1,1,1,1,1.0
2648020,1,01/12/1996,1,35.2,123.4,22.0,13.0,1.0,1,0,1763.7,1,0.0,0.0,17.2,0.0,0.0,7.2,24.2,0.0,0.0,0.0,6.9,3.8,0.2,0.0,9.8,0.0,0.1,0.0,0.0,18.4,0.0,35.2,0.1,0.0,0.0,0.0,0.1,0.2,0.0,0.0,0.0,1,1,1,1,1,1,1,1,1,1,1,1,1,1,1,1,1,1,1,1,1,1,1,1,1,1,1,1,1,1,1.0
2648020,2,01/11/1996,1,25.8,50.8,17.0,10.0,1.0,1,0,1763.7,1,0.8,0.0,0.2,0.0,0.0,0.0,0.0,0.0,0.0,0.0,22.8,0.0,0.2,0.3,0.1,0.0,25.8,0.0,0.0,0.0,0.0,0.2,0.0,0.0,0.2,0.0,0.0,0.2,0.0,0.0,,1,1,1,1,1,1,1,1,1,1,1,1,1,1,1,1,1,1,1,1,1,1,1,1,1,1,1,1,1,1,0.0
2648020,1,01/11/1996,1,25.8,50.8,17.0,10.0,1.0,1,0,1763.7,1,0.8,0.0,0.2,0.0,0.0,0.0,0.0,0.0,0.0,0.0,22.8,0.0,0.2,0.3,0.1,0.0,25.8,0.0,0.0,0.0,0.0,0.2,0.0,0.0,0.2,0.0,0.0,0.2,0.0,0.0,,1,1,1,1,1,1,1,1,1,1,1,1,1,1,1,1,1,1,1,1,1,1,1,1,1,1,1,1,1,1,0.0
2648020,2,01/10/1996,1,38.6,131.0,3.0,14.0,1.0,1,0,1763.7,1,0.0,0.4,38.6,15.6,0.0,0.0,0.0,0.0,0.0,0.2,3.7,4.8,7.2,8.6,0.0,0.0,0.0,0.0,13.2,2.9,21.8,0.2,0.0,8.6,5.2,0.0,0.0,0.0,0.0,0.0,0.0,1,1,1,1,1,1,1,1,1,1,1,1,1,1,1,1,1,1,1,1,1,1,1,1,1,1,1,1,1,1,1.0
2648020,1,01/10/1996,1,38.6,131.0,3.0,14.0,1.0,1,0,1763.7,1,0.0,0.4,38.6,15.6,0.0,0.0,0.0,0.0,0.0,0.2,3.7,4.8,7.2,8.6,0.0,0.0,0.0,0.0,13.2,2.9,21.8,0.2,0.0,8.6,5.2,0.0,0.0,0.0,0.0,0.0,0.0,1,1,1,1,1,1,1,1,1,1,1,1,1,1,1,1,1,1,1,1,1,1,1,1,1,1,1,1,1,1,1.0
2648020,2,01/09/1996,1,57.5,230.0,9.0,16.0,1.0,1,0,1763.7,1,16.8,0.0,0.0,22.2,0.0,0.0,1.9,5.4,57.5,0.1,0.0,0.0,0.0,9.2,0.0,0.0,5.2,0.2,0.0,0.0,0.0,0.0,7.6,0.0,22.2,18.3,27.4,19.1,9.7,7.2,,1,1,1,1,1,1,1,1,1,1,1,1,1,1,1,1,1,1,1,1,1,1,1,1,1,1,1,1,1,1,0.0
2648020,1,01/09/1996,1,57.5,230.0,9.0,16.0,1.0,1,0,1763.7,1,16.8,0.0,0.0,22.2,0.0,0.0,1.9,5.4,57.5,0.1,0.0,0.0,0.0,9.2,0.0,0.0,5.2,0.2,0.0,0.0,0.0,0.0,7.6,0.0,22.2,18.3,27.4,19.1,9.7,7.2,,1,1,1,1,1,1,1,1,1,1,1,1,1,1,1,1,1,1,1,1,1,1,1,1,1,1,1,1,1,1,0.0
2648020,2,01/08/1996,1,12.3,54.3,14.0,13.0,1.0,1,0,1763.7,1,0.0,0.0,0.0,0.0,0.0,0.1,0.0,0.0,0.1,9.7,8.5,0.0,0.0,12.3,9.6,0.0,0.0,0.0,0.0,0.1,0.2,0.0,0.0,0.1,0.0,0.0,0.0,0.1,0.2,4.8,8.5,1,1,1,1,1,1,1,1,1,1,1,1,1,1,1,1,1,1,1,1,1,1,1,1,1,1,1,1,1,1,1.0
2648020,1,01/08/1996,1,12.3,54.3,14.0,13.0,1.0,1,0,1763.7,1,0.0,0.0,0.0,0.0,0.0,0.1,0.0,0.0,0.1,9.7,8.5,0.0,0.0,12.3,9.6,0.0,0.0,0.0,0.0,0.1,0.2,0.0,0.0,0.1,0.0,0.0,0.0,0.1,0.2,4.8,8.5,1,1,1,1,1,1,1,1,1,1,1,1,1,1,1,1,1,1,1,1,1,1,1,1,1,1,1,1,1,1,1.0
2648020,2,01/07/1996,1,49.3,147.9,9.0,12.0,1.0,1,0,1763.7,1,0.1,0.0,28.2,0.0,0.0,0.0,25.6,18.8,49.3,8.7,0.0,0.0,0.0,0.0,0.0,0.0,0.0,0.0,0.0,0.0,5.2,0.0,0.1,0.0,0.0,0.3,5.5,6.0,0.1,0.0,0.0,1,1,1,1,1,1,1,1,1,1,1,1,1,1,1,1,1,1,1,1,1,1,1,1,1,1,1,1,1,1,1.0
2648020,1,01/07/1996,1,49.3,147.9,9.0,12.0,1.0,1,0,1763.7,1,0.1,0.0,28.2,0.0,0.0,0.0,25.6,18.8,49.3,8.7,0.0,0.0,0.0,0.0,0.0,0.0,0.0,0.0,0.0,0.0,5.2,0.0,0.1,0.0,0.0,0.3,5.5,6.0,0.1,0.0,0.0,1,1,1,1,1,1,1,1,1,1,1,1,1,1,1,1,1,1,1,1,1,1,1,1,1,1,1,1,1,1,1.0
2648020,2,01/06/1996,1,44.2,232.3,18.0,18.0,1.0,1,0,1763.7,1,17.4,0.7,0.0,0.0,17.9,6.4,0.0,0.0,0.1,0.0,0.0,0.0,0.0,0.2,0.0,0.0,14.8,44.2,43.5,17.2,0.1,0.0,0.0,0.2,8.6,7.4,28.5,7.1,9.4,8.6,,1,1,1,1,1,1,1,1,1,1,1,1,1,1,1,1,1,1,1,1,1,1,1,1,1,1,1,1,1,1,0.0
2648020,1,01/06/1996,1,44.2,232.3,18.0,18.0,1.0,1,0,1763.7,1,17.4,0.7,0.0,0.0,17.9,6.4,0.0,0.0,0.1,0.0,0.0,0.0,0.0,0.2,0.0,0.0,14.8,44.2,43.5,17.2,0.1,0.0,0.0,0.2,8.6,7.4,28.5,7.1,9.4,8.6,,1,1,1,1,1,1,1,1,1,1,1,1,1,1,1,1,1,1,1,1,1,1,1,1,1,1,1,1,1,1,0.0
2648020,2,01/05/1996,1,7.5,9.7,2.0,6.0,1.0,1,0,1763.7,1,1.8,7.5,0.0,0.0,0.1,0.0,0.0,0.0,0.0,0.0,0.1,0.0,0.0,0.0,0.1,0.0,0.0,0.0,0.0,0.0,0.0,0.0,0.0,0.1,0.0,0.0,0.0,0.0,0.0,0.0,0.0,1,1,1,1,1,1,1,1,1,1,1,1,1,1,1,1,1,1,1,1,1,1,1,1,1,1,1,1,1,1,1.0
2648020,1,01/05/1996,1,7.5,9.7,2.0,6.0,1.0,1,0,1763.7,1,1.8,7.5,0.0,0.0,0.1,0.0,0.0,0.0,0.0,0.0,0.1,0.0,0.0,0.0,0.1,0.0,0.0,0.0,0.0,0.0,0.0,0.0,0.0,0.1,0.0,0.0,0.0,0.0,0.0,0.0,0.0,1,1,1,1,1,1,1,1,1,1,1,1,1,1,1,1,1,1,1,1,1,1,1,1,1,1,1,1,1,1,1.0
2648020,2,01/04/1996,1,36.5,121.3,29.0,12.0,1.0,1,0,1763.7,1,0.0,6.4,0.1,15.3,0.0,0.0,0.0,0.0,0.2,21.8,0.0,3.8,2.8,0.1,0.0,0.0,0.0,0.0,0.0,0.0,0.0,0.0,0.1,0.0,0.0,0.0,0.0,25.4,36.5,8.8,,1,1,1,1,1,1,1,1,1,1,1,1,1,1,1,1,1,1,1,1,1,1,1,1,1,1,1,1,1,1,0.0
2648020,1,01/04/1996,1,36.5,121.3,29.0,12.0,1.0,1,0,1763.7,1,0.0,6.4,0.1,15.3,0.0,0.0,0.0,0.0,0.2,21.8,0.0,3.8,2.8,0.1,0.0,0.0,0.0,0.0,0.0,0.0,0.0,0.0,0.1,0.0,0.0,0.0,0.0,25.4,36.5,8.8,,1,1,1,1,1,1,1,1,1,1,1,1,1,1,1,1,1,1,1,1,1,1,1,1,1,1,1,1,1,1,0.0
2648020,2,01/03/1996,1,42.4,257.4,20.0,21.0,1.0,1,0,1763.7,1,9.9,2.1,23.1,4.9,27.4,0.0,3.2,2.6,0.0,0.0,0.0,0.0,0.2,0.0,0.0,24.2,3.6,9.2,6.4,42.4,0.3,9.9,5.6,0.0,0.1,0.0,27.8,27.2,0.0,8.1,19.2,1,1,1,1,1,1,1,1,1,1,1,1,1,1,1,1,1,1,1,1,1,1,1,1,1,1,1,1,1,1,1.0
2648020,1,01/03/1996,1,42.4,257.4,20.0,21.0,1.0,1,0,1763.7,1,9.9,2.1,23.1,4.9,27.4,0.0,3.2,2.6,0.0,0.0,0.0,0.0,0.2,0.0,0.0,24.2,3.6,9.2,6.4,42.4,0.3,9.9,5.6,0.0,0.1,0.0,27.8,27.2,0.0,8.1,19.2,1,1,1,1,1,1,1,1,1,1,1,1,1,1,1,1,1,1,1,1,1,1,1,1,1,1,1,1,1,1,1.0
2648020,2,01/02/1996,1,82.2,209.1,16.0,18.0,1.0,1,0,1763.7,1,7.2,0.0,0.0,0.0,0.0,10.5,0.0,0.0,5.2,0.0,5.2,8.6,3.6,0.0,3.2,82.2,9.6,0.0,0.1,6.8,4.1,0.2,0.0,0.0,5.4,26.2,5.2,8.4,17.4,,,1,1,1,1,1,1,1,1,1,1,1,1,1,1,1,1,1,1,1,1,1,1,1,1,1,1,1,1,1,0,0.0
2648020,1,01/02/1996,1,82.2,209.1,16.0,18.0,1.0,1,0,1763.7,1,7.2,0.0,0.0,0.0,0.0,10.5,0.0,0.0,5.2,0.0,5.2,8.6,3.6,0.0,3.2,82.2,9.6,0.0,0.1,6.8,4.1,0.2,0.0,0.0,5.4,26.2,5.2,8.4,17.4,,,1,1,1,1,1,1,1,1,1,1,1,1,1,1,1,1,1,1,1,1,1,1,1,1,1,1,1,1,1,0,0.0
2648020,2,01/01/1996,1,38.5,196.5,6.0,21.0,1.0,1,0,1763.7,1,0.0,4.0,0.3,0.0,0.0,38.5,12.0,0.0,14.8,2.8,1.0,0.0,0.0,5.4,26.3,8.5,12.2,0.2,6.5,1.0,12.5,24.0,0.0,0.8,0.0,2.4,4.9,18.3,0.0,0.0,0.1,1,1,1,1,1,1,1,1,1,1,1,1,1,1,1,1,1,1,1,1,1,1,1,1,1,1,1,1,1,1,1.0
2648020,1,01/01/1996,1,38.5,196.5,6.0,21.0,1.0,1,0,1763.7,1,0.0,4.0,0.3,0.0,0.0,38.5,12.0,0.0,14.8,2.8,1.0,0.0,0.0,5.4,26.3,8.5,12.2,0.2,6.5,1.0,12.5,24.0,0.0,0.8,0.0,2.4,4.9,18.3,0.0,0.0,0.1,1,1,1,1,1,1,1,1,1,1,1,1,1,1,1,1,1,1,1,1,1,1,1,1,1,1,1,1,1,1,1.0
2648020,2,01/12/1995,1,,225.0,,,0.0,2,0,1852.2,2,,,,,,,,,,,,,,,,,,,,,,,,,,,,,,,,0,0,0,0,0,0,0,0,0,0,0,0,0,0,0,0,0,0,0,0,0,0,0,0,0,0,0,0,0,0,0.0
2648020,2,01/11/1995,1,62.2,111.3,11.0,14.0,1.0,1,0,1852.2,2,7.2,0.0,1.2,0.1,0.0,0.0,0.0,0.0,0.0,0.0,62.2,1.6,6.7,0.2,15.1,5.7,0.0,0.0,0.5,1.6,0.2,0.0,0.0,0.0,0.0,0.0,0.1,8.9,0.0,0.0,,1,1,1,1,1,1,1,1,1,1,1,1,1,1,1,1,1,1,1,1,1,1,1,1,1,1,1,1,1,1,0.0
2648020,1,01/11/1995,1,62.2,111.3,11.0,14.0,1.0,1,0,,0,7.2,0.0,1.2,0.1,0.0,0.0,0.0,0.0,0.0,0.0,62.2,1.6,6.7,0.2,15.1,5.7,0.0,0.0,0.5,1.6,0.2,0.0,0.0,0.0,0.0,0.0,0.1,8.9,0.0,0.0,,1,1,1,1,1,1,1,1,1,1,1,1,1,1,1,1,1,1,1,1,1,1,1,1,1,1,1,1,1,1,0.0
2648020,2,01/10/1995,1,38.5,130.8,14.0,17.0,1.0,1,0,1852.2,2,5.1,10.5,0.0,0.0,6.4,1.5,0.0,0.9,0.0,0.0,0.0,0.0,0.1,38.5,0.0,0.4,0.0,0.0,0.1,8.2,4.2,2.4,0.0,0.0,0.0,0.0,9.7,8.5,0.4,8.3,25.6,1,1,1,1,1,1,1,1,1,1,1,1,1,1,1,1,1,1,1,1,1,1,1,1,1,1,1,1,1,1,1.0
2648020,1,01/10/1995,1,38.5,130.8,14.0,17.0,1.0,1,0,,0,5.1,10.5,0.0,0.0,6.4,1.5,0.0,0.9,0.0,0.0,0.0,0.0,0.1,38.5,0.0,0.4,0.0,0.0,0.1,8.2,4.2,2.4,0.0,0.0,0.0,0.0,9.7,8.5,0.4,8.3,25.6,1,1,1,1,1,1,1,1,1,1,1,1,1,1,1,1,1,1,1,1,1,1,1,1,1,1,1,1,1,1,1.0
2648020,2,01/09/1995,1,41.0,158.2,23.0,16.0,1.0,1,0,1852.2,2,0.1,0.0,0.0,0.2,0.0,0.0,0.0,0.1,0.0,0.1,0.0,0.1,0.0,0.2,0.0,0.1,0.0,0.0,0.0,21.2,0.0,7.3,41.0,5.5,0.0,12.2,19.8,2.9,8.5,38.9,,1,1,1,1,1,1,1,1,1,1,1,1,1,1,1,1,1,1,1,1,1,1,1,1,1,1,1,1,1,1,0.0
2648020,1,01/09/1995,1,41.0,158.2,23.0,16.0,1.0,1,0,,0,0.1,0.0,0.0,0.2,0.0,0.0,0.0,0.1,0.0,0.1,0.0,0.1,0.0,0.2,0.0,0.1,0.0,0.0,0.0,21.2,0.0,7.3,41.0,5.5,0.0,12.2,19.8,2.9,8.5,38.9,,1,1,1,1,1,1,1,1,1,1,1,1,1,1,1,1,1,1,1,1,1,1,1,1,1,1,1,1,1,1,0.0
2648020,2,01/08/1995,1,24.2,35.6,4.0,13.0,1.0,1,0,1852.2,2,0.0,0.0,0.0,24.2,3.0,0.0,3.2,0.0,0.0,0.0,0.2,0.0,0.0,0.0,0.0,0.8,1.1,0.3,0.5,1.8,0.0,0.2,0.0,0.1,0.0,0.1,0.1,0.0,0.0,0.0,0.0,1,1,1,1,1,1,1,1,1,1,1,1,1,1,1,1,1,1,1,1,1,1,1,1,1,1,1,1,1,1,1.0
2648020,1,01/08/1995,1,24.2,35.6,4.0,13.0,1.0,1,0,,0,0.0,0.0,0.0,24.2,3.0,0.0,3.2,0.0,0.0,0.0,0.2,0.0,0.0,0.0,0.0,0.8,1.1,0.3,0.5,1.8,0.0,0.2,0.0,0.1,0.0,0.1,0.1,0.0,0.0,0.0,0.0,1,1,1,1,1,1,1,1,1,1,1,1,1,1,1,1,1,1,1,1,1,1,1,1,1,1,1,1,1,1,1.0
2648020,2,01/07/1995,1,68.3,78.5,8.0,9.0,1.0,1,0,1852.2,2,0.0,0.0,0.0,4.9,0.0,0.0,2.0,68.3,0.0,0.6,0.2,0.0,0.0,0.0,0.0,0.0,2.1,0.0,0.1,0.0,0.0,0.0,0.0,0.0,0.1,0.0,0.2,0.0,0.0,0.0,0.0,1,1,1,1,1,1,1,1,1,1,1,1,1,1,1,1,1,1,1,1,1,1,1,1,1,1,1,1,1,1,1.0
2648020,1,01/07/1995,1,68.3,78.5,8.0,9.0,1.0,1,0,,0,0.0,0.0,0.0,4.9,0.0,0.0,2.0,68.3,0.0,0.6,0.2,0.0,0.0,0.0,0.0,0.0,2.1,0.0,0.1,0.0,0.0,0.0,0.0,0.0,0.1,0.0,0.2,0.0,0.0,0.0,0.0,1,1,1,1,1,1,1,1,1,1,1,1,1,1,1,1,1,1,1,1,1,1,1,1,1,1,1,1,1,1,1.0
2648020,2,01/06/1995,1,33.6,91.2,25.0,8.0,1.0,1,0,1852.2,2,0.0,0.0,0.0,0.0,0.0,0.0,0.0,19.2,15.4,0.0,0.0,0.0,0.0,0.0,0.0,0.0,5.7,0.4,0.7,0.0,0.0,0.0,0.0,0.0,33.6,0.8,0.0,0.0,15.4,0.0,,1,1,1,1,1,1,1,1,1,1,1,1,1,1,1,1,1,1,1,1,1,1,1,1,1,1,1,1,1,1,0.0
2648020,1,01/06/1995,1,33.6,91.2,25.0,8.0,1.0,1,0,,0,0.0,0.0,0.0,0.0,0.0,0.0,0.0,19.2,15.4,0.0,0.0,0.0,0.0,0.0,0.0,0.0,5.7,0.4,0.7,0.0,0.0,0.0,0.0,0.0,33.6,0.8,0.0,0.0,15.4,0.0,,1,1,1,1,1,1,1,1,1,1,1,1,1,1,1,1,1,1,1,1,1,1,1,1,1,1,1,1,1,1,0.0
2648020,2,01/05/1995,1,4.0,11.3,10.0,6.0,1.0,1,0,1852.2,2,0.0,0.0,1.1,0.0,0.0,0.0,1.7,0.0,0.0,4.0,0.0,0.0,0.0,0.0,0.0,0.0,3.2,1.2,0.0,0.0,0.0,0.0,0.0,0.0,0.0,0.0,0.1,0.0,0.0,0.0,0.0,1,1,1,1,1,1,1,1,1,1,1,1,1,1,1,1,1,1,1,1,1,1,1,1,1,1,1,1,1,1,1.0
2648020,1,01/05/1995,1,4.0,11.3,10.0,6.0,1.0,1,0,,0,0.0,0.0,1.1,0.0,0.0,0.0,1.7,0.0,0.0,4.0,0.0,0.0,0.0,0.0,0.0,0.0,3.2,1.2,0.0,0.0,0.0,0.0,0.0,0.0,0.0,0.0,0.1,0.0,0.0,0.0,0.0,1,1,1,1,1,1,1,1,1,1,1,1,1,1,1,1,1,1,1,1,1,1,1,1,1,1,1,1,1,1,1.0
2648020,2,01/04/1995,1,21.2,38.9,20.0,4.0,1.0,1,0,1852.2,2,0.0,0.0,0.0,0.5,0.0,5.6,0.0,0.0,0.0,0.0,0.0,11.6,0.0,0.0,0.0,0.0,0.0,0.0,0.0,21.2,0.0,0.0,0.0,0.0,0.0,0.0,0.0,0.0,0.0,0.0,,1,1,1,1,1,1,1,1,1,1,1,1,1,1,1,1,1,1,1,1,1,1,1,1,1,1,1,1,1,1,0.0
2648020,1,01/04/1995,1,21.2,38.9,20.0,4.0,1.0,1,0,,0,0.0,0.0,0.0,0.5,0.0,5.6,0.0,0.0,0.0,0.0,0.0,11.6,0.0,0.0,0.0,0.0,0.0,0.0,0.0,21.2,0.0,0.0,0.0,0.0,0.0,0.0,0.0,0.0,0.0,0.0,,1,1,1,1,1,1,1,1,1,1,1,1,1,1,1,1,1,1,1,1,1,1,1,1,1,1,1,1,1,1,0.0
2648020,2,01/03/1995,1,62.8,273.9,7.0,14.0,1.0,1,0,1852.2,2,2.0,21.4,3.2,2.8,3.2,6.2,62.8,32.8,0.0,0.0,0.0,0.0,21.6,14.8,12.4,0.0,0.0,0.0,0.0,0.0,0.0,0.0,53.0,0.0,0.0,0.0,0.0,0.0,0.0,2.8,34.9,1,1,1,1,1,1,1,1,1,1,1,1,1,1,1,1,1,1,1,1,1,1,1,1,1,1,1,1,1,1,1.0
2648020,1,01/03/1995,1,62.8,273.9,7.0,14.0,1.0,1,0,,0,2.0,21.4,3.2,2.8,3.2,6.2,62.8,32.8,0.0,0.0,0.0,0.0,21.6,14.8,12.4,0.0,0.0,0.0,0.0,0.0,0.0,0.0,53.0,0.0,0.0,0.0,0.0,0.0,0.0,2.8,34.9,1,1,1,1,1,1,1,1,1,1,1,1,1,1,1,1,1,1,1,1,1,1,1,1,1,1,1,1,1,1,1.0
2648020,2,01/02/1995,1,54.8,249.8,10.0,17.0,1.0,1,0,1852.2,2,0.8,20.6,21.6,0.0,11.1,9.7,0.4,1.5,8.8,54.8,0.8,0.0,0.0,32.0,0.4,18.0,0.0,26.8,4.8,0.0,0.0,0.0,0.0,35.7,0.0,0.0,2.0,0.0,,,,1,1,1,1,1,1,1,1,1,1,1,1,1,1,1,1,1,1,1,1,1,1,1,1,1,1,1,1,0,0,0.0
2648020,1,01/02/1995,1,54.8,249.8,10.0,17.0,1.0,1,0,,0,0.8,20.6,21.6,0.0,11.1,9.7,0.4,1.5,8.8,54.8,0.8,0.0,0.0,32.0,0.4,18.0,0.0,26.8,4.8,0.0,0.0,0.0,0.0,35.7,0.0,0.0,2.0,0.0,,,,1,1,1,1,1,1,1,1,1,1,1,1,1,1,1,1,1,1,1,1,1,1,1,1,1,1,1,1,0,0,0.0
2648020,2,01/01/1995,1,100.9,447.7,31.0,22.0,1.0,1,0,1852.2,2,1.3,6.8,0.0,0.0,0.0,0.0,41.3,9.3,17.8,29.8,38.2,47.3,5.2,0.0,29.6,1.6,9.8,15.7,26.5,9.6,3.0,8.2,5.0,0.0,0.0,15.4,0.0,23.9,0.0,1.5,100.9,1,1,1,1,1,1,1,1,1,1,1,1,1,1,1,1,1,1,1,1,1,1,1,1,1,1,1,1,1,1,1.0
2648020,1,01/01/1995,1,100.9,447.7,31.0,22.0,1.0,1,0,,0,1.3,6.8,0.0,0.0,0.0,0.0,41.3,9.3,17.8,29.8,38.2,47.3,5.2,0.0,29.6,1.6,9.8,15.7,26.5,9.6,3.0,8.2,5.0,0.0,0.0,15.4,0.0,23.9,0.0,1.5,100.9,1,1,1,1,1,1,1,1,1,1,1,1,1,1,1,1,1,1,1,1,1,1,1,1,1,1,1,1,1,1,1.0
2648020,2,01/12/1994,1,93.6,197.5,23.0,16.0,1.0,1,0,1776.3,2,0.0,0.0,0.0,0.4,5.1,3.2,9.4,0.0,0.0,0.0,0.0,0.0,5.4,4.4,2.2,0.0,8.3,0.3,2.9,4.8,8.6,13.8,93.6,0.0,0.0,0.0,0.0,0.0,0.0,26.6,8.5,1,1,1,1,1,1,1,1,1,1,1,1,1,1,1,1,1,1,1,1,1,1,1,1,1,1,1,1,1,1,1.0
2648020,1,01/12/1994,1,93.6,197.5,23.0,16.0,1.0,1,0,,0,0.0,0.0,0.0,0.4,5.1,3.2,9.4,0.0,0.0,0.0,0.0,0.0,5.4,4.4,2.2,0.0,8.3,0.3,2.9,4.8,8.6,13.8,93.6,0.0,0.0,0.0,0.0,0.0,0.0,26.6,8.5,1,1,1,1,1,1,1,1,1,1,1,1,1,1,1,1,1,1,1,1,1,1,1,1,1,1,1,1,1,1,1.0
2648020,2,01/11/1994,1,50.0,202.3,21.0,15.0,1.0,1,0,1776.3,2,0.0,0.8,0.0,0.0,18.8,2.2,6.2,5.8,6.7,1.0,0.0,0.0,5.6,0.3,0.0,0.0,0.0,7.6,9.6,0.0,50.0,16.6,0.0,0.0,0.0,0.0,0.0,24.5,46.6,0.0,,1,1,1,1,1,1,1,1,1,1,1,1,1,1,1,1,1,1,1,1,1,1,1,1,1,1,1,1,1,1,0.0
2648020,1,01/11/1994,1,50.0,202.3,21.0,15.0,1.0,1,0,,0,0.0,0.8,0.0,0.0,18.8,2.2,6.2,5.8,6.7,1.0,0.0,0.0,5.6,0.3,0.0,0.0,0.0,7.6,9.6,0.0,50.0,16.6,0.0,0.0,0.0,0.0,0.0,24.5,46.6,0.0,,1,1,1,1,1,1,1,1,1,1,1,1,1,1,1,1,1,1,1,1,1,1,1,1,1,1,1,1,1,1,0.0
2648020,2,01/10/1994,1,20.4,123.2,18.0,19.0,1.0,1,0,1776.3,2,2.2,13.2,2.8,9.6,0.0,0.0,0.0,0.0,0.0,0.0,6.8,1.1,0.0,1.6,0.0,0.0,0.0,20.4,15.5,0.0,6.5,0.4,14.9,2.2,0.1,0.4,3.5,6.7,0.0,6.4,8.9,1,1,1,1,1,1,1,1,1,1,1,1,1,1,1,1,1,1,1,1,1,1,1,1,1,1,1,1,1,1,1.0
2648020,1,01/10/1994,1,20.4,123.2,18.0,19.0,1.0,1,0,,0,2.2,13.2,2.8,9.6,0.0,0.0,0.0,0.0,0.0,0.0,6.8,1.1,0.0,1.6,0.0,0.0,0.0,20.4,15.5,0.0,6.5,0.4,14.9,2.2,0.1,0.4,3.5,6.7,0.0,6.4,8.9,1,1,1,1,1,1,1,1,1,1,1,1,1,1,1,1,1,1,1,1,1,1,1,1,1,1,1,1,1,1,1.0
2648020,2,01/09/1994,1,6.9,28.4,12.0,10.0,1.0,1,0,1776.3,2,0.0,0.0,3.2,0.0,0.0,0.0,0.0,0.0,0.0,0.0,0.0,6.9,5.6,0.4,0.8,0.1,0.0,0.0,0.0,0.0,0.0,0.0,0.0,0.0,0.0,0.0,2.8,2.0,1.0,5.6,,1,1,1,1,1,1,1,1,1,1,1,1,1,1,1,1,1,1,1,1,1,1,1,1,1,1,1,1,1,1,0.0
2648020,1,01/09/1994,1,6.9,28.4,12.0,10.0,1.0,1,0,,0,0.0,0.0,3.2,0.0,0.0,0.0,0.0,0.0,0.0,0.0,0.0,6.9,5.6,0.4,0.8,0.1,0.0,0.0,0.0,0.0,0.0,0.0,0.0,0.0,0.0,0.0,2.8,2.0,1.0,5.6,,1,1,1,1,1,1,1,1,1,1,1,1,1,1,1,1,1,1,1,1,1,1,1,1,1,1,1,1,1,1,0.0
2648020,2,01/08/1994,1,,17.0,,,0.0,2,0,1776.3,2,,,,,,,,,,,,,,,,,,,,,,,,,,,,,,,,0,0,0,0,0,0,0,0,0,0,0,0,0,0,0,0,0,0,0,0,0,0,0,0,0,0,0,0,0,0,0.0
2648020,1,01/08/1994,1,0.0,0.0,1.0,,1.0,1,0,,0,0.0,0.0,0.0,0.0,0.0,0.0,0.0,0.0,0.0,0.0,0.0,0.0,0.0,0.0,0.0,0.0,0.0,0.0,0.0,0.0,0.0,0.0,0.0,0.0,0.0,0.0,0.0,0.0,0.0,0.0,0.0,1,1,1,1,1,1,1,1,1,1,1,1,1,1,1,1,1,1,1,1,1,1,1,1,1,1,1,1,1,1,1.0
2648020,2,01/07/1994,1,,205.0,,,0.0,2,0,1776.3,2,,,,,,,,,,,,,,,,,,,,,,,,,,,,,,,,0,0,0,0,0,0,0,0,0,0,0,0,0,0,0,0,0,0,0,0,0,0,0,0,0,0,0,0,0,0,0.0
2648020,1,01/07/1994,1,502.8,1523.0,23.0,9.0,1.0,1,0,,0,0.0,0.0,201.8,200.6,201.4,103.2,101.4,4.6,0.0,0.0,0.0,6.4,0.0,0.0,0.0,0.0,0.0,0.0,0.0,0.0,0.0,0.0,502.8,0.0,0.0,200.8,0.0,0.0,0.0,0.0,0.0,1,1,1,1,1,1,1,1,1,1,1,1,1,1,1,1,1,1,1,1,1,1,1,1,1,1,1,1,1,1,1.0
2648020,2,01/06/1994,1,,131.0,,,0.0,2,0,1776.3,2,,,,,,,,,,,,,,,,,,,,,,,,,,,,,,,,0,0,0,0,0,0,0,0,0,0,0,0,0,0,0,0,0,0,0,0,0,0,0,0,0,0,0,0,0,0,0.0
2648020,2,01/05/1994,1,,244.0,,,0.0,2,0,1776.3,2,,,,,,,,,,,,,,,,,,,,,,,,,,,,,,,,0,0,0,0,0,0,0,0,0,0,0,0,0,0,0,0,0,0,0,0,0,0,0,0,0,0,0,0,0,0,0.0
2648020,1,01/05/1994,1,165.2,478.1,11.0,14.0,1.0,1,0,,0,0.0,0.0,0.0,0.0,2.2,0.0,10.5,30.5,90.5,60.3,165.2,80.4,10.5,10.2,0.0,0.0,0.0,0.0,5.2,4.1,2.2,0.0,0.0,0.0,0.0,0.0,0.0,4.1,2.2,0.0,0.0,1,1,1,1,1,1,1,1,1,1,1,1,1,1,1,1,1,1,1,1,1,1,1,1,1,1,1,1,1,1,1.0
2648020,2,01/04/1994,1,45.3,116.4,10.0,8.0,1.0,1,0,1776.3,2,9.5,0.0,0.0,0.0,12.5,0.0,0.0,0.0,23.7,45.3,0.0,0.0,1.4,3.2,0.0,0.0,0.0,0.0,0.0,0.0,0.0,16.5,4.3,0.0,0.0,0.0,0.0,0.0,0.0,0.0,,1,1,1,1,1,1,1,1,1,1,1,1,1,1,1,1,1,1,1,1,1,1,1,1,1,1,1,1,1,1,0.0
2648020,1,01/04/1994,1,45.3,116.4,10.0,8.0,1.0,1,0,,0,9.5,0.0,0.0,0.0,12.5,0.0,0.0,0.0,23.7,45.3,0.0,0.0,1.4,3.2,0.0,0.0,0.0,0.0,0.0,0.0,0.0,16.5,4.3,0.0,0.0,0.0,0.0,0.0,0.0,0.0,,1,1,1,1,1,1,1,1,1,1,1,1,1,1,1,1,1,1,1,1,1,1,1,1,1,1,1,1,1,1,0.0
2648020,2,01/03/1994,1,125.3,305.5,10.0,17.0,1.0,1,0,1776.3,2,7.8,6.3,0.0,0.0,0.0,26.8,7.5,17.5,56.1,125.3,0.6,0.7,4.2,1.1,6.3,3.5,11.7,0.0,0.0,16.3,0.0,0.0,0.0,0.0,0.0,8.7,0.0,0.0,5.1,0.0,0.0,1,1,1,1,1,1,1,1,1,1,1,1,1,1,1,1,1,1,1,1,1,1,1,1,1,1,1,1,1,1,1.0
2648020,1,01/03/1994,1,125.3,305.5,10.0,17.0,1.0,1,0,,0,7.8,6.3,0.0,0.0,0.0,26.8,7.5,17.5,56.1,125.3,0.6,0.7,4.2,1.1,6.3,3.5,11.7,0.0,0.0,16.3,0.0,0.0,0.0,0.0,0.0,8.7,0.0,0.0,5.1,0.0,0.0,1,1,1,1,1,1,1,1,1,1,1,1,1,1,1,1,1,1,1,1,1,1,1,1,1,1,1,1,1,1,1.0
2648020,2,01/02/1994,1,23.5,115.1,20.0,16.0,1.0,1,0,1776.3,2,4.2,0.0,2.2,0.0,4.1,0.0,0.0,6.5,0.0,2.2,0.0,0.0,10.0,0.0,5.2,0.0,22.2,0.0,1.3,23.5,0.0,2.2,6.2,0.0,5.2,3.1,5.4,11.6,,,,1,1,1,1,1,1,1,1,1,1,1,1,1,1,1,1,1,1,1,1,1,1,1,1,1,1,1,1,0,0,0.0
2648020,1,01/02/1994,1,23.5,115.1,20.0,16.0,1.0,1,0,,0,4.2,0.0,2.2,0.0,4.1,0.0,0.0,6.5,0.0,2.2,0.0,0.0,10.0,0.0,5.2,0.0,22.2,0.0,1.3,23.5,0.0,2.2,6.2,0.0,5.2,3.1,5.4,11.6,,,,1,1,1,1,1,1,1,1,1,1,1,1,1,1,1,1,1,1,1,1,1,1,1,1,1,1,1,1,0,0,0.0
2648020,2,01/01/1994,1,12.7,90.9,10.0,14.0,1.0,1,0,1776.3,2,0.0,0.0,0.0,4.5,0.0,0.0,12.5,1.3,6.5,12.7,0.0,0.0,0.0,0.0,0.0,0.0,0.0,2.5,7.3,0.0,0.0,0.0,9.5,5.1,4.6,3.2,8.7,5.2,0.0,7.3,0.0,1,1,1,1,1,1,1,1,1,1,1,1,1,1,1,1,1,1,1,1,1,1,1,1,1,1,1,1,1,1,1.0
2648020,1,01/01/1994,1,12.7,90.9,10.0,14.0,1.0,1,0,,0,0.0,0.0,0.0,4.5,0.0,0.0,12.5,1.3,6.5,12.7,0.0,0.0,0.0,0.0,0.0,0.0,0.0,2.5,7.3,0.0,0.0,0.0,9.5,5.1,4.6,3.2,8.7,5.2,0.0,7.3,0.0,1,1,1,1,1,1,1,1,1,1,1,1,1,1,1,1,1,1,1,1,1,1,1,1,1,1,1,1,1,1,1.0
2648020,2,01/12/1993,1,41.6,260.0,11.0,18.0,1.0,1,0,2187.2,1,32.5,0.0,0.0,0.0,0.0,15.6,0.0,6.5,16.3,2.4,41.6,5.2,0.0,0.0,0.0,23.5,35.5,0.0,5.7,0.0,0.0,2.1,0.0,0.0,5.3,26.7,2.4,6.5,2.4,21.5,8.3,1,1,1,1,1,1,1,1,1,1,1,1,1,1,1,1,1,1,1,1,1,1,1,1,1,1,1,1,1,1,1.0
2648020,1,01/12/1993,1,41.6,260.0,11.0,18.0,1.0,1,0,2187.2,1,32.5,0.0,0.0,0.0,0.0,15.6,0.0,6.5,16.3,2.4,41.6,5.2,0.0,0.0,0.0,23.5,35.5,0.0,5.7,0.0,0.0,2.1,0.0,0.0,5.3,26.7,2.4,6.5,2.4,21.5,8.3,1,1,1,1,1,1,1,1,1,1,1,1,1,1,1,1,1,1,1,1,1,1,1,1,1,1,1,1,1,1,1.0
2648020,2,01/11/1993,1,56.5,81.4,25.0,4.0,1.0,1,0,2187.2,1,0.0,0.0,0.0,1.3,0.0,0.0,15.1,0.0,0.0,0.0,0.0,0.0,0.0,0.0,8.5,0.0,0.0,0.0,0.0,0.0,0.0,0.0,0.0,0.0,56.5,0.0,0.0,0.0,0.0,0.0,,1,1,1,1,1,1,1,1,1,1,1,1,1,1,1,1,1,1,1,1,1,1,1,1,1,1,1,1,1,1,0.0
2648020,1,01/11/1993,1,56.5,81.4,25.0,4.0,1.0,1,0,2187.2,1,0.0,0.0,0.0,1.3,0.0,0.0,15.1,0.0,0.0,0.0,0.0,0.0,0.0,0.0,8.5,0.0,0.0,0.0,0.0,0.0,0.0,0.0,0.0,0.0,56.5,0.0,0.0,0.0,0.0,0.0,,1,1,1,1,1,1,1,1,1,1,1,1,1,1,1,1,1,1,1,1,1,1,1,1,1,1,1,1,1,1,0.0
2648020,2,01/10/1993,1,68.5,189.9,5.0,10.0,1.0,1,0,2187.2,1,8.1,0.0,0.0,35.7,68.5,1.2,0.0,0.0,0.0,0.0,0.0,0.0,0.0,0.0,0.0,0.0,0.0,0.0,1.6,2.3,0.0,0.0,35.6,0.0,0.0,26.7,0.0,3.5,6.7,0.0,0.0,1,1,1,1,1,1,1,1,1,1,1,1,1,1,1,1,1,1,1,1,1,1,1,1,1,1,1,1,1,1,1.0
2648020,1,01/10/1993,1,68.5,189.9,5.0,10.0,1.0,1,0,2187.2,1,8.1,0.0,0.0,35.7,68.5,1.2,0.0,0.0,0.0,0.0,0.0,0.0,0.0,0.0,0.0,0.0,0.0,0.0,1.6,2.3,0.0,0.0,35.6,0.0,0.0,26.7,0.0,3.5,6.7,0.0,0.0,1,1,1,1,1,1,1,1,1,1,1,1,1,1,1,1,1,1,1,1,1,1,1,1,1,1,1,1,1,1,1.0
2648020,2,01/09/1993,1,112.3,310.8,22.0,17.0,1.0,1,0,2187.2,1,15.6,0.0,3.1,0.0,0.0,0.0,0.0,12.3,3.3,5.6,0.0,0.0,5.4,0.0,9.6,0.0,0.0,0.0,6.3,0.0,39.1,112.3,55.2,3.5,4.2,1.8,18.7,2.5,0.0,12.3,,1,1,1,1,1,1,1,1,1,1,1,1,1,1,1,1,1,1,1,1,1,1,1,1,1,1,1,1,1,1,0.0
2648020,1,01/09/1993,1,112.3,310.8,22.0,17.0,1.0,1,0,2187.2,1,15.6,0.0,3.1,0.0,0.0,0.0,0.0,12.3,3.3,5.6,0.0,0.0,5.4,0.0,9.6,0.0,0.0,0.0,6.3,0.0,39.1,112.3,55.2,3.5,4.2,1.8,18.7,2.5,0.0,12.3,,1,1,1,1,1,1,1,1,1,1,1,1,1,1,1,1,1,1,1,1,1,1,1,1,1,1,1,1,1,1,0.0
2648020,2,01/08/1993,1,7.5,33.4,23.0,6.0,1.0,1,0,2187.2,1,0.0,0.0,0.0,0.0,3.5,0.0,0.0,4.1,0.0,0.0,0.0,5.1,0.0,0.0,0.0,0.0,0.0,6.4,0.0,0.0,0.0,6.8,7.5,0.0,0.0,0.0,0.0,0.0,0.0,0.0,0.0,1,1,1,1,1,1,1,1,1,1,1,1,1,1,1,1,1,1,1,1,1,1,1,1,1,1,1,1,1,1,1.0
2648020,1,01/08/1993,1,7.5,33.4,23.0,6.0,1.0,1,0,2187.2,1,0.0,0.0,0.0,0.0,3.5,0.0,0.0,4.1,0.0,0.0,0.0,5.1,0.0,0.0,0.0,0.0,0.0,6.4,0.0,0.0,0.0,6.8,7.5,0.0,0.0,0.0,0.0,0.0,0.0,0.0,0.0,1,1,1,1,1,1,1,1,1,1,1,1,1,1,1,1,1,1,1,1,1,1,1,1,1,1,1,1,1,1,1.0
2648020,2,01/07/1993,1,25.5,108.5,18.0,9.0,1.0,1,0,2187.2,1,12.4,0.0,2.3,14.5,0.0,0.0,3.4,0.0,0.0,0.0,2.3,15.7,18.6,0.0,0.0,0.0,0.0,25.5,0.0,0.0,0.0,0.0,0.0,0.0,0.0,0.0,0.0,0.0,0.0,13.8,0.0,1,1,1,1,1,1,1,1,1,1,1,1,1,1,1,1,1,1,1,1,1,1,1,1,1,1,1,1,1,1,1.0
2648020,1,01/07/1993,1,25.5,108.5,18.0,9.0,1.0,1,0,2187.2,1,12.4,0.0,2.3,14.5,0.0,0.0,3.4,0.0,0.0,0.0,2.3,15.7,18.6,0.0,0.0,0.0,0.0,25.5,0.0,0.0,0.0,0.0,0.0,0.0,0.0,0.0,0.0,0.0,0.0,13.8,0.0,1,1,1,1,1,1,1,1,1,1,1,1,1,1,1,1,1,1,1,1,1,1,1,1,1,1,1,1,1,1,1.0
2648020,2,01/06/1993,1,68.7,145.0,5.0,6.0,1.0,1,0,2187.2,1,0.0,0.0,0.0,0.0,68.7,0.0,0.0,0.0,0.0,0.0,0.0,12.3,23.5,3.6,0.0,0.0,0.0,15.6,21.3,0.0,0.0,0.0,0.0,0.0,0.0,0.0,0.0,0.0,0.0,0.0,,1,1,1,1,1,1,1,1,1,1,1,1,1,1,1,1,1,1,1,1,1,1,1,1,1,1,1,1,1,1,0.0
2648020,1,01/06/1993,1,68.7,145.0,5.0,6.0,1.0,1,0,2187.2,1,0.0,0.0,0.0,0.0,68.7,0.0,0.0,0.0,0.0,0.0,0.0,12.3,23.5,3.6,0.0,0.0,0.0,15.6,21.3,0.0,0.0,0.0,0.0,0.0,0.0,0.0,0.0,0.0,0.0,0.0,,1,1,1,1,1,1,1,1,1,1,1,1,1,1,1,1,1,1,1,1,1,1,1,1,1,1,1,1,1,1,0.0
2648020,2,01/05/1993,1,48.7,64.3,6.0,4.0,1.0,1,0,2187.2,1,5.4,0.0,0.0,0.0,0.0,48.7,0.0,0.0,0.0,0.0,0.0,2.0,8.2,0.0,0.0,0.0,0.0,0.0,0.0,0.0,0.0,0.0,0.0,0.0,0.0,0.0,0.0,0.0,0.0,0.0,0.0,1,1,1,1,1,1,1,1,1,1,1,1,1,1,1,1,1,1,1,1,1,1,1,1,1,1,1,1,1,1,1.0
2648020,1,01/05/1993,1,48.7,64.3,6.0,4.0,1.0,1,0,2187.2,1,5.4,0.0,0.0,0.0,0.0,48.7,0.0,0.0,0.0,0.0,0.0,2.0,8.2,0.0,0.0,0.0,0.0,0.0,0.0,0.0,0.0,0.0,0.0,0.0,0.0,0.0,0.0,0.0,0.0,0.0,0.0,1,1,1,1,1,1,1,1,1,1,1,1,1,1,1,1,1,1,1,1,1,1,1,1,1,1,1,1,1,1,1.0
2648020,2,01/04/1993,1,42.5,141.3,2.0,12.0,1.0,1,0,2187.2,1,2.4,42.5,14.3,9.6,3.3,0.0,0.0,4.1,34.5,0.0,0.0,0.5,0.0,0.0,0.0,0.0,0.0,0.0,0.0,0.0,0.0,9.5,2.2,15.3,0.0,0.0,0.0,0.0,0.0,3.1,,1,1,1,1,1,1,1,1,1,1,1,1,1,1,1,1,1,1,1,1,1,1,1,1,1,1,1,1,1,1,0.0
2648020,1,01/04/1993,1,42.5,141.3,2.0,12.0,1.0,1,0,2187.2,1,2.4,42.5,14.3,9.6,3.3,0.0,0.0,4.1,34.5,0.0,0.0,0.5,0.0,0.0,0.0,0.0,0.0,0.0,0.0,0.0,0.0,9.5,2.2,15.3,0.0,0.0,0.0,0.0,0.0,3.1,,1,1,1,1,1,1,1,1,1,1,1,1,1,1,1,1,1,1,1,1,1,1,1,1,1,1,1,1,1,1,0.0
2648020,2,01/03/1993,1,45.2,183.9,9.0,16.0,1.0,1,0,2187.2,1,0.0,8.5,18.3,1.6,19.7,0.5,1.8,0.0,45.2,3.2,0.0,0.0,0.0,0.0,0.0,12.3,0.0,0.0,17.5,5.1,2.5,23.3,12.6,6.5,0.0,5.3,0.0,0.0,0.0,0.0,0.0,1,1,1,1,1,1,1,1,1,1,1,1,1,1,1,1,1,1,1,1,1,1,1,1,1,1,1,1,1,1,1.0
2648020,1,01/03/1993,1,45.2,183.9,9.0,16.0,1.0,1,0,2187.2,1,0.0,8.5,18.3,1.6,19.7,0.5,1.8,0.0,45.2,3.2,0.0,0.0,0.0,0.0,0.0,12.3,0.0,0.0,17.5,5.1,2.5,23.3,12.6,6.5,0.0,5.3,0.0,0.0,0.0,0.0,0.0,1,1,1,1,1,1,1,1,1,1,1,1,1,1,1,1,1,1,1,1,1,1,1,1,1,1,1,1,1,1,1.0
2648020,2,01/02/1993,1,51.4,282.8,22.0,21.0,1.0,1,0,2187.2,1,0.0,0.0,15.6,0.0,2.3,7.5,5.1,0.0,31.4,5.3,45.2,9.7,3.4,1.2,9.1,5.4,2.5,3.3,0.0,0.0,29.5,51.4,15.6,12.5,14.1,1.4,11.3,0.0,,,,1,1,1,1,1,1,1,1,1,1,1,1,1,1,1,1,1,1,1,1,1,1,1,1,1,1,1,1,0,0,0.0
2648020,1,01/02/1993,1,51.4,282.8,22.0,21.0,1.0,1,0,2187.2,1,0.0,0.0,15.6,0.0,2.3,7.5,5.1,0.0,31.4,5.3,45.2,9.7,3.4,1.2,9.1,5.4,2.5,3.3,0.0,0.0,29.5,51.4,15.6,12.5,14.1,1.4,11.3,0.0,,,,1,1,1,1,1,1,1,1,1,1,1,1,1,1,1,1,1,1,1,1,1,1,1,1,1,1,1,1,0,0,0.0
2648020,2,01/01/1993,1,116.5,385.9,31.0,21.0,1.0,1,0,2187.2,1,2.5,2.1,6.5,18.2,8.7,0.0,0.0,18.3,5.1,25.2,39.4,0.0,0.0,0.0,0.0,9.2,5.3,0.0,2.1,6.5,3.7,2.1,0.0,0.0,0.0,1.4,85.4,7.8,2.1,17.8,116.5,1,1,1,1,1,1,1,1,1,1,1,1,1,1,1,1,1,1,1,1,1,1,1,1,1,1,1,1,1,1,1.0
2648020,1,01/01/1993,1,116.5,385.9,31.0,21.0,1.0,1,0,2187.2,1,2.5,2.1,6.5,18.2,8.7,0.0,0.0,18.3,5.1,25.2,39.4,0.0,0.0,0.0,0.0,9.2,5.3,0.0,2.1,6.5,3.7,2.1,0.0,0.0,0.0,1.4,85.4,7.8,2.1,17.8,116.5,1,1,1,1,1,1,1,1,1,1,1,1,1,1,1,1,1,1,1,1,1,1,1,1,1,1,1,1,1,1,1.0
2648020,2,01/12/1992,1,17.5,45.1,1.0,5.0,1.0,1,0,1899.0,2,17.5,0.0,0.0,0.0,0.0,0.0,0.0,1.2,0.0,0.0,0.0,7.8,9.1,0.0,0.0,0.0,0.0,0.0,0.0,0.0,0.0,0.0,9.5,0.0,0.0,0.0,0.0,0.0,0.0,0.0,0.0,1,1,1,1,1,1,1,1,1,1,1,1,1,1,1,1,1,1,1,1,1,1,1,1,1,1,1,1,1,1,1.0
2648020,1,01/12/1992,1,17.5,45.1,1.0,5.0,1.0,1,0,1746.8,1,17.5,0.0,0.0,0.0,0.0,0.0,0.0,1.2,0.0,0.0,0.0,7.8,9.1,0.0,0.0,0.0,0.0,0.0,0.0,0.0,0.0,0.0,9.5,0.0,0.0,0.0,0.0,0.0,0.0,0.0,0.0,1,1,1,1,1,1,1,1,1,1,1,1,1,1,1,1,1,1,1,1,1,1,1,1,1,1,1,1,1,1,1.0
2648020,2,01/11/1992,1,42.2,153.2,25.0,9.0,1.0,1,0,1899.0,2,0.0,5.8,0.0,25.6,0.0,0.0,0.0,0.0,0.0,0.0,0.0,0.0,0.0,9.3,0.0,0.0,0.0,0.0,0.0,0.0,0.0,32.6,16.3,12.8,42.2,0.0,0.0,5.2,3.4,0.0,,1,1,1,1,1,1,1,1,1,1,1,1,1,1,1,1,1,1,1,1,1,1,1,1,1,1,1,1,1,1,0.0
2648020,1,01/11/1992,1,42.2,153.2,25.0,9.0,1.0,1,0,1746.8,1,0.0,5.8,0.0,25.6,0.0,0.0,0.0,0.0,0.0,0.0,0.0,0.0,0.0,9.3,0.0,0.0,0.0,0.0,0.0,0.0,0.0,32.6,16.3,12.8,42.2,0.0,0.0,5.2,3.4,0.0,,1,1,1,1,1,1,1,1,1,1,1,1,1,1,1,1,1,1,1,1,1,1,1,1,1,1,1,1,1,1,0.0
2648020,2,01/10/1992,1,35.1,115.8,9.0,10.0,1.0,1,0,1899.0,2,0.0,0.0,0.0,0.0,0.0,0.0,0.0,2.3,35.1,24.3,0.0,0.0,4.6,0.0,0.0,0.0,7.5,4.7,0.0,0.0,14.2,0.0,0.0,0.0,0.0,0.0,0.0,0.0,14.5,5.4,3.2,1,1,1,1,1,1,1,1,1,1,1,1,1,1,1,1,1,1,1,1,1,1,1,1,1,1,1,1,1,1,1.0
2648020,1,01/10/1992,1,35.1,115.8,9.0,10.0,1.0,1,0,1746.8,1,0.0,0.0,0.0,0.0,0.0,0.0,0.0,2.3,35.1,24.3,0.0,0.0,4.6,0.0,0.0,0.0,7.5,4.7,0.0,0.0,14.2,0.0,0.0,0.0,0.0,0.0,0.0,0.0,14.5,5.4,3.2,1,1,1,1,1,1,1,1,1,1,1,1,1,1,1,1,1,1,1,1,1,1,1,1,1,1,1,1,1,1,1.0
2648020,2,01/09/1992,1,18.5,75.2,25.0,7.0,1.0,1,0,1899.0,2,0.0,12.3,0.0,0.0,0.0,0.0,0.0,0.0,0.0,13.2,7.5,0.0,0.0,0.0,0.0,0.0,0.0,0.0,5.3,0.0,0.0,0.0,0.0,16.3,18.5,0.0,0.0,2.1,0.0,0.0,,1,1,1,1,1,1,1,1,1,1,1,1,1,1,1,1,1,1,1,1,1,1,1,1,1,1,1,1,1,1,0.0
2648020,1,01/09/1992,1,18.5,75.2,25.0,7.0,1.0,1,0,1746.8,1,0.0,12.3,0.0,0.0,0.0,0.0,0.0,0.0,0.0,13.2,7.5,0.0,0.0,0.0,0.0,0.0,0.0,0.0,5.3,0.0,0.0,0.0,0.0,16.3,18.5,0.0,0.0,2.1,0.0,0.0,,1,1,1,1,1,1,1,1,1,1,1,1,1,1,1,1,1,1,1,1,1,1,1,1,1,1,1,1,1,1,0.0
2648020,2,01/08/1992,1,35.7,140.2,1.0,10.0,1.0,1,0,1899.0,2,35.7,17.2,0.0,0.0,0.0,0.0,0.0,0.0,10.0,28.3,0.0,17.6,6.4,0.0,0.0,0.0,0.0,8.3,7.5,0.0,0.0,0.0,4.6,0.0,0.0,0.0,0.0,0.0,4.6,0.0,0.0,1,1,1,1,1,1,1,1,1,1,1,1,1,1,1,1,1,1,1,1,1,1,1,1,1,1,1,1,1,1,1.0
2648020,1,01/08/1992,1,35.7,140.2,1.0,10.0,1.0,1,0,1746.8,1,35.7,17.2,0.0,0.0,0.0,0.0,0.0,0.0,10.0,28.3,0.0,17.6,6.4,0.0,0.0,0.0,0.0,8.3,7.5,0.0,0.0,0.0,4.6,0.0,0.0,0.0,0.0,0.0,4.6,0.0,0.0,1,1,1,1,1,1,1,1,1,1,1,1,1,1,1,1,1,1,1,1,1,1,1,1,1,1,1,1,1,1,1.0
2648020,2,01/07/1992,1,35.7,151.8,1.0,9.0,1.0,1,0,1899.0,2,35.7,0.0,0.0,0.0,4.6,23.1,0.0,0.0,0.0,3.4,0.0,0.0,0.0,0.0,0.0,33.4,0.0,16.7,0.0,0.0,4.5,7.1,0.0,0.0,0.0,0.0,0.0,23.3,0.0,0.0,0.0,1,1,1,1,1,1,1,1,1,1,1,1,1,1,1,1,1,1,1,1,1,1,1,1,1,1,1,1,1,1,1.0
2648020,1,01/07/1992,1,35.7,151.8,1.0,9.0,1.0,1,0,1746.8,1,35.7,0.0,0.0,0.0,4.6,23.1,0.0,0.0,0.0,3.4,0.0,0.0,0.0,0.0,0.0,33.4,0.0,16.7,0.0,0.0,4.5,7.1,0.0,0.0,0.0,0.0,0.0,23.3,0.0,0.0,0.0,1,1,1,1,1,1,1,1,1,1,1,1,1,1,1,1,1,1,1,1,1,1,1,1,1,1,1,1,1,1,1.0
2648020,2,01/06/1992,1,86.5,112.4,30.0,6.0,1.0,1,0,1899.0,2,1.2,2.5,3.1,0.0,0.0,0.0,0.0,0.0,0.0,5.6,0.0,0.0,0.0,0.0,0.0,0.0,0.0,0.0,0.0,0.0,0.0,0.0,0.0,0.0,0.0,0.0,0.0,0.0,13.5,86.5,,1,1,1,1,1,1,1,1,1,1,1,1,1,1,1,1,1,1,1,1,1,1,1,1,1,1,1,1,1,1,0.0
2648020,1,01/06/1992,1,86.5,112.4,30.0,6.0,1.0,1,0,1746.8,1,1.2,2.5,3.1,0.0,0.0,0.0,0.0,0.0,0.0,5.6,0.0,0.0,0.0,0.0,0.0,0.0,0.0,0.0,0.0,0.0,0.0,0.0,0.0,0.0,0.0,0.0,0.0,0.0,13.5,86.5,,1,1,1,1,1,1,1,1,1,1,1,1,1,1,1,1,1,1,1,1,1,1,1,1,1,1,1,1,1,1,0.0
2648020,2,01/05/1992,1,115.6,413.2,29.0,11.0,1.0,1,0,1899.0,2,0.0,0.0,0.0,3.1,8.5,0.0,0.0,0.0,0.0,0.0,0.0,0.0,48.7,0.0,0.0,0.0,42.5,39.1,0.0,0.0,0.0,0.0,23.3,0.0,0.0,0.0,9.6,30.2,115.6,27.3,65.3,1,1,1,1,1,1,1,1,1,1,1,1,1,1,1,1,1,1,1,1,1,1,1,1,1,1,1,1,1,1,1.0
2648020,1,01/05/1992,1,115.6,413.2,29.0,11.0,1.0,1,0,1746.8,1,0.0,0.0,0.0,3.1,8.5,0.0,0.0,0.0,0.0,0.0,0.0,0.0,48.7,0.0,0.0,0.0,42.5,39.1,0.0,0.0,0.0,0.0,23.3,0.0,0.0,0.0,9.6,30.2,115.6,27.3,65.3,1,1,1,1,1,1,1,1,1,1,1,1,1,1,1,1,1,1,1,1,1,1,1,1,1,1,1,1,1,1,1.0
2648020,2,01/04/1992,1,17.7,30.0,13.0,2.0,1.0,1,0,1899.0,2,0.0,0.0,0.0,0.0,0.0,0.0,0.0,0.0,0.0,0.0,0.0,0.0,17.7,0.0,0.0,0.0,0.0,0.0,0.0,0.0,0.0,0.0,0.0,0.0,0.0,12.3,0.0,0.0,0.0,0.0,,1,1,1,1,1,1,1,1,1,1,1,1,1,1,1,1,1,1,1,1,1,1,1,1,1,1,1,1,1,1,0.0
2648020,1,01/04/1992,1,17.7,30.0,13.0,2.0,1.0,1,0,1746.8,1,0.0,0.0,0.0,0.0,0.0,0.0,0.0,0.0,0.0,0.0,0.0,0.0,17.7,0.0,0.0,0.0,0.0,0.0,0.0,0.0,0.0,0.0,0.0,0.0,0.0,12.3,0.0,0.0,0.0,0.0,,1,1,1,1,1,1,1,1,1,1,1,1,1,1,1,1,1,1,1,1,1,1,1,1,1,1,1,1,1,1,0.0
2648020,2,01/03/1992,1,122.3,298.8,4.0,9.0,1.0,1,0,1899.0,2,0.0,12.3,84.2,122.3,0.0,0.0,0.0,0.0,0.0,0.0,0.0,0.0,0.0,3.2,0.0,0.0,0.0,8.3,0.0,0.0,0.0,0.0,0.0,0.0,13.5,23.1,0.0,3.8,0.0,28.1,0.0,1,1,1,1,1,1,1,1,1,1,1,1,1,1,1,1,1,1,1,1,1,1,1,1,1,1,1,1,1,1,1.0
2648020,1,01/03/1992,1,122.3,298.8,4.0,9.0,1.0,1,0,1746.8,1,0.0,12.3,84.2,122.3,0.0,0.0,0.0,0.0,0.0,0.0,0.0,0.0,0.0,3.2,0.0,0.0,0.0,8.3,0.0,0.0,0.0,0.0,0.0,0.0,13.5,23.1,0.0,3.8,0.0,28.1,0.0,1,1,1,1,1,1,1,1,1,1,1,1,1,1,1,1,1,1,1,1,1,1,1,1,1,1,1,1,1,1,1.0
2648020,2,01/02/1992,1,,244.0,,,0.0,2,0,1899.0,2,2.1,28.5,0.0,2.6,19.2,0.0,0.0,11.5,12.3,,,,,,,,,,,,,,,,12.5,3.1,0.0,0.0,0.0,,,1,1,1,1,1,1,1,1,1,0,0,0,0,0,0,0,0,0,0,0,0,0,0,0,1,1,1,1,1,0,0.0
2648020,1,01/02/1992,1,28.5,91.8,2.0,8.0,1.0,1,0,1746.8,1,2.1,28.5,0.0,2.6,19.2,0.0,0.0,11.5,12.3,0.0,0.0,0.0,0.0,0.0,0.0,0.0,0.0,0.0,0.0,0.0,0.0,0.0,0.0,0.0,12.5,3.1,0.0,0.0,0.0,,,1,1,1,1,1,1,1,1,1,1,1,1,1,1,1,1,1,1,1,1,1,1,1,1,1,1,1,1,1,0,0.0
2648020,2,01/01/1992,1,48.3,119.3,25.0,12.0,1.0,1,0,1899.0,2,0.0,0.0,2.1,0.0,0.0,0.0,4.5,0.0,0.0,6.5,0.0,32.6,0.0,0.0,0.0,0.0,2.1,0.0,0.0,0.0,0.0,0.0,0.0,6.7,48.3,3.1,4.5,2.1,3.4,0.0,3.4,1,1,1,1,1,1,1,1,1,1,1,1,1,1,1,1,1,1,1,1,1,1,1,1,1,1,1,1,1,1,1.0
2648020,1,01/01/1992,1,48.3,119.3,25.0,12.0,1.0,1,0,1746.8,1,0.0,0.0,2.1,0.0,0.0,0.0,4.5,0.0,0.0,6.5,0.0,32.6,0.0,0.0,0.0,0.0,2.1,0.0,0.0,0.0,0.0,0.0,0.0,6.7,48.3,3.1,4.5,2.1,3.4,0.0,3.4,1,1,1,1,1,1,1,1,1,1,1,1,1,1,1,1,1,1,1,1,1,1,1,1,1,1,1,1,1,1,1.0
2648020,2,01/12/1991,1,22.3,112.3,8.0,12.0,1.0,1,0,1539.7,1,2.5,5.1,0.0,0.0,0.0,0.0,15.4,22.3,0.0,7.5,0.0,0.0,0.0,0.0,0.0,4.3,12.5,0.0,7.5,0.0,0.0,0.0,0.0,17.1,4.6,5.3,8.2,0.0,0.0,0.0,0.0,1,1,1,1,1,1,1,1,1,1,1,1,1,1,1,1,1,1,1,1,1,1,1,1,1,1,1,1,1,1,1.0
2648020,1,01/12/1991,1,22.3,112.3,8.0,12.0,1.0,1,0,1539.7,1,2.5,5.1,0.0,0.0,0.0,0.0,15.4,22.3,0.0,7.5,0.0,0.0,0.0,0.0,0.0,4.3,12.5,0.0,7.5,0.0,0.0,0.0,0.0,17.1,4.6,5.3,8.2,0.0,0.0,0.0,0.0,1,1,1,1,1,1,1,1,1,1,1,1,1,1,1,1,1,1,1,1,1,1,1,1,1,1,1,1,1,1,1.0
2648020,2,01/11/1991,1,75.6,250.7,4.0,13.0,1.0,1,0,1539.7,1,15.3,9.1,25.8,75.6,8.3,0.0,0.0,0.0,0.0,0.0,0.0,29.1,2.5,43.8,17.6,7.2,0.0,7.5,0.0,0.0,0.0,0.0,0.0,0.0,0.0,2.4,6.5,0.0,0.0,0.0,,1,1,1,1,1,1,1,1,1,1,1,1,1,1,1,1,1,1,1,1,1,1,1,1,1,1,1,1,1,1,0.0
2648020,1,01/11/1991,1,75.6,250.7,4.0,13.0,1.0,1,0,1539.7,1,15.3,9.1,25.8,75.6,8.3,0.0,0.0,0.0,0.0,0.0,0.0,29.1,2.5,43.8,17.6,7.2,0.0,7.5,0.0,0.0,0.0,0.0,0.0,0.0,0.0,2.4,6.5,0.0,0.0,0.0,,1,1,1,1,1,1,1,1,1,1,1,1,1,1,1,1,1,1,1,1,1,1,1,1,1,1,1,1,1,1,0.0
2648020,2,01/10/1991,1,40.5,161.8,10.0,14.0,1.0,1,0,1539.7,1,12.4,0.0,2.1,0.0,1.3,32.5,11.7,5.1,9.3,40.5,0.0,0.0,0.0,0.0,0.0,15.3,0.0,0.0,5.3,0.0,0.0,3.2,0.0,0.0,0.0,0.0,4.1,0.0,0.0,7.6,11.4,1,1,1,1,1,1,1,1,1,1,1,1,1,1,1,1,1,1,1,1,1,1,1,1,1,1,1,1,1,1,1.0
2648020,1,01/10/1991,1,40.5,161.8,10.0,14.0,1.0,1,0,1539.7,1,12.4,0.0,2.1,0.0,1.3,32.5,11.7,5.1,9.3,40.5,0.0,0.0,0.0,0.0,0.0,15.3,0.0,0.0,5.3,0.0,0.0,3.2,0.0,0.0,0.0,0.0,4.1,0.0,0.0,7.6,11.4,1,1,1,1,1,1,1,1,1,1,1,1,1,1,1,1,1,1,1,1,1,1,1,1,1,1,1,1,1,1,1.0
2648020,2,01/09/1991,1,14.5,58.4,2.0,8.0,1.0,1,0,1539.7,1,4.3,14.5,0.7,0.0,0.0,0.0,0.0,0.0,0.0,0.0,0.0,0.0,0.0,0.0,0.0,1.4,0.0,0.0,11.5,0.0,0.0,0.0,14.3,0.0,0.0,5.2,6.5,0.0,0.0,0.0,,1,1,1,1,1,1,1,1,1,1,1,1,1,1,1,1,1,1,1,1,1,1,1,1,1,1,1,1,1,1,0.0
2648020,1,01/09/1991,1,14.5,58.4,2.0,8.0,1.0,1,0,1539.7,1,4.3,14.5,0.7,0.0,0.0,0.0,0.0,0.0,0.0,0.0,0.0,0.0,0.0,0.0,0.0,1.4,0.0,0.0,11.5,0.0,0.0,0.0,14.3,0.0,0.0,5.2,6.5,0.0,0.0,0.0,,1,1,1,1,1,1,1,1,1,1,1,1,1,1,1,1,1,1,1,1,1,1,1,1,1,1,1,1,1,1,0.0
2648020,2,01/08/1991,1,46.7,133.9,9.0,9.0,1.0,1,0,1539.7,1,0.0,0.0,0.0,0.0,0.0,7.5,4.7,25.3,46.7,4.2,17.8,12.9,8.1,6.7,0.0,0.0,0.0,0.0,0.0,0.0,0.0,0.0,0.0,0.0,0.0,0.0,0.0,0.0,0.0,0.0,0.0,1,1,1,1,1,1,1,1,1,1,1,1,1,1,1,1,1,1,1,1,1,1,1,1,1,1,1,1,1,1,1.0
2648020,1,01/08/1991,1,46.7,133.9,9.0,9.0,1.0,1,0,1539.7,1,0.0,0.0,0.0,0.0,0.0,7.5,4.7,25.3,46.7,4.2,17.8,12.9,8.1,6.7,0.0,0.0,0.0,0.0,0.0,0.0,0.0,0.0,0.0,0.0,0.0,0.0,0.0,0.0,0.0,0.0,0.0,1,1,1,1,1,1,1,1,1,1,1,1,1,1,1,1,1,1,1,1,1,1,1,1,1,1,1,1,1,1,1.0
2648020,2,01/07/1991,1,21.6,27.2,11.0,2.0,1.0,1,0,1539.7,1,0.0,0.0,0.0,0.0,5.6,0.0,0.0,0.0,0.0,0.0,21.6,0.0,0.0,0.0,0.0,0.0,0.0,0.0,0.0,0.0,0.0,0.0,0.0,0.0,0.0,0.0,0.0,0.0,0.0,0.0,0.0,1,1,1,1,1,1,1,1,1,1,1,1,1,1,1,1,1,1,1,1,1,1,1,1,1,1,1,1,1,1,1.0
2648020,1,01/07/1991,1,21.6,27.2,11.0,2.0,1.0,1,0,1539.7,1,0.0,0.0,0.0,0.0,5.6,0.0,0.0,0.0,0.0,0.0,21.6,0.0,0.0,0.0,0.0,0.0,0.0,0.0,0.0,0.0,0.0,0.0,0.0,0.0,0.0,0.0,0.0,0.0,0.0,0.0,0.0,1,1,1,1,1,1,1,1,1,1,1,1,1,1,1,1,1,1,1,1,1,1,1,1,1,1,1,1,1,1,1.0
2648020,2,01/06/1991,1,81.8,176.3,21.0,8.0,1.0,1,0,1539.7,1,0.0,0.0,0.0,0.0,0.0,0.0,12.3,5.7,0.0,4.5,5.7,0.0,0.0,0.0,0.0,0.0,0.0,0.0,0.0,0.0,81.8,2.3,54.5,0.0,0.0,0.0,0.0,0.0,9.5,0.0,,1,1,1,1,1,1,1,1,1,1,1,1,1,1,1,1,1,1,1,1,1,1,1,1,1,1,1,1,1,1,0.0
2648020,1,01/06/1991,1,81.8,176.3,21.0,8.0,1.0,1,0,1539.7,1,0.0,0.0,0.0,0.0,0.0,0.0,12.3,5.7,0.0,4.5,5.7,0.0,0.0,0.0,0.0,0.0,0.0,0.0,0.0,0.0,81.8,2.3,54.5,0.0,0.0,0.0,0.0,0.0,9.5,0.0,,1,1,1,1,1,1,1,1,1,1,1,1,1,1,1,1,1,1,1,1,1,1,1,1,1,1,1,1,1,1,0.0
2648020,2,01/05/1991,1,31.4,92.1,8.0,6.0,1.0,1,0,1539.7,1,0.0,0.0,0.0,0.0,3.1,0.0,0.0,31.4,0.0,0.0,0.0,0.0,0.0,0.0,28.5,0.0,0.0,0.0,17.4,3.2,0.0,8.5,0.0,0.0,0.0,0.0,0.0,0.0,0.0,0.0,0.0,1,1,1,1,1,1,1,1,1,1,1,1,1,1,1,1,1,1,1,1,1,1,1,1,1,1,1,1,1,1,1.0
2648020,1,01/05/1991,1,31.4,92.1,8.0,6.0,1.0,1,0,1539.7,1,0.0,0.0,0.0,0.0,3.1,0.0,0.0,31.4,0.0,0.0,0.0,0.0,0.0,0.0,28.5,0.0,0.0,0.0,17.4,3.2,0.0,8.5,0.0,0.0,0.0,0.0,0.0,0.0,0.0,0.0,0.0,1,1,1,1,1,1,1,1,1,1,1,1,1,1,1,1,1,1,1,1,1,1,1,1,1,1,1,1,1,1,1.0
2648020,2,01/04/1991,1,29.5,76.4,13.0,4.0,1.0,1,0,1539.7,1,0.0,0.0,3.1,0.0,0.0,0.0,0.0,0.0,0.0,0.0,0.0,0.0,29.5,0.0,0.0,0.0,0.0,28.5,0.0,0.0,0.0,0.0,0.0,0.0,15.3,0.0,0.0,0.0,0.0,0.0,,1,1,1,1,1,1,1,1,1,1,1,1,1,1,1,1,1,1,1,1,1,1,1,1,1,1,1,1,1,1,0.0
2648020,1,01/04/1991,1,29.5,76.4,13.0,4.0,1.0,1,0,1539.7,1,0.0,0.0,3.1,0.0,0.0,0.0,0.0,0.0,0.0,0.0,0.0,0.0,29.5,0.0,0.0,0.0,0.0,28.5,0.0,0.0,0.0,0.0,0.0,0.0,15.3,0.0,0.0,0.0,0.0,0.0,,1,1,1,1,1,1,1,1,1,1,1,1,1,1,1,1,1,1,1,1,1,1,1,1,1,1,1,1,1,1,0.0
2648020,2,01/03/1991,1,38.3,166.1,12.0,13.0,1.0,1,0,1539.7,1,8.3,11.5,9.3,4.1,2.3,5.2,0.0,0.0,0.0,0.0,0.0,38.3,0.0,0.0,0.0,0.0,2.2,0.0,22.5,0.0,0.0,0.0,0.0,0.0,0.0,0.0,2.3,0.0,22.4,33.2,4.5,1,1,1,1,1,1,1,1,1,1,1,1,1,1,1,1,1,1,1,1,1,1,1,1,1,1,1,1,1,1,1.0
2648020,1,01/03/1991,1,38.3,166.1,12.0,13.0,1.0,1,0,1539.7,1,8.3,11.5,9.3,4.1,2.3,5.2,0.0,0.0,0.0,0.0,0.0,38.3,0.0,0.0,0.0,0.0,2.2,0.0,22.5,0.0,0.0,0.0,0.0,0.0,0.0,0.0,2.3,0.0,22.4,33.2,4.5,1,1,1,1,1,1,1,1,1,1,1,1,1,1,1,1,1,1,1,1,1,1,1,1,1,1,1,1,1,1,1.0
2648020,2,01/02/1991,1,29.8,115.2,3.0,8.0,1.0,1,0,1539.7,1,0.0,0.0,29.8,14.7,0.0,0.0,0.0,7.5,0.0,11.7,0.0,0.0,12.1,3.2,0.0,0.0,13.8,22.4,0.0,0.0,0.0,0.0,0.0,0.0,0.0,0.0,0.0,0.0,,,,1,1,1,1,1,1,1,1,1,1,1,1,1,1,1,1,1,1,1,1,1,1,1,1,1,1,1,1,0,0,0.0
2648020,1,01/02/1991,1,29.8,115.2,3.0,8.0,1.0,1,0,1539.7,1,0.0,0.0,29.8,14.7,0.0,0.0,0.0,7.5,0.0,11.7,0.0,0.0,12.1,3.2,0.0,0.0,13.8,22.4,0.0,0.0,0.0,0.0,0.0,0.0,0.0,0.0,0.0,0.0,,,,1,1,1,1,1,1,1,1,1,1,1,1,1,1,1,1,1,1,1,1,1,1,1,1,1,1,1,1,0,0,0.0
2648020,2,01/01/1991,1,97.8,169.3,26.0,10.0,1.0,1,0,1539.7,1,0.0,0.0,0.0,0.0,0.0,0.0,4.3,0.0,0.0,5.3,0.0,0.0,0.0,0.0,2.2,5.3,0.0,0.0,0.0,0.0,0.0,0.0,3.5,0.0,7.3,97.8,27.6,1.8,0.0,14.2,0.0,1,1,1,1,1,1,1,1,1,1,1,1,1,1,1,1,1,1,1,1,1,1,1,1,1,1,1,1,1,1,1.0
2648020,1,01/01/1991,1,97.8,169.3,26.0,10.0,1.0,1,0,1539.7,1,0.0,0.0,0.0,0.0,0.0,0.0,4.3,0.0,0.0,5.3,0.0,0.0,0.0,0.0,2.2,5.3,0.0,0.0,0.0,0.0,0.0,0.0,3.5,0.0,7.3,97.8,27.6,1.8,0.0,14.2,0.0,1,1,1,1,1,1,1,1,1,1,1,1,1,1,1,1,1,1,1,1,1,1,1,1,1,1,1,1,1,1,1.0
2648020,2,01/12/1990,1,,208.0,,,0.0,2,0,2307.2,2,,,,,,,,,,,,,,,,,,,,,,,,,,,,,,,,0,0,0,0,0,0,0,0,0,0,0,0,0,0,0,0,0,0,0,0,0,0,0,0,0,0,0,0,0,0,0.0
2648020,2,01/11/1990,1,,162.0,,,0.0,2,0,2307.2,2,,,,,,,,,,,,,,,,,,,,,,,,,,,,,,,,0,0,0,0,0,0,0,0,0,0,0,0,0,0,0,0,0,0,0,0,0,0,0,0,0,0,0,0,0,0,0.0
2648020,2,01/10/1990,1,41.3,200.9,10.0,11.0,1.0,1,0,2307.2,2,0.0,18.5,0.0,0.0,0.0,0.0,0.0,0.0,2.4,41.3,0.0,15.3,11.1,9.5,32.2,0.0,0.0,34.5,23.3,0.0,0.0,0.0,0.0,0.0,8.3,0.0,0.0,4.5,0.0,0.0,0.0,1,1,1,1,1,1,1,1,1,1,1,1,1,1,1,1,1,1,1,1,1,1,1,1,1,1,1,1,1,1,1.0
2648020,1,01/10/1990,1,41.3,200.9,10.0,11.0,1.0,1,0,,0,0.0,18.5,0.0,0.0,0.0,0.0,0.0,0.0,2.4,41.3,0.0,15.3,11.1,9.5,32.2,0.0,0.0,34.5,23.3,0.0,0.0,0.0,0.0,0.0,8.3,0.0,0.0,4.5,0.0,0.0,0.0,1,1,1,1,1,1,1,1,1,1,1,1,1,1,1,1,1,1,1,1,1,1,1,1,1,1,1,1,1,1,1.0
2648020,2,01/09/1990,1,39.5,176.1,13.0,15.0,1.0,1,0,2307.2,2,14.5,3.1,6.4,31.8,0.0,0.0,14.7,18.2,0.0,0.0,0.0,0.0,39.5,0.0,0.0,0.0,0.0,0.0,0.0,0.0,14.3,3.7,2.6,5.2,0.0,4.5,3.3,0.0,9.6,4.7,,1,1,1,1,1,1,1,1,1,1,1,1,1,1,1,1,1,1,1,1,1,1,1,1,1,1,1,1,1,1,0.0
2648020,1,01/09/1990,1,39.5,176.1,13.0,15.0,1.0,1,0,,0,14.5,3.1,6.4,31.8,0.0,0.0,14.7,18.2,0.0,0.0,0.0,0.0,39.5,0.0,0.0,0.0,0.0,0.0,0.0,0.0,14.3,3.7,2.6,5.2,0.0,4.5,3.3,0.0,9.6,4.7,,1,1,1,1,1,1,1,1,1,1,1,1,1,1,1,1,1,1,1,1,1,1,1,1,1,1,1,1,1,1,0.0
2648020,2,01/08/1990,1,66.7,195.4,20.0,8.0,1.0,1,0,2307.2,2,0.0,0.0,0.0,0.0,0.0,0.0,0.0,0.0,0.0,0.0,0.0,0.0,0.0,0.0,0.0,12.3,27.5,0.0,35.6,66.7,0.0,0.0,0.0,6.5,5.3,6.1,35.4,0.0,0.0,0.0,0.0,1,1,1,1,1,1,1,1,1,1,1,1,1,1,1,1,1,1,1,1,1,1,1,1,1,1,1,1,1,1,1.0
2648020,1,01/08/1990,1,66.7,195.4,20.0,8.0,1.0,1,0,,0,0.0,0.0,0.0,0.0,0.0,0.0,0.0,0.0,0.0,0.0,0.0,0.0,0.0,0.0,0.0,12.3,27.5,0.0,35.6,66.7,0.0,0.0,0.0,6.5,5.3,6.1,35.4,0.0,0.0,0.0,0.0,1,1,1,1,1,1,1,1,1,1,1,1,1,1,1,1,1,1,1,1,1,1,1,1,1,1,1,1,1,1,1.0
2648020,2,01/07/1990,1,42.3,244.2,21.0,13.0,1.0,1,0,2307.2,2,0.0,0.0,0.0,27.4,24.5,0.0,1.8,0.0,0.0,0.0,0.0,0.0,0.0,0.0,0.0,8.7,7.5,15.3,35.6,38.9,42.3,1.1,0.0,21.2,0.0,0.0,4.6,15.3,0.0,0.0,0.0,1,1,1,1,1,1,1,1,1,1,1,1,1,1,1,1,1,1,1,1,1,1,1,1,1,1,1,1,1,1,1.0
2648020,1,01/07/1990,1,42.3,244.2,21.0,13.0,1.0,1,0,,0,0.0,0.0,0.0,27.4,24.5,0.0,1.8,0.0,0.0,0.0,0.0,0.0,0.0,0.0,0.0,8.7,7.5,15.3,35.6,38.9,42.3,1.1,0.0,21.2,0.0,0.0,4.6,15.3,0.0,0.0,0.0,1,1,1,1,1,1,1,1,1,1,1,1,1,1,1,1,1,1,1,1,1,1,1,1,1,1,1,1,1,1,1.0
2648020,2,01/06/1990,1,52.3,158.8,3.0,8.0,1.0,1,0,2307.2,2,22.4,18.3,52.3,0.0,1.4,26.5,0.0,0.0,0.0,0.0,0.0,0.0,0.0,0.0,5.7,0.0,0.0,0.0,0.0,0.0,23.5,0.0,0.0,0.0,0.0,8.7,0.0,0.0,0.0,0.0,,1,1,1,1,1,1,1,1,1,1,1,1,1,1,1,1,1,1,1,1,1,1,1,1,1,1,1,1,1,1,0.0
2648020,1,01/06/1990,1,52.3,158.8,3.0,8.0,1.0,1,0,,0,22.4,18.3,52.3,0.0,1.4,26.5,0.0,0.0,0.0,0.0,0.0,0.0,0.0,0.0,5.7,0.0,0.0,0.0,0.0,0.0,23.5,0.0,0.0,0.0,0.0,8.7,0.0,0.0,0.0,0.0,,1,1,1,1,1,1,1,1,1,1,1,1,1,1,1,1,1,1,1,1,1,1,1,1,1,1,1,1,1,1,0.0
2648020,2,01/05/1990,1,25.5,48.0,17.0,5.0,1.0,1,0,2307.2,2,0.0,0.0,0.0,0.0,0.0,0.0,0.0,0.0,0.0,0.0,4.5,0.0,0.0,0.0,0.0,0.0,25.5,6.3,0.0,0.0,0.0,0.0,0.0,0.0,0.0,0.0,0.0,0.0,8.4,3.3,0.0,1,1,1,1,1,1,1,1,1,1,1,1,1,1,1,1,1,1,1,1,1,1,1,1,1,1,1,1,1,1,1.0
2648020,1,01/05/1990,1,25.5,48.0,17.0,5.0,1.0,1,0,,0,0.0,0.0,0.0,0.0,0.0,0.0,0.0,0.0,0.0,0.0,4.5,0.0,0.0,0.0,0.0,0.0,25.5,6.3,0.0,0.0,0.0,0.0,0.0,0.0,0.0,0.0,0.0,0.0,8.4,3.3,0.0,1,1,1,1,1,1,1,1,1,1,1,1,1,1,1,1,1,1,1,1,1,1,1,1,1,1,1,1,1,1,1.0
2648020,2,01/04/1990,1,34.5,174.4,7.0,13.0,1.0,1,0,2307.2,2,0.0,0.0,22.3,0.0,3.4,0.0,34.5,8.3,4.5,0.0,0.0,0.0,0.0,0.0,0.0,0.0,0.0,0.0,3.1,11.2,2.4,5.6,4.1,0.0,0.0,0.0,0.0,33.4,32.1,9.5,,1,1,1,1,1,1,1,1,1,1,1,1,1,1,1,1,1,1,1,1,1,1,1,1,1,1,1,1,1,1,0.0
2648020,1,01/04/1990,1,34.5,174.4,7.0,13.0,1.0,1,0,,0,0.0,0.0,22.3,0.0,3.4,0.0,34.5,8.3,4.5,0.0,0.0,0.0,0.0,0.0,0.0,0.0,0.0,0.0,3.1,11.2,2.4,5.6,4.1,0.0,0.0,0.0,0.0,33.4,32.1,9.5,,1,1,1,1,1,1,1,1,1,1,1,1,1,1,1,1,1,1,1,1,1,1,1,1,1,1,1,1,1,1,0.0
2648020,2,01/03/1990,1,35.6,196.6,10.0,14.0,1.0,1,0,2307.2,2,0.0,0.0,18.2,2.2,0.0,28.1,0.0,0.0,0.0,35.6,0.0,0.0,0.0,21.3,3.1,5.4,7.6,5.2,0.0,0.0,0.0,0.0,16.1,6.7,0.0,0.0,0.0,17.3,1.6,28.2,0.0,1,1,1,1,1,1,1,1,1,1,1,1,1,1,1,1,1,1,1,1,1,1,1,1,1,1,1,1,1,1,1.0
2648020,1,01/03/1990,1,35.6,196.6,10.0,14.0,1.0,1,0,,0,0.0,0.0,18.2,2.2,0.0,28.1,0.0,0.0,0.0,35.6,0.0,0.0,0.0,21.3,3.1,5.4,7.6,5.2,0.0,0.0,0.0,0.0,16.1,6.7,0.0,0.0,0.0,17.3,1.6,28.2,0.0,1,1,1,1,1,1,1,1,1,1,1,1,1,1,1,1,1,1,1,1,1,1,1,1,1,1,1,1,1,1,1.0
2648020,2,01/02/1990,1,34.5,143.5,24.0,10.0,1.0,1,0,2307.2,2,0.0,0.0,0.0,0.0,0.0,0.0,0.0,0.0,0.0,14.5,33.5,0.0,0.5,4.6,0.0,2.3,0.0,0.0,0.0,0.0,0.0,16.9,7.7,34.5,5.6,23.4,0.0,0.0,,,,1,1,1,1,1,1,1,1,1,1,1,1,1,1,1,1,1,1,1,1,1,1,1,1,1,1,1,1,0,0,0.0
2648020,1,01/02/1990,1,34.5,143.5,24.0,10.0,1.0,1,0,,0,0.0,0.0,0.0,0.0,0.0,0.0,0.0,0.0,0.0,14.5,33.5,0.0,0.5,4.6,0.0,2.3,0.0,0.0,0.0,0.0,0.0,16.9,7.7,34.5,5.6,23.4,0.0,0.0,,,,1,1,1,1,1,1,1,1,1,1,1,1,1,1,1,1,1,1,1,1,1,1,1,1,1,1,1,1,0,0,0.0
2648020,2,01/01/1990,1,62.3,399.3,7.0,24.0,1.0,1,0,2307.2,2,33.7,42.3,16.8,0.5,0.0,51.5,62.3,31.2,12.7,13.1,26.9,3.5,3.3,2.1,5.5,3.4,13.1,11.5,19.3,1.2,18.5,13.7,5.2,0.0,0.0,7.5,0.5,0.0,0.0,0.0,0.0,1,1,1,1,1,1,1,1,1,1,1,1,1,1,1,1,1,1,1,1,1,1,1,1,1,1,1,1,1,1,1.0
2648020,1,01/01/1990,1,62.3,399.3,7.0,24.0,1.0,1,0,,0,33.7,42.3,16.8,0.5,0.0,51.5,62.3,31.2,12.7,13.1,26.9,3.5,3.3,2.1,5.5,3.4,13.1,11.5,19.3,1.2,18.5,13.7,5.2,0.0,0.0,7.5,0.5,0.0,0.0,0.0,0.0,1,1,1,1,1,1,1,1,1,1,1,1,1,1,1,1,1,1,1,1,1,1,1,1,1,1,1,1,1,1,1.0
2648020,2,01/12/1989,1,35.6,158.3,28.0,16.0,1.0,1,0,1999.5,1,0.5,1.3,0.0,0.0,0.0,0.0,0.0,2.1,1.4,0.0,3.2,3.4,0.0,0.0,2.3,8.5,0.0,3.4,33.5,3.2,0.0,0.0,0.0,0.0,0.0,3.1,23.9,35.6,27.8,5.1,0.0,1,1,1,1,1,1,1,1,1,1,1,1,1,1,1,1,1,1,1,1,1,1,1,1,1,1,1,1,1,1,1.0
2648020,1,01/12/1989,1,35.6,158.3,28.0,16.0,1.0,1,0,1999.5,1,0.5,1.3,0.0,0.0,0.0,0.0,0.0,2.1,1.4,0.0,3.2,3.4,0.0,0.0,2.3,8.5,0.0,3.4,33.5,3.2,0.0,0.0,0.0,0.0,0.0,3.1,23.9,35.6,27.8,5.1,0.0,1,1,1,1,1,1,1,1,1,1,1,1,1,1,1,1,1,1,1,1,1,1,1,1,1,1,1,1,1,1,1.0
2648020,2,01/11/1989,1,33.7,96.3,21.0,9.0,1.0,1,0,1999.5,1,0.0,0.0,0.0,0.0,0.0,0.0,0.0,0.0,0.0,3.1,2.5,5.6,0.0,0.0,0.0,0.0,0.0,0.0,0.0,0.0,33.7,0.0,0.0,0.0,9.3,1.4,0.0,22.5,14.8,3.4,,1,1,1,1,1,1,1,1,1,1,1,1,1,1,1,1,1,1,1,1,1,1,1,1,1,1,1,1,1,1,0.0
2648020,1,01/11/1989,1,33.7,96.3,21.0,9.0,1.0,1,0,1999.5,1,0.0,0.0,0.0,0.0,0.0,0.0,0.0,0.0,0.0,3.1,2.5,5.6,0.0,0.0,0.0,0.0,0.0,0.0,0.0,0.0,33.7,0.0,0.0,0.0,9.3,1.4,0.0,22.5,14.8,3.4,,1,1,1,1,1,1,1,1,1,1,1,1,1,1,1,1,1,1,1,1,1,1,1,1,1,1,1,1,1,1,0.0
2648020,2,01/10/1989,1,19.5,92.3,26.0,9.0,1.0,1,0,1999.5,1,0.0,0.0,0.0,8.4,0.0,0.0,0.0,4.6,0.0,7.5,18.3,4.1,0.0,0.0,0.0,0.0,8.5,0.0,0.0,3.1,0.0,0.0,0.0,0.0,0.0,19.5,18.3,0.0,0.0,0.0,0.0,1,1,1,1,1,1,1,1,1,1,1,1,1,1,1,1,1,1,1,1,1,1,1,1,1,1,1,1,1,1,1.0
2648020,1,01/10/1989,1,19.5,92.3,26.0,9.0,1.0,1,0,1999.5,1,0.0,0.0,0.0,8.4,0.0,0.0,0.0,4.6,0.0,7.5,18.3,4.1,0.0,0.0,0.0,0.0,8.5,0.0,0.0,3.1,0.0,0.0,0.0,0.0,0.0,19.5,18.3,0.0,0.0,0.0,0.0,1,1,1,1,1,1,1,1,1,1,1,1,1,1,1,1,1,1,1,1,1,1,1,1,1,1,1,1,1,1,1.0
2648020,2,01/09/1989,1,53.7,201.2,9.0,15.0,1.0,1,0,1999.5,1,3.5,0.0,0.0,2.3,0.0,0.0,5.1,10.0,53.7,0.0,2.1,45.3,22.5,9.6,0.0,0.0,0.0,0.0,0.0,0.0,0.0,0.0,0.0,7.6,26.3,1.4,2.2,4.5,0.0,5.1,,1,1,1,1,1,1,1,1,1,1,1,1,1,1,1,1,1,1,1,1,1,1,1,1,1,1,1,1,1,1,0.0
2648020,1,01/09/1989,1,53.7,201.2,9.0,15.0,1.0,1,0,1999.5,1,3.5,0.0,0.0,2.3,0.0,0.0,5.1,10.0,53.7,0.0,2.1,45.3,22.5,9.6,0.0,0.0,0.0,0.0,0.0,0.0,0.0,0.0,0.0,7.6,26.3,1.4,2.2,4.5,0.0,5.1,,1,1,1,1,1,1,1,1,1,1,1,1,1,1,1,1,1,1,1,1,1,1,1,1,1,1,1,1,1,1,0.0
2648020,2,01/08/1989,1,13.3,37.7,25.0,6.0,1.0,1,0,1999.5,1,0.0,0.0,0.0,0.0,3.4,0.0,0.0,0.0,0.0,0.0,0.0,0.0,0.0,0.0,0.0,0.0,0.0,0.0,0.0,0.0,0.0,3.5,12.6,0.0,13.3,0.0,3.4,0.0,1.5,0.0,0.0,1,1,1,1,1,1,1,1,1,1,1,1,1,1,1,1,1,1,1,1,1,1,1,1,1,1,1,1,1,1,1.0
2648020,1,01/08/1989,1,13.3,37.7,25.0,6.0,1.0,1,0,1999.5,1,0.0,0.0,0.0,0.0,3.4,0.0,0.0,0.0,0.0,0.0,0.0,0.0,0.0,0.0,0.0,0.0,0.0,0.0,0.0,0.0,0.0,3.5,12.6,0.0,13.3,0.0,3.4,0.0,1.5,0.0,0.0,1,1,1,1,1,1,1,1,1,1,1,1,1,1,1,1,1,1,1,1,1,1,1,1,1,1,1,1,1,1,1.0
2648020,2,01/07/1989,1,34.5,112.9,30.0,8.0,1.0,1,0,1999.5,1,0.0,0.0,9.1,0.0,0.0,8.4,0.0,0.0,0.0,0.0,0.0,0.0,0.0,0.0,0.0,0.0,0.0,0.0,0.0,0.0,0.0,0.0,2.1,0.0,3.4,13.5,14.3,27.6,0.0,34.5,0.0,1,1,1,1,1,1,1,1,1,1,1,1,1,1,1,1,1,1,1,1,1,1,1,1,1,1,1,1,1,1,1.0
2648020,1,01/07/1989,1,34.5,112.9,30.0,8.0,1.0,1,0,1999.5,1,0.0,0.0,9.1,0.0,0.0,8.4,0.0,0.0,0.0,0.0,0.0,0.0,0.0,0.0,0.0,0.0,0.0,0.0,0.0,0.0,0.0,0.0,2.1,0.0,3.4,13.5,14.3,27.6,0.0,34.5,0.0,1,1,1,1,1,1,1,1,1,1,1,1,1,1,1,1,1,1,1,1,1,1,1,1,1,1,1,1,1,1,1.0
2648020,2,01/06/1989,1,13.5,49.0,25.0,8.0,1.0,1,0,1999.5,1,0.0,0.0,0.0,3.4,0.0,0.0,0.0,5.6,0.0,0.0,0.0,0.0,9.5,3.1,5.3,0.0,0.0,0.0,0.0,0.0,0.0,0.0,0.0,0.0,13.5,4.5,0.0,4.1,0.0,0.0,,1,1,1,1,1,1,1,1,1,1,1,1,1,1,1,1,1,1,1,1,1,1,1,1,1,1,1,1,1,1,0.0
2648020,1,01/06/1989,1,13.5,49.0,25.0,8.0,1.0,1,0,1999.5,1,0.0,0.0,0.0,3.4,0.0,0.0,0.0,5.6,0.0,0.0,0.0,0.0,9.5,3.1,5.3,0.0,0.0,0.0,0.0,0.0,0.0,0.0,0.0,0.0,13.5,4.5,0.0,4.1,0.0,0.0,,1,1,1,1,1,1,1,1,1,1,1,1,1,1,1,1,1,1,1,1,1,1,1,1,1,1,1,1,1,1,0.0
2648020,2,01/05/1989,1,31.5,111.4,6.0,11.0,1.0,1,0,1999.5,1,5.6,3.3,4.1,27.1,24.5,31.5,0.0,0.0,6.1,3.1,0.0,0.0,0.0,0.5,0.0,0.0,0.0,0.0,0.0,0.0,0.0,0.0,0.0,0.0,1.5,4.1,0.0,0.0,0.0,0.0,0.0,1,1,1,1,1,1,1,1,1,1,1,1,1,1,1,1,1,1,1,1,1,1,1,1,1,1,1,1,1,1,1.0
2648020,1,01/05/1989,1,31.5,111.4,6.0,11.0,1.0,1,0,1999.5,1,5.6,3.3,4.1,27.1,24.5,31.5,0.0,0.0,6.1,3.1,0.0,0.0,0.0,0.5,0.0,0.0,0.0,0.0,0.0,0.0,0.0,0.0,0.0,0.0,1.5,4.1,0.0,0.0,0.0,0.0,0.0,1,1,1,1,1,1,1,1,1,1,1,1,1,1,1,1,1,1,1,1,1,1,1,1,1,1,1,1,1,1,1.0
2648020,2,01/04/1989,1,28.5,134.2,12.0,11.0,1.0,1,0,1999.5,1,0.0,21.5,0.0,0.0,3.6,25.4,6.7,7.1,0.0,0.0,0.0,28.5,0.0,0.0,0.0,0.0,0.0,0.0,3.1,0.0,0.0,0.0,0.0,4.5,0.0,0.0,0.0,7.8,15.5,10.5,,1,1,1,1,1,1,1,1,1,1,1,1,1,1,1,1,1,1,1,1,1,1,1,1,1,1,1,1,1,1,0.0
2648020,1,01/04/1989,1,28.5,134.2,12.0,11.0,1.0,1,0,1999.5,1,0.0,21.5,0.0,0.0,3.6,25.4,6.7,7.1,0.0,0.0,0.0,28.5,0.0,0.0,0.0,0.0,0.0,0.0,3.1,0.0,0.0,0.0,0.0,4.5,0.0,0.0,0.0,7.8,15.5,10.5,,1,1,1,1,1,1,1,1,1,1,1,1,1,1,1,1,1,1,1,1,1,1,1,1,1,1,1,1,1,1,0.0
2648020,2,01/03/1989,1,75.6,317.1,20.0,16.0,1.0,1,0,1999.5,1,44.5,1.3,19.1,0.0,2.7,0.0,0.0,0.0,0.0,2.3,0.0,3.1,0.0,0.0,16.8,0.0,0.0,0.0,9.8,75.6,43.3,40.1,0.0,11.2,0.0,18.8,7.3,0.0,2.1,0.0,19.1,1,1,1,1,1,1,1,1,1,1,1,1,1,1,1,1,1,1,1,1,1,1,1,1,1,1,1,1,1,1,1.0
2648020,1,01/03/1989,1,75.6,317.1,20.0,16.0,1.0,1,0,1999.5,1,44.5,1.3,19.1,0.0,2.7,0.0,0.0,0.0,0.0,2.3,0.0,3.1,0.0,0.0,16.8,0.0,0.0,0.0,9.8,75.6,43.3,40.1,0.0,11.2,0.0,18.8,7.3,0.0,2.1,0.0,19.1,1,1,1,1,1,1,1,1,1,1,1,1,1,1,1,1,1,1,1,1,1,1,1,1,1,1,1,1,1,1,1.0
2648020,2,01/02/1989,1,175.5,333.5,23.0,13.0,1.0,1,0,1999.5,1,0.0,36.5,0.0,0.0,0.0,0.0,0.0,0.0,0.0,0.0,1.2,13.1,14.3,1.1,2.7,0.0,24.7,0.0,0.0,0.0,3.1,0.0,175.5,18.6,36.3,0.0,2.1,4.3,,,,1,1,1,1,1,1,1,1,1,1,1,1,1,1,1,1,1,1,1,1,1,1,1,1,1,1,1,1,0,0,0.0
2648020,1,01/02/1989,1,175.5,333.5,23.0,13.0,1.0,1,0,1999.5,1,0.0,36.5,0.0,0.0,0.0,0.0,0.0,0.0,0.0,0.0,1.2,13.1,14.3,1.1,2.7,0.0,24.7,0.0,0.0,0.0,3.1,0.0,175.5,18.6,36.3,0.0,2.1,4.3,,,,1,1,1,1,1,1,1,1,1,1,1,1,1,1,1,1,1,1,1,1,1,1,1,1,1,1,1,1,0,0,0.0
2648020,2,01/01/1989,1,104.3,355.6,5.0,23.0,1.0,1,0,1999.5,1,17.3,7.8,3.1,1.2,104.3,48.1,0.0,7.7,37.1,8.3,6.7,3.2,7.1,2.4,1.2,9.2,0.0,0.0,0.0,0.0,3.3,5.5,7.7,11.7,6.6,26.7,4.1,25.3,0.0,0.0,0.0,1,1,1,1,1,1,1,1,1,1,1,1,1,1,1,1,1,1,1,1,1,1,1,1,1,1,1,1,1,1,1.0
2648020,1,01/01/1989,1,104.3,355.6,5.0,23.0,1.0,1,0,1999.5,1,17.3,7.8,3.1,1.2,104.3,48.1,0.0,7.7,37.1,8.3,6.7,3.2,7.1,2.4,1.2,9.2,0.0,0.0,0.0,0.0,3.3,5.5,7.7,11.7,6.6,26.7,4.1,25.3,0.0,0.0,0.0,1,1,1,1,1,1,1,1,1,1,1,1,1,1,1,1,1,1,1,1,1,1,1,1,1,1,1,1,1,1,1.0
2648020,2,01/12/1988,1,49.5,174.2,20.0,12.0,1.0,1,0,1548.9,1,0.0,7.8,0.0,0.0,0.0,0.0,0.0,0.0,0.0,0.0,4.5,0.0,0.0,3.4,0.0,0.0,0.0,0.0,2.1,49.5,0.0,5.1,0.0,0.0,19.1,4.6,0.0,7.3,37.9,23.4,9.5,1,1,1,1,1,1,1,1,1,1,1,1,1,1,1,1,1,1,1,1,1,1,1,1,1,1,1,1,1,1,1.0
2648020,1,01/12/1988,1,49.5,174.2,20.0,12.0,1.0,1,0,1548.9,1,0.0,7.8,0.0,0.0,0.0,0.0,0.0,0.0,0.0,0.0,4.5,0.0,0.0,3.4,0.0,0.0,0.0,0.0,2.1,49.5,0.0,5.1,0.0,0.0,19.1,4.6,0.0,7.3,37.9,23.4,9.5,1,1,1,1,1,1,1,1,1,1,1,1,1,1,1,1,1,1,1,1,1,1,1,1,1,1,1,1,1,1,1.0
2648020,2,01/11/1988,1,21.5,48.6,13.0,4.0,1.0,1,0,1548.9,1,0.0,0.0,0.0,0.0,0.0,0.0,0.0,0.0,0.0,3.1,0.0,0.0,21.5,0.0,0.0,0.0,0.0,0.0,0.0,0.0,0.0,17.3,0.0,0.0,0.0,0.0,6.7,0.0,0.0,0.0,,1,1,1,1,1,1,1,1,1,1,1,1,1,1,1,1,1,1,1,1,1,1,1,1,1,1,1,1,1,1,0.0
2648020,1,01/11/1988,1,21.5,48.6,13.0,4.0,1.0,1,0,1548.9,1,0.0,0.0,0.0,0.0,0.0,0.0,0.0,0.0,0.0,3.1,0.0,0.0,21.5,0.0,0.0,0.0,0.0,0.0,0.0,0.0,0.0,17.3,0.0,0.0,0.0,0.0,6.7,0.0,0.0,0.0,,1,1,1,1,1,1,1,1,1,1,1,1,1,1,1,1,1,1,1,1,1,1,1,1,1,1,1,1,1,1,0.0
2648020,2,01/10/1988,1,49.5,175.8,11.0,12.0,1.0,1,0,1548.9,1,0.0,1.6,2.1,17.3,0.0,0.0,0.0,0.0,0.0,7.5,49.5,0.0,12.6,0.0,0.0,0.0,0.0,6.3,8.1,12.3,0.0,0.0,19.3,1.5,0.0,37.7,0.0,0.0,0.0,0.0,0.0,1,1,1,1,1,1,1,1,1,1,1,1,1,1,1,1,1,1,1,1,1,1,1,1,1,1,1,1,1,1,1.0
2648020,1,01/10/1988,1,49.5,175.8,11.0,12.0,1.0,1,0,1548.9,1,0.0,1.6,2.1,17.3,0.0,0.0,0.0,0.0,0.0,7.5,49.5,0.0,12.6,0.0,0.0,0.0,0.0,6.3,8.1,12.3,0.0,0.0,19.3,1.5,0.0,37.7,0.0,0.0,0.0,0.0,0.0,1,1,1,1,1,1,1,1,1,1,1,1,1,1,1,1,1,1,1,1,1,1,1,1,1,1,1,1,1,1,1.0
2648020,2,01/09/1988,1,72.5,235.2,18.0,11.0,1.0,1,0,1548.9,1,0.0,1.3,0.0,1.2,0.0,0.0,0.0,0.0,0.0,0.0,0.0,2.1,0.0,47.1,0.0,0.0,18.5,72.5,11.3,1.9,24.7,38.5,0.0,0.0,0.0,0.0,0.0,16.1,0.0,0.0,,1,1,1,1,1,1,1,1,1,1,1,1,1,1,1,1,1,1,1,1,1,1,1,1,1,1,1,1,1,1,0.0
2648020,1,01/09/1988,1,72.5,235.2,18.0,11.0,1.0,1,0,1548.9,1,0.0,1.3,0.0,1.2,0.0,0.0,0.0,0.0,0.0,0.0,0.0,2.1,0.0,47.1,0.0,0.0,18.5,72.5,11.3,1.9,24.7,38.5,0.0,0.0,0.0,0.0,0.0,16.1,0.0,0.0,,1,1,1,1,1,1,1,1,1,1,1,1,1,1,1,1,1,1,1,1,1,1,1,1,1,1,1,1,1,1,0.0
2648020,2,01/08/1988,1,5.4,21.5,21.0,6.0,1.0,1,0,1548.9,1,0.0,0.0,0.0,0.0,0.0,0.0,0.0,0.0,0.0,0.0,0.0,0.0,2.3,0.0,0.0,0.0,0.0,3.5,4.6,0.0,5.4,0.0,0.0,0.0,0.0,0.0,3.1,2.6,0.0,0.0,0.0,1,1,1,1,1,1,1,1,1,1,1,1,1,1,1,1,1,1,1,1,1,1,1,1,1,1,1,1,1,1,1.0
2648020,1,01/08/1988,1,5.4,21.5,21.0,6.0,1.0,1,0,1548.9,1,0.0,0.0,0.0,0.0,0.0,0.0,0.0,0.0,0.0,0.0,0.0,0.0,2.3,0.0,0.0,0.0,0.0,3.5,4.6,0.0,5.4,0.0,0.0,0.0,0.0,0.0,3.1,2.6,0.0,0.0,0.0,1,1,1,1,1,1,1,1,1,1,1,1,1,1,1,1,1,1,1,1,1,1,1,1,1,1,1,1,1,1,1.0
2648020,2,01/07/1988,1,3.4,9.7,31.0,4.0,1.0,1,0,1548.9,1,0.0,0.0,0.0,0.0,0.0,0.0,0.0,0.0,0.0,2.1,1.9,0.0,0.0,0.0,0.0,0.0,0.0,0.0,0.0,0.0,0.0,0.0,0.0,2.3,0.0,0.0,0.0,0.0,0.0,0.0,3.4,1,1,1,1,1,1,1,1,1,1,1,1,1,1,1,1,1,1,1,1,1,1,1,1,1,1,1,1,1,1,1.0
2648020,1,01/07/1988,1,3.4,9.7,31.0,4.0,1.0,1,0,1548.9,1,0.0,0.0,0.0,0.0,0.0,0.0,0.0,0.0,0.0,2.1,1.9,0.0,0.0,0.0,0.0,0.0,0.0,0.0,0.0,0.0,0.0,0.0,0.0,2.3,0.0,0.0,0.0,0.0,0.0,0.0,3.4,1,1,1,1,1,1,1,1,1,1,1,1,1,1,1,1,1,1,1,1,1,1,1,1,1,1,1,1,1,1,1.0
2648020,2,01/06/1988,1,21.3,82.7,20.0,9.0,1.0,1,0,1548.9,1,0.0,0.0,0.0,13.5,0.0,0.0,0.0,0.0,0.0,5.1,2.5,0.0,8.3,5.9,0.0,0.0,0.0,0.0,2.2,21.3,0.0,5.6,0.0,18.3,0.0,0.0,0.0,0.0,0.0,0.0,,1,1,1,1,1,1,1,1,1,1,1,1,1,1,1,1,1,1,1,1,1,1,1,1,1,1,1,1,1,1,0.0
2648020,1,01/06/1988,1,21.3,82.7,20.0,9.0,1.0,1,0,1548.9,1,0.0,0.0,0.0,13.5,0.0,0.0,0.0,0.0,0.0,5.1,2.5,0.0,8.3,5.9,0.0,0.0,0.0,0.0,2.2,21.3,0.0,5.6,0.0,18.3,0.0,0.0,0.0,0.0,0.0,0.0,,1,1,1,1,1,1,1,1,1,1,1,1,1,1,1,1,1,1,1,1,1,1,1,1,1,1,1,1,1,1,0.0
2648020,2,01/05/1988,1,42.5,279.8,8.0,17.0,1.0,1,0,1548.9,1,2.1,7.4,24.3,30.1,14.7,3.4,7.7,42.5,0.0,0.0,0.0,0.0,6.3,14.2,0.0,0.0,24.3,0.0,0.0,0.0,23.3,7.7,38.5,15.3,0.0,0.0,0.0,0.0,0.0,10.0,8.0,1,1,1,1,1,1,1,1,1,1,1,1,1,1,1,1,1,1,1,1,1,1,1,1,1,1,1,1,1,1,1.0
2648020,1,01/05/1988,1,42.5,279.8,8.0,17.0,1.0,1,0,1548.9,1,2.1,7.4,24.3,30.1,14.7,3.4,7.7,42.5,0.0,0.0,0.0,0.0,6.3,14.2,0.0,0.0,24.3,0.0,0.0,0.0,23.3,7.7,38.5,15.3,0.0,0.0,0.0,0.0,0.0,10.0,8.0,1,1,1,1,1,1,1,1,1,1,1,1,1,1,1,1,1,1,1,1,1,1,1,1,1,1,1,1,1,1,1.0
2648020,2,01/04/1988,1,14.5,72.8,13.0,15.0,1.0,1,0,1548.9,1,4.6,0.0,0.0,0.0,3.4,0.0,4.1,0.0,0.0,0.0,0.0,0.0,14.5,4.7,0.0,6.7,2.3,0.0,0.0,3.3,7.8,0.0,6.1,2.5,4.3,0.0,0.0,2.3,4.5,1.7,,1,1,1,1,1,1,1,1,1,1,1,1,1,1,1,1,1,1,1,1,1,1,1,1,1,1,1,1,1,1,0.0
2648020,1,01/04/1988,1,14.5,72.8,13.0,15.0,1.0,1,0,1548.9,1,4.6,0.0,0.0,0.0,3.4,0.0,4.1,0.0,0.0,0.0,0.0,0.0,14.5,4.7,0.0,6.7,2.3,0.0,0.0,3.3,7.8,0.0,6.1,2.5,4.3,0.0,0.0,2.3,4.5,1.7,,1,1,1,1,1,1,1,1,1,1,1,1,1,1,1,1,1,1,1,1,1,1,1,1,1,1,1,1,1,1,0.0
2648020,2,01/03/1988,1,47.3,107.5,1.0,8.0,1.0,1,0,1548.9,1,47.3,0.0,0.0,0.0,0.0,0.0,0.0,0.0,9.6,4.5,3.1,18.9,0.0,0.0,3.4,2.6,0.0,0.0,0.0,0.0,0.0,0.0,0.0,0.0,0.0,0.0,0.0,0.0,18.1,0.0,0.0,1,1,1,1,1,1,1,1,1,1,1,1,1,1,1,1,1,1,1,1,1,1,1,1,1,1,1,1,1,1,1.0
2648020,1,01/03/1988,1,47.3,107.5,1.0,8.0,1.0,1,0,1548.9,1,47.3,0.0,0.0,0.0,0.0,0.0,0.0,0.0,9.6,4.5,3.1,18.9,0.0,0.0,3.4,2.6,0.0,0.0,0.0,0.0,0.0,0.0,0.0,0.0,0.0,0.0,0.0,0.0,18.1,0.0,0.0,1,1,1,1,1,1,1,1,1,1,1,1,1,1,1,1,1,1,1,1,1,1,1,1,1,1,1,1,1,1,1.0
2648020,2,01/02/1988,1,28.5,124.9,9.0,11.0,1.0,1,0,1548.9,1,19.5,5.3,0.0,0.0,0.0,0.0,0.0,0.0,28.5,23.1,8.6,0.0,0.0,1.7,0.0,0.0,19.5,0.0,0.0,0.0,0.0,0.0,0.0,2.3,1.1,2.5,12.8,0.0,0.0,,,1,1,1,1,1,1,1,1,1,1,1,1,1,1,1,1,1,1,1,1,1,1,1,1,1,1,1,1,1,0,0.0
2648020,1,01/02/1988,1,28.5,124.9,9.0,11.0,1.0,1,0,1548.9,1,19.5,5.3,0.0,0.0,0.0,0.0,0.0,0.0,28.5,23.1,8.6,0.0,0.0,1.7,0.0,0.0,19.5,0.0,0.0,0.0,0.0,0.0,0.0,2.3,1.1,2.5,12.8,0.0,0.0,,,1,1,1,1,1,1,1,1,1,1,1,1,1,1,1,1,1,1,1,1,1,1,1,1,1,1,1,1,1,0,0.0
2648020,2,01/01/1988,1,70.5,216.2,25.0,14.0,1.0,1,0,1548.9,1,28.5,1.7,0.0,0.0,0.0,0.0,0.0,0.0,0.0,8.3,0.0,0.0,0.0,0.0,8.1,0.0,0.0,6.5,0.0,19.1,0.0,14.1,2.1,36.5,70.5,5.9,2.7,0.0,0.0,7.5,4.7,1,1,1,1,1,1,1,1,1,1,1,1,1,1,1,1,1,1,1,1,1,1,1,1,1,1,1,1,1,1,1.0
2648020,1,01/01/1988,1,70.5,216.2,25.0,14.0,1.0,1,0,1548.9,1,28.5,1.7,0.0,0.0,0.0,0.0,0.0,0.0,0.0,8.3,0.0,0.0,0.0,0.0,8.1,0.0,0.0,6.5,0.0,19.1,0.0,14.1,2.1,36.5,70.5,5.9,2.7,0.0,0.0,7.5,4.7,1,1,1,1,1,1,1,1,1,1,1,1,1,1,1,1,1,1,1,1,1,1,1,1,1,1,1,1,1,1,1.0
2648020,2,01/12/1987,1,24.3,86.4,30.0,8.0,1.0,1,0,2079.0,3,0.0,0.0,0.0,0.0,4.5,0.0,0.0,1.5,11.2,0.0,0.0,0.0,0.0,0.0,0.0,0.0,0.0,13.5,0.0,0.0,0.0,12.0,0.0,0.0,0.0,0.0,0.0,0.0,3.1,24.3,16.3,1,1,1,1,1,1,1,1,1,1,1,1,1,1,1,1,1,1,1,1,1,1,1,1,1,1,1,1,1,1,1.0
2648020,1,01/12/1987,1,24.3,86.4,30.0,8.0,1.0,1,0,2079.0,1,0.0,0.0,0.0,0.0,4.5,0.0,0.0,1.5,11.2,0.0,0.0,0.0,0.0,0.0,0.0,0.0,0.0,13.5,0.0,0.0,0.0,12.0,0.0,0.0,0.0,0.0,0.0,0.0,3.1,24.3,16.3,1,1,1,1,1,1,1,1,1,1,1,1,1,1,1,1,1,1,1,1,1,1,1,1,1,1,1,1,1,1,1.0
2648020,2,01/11/1987,1,18.3,59.9,13.0,7.0,1.0,1,0,2079.0,3,0.0,0.0,0.0,0.0,0.0,4.5,0.0,0.0,5.8,0.0,0.0,12.6,18.3,5.8,3.4,0.0,0.0,0.0,0.0,0.0,0.0,0.0,0.0,0.0,0.0,9.5,0.0,0.0,0.0,0.0,,1,1,1,1,1,1,1,1,1,1,1,1,1,1,1,1,1,1,1,1,1,1,1,1,1,1,1,1,1,1,0.0
2648020,1,01/11/1987,1,18.3,59.9,13.0,7.0,1.0,1,0,2079.0,1,0.0,0.0,0.0,0.0,0.0,4.5,0.0,0.0,5.8,0.0,0.0,12.6,18.3,5.8,3.4,0.0,0.0,0.0,0.0,0.0,0.0,0.0,0.0,0.0,0.0,9.5,0.0,0.0,0.0,0.0,,1,1,1,1,1,1,1,1,1,1,1,1,1,1,1,1,1,1,1,1,1,1,1,1,1,1,1,1,1,1,0.0
2648020,2,01/10/1987,1,32.3,169.0,17.0,11.0,1.0,1,0,2079.0,3,0.0,31.4,0.0,0.0,0.0,11.2,9.4,0.0,0.0,0.0,0.0,0.0,0.0,9.1,22.4,4.3,32.3,7.8,25.6,0.0,0.0,0.0,0.0,0.0,0.0,5.7,0.0,0.0,9.8,0.0,0.0,1,1,1,1,1,1,1,1,1,1,1,1,1,1,1,1,1,1,1,1,1,1,1,1,1,1,1,1,1,1,1.0
2648020,1,01/10/1987,1,32.3,169.0,17.0,11.0,1.0,1,0,2079.0,1,0.0,31.4,0.0,0.0,0.0,11.2,9.4,0.0,0.0,0.0,0.0,0.0,0.0,9.1,22.4,4.3,32.3,7.8,25.6,0.0,0.0,0.0,0.0,0.0,0.0,5.7,0.0,0.0,9.8,0.0,0.0,1,1,1,1,1,1,1,1,1,1,1,1,1,1,1,1,1,1,1,1,1,1,1,1,1,1,1,1,1,1,1.0
2648020,2,01/09/1987,1,42.1,110.1,16.0,9.0,1.0,1,0,2079.0,3,0.0,0.0,7.2,0.0,0.0,3.4,0.0,0.0,0.0,0.0,29.3,8.9,5.1,0.0,0.0,42.1,0.0,0.0,0.0,0.0,0.0,0.0,5.6,3.4,0.0,0.0,0.0,5.1,0.0,0.0,,1,1,1,1,1,1,1,1,1,1,1,1,1,1,1,1,1,1,1,1,1,1,1,1,1,1,1,1,1,1,0.0
2648020,1,01/09/1987,1,42.1,110.1,16.0,9.0,1.0,1,0,2079.0,1,0.0,0.0,7.2,0.0,0.0,3.4,0.0,0.0,0.0,0.0,29.3,8.9,5.1,0.0,0.0,42.1,0.0,0.0,0.0,0.0,0.0,0.0,5.6,3.4,0.0,0.0,0.0,5.1,0.0,0.0,,1,1,1,1,1,1,1,1,1,1,1,1,1,1,1,1,1,1,1,1,1,1,1,1,1,1,1,1,1,1,0.0
2648020,2,01/08/1987,1,57.5,121.7,16.0,10.0,1.0,1,0,2079.0,3,0.0,3.1,0.0,0.0,0.0,25.5,3.4,0.0,0.0,0.0,0.0,0.0,3.4,0.0,0.0,57.5,0.0,0.0,3.5,8.6,0.0,0.0,0.0,6.5,0.0,2.6,0.0,0.0,0.0,0.0,7.6,1,1,1,1,1,1,1,1,1,1,1,1,1,1,1,1,1,1,1,1,1,1,1,1,1,1,1,1,1,1,1.0
2648020,1,01/08/1987,1,57.5,121.7,16.0,10.0,1.0,1,0,2079.0,1,0.0,3.1,0.0,0.0,0.0,25.5,3.4,0.0,0.0,0.0,0.0,0.0,3.4,0.0,0.0,57.5,0.0,0.0,3.5,8.6,0.0,0.0,0.0,6.5,0.0,2.6,0.0,0.0,0.0,0.0,7.6,1,1,1,1,1,1,1,1,1,1,1,1,1,1,1,1,1,1,1,1,1,1,1,1,1,1,1,1,1,1,1.0
2648020,2,01/07/1987,1,22.1,89.6,14.0,12.0,1.0,1,0,2079.0,3,0.0,0.0,0.0,0.0,0.0,0.0,6.3,5.6,2.1,0.0,0.0,13.4,1.3,22.1,0.0,0.0,0.0,0.0,12.6,13.9,1.3,0.0,0.0,5.5,0.0,0.0,0.0,0.0,0.0,2.1,3.4,1,1,1,1,1,1,1,1,1,1,1,1,1,1,1,1,1,1,1,1,1,1,1,1,1,1,1,1,1,1,1.0
2648020,1,01/07/1987,1,22.1,89.6,14.0,12.0,1.0,1,0,2079.0,1,0.0,0.0,0.0,0.0,0.0,0.0,6.3,5.6,2.1,0.0,0.0,13.4,1.3,22.1,0.0,0.0,0.0,0.0,12.6,13.9,1.3,0.0,0.0,5.5,0.0,0.0,0.0,0.0,0.0,2.1,3.4,1,1,1,1,1,1,1,1,1,1,1,1,1,1,1,1,1,1,1,1,1,1,1,1,1,1,1,1,1,1,1.0
2648020,2,01/06/1987,1,32.3,99.0,14.0,6.0,1.0,1,0,2079.0,3,0.0,0.0,0.0,0.0,0.0,0.0,13.5,0.0,0.0,0.0,0.0,0.0,8.7,32.3,23.1,7.1,0.0,0.0,0.0,0.0,0.0,0.0,14.3,0.0,0.0,0.0,0.0,0.0,0.0,0.0,,1,1,1,1,1,1,1,1,1,1,1,1,1,1,1,1,1,1,1,1,1,1,1,1,1,1,1,1,1,1,0.0
2648020,1,01/06/1987,1,32.3,99.0,14.0,6.0,1.0,1,0,2079.0,1,0.0,0.0,0.0,0.0,0.0,0.0,13.5,0.0,0.0,0.0,0.0,0.0,8.7,32.3,23.1,7.1,0.0,0.0,0.0,0.0,0.0,0.0,14.3,0.0,0.0,0.0,0.0,0.0,0.0,0.0,,1,1,1,1,1,1,1,1,1,1,1,1,1,1,1,1,1,1,1,1,1,1,1,1,1,1,1,1,1,1,0.0
2648020,2,01/05/1987,1,37.1,219.0,15.0,11.0,1.0,1,0,2079.0,3,0.0,0.0,0.0,0.0,0.0,0.0,36.7,29.3,12.5,0.0,0.0,0.0,0.0,0.0,37.1,0.0,0.0,6.3,23.1,28.9,26.7,0.0,0.0,9.5,0.0,0.0,0.0,5.4,3.5,0.0,0.0,1,1,1,1,1,1,1,1,1,1,1,1,1,1,1,1,1,1,1,1,1,1,1,1,1,1,1,1,1,1,1.0
2648020,1,01/05/1987,1,37.1,219.0,15.0,11.0,1.0,1,0,2079.0,1,0.0,0.0,0.0,0.0,0.0,0.0,36.7,29.3,12.5,0.0,0.0,0.0,0.0,0.0,37.1,0.0,0.0,6.3,23.1,28.9,26.7,0.0,0.0,9.5,0.0,0.0,0.0,5.4,3.5,0.0,0.0,1,1,1,1,1,1,1,1,1,1,1,1,1,1,1,1,1,1,1,1,1,1,1,1,1,1,1,1,1,1,1.0
2648020,2,01/04/1987,1,55.8,288.0,21.0,14.0,1.0,3,0,2079.0,3,0.0,28.5,54.3,0.0,0.0,0.0,0.0,0.0,0.0,2.3,3.1,0.0,0.0,28.4,24.6,0.0,0.0,2.8,1.4,3.6,55.8,47.2,0.0,4.5,0.0,0.0,0.0,0.0,4.6,26.9,,1,1,1,1,1,1,1,1,1,1,1,1,1,1,1,1,1,1,1,1,1,1,1,1,1,1,1,1,1,1,0.0
2648020,1,01/04/1987,1,55.8,288.0,21.0,14.0,1.0,1,0,2079.0,1,0.0,28.5,54.3,0.0,0.0,0.0,0.0,0.0,0.0,2.3,3.1,0.0,0.0,28.4,24.6,0.0,0.0,2.8,1.4,3.6,55.8,47.2,0.0,4.5,0.0,0.0,0.0,0.0,4.6,26.9,,1,1,1,1,1,1,1,1,1,1,1,1,1,1,1,1,1,1,1,1,1,1,1,1,1,1,1,1,1,1,0.0
2648020,2,01/03/1987,1,24.2,67.1,20.0,7.0,1.0,1,0,2079.0,3,0.0,0.0,0.0,0.0,0.0,0.0,0.0,0.0,0.0,14.5,0.0,0.0,0.0,0.0,0.0,0.0,0.0,0.0,0.0,24.2,4.5,13.3,0.0,0.0,0.0,0.0,5.7,1.4,3.5,0.0,0.0,1,1,1,1,1,1,1,1,1,1,1,1,1,1,1,1,1,1,1,1,1,1,1,1,1,1,1,1,1,1,1.0
2648020,1,01/03/1987,1,24.2,67.1,20.0,7.0,1.0,1,0,2079.0,1,0.0,0.0,0.0,0.0,0.0,0.0,0.0,0.0,0.0,14.5,0.0,0.0,0.0,0.0,0.0,0.0,0.0,0.0,0.0,24.2,4.5,13.3,0.0,0.0,0.0,0.0,5.7,1.4,3.5,0.0,0.0,1,1,1,1,1,1,1,1,1,1,1,1,1,1,1,1,1,1,1,1,1,1,1,1,1,1,1,1,1,1,1.0
2648020,2,01/02/1987,1,189.4,523.0,14.0,18.0,1.0,1,0,2079.0,3,3.4,9.5,39.5,21.1,5.6,0.0,5.6,4.2,19.1,4.5,0.0,9.2,30.4,189.4,158.6,12.5,2.1,3.4,0.0,3.5,0.0,1.4,0.0,0.0,0.0,0.0,0.0,0.0,,,,1,1,1,1,1,1,1,1,1,1,1,1,1,1,1,1,1,1,1,1,1,1,1,1,1,1,1,1,0,0,0.0
2648020,1,01/02/1987,1,189.4,523.0,14.0,18.0,1.0,1,0,2079.0,1,3.4,9.5,39.5,21.1,5.6,0.0,5.6,4.2,19.1,4.5,0.0,9.2,30.4,189.4,158.6,12.5,2.1,3.4,0.0,3.5,0.0,1.4,0.0,0.0,0.0,0.0,0.0,0.0,,,,1,1,1,1,1,1,1,1,1,1,1,1,1,1,1,1,1,1,1,1,1,1,1,1,1,1,1,1,0,0,0.0
2648020,2,01/01/1987,1,66.8,246.2,13.0,14.0,1.0,1,0,2079.0,3,0.0,0.0,0.0,0.0,0.0,0.0,0.0,57.1,3.4,2.6,0.0,9.5,66.8,30.5,8.2,1.4,39.5,1.6,2.1,0.0,0.0,12.3,0.0,0.0,6.1,0.0,0.0,0.0,0.0,0.0,5.1,1,1,1,1,1,1,1,1,1,1,1,1,1,1,1,1,1,1,1,1,1,1,1,1,1,1,1,1,1,1,1.0
2648020,1,01/01/1987,1,66.8,246.2,13.0,14.0,1.0,1,0,2079.0,1,0.0,0.0,0.0,0.0,0.0,0.0,0.0,57.1,3.4,2.6,0.0,9.5,66.8,30.5,8.2,1.4,39.5,1.6,2.1,0.0,0.0,12.3,0.0,0.0,6.1,0.0,0.0,0.0,0.0,0.0,5.1,1,1,1,1,1,1,1,1,1,1,1,1,1,1,1,1,1,1,1,1,1,1,1,1,1,1,1,1,1,1,1.0
2648020,2,01/12/1986,1,108.9,304.4,31.0,22.0,1.0,1,0,1892.3,1,4.1,2.2,8.6,0.0,0.0,6.6,5.1,13.8,3.1,1.1,17.7,0.0,0.0,14.7,33.5,0.0,9.3,18.3,4.6,5.5,3.1,6.7,0.0,0.0,0.0,0.0,4.1,20.4,3.4,9.6,108.9,1,1,1,1,1,1,1,1,1,1,1,1,1,1,1,1,1,1,1,1,1,1,1,1,1,1,1,1,1,1,1.0
2648020,1,01/12/1986,1,108.9,304.4,31.0,22.0,1.0,1,0,1892.3,1,4.1,2.2,8.6,0.0,0.0,6.6,5.1,13.8,3.1,1.1,17.7,0.0,0.0,14.7,33.5,0.0,9.3,18.3,4.6,5.5,3.1,6.7,0.0,0.0,0.0,0.0,4.1,20.4,3.4,9.6,108.9,1,1,1,1,1,1,1,1,1,1,1,1,1,1,1,1,1,1,1,1,1,1,1,1,1,1,1,1,1,1,1.0
2648020,2,01/11/1986,1,22.4,111.6,27.0,13.0,1.0,1,0,1892.3,1,0.0,6.4,3.1,1.1,0.0,19.1,0.0,0.0,0.0,0.0,14.4,0.0,0.0,0.0,4.5,0.0,0.0,0.0,0.0,0.0,0.0,0.0,5.6,3.2,4.5,9.4,22.4,0.0,9.4,8.5,,1,1,1,1,1,1,1,1,1,1,1,1,1,1,1,1,1,1,1,1,1,1,1,1,1,1,1,1,1,1,0.0
2648020,1,01/11/1986,1,22.4,111.6,27.0,13.0,1.0,1,0,1892.3,1,0.0,6.4,3.1,1.1,0.0,19.1,0.0,0.0,0.0,0.0,14.4,0.0,0.0,0.0,4.5,0.0,0.0,0.0,0.0,0.0,0.0,0.0,5.6,3.2,4.5,9.4,22.4,0.0,9.4,8.5,,1,1,1,1,1,1,1,1,1,1,1,1,1,1,1,1,1,1,1,1,1,1,1,1,1,1,1,1,1,1,0.0
2648020,2,01/10/1986,1,66.7,192.2,10.0,9.0,1.0,1,0,1892.3,1,0.0,0.0,0.0,0.0,0.0,0.0,0.0,0.0,25.5,66.7,13.6,0.0,0.0,0.0,0.0,0.0,0.0,16.6,6.6,5.1,48.8,0.0,0.0,0.0,0.0,0.0,0.0,0.0,0.0,6.2,3.1,1,1,1,1,1,1,1,1,1,1,1,1,1,1,1,1,1,1,1,1,1,1,1,1,1,1,1,1,1,1,1.0
2648020,1,01/10/1986,1,66.7,192.2,10.0,9.0,1.0,1,0,1892.3,1,0.0,0.0,0.0,0.0,0.0,0.0,0.0,0.0,25.5,66.7,13.6,0.0,0.0,0.0,0.0,0.0,0.0,16.6,6.6,5.1,48.8,0.0,0.0,0.0,0.0,0.0,0.0,0.0,0.0,6.2,3.1,1,1,1,1,1,1,1,1,1,1,1,1,1,1,1,1,1,1,1,1,1,1,1,1,1,1,1,1,1,1,1.0
2648020,2,01/09/1986,1,90.0,249.5,20.0,16.0,1.0,1,0,1892.3,1,3.5,1.4,2.5,1.6,21.4,0.0,0.0,0.0,0.0,0.0,0.0,0.0,0.0,0.0,0.0,4.5,3.1,1.2,63.6,90.0,35.6,0.0,3.4,6.3,3.4,5.9,2.1,0.0,0.0,0.0,,1,1,1,1,1,1,1,1,1,1,1,1,1,1,1,1,1,1,1,1,1,1,1,1,1,1,1,1,1,1,0.0
2648020,1,01/09/1986,1,90.0,249.5,20.0,16.0,1.0,1,0,1892.3,1,3.5,1.4,2.5,1.6,21.4,0.0,0.0,0.0,0.0,0.0,0.0,0.0,0.0,0.0,0.0,4.5,3.1,1.2,63.6,90.0,35.6,0.0,3.4,6.3,3.4,5.9,2.1,0.0,0.0,0.0,,1,1,1,1,1,1,1,1,1,1,1,1,1,1,1,1,1,1,1,1,1,1,1,1,1,1,1,1,1,1,0.0
2648020,2,01/08/1986,1,40.2,81.5,23.0,7.0,1.0,1,0,1892.3,1,0.0,0.0,0.0,0.0,0.0,0.0,0.0,0.0,0.0,0.0,0.0,3.4,2.6,15.6,2.2,1.1,16.4,0.0,0.0,0.0,0.0,0.0,40.2,0.0,0.0,0.0,0.0,0.0,0.0,0.0,0.0,1,1,1,1,1,1,1,1,1,1,1,1,1,1,1,1,1,1,1,1,1,1,1,1,1,1,1,1,1,1,1.0
2648020,1,01/08/1986,1,40.2,81.5,23.0,7.0,1.0,1,0,1892.3,1,0.0,0.0,0.0,0.0,0.0,0.0,0.0,0.0,0.0,0.0,0.0,3.4,2.6,15.6,2.2,1.1,16.4,0.0,0.0,0.0,0.0,0.0,40.2,0.0,0.0,0.0,0.0,0.0,0.0,0.0,0.0,1,1,1,1,1,1,1,1,1,1,1,1,1,1,1,1,1,1,1,1,1,1,1,1,1,1,1,1,1,1,1.0
2648020,2,01/07/1986,1,19.9,88.7,21.0,13.0,1.0,1,0,1892.3,1,0.0,3.1,2.4,1.2,0.0,0.0,9.6,2.3,1.2,12.3,3.5,0.0,0.0,0.0,0.0,0.0,0.0,4.5,15.5,9.1,19.9,0.0,0.0,0.0,0.0,0.0,0.0,0.0,0.0,0.0,4.1,1,1,1,1,1,1,1,1,1,1,1,1,1,1,1,1,1,1,1,1,1,1,1,1,1,1,1,1,1,1,1.0
2648020,1,01/07/1986,1,19.9,88.7,21.0,13.0,1.0,1,0,1892.3,1,0.0,3.1,2.4,1.2,0.0,0.0,9.6,2.3,1.2,12.3,3.5,0.0,0.0,0.0,0.0,0.0,0.0,4.5,15.5,9.1,19.9,0.0,0.0,0.0,0.0,0.0,0.0,0.0,0.0,0.0,4.1,1,1,1,1,1,1,1,1,1,1,1,1,1,1,1,1,1,1,1,1,1,1,1,1,1,1,1,1,1,1,1.0
2648020,2,01/06/1986,1,12.1,18.3,16.0,3.0,1.0,1,0,1892.3,1,0.0,0.0,0.0,0.0,0.0,0.0,0.0,0.0,0.0,0.0,0.0,0.0,0.0,0.0,2.1,12.1,0.0,0.0,0.0,0.0,0.0,0.0,0.0,4.1,0.0,0.0,0.0,0.0,0.0,0.0,,1,1,1,1,1,1,1,1,1,1,1,1,1,1,1,1,1,1,1,1,1,1,1,1,1,1,1,1,1,1,0.0
2648020,1,01/06/1986,1,12.1,18.3,16.0,3.0,1.0,1,0,1892.3,1,0.0,0.0,0.0,0.0,0.0,0.0,0.0,0.0,0.0,0.0,0.0,0.0,0.0,0.0,2.1,12.1,0.0,0.0,0.0,0.0,0.0,0.0,0.0,4.1,0.0,0.0,0.0,0.0,0.0,0.0,,1,1,1,1,1,1,1,1,1,1,1,1,1,1,1,1,1,1,1,1,1,1,1,1,1,1,1,1,1,1,0.0
2648020,2,01/05/1986,1,43.1,74.3,31.0,7.0,1.0,1,0,1892.3,1,0.0,0.0,0.0,0.0,0.0,0.0,2.2,1.4,0.0,0.0,3.4,1.6,15.1,0.0,0.0,0.0,0.0,7.5,0.0,0.0,0.0,0.0,0.0,0.0,0.0,0.0,0.0,0.0,0.0,0.0,43.1,1,1,1,1,1,1,1,1,1,1,1,1,1,1,1,1,1,1,1,1,1,1,1,1,1,1,1,1,1,1,1.0
2648020,1,01/05/1986,1,43.1,74.3,31.0,7.0,1.0,1,0,1892.3,1,0.0,0.0,0.0,0.0,0.0,0.0,2.2,1.4,0.0,0.0,3.4,1.6,15.1,0.0,0.0,0.0,0.0,7.5,0.0,0.0,0.0,0.0,0.0,0.0,0.0,0.0,0.0,0.0,0.0,0.0,43.1,1,1,1,1,1,1,1,1,1,1,1,1,1,1,1,1,1,1,1,1,1,1,1,1,1,1,1,1,1,1,1.0
2648020,2,01/04/1986,1,56.5,212.5,6.0,13.0,1.0,1,0,1892.3,1,0.0,0.0,0.0,9.5,9.6,56.5,4.1,0.0,0.0,0.0,25.4,0.0,0.0,2.1,19.8,0.0,11.1,9.1,6.2,0.0,21.5,3.3,0.0,0.0,0.0,0.0,34.3,0.0,0.0,0.0,,1,1,1,1,1,1,1,1,1,1,1,1,1,1,1,1,1,1,1,1,1,1,1,1,1,1,1,1,1,1,0.0
2648020,1,01/04/1986,1,56.5,212.5,6.0,13.0,1.0,1,0,1892.3,1,0.0,0.0,0.0,9.5,9.6,56.5,4.1,0.0,0.0,0.0,25.4,0.0,0.0,2.1,19.8,0.0,11.1,9.1,6.2,0.0,21.5,3.3,0.0,0.0,0.0,0.0,34.3,0.0,0.0,0.0,,1,1,1,1,1,1,1,1,1,1,1,1,1,1,1,1,1,1,1,1,1,1,1,1,1,1,1,1,1,1,0.0
2648020,2,01/03/1986,1,34.5,150.3,26.0,16.0,1.0,1,0,1892.3,1,18.4,1.5,0.0,0.0,0.0,0.0,0.0,0.0,0.0,7.6,13.4,0.0,2.3,4.6,6.3,1.1,0.0,29.2,3.4,7.2,0.0,0.0,0.0,13.4,2.6,34.5,0.3,0.0,0.0,4.5,0.0,1,1,1,1,1,1,1,1,1,1,1,1,1,1,1,1,1,1,1,1,1,1,1,1,1,1,1,1,1,1,1.0
2648020,1,01/03/1986,1,34.5,150.3,26.0,16.0,1.0,1,0,1892.3,1,18.4,1.5,0.0,0.0,0.0,0.0,0.0,0.0,0.0,7.6,13.4,0.0,2.3,4.6,6.3,1.1,0.0,29.2,3.4,7.2,0.0,0.0,0.0,13.4,2.6,34.5,0.3,0.0,0.0,4.5,0.0,1,1,1,1,1,1,1,1,1,1,1,1,1,1,1,1,1,1,1,1,1,1,1,1,1,1,1,1,1,1,1.0
2648020,2,01/02/1986,1,64.1,245.5,19.0,18.0,1.0,1,0,1892.3,1,0.0,9.5,0.0,0.0,0.0,0.0,0.0,4.5,13.3,9.2,6.2,23.4,3.2,1.1,0.5,13.5,33.3,0.0,64.1,7.5,0.0,0.0,3.5,6.4,0.0,3.5,39.5,3.3,,,,1,1,1,1,1,1,1,1,1,1,1,1,1,1,1,1,1,1,1,1,1,1,1,1,1,1,1,1,0,0,0.0
2648020,1,01/02/1986,1,64.1,245.5,19.0,18.0,1.0,1,0,1892.3,1,0.0,9.5,0.0,0.0,0.0,0.0,0.0,4.5,13.3,9.2,6.2,23.4,3.2,1.1,0.5,13.5,33.3,0.0,64.1,7.5,0.0,0.0,3.5,6.4,0.0,3.5,39.5,3.3,,,,1,1,1,1,1,1,1,1,1,1,1,1,1,1,1,1,1,1,1,1,1,1,1,1,1,1,1,1,0,0,0.0
2648020,2,01/01/1986,1,33.5,163.5,20.0,15.0,1.0,1,0,1892.3,1,3.5,1.2,5.8,0.0,0.0,0.0,0.0,0.0,0.0,0.7,8.4,0.8,0.0,9.5,0.5,0.0,0.0,0.0,18.3,33.5,13.4,32.1,22.1,6.4,0.0,0.0,0.0,0.0,0.0,0.0,7.3,1,1,1,1,1,1,1,1,1,1,1,1,1,1,1,1,1,1,1,1,1,1,1,1,1,1,1,1,1,1,1.0
2648020,1,01/01/1986,1,33.5,163.5,20.0,15.0,1.0,1,0,1892.3,1,3.5,1.2,5.8,0.0,0.0,0.0,0.0,0.0,0.0,0.7,8.4,0.8,0.0,9.5,0.5,0.0,0.0,0.0,18.3,33.5,13.4,32.1,22.1,6.4,0.0,0.0,0.0,0.0,0.0,0.0,7.3,1,1,1,1,1,1,1,1,1,1,1,1,1,1,1,1,1,1,1,1,1,1,1,1,1,1,1,1,1,1,1.0
2648020,2,01/12/1985,1,42.3,107.1,27.0,13.0,1.0,1,0,1652.1,2,0.0,0.0,2.4,5.7,1.4,0.0,0.0,0.0,0.0,0.0,7.3,1.5,0.0,0.0,10.1,0.0,0.0,0.0,0.0,6.6,1.4,17.7,0.0,0.0,0.0,0.0,42.3,7.7,0.0,1.6,1.4,1,1,1,1,1,1,1,1,1,1,1,1,1,1,1,1,1,1,1,1,1,1,1,1,1,1,1,1,1,1,1.0
2648020,1,01/12/1985,1,42.3,107.1,27.0,13.0,1.0,1,0,1920.3,1,0.0,0.0,2.4,5.7,1.4,0.0,0.0,0.0,0.0,0.0,7.3,1.5,0.0,0.0,10.1,0.0,0.0,0.0,0.0,6.6,1.4,17.7,0.0,0.0,0.0,0.0,42.3,7.7,0.0,1.6,1.4,1,1,1,1,1,1,1,1,1,1,1,1,1,1,1,1,1,1,1,1,1,1,1,1,1,1,1,1,1,1,1.0
2648020,2,01/11/1985,1,50.0,174.0,4.0,10.0,1.0,1,0,1652.1,2,0.0,17.1,18.2,50.0,13.3,9.0,0.0,0.0,0.0,0.0,0.0,0.0,0.0,0.0,0.0,0.0,0.0,0.0,22.4,4.1,4.3,22.5,13.1,0.0,0.0,0.0,0.0,0.0,0.0,0.0,,1,1,1,1,1,1,1,1,1,1,1,1,1,1,1,1,1,1,1,1,1,1,1,1,1,1,1,1,1,1,0.0
2648020,1,01/11/1985,1,50.0,174.0,4.0,10.0,1.0,1,0,1920.3,1,0.0,17.1,18.2,50.0,13.3,9.0,0.0,0.0,0.0,0.0,0.0,0.0,0.0,0.0,0.0,0.0,0.0,0.0,22.4,4.1,4.3,22.5,13.1,0.0,0.0,0.0,0.0,0.0,0.0,0.0,,1,1,1,1,1,1,1,1,1,1,1,1,1,1,1,1,1,1,1,1,1,1,1,1,1,1,1,1,1,1,0.0
2648020,2,01/10/1985,1,67.5,241.3,29.0,14.0,1.0,1,0,1652.1,2,7.3,3.1,0.0,0.0,0.0,0.0,27.5,0.0,0.0,3.4,0.0,0.0,0.0,0.0,0.0,0.0,0.0,17.3,6.5,9.3,18.4,0.0,0.0,0.0,9.3,1.6,3.3,2.6,67.5,64.2,0.0,1,1,1,1,1,1,1,1,1,1,1,1,1,1,1,1,1,1,1,1,1,1,1,1,1,1,1,1,1,1,1.0
2648020,1,01/10/1985,1,67.5,241.3,29.0,14.0,1.0,1,0,1920.3,1,7.3,3.1,0.0,0.0,0.0,0.0,27.5,0.0,0.0,3.4,0.0,0.0,0.0,0.0,0.0,0.0,0.0,17.3,6.5,9.3,18.4,0.0,0.0,0.0,9.3,1.6,3.3,2.6,67.5,64.2,0.0,1,1,1,1,1,1,1,1,1,1,1,1,1,1,1,1,1,1,1,1,1,1,1,1,1,1,1,1,1,1,1.0
2648020,2,01/09/1985,1,54.2,217.6,4.0,12.0,1.0,1,0,1652.1,2,33.5,23.2,7.1,54.2,0.0,0.0,6.4,0.0,8.6,1.4,0.0,0.0,0.0,0.0,0.0,0.0,0.0,0.0,4.5,31.5,0.0,0.0,4.6,0.0,0.0,0.0,0.0,0.0,29.5,13.1,,1,1,1,1,1,1,1,1,1,1,1,1,1,1,1,1,1,1,1,1,1,1,1,1,1,1,1,1,1,1,0.0
2648020,1,01/09/1985,1,54.2,217.6,4.0,12.0,1.0,1,0,1920.3,1,33.5,23.2,7.1,54.2,0.0,0.0,6.4,0.0,8.6,1.4,0.0,0.0,0.0,0.0,0.0,0.0,0.0,0.0,4.5,31.5,0.0,0.0,4.6,0.0,0.0,0.0,0.0,0.0,29.5,13.1,,1,1,1,1,1,1,1,1,1,1,1,1,1,1,1,1,1,1,1,1,1,1,1,1,1,1,1,1,1,1,0.0
2648020,2,01/08/1985,1,3.4,3.4,31.0,1.0,1.0,1,0,1652.1,2,0.0,0.0,0.0,0.0,0.0,0.0,0.0,0.0,0.0,0.0,0.0,0.0,0.0,0.0,0.0,0.0,0.0,0.0,0.0,0.0,0.0,0.0,0.0,0.0,0.0,0.0,0.0,0.0,0.0,0.0,3.4,1,1,1,1,1,1,1,1,1,1,1,1,1,1,1,1,1,1,1,1,1,1,1,1,1,1,1,1,1,1,1.0
2648020,1,01/08/1985,1,3.4,3.4,31.0,1.0,1.0,1,0,1920.3,1,0.0,0.0,0.0,0.0,0.0,0.0,0.0,0.0,0.0,0.0,0.0,0.0,0.0,0.0,0.0,0.0,0.0,0.0,0.0,0.0,0.0,0.0,0.0,0.0,0.0,0.0,0.0,0.0,0.0,0.0,3.4,1,1,1,1,1,1,1,1,1,1,1,1,1,1,1,1,1,1,1,1,1,1,1,1,1,1,1,1,1,1,1.0
2648020,2,01/07/1985,1,23.5,52.6,6.0,8.0,1.0,1,0,1652.1,2,2.7,0.0,4.1,0.0,0.0,23.5,8.4,0.0,0.0,1.6,0.0,0.0,0.0,0.0,0.0,0.0,0.0,3.4,0.0,0.0,0.0,0.0,0.0,0.0,0.0,0.0,3.4,0.0,5.5,0.0,0.0,1,1,1,1,1,1,1,1,1,1,1,1,1,1,1,1,1,1,1,1,1,1,1,1,1,1,1,1,1,1,1.0
2648020,1,01/07/1985,1,23.5,52.6,6.0,8.0,1.0,1,0,1920.3,1,2.7,0.0,4.1,0.0,0.0,23.5,8.4,0.0,0.0,1.6,0.0,0.0,0.0,0.0,0.0,0.0,0.0,3.4,0.0,0.0,0.0,0.0,0.0,0.0,0.0,0.0,3.4,0.0,5.5,0.0,0.0,1,1,1,1,1,1,1,1,1,1,1,1,1,1,1,1,1,1,1,1,1,1,1,1,1,1,1,1,1,1,1.0
2648020,2,01/06/1985,1,33.5,41.6,3.0,4.0,1.0,1,0,1652.1,2,1.7,4.8,33.5,0.0,0.0,0.0,0.0,0.0,0.0,0.0,0.0,0.0,0.0,0.0,0.0,0.0,1.6,0.0,0.0,0.0,0.0,0.0,0.0,0.0,0.0,0.0,0.0,0.0,0.0,0.0,,1,1,1,1,1,1,1,1,1,1,1,1,1,1,1,1,1,1,1,1,1,1,1,1,1,1,1,1,1,1,0.0
2648020,1,01/06/1985,1,33.5,41.6,3.0,4.0,1.0,1,0,1920.3,1,1.7,4.8,33.5,0.0,0.0,0.0,0.0,0.0,0.0,0.0,0.0,0.0,0.0,0.0,0.0,0.0,1.6,0.0,0.0,0.0,0.0,0.0,0.0,0.0,0.0,0.0,0.0,0.0,0.0,0.0,,1,1,1,1,1,1,1,1,1,1,1,1,1,1,1,1,1,1,1,1,1,1,1,1,1,1,1,1,1,1,0.0
2648020,2,01/05/1985,1,12.6,34.1,10.0,5.0,1.0,1,0,1652.1,2,9.8,0.0,0.0,0.0,0.0,0.0,0.0,0.0,7.9,12.6,0.0,0.0,0.0,0.0,0.0,0.0,0.0,0.0,0.0,0.0,0.0,0.0,2.2,0.0,0.0,0.0,0.0,0.0,0.0,0.0,1.6,1,1,1,1,1,1,1,1,1,1,1,1,1,1,1,1,1,1,1,1,1,1,1,1,1,1,1,1,1,1,1.0
2648020,1,01/05/1985,1,12.6,34.1,10.0,5.0,1.0,1,0,1920.3,1,9.8,0.0,0.0,0.0,0.0,0.0,0.0,0.0,7.9,12.6,0.0,0.0,0.0,0.0,0.0,0.0,0.0,0.0,0.0,0.0,0.0,0.0,2.2,0.0,0.0,0.0,0.0,0.0,0.0,0.0,1.6,1,1,1,1,1,1,1,1,1,1,1,1,1,1,1,1,1,1,1,1,1,1,1,1,1,1,1,1,1,1,1.0
2648020,2,01/04/1985,1,51.2,163.4,26.0,10.0,1.0,1,0,1652.1,2,0.0,0.0,0.0,5.1,27.6,31.7,0.0,0.0,10.5,0.0,0.0,0.0,0.0,0.0,0.0,12.7,3.5,17.7,1.8,0.0,0.0,0.0,0.0,0.0,0.0,51.2,1.6,0.0,0.0,0.0,,1,1,1,1,1,1,1,1,1,1,1,1,1,1,1,1,1,1,1,1,1,1,1,1,1,1,1,1,1,1,0.0
2648020,1,01/04/1985,1,51.2,163.4,26.0,10.0,1.0,1,0,1920.3,1,0.0,0.0,0.0,5.1,27.6,31.7,0.0,0.0,10.5,0.0,0.0,0.0,0.0,0.0,0.0,12.7,3.5,17.7,1.8,0.0,0.0,0.0,0.0,0.0,0.0,51.2,1.6,0.0,0.0,0.0,,1,1,1,1,1,1,1,1,1,1,1,1,1,1,1,1,1,1,1,1,1,1,1,1,1,1,1,1,1,1,0.0
2648020,2,01/03/1985,1,40.5,205.3,28.0,13.0,1.0,1,0,1652.1,2,0.0,0.0,0.0,3.4,30.5,15.4,0.0,0.0,0.0,0.0,0.0,0.0,0.0,0.0,0.0,12.7,0.0,0.0,0.0,10.8,0.0,10.0,3.4,0.0,27.4,20.0,10.2,40.5,10.5,0.0,10.5,1,1,1,1,1,1,1,1,1,1,1,1,1,1,1,1,1,1,1,1,1,1,1,1,1,1,1,1,1,1,1.0
2648020,1,01/03/1985,1,40.5,205.3,28.0,13.0,1.0,1,0,1920.3,1,0.0,0.0,0.0,3.4,30.5,15.4,0.0,0.0,0.0,0.0,0.0,0.0,0.0,0.0,0.0,12.7,0.0,0.0,0.0,10.8,0.0,10.0,3.4,0.0,27.4,20.0,10.2,40.5,10.5,0.0,10.5,1,1,1,1,1,1,1,1,1,1,1,1,1,1,1,1,1,1,1,1,1,1,1,1,1,1,1,1,1,1,1.0
2648020,2,01/02/1985,1,97.0,295.7,13.0,11.0,1.0,1,0,1652.1,2,0.0,0.0,0.0,16.0,40.0,0.0,0.0,0.0,0.0,0.0,20.0,8.0,97.0,38.0,25.0,0.0,0.0,0.0,0.0,8.4,16.9,0.0,0.0,0.0,0.0,0.0,23.4,3.0,,,,1,1,1,1,1,1,1,1,1,1,1,1,1,1,1,1,1,1,1,1,1,1,1,1,1,1,1,1,0,0,0.0
2648020,1,01/02/1985,1,97.0,295.7,13.0,11.0,1.0,1,0,1920.3,1,0.0,0.0,0.0,16.0,40.0,0.0,0.0,0.0,0.0,0.0,20.0,8.0,97.0,38.0,25.0,0.0,0.0,0.0,0.0,8.4,16.9,0.0,0.0,0.0,0.0,0.0,23.4,3.0,,,,1,1,1,1,1,1,1,1,1,1,1,1,1,1,1,1,1,1,1,1,1,1,1,1,1,1,1,1,0,0,0.0
2648020,2,01/01/1985,1,,116.0,,,0.0,2,0,1652.1,2,10.2,0.0,4.2,0.0,0.0,0.0,9.6,0.0,0.0,0.0,0.0,0.0,0.0,6.9,49.4,,,,,,,,,,,,,,,,,1,1,1,1,1,1,1,1,1,1,1,1,1,1,1,0,0,0,0,0,0,0,0,0,0,0,0,0,0,0,0.0
2648020,1,01/01/1985,1,80.3,384.2,27.0,14.0,1.0,1,0,1920.3,1,10.2,0.0,4.2,0.0,0.0,0.0,9.6,0.0,0.0,0.0,0.0,0.0,0.0,6.9,49.4,74.4,0.0,0.0,0.0,0.0,0.0,30.3,6.2,6.3,1.2,0.0,80.3,5.2,80.0,20.0,0.0,1,1,1,1,1,1,1,1,1,1,1,1,1,1,1,1,1,1,1,1,1,1,1,1,1,1,1,1,1,1,1.0
2648020,2,01/12/1984,1,38.2,106.9,18.0,8.0,1.0,1,0,2377.1,1,0.0,7.2,0.0,0.0,0.0,0.0,20.4,0.0,16.2,0.0,6.2,0.0,0.0,0.0,0.0,0.0,0.0,38.2,0.0,0.0,0.0,0.0,0.0,0.0,5.3,0.0,0.0,10.2,0.0,3.2,0.0,1,1,1,1,1,1,1,1,1,1,1,1,1,1,1,1,1,1,1,1,1,1,1,1,1,1,1,1,1,1,1.0
2648020,1,01/12/1984,1,38.2,106.9,18.0,8.0,1.0,1,0,2377.1,1,0.0,7.2,0.0,0.0,0.0,0.0,20.4,0.0,16.2,0.0,6.2,0.0,0.0,0.0,0.0,0.0,0.0,38.2,0.0,0.0,0.0,0.0,0.0,0.0,5.3,0.0,0.0,10.2,0.0,3.2,0.0,1,1,1,1,1,1,1,1,1,1,1,1,1,1,1,1,1,1,1,1,1,1,1,1,1,1,1,1,1,1,1.0
2648020,2,01/11/1984,1,108.2,355.2,6.0,16.0,1.0,1,0,2377.1,1,0.0,6.4,23.2,19.4,37.6,108.2,43.4,23.2,0.0,0.0,0.0,17.2,5.4,0.0,0.0,0.0,3.2,0.0,3.2,3.4,25.2,10.6,0.0,0.0,10.2,15.4,0.0,0.0,0.0,0.0,,1,1,1,1,1,1,1,1,1,1,1,1,1,1,1,1,1,1,1,1,1,1,1,1,1,1,1,1,1,1,0.0
2648020,1,01/11/1984,1,108.2,355.2,6.0,16.0,1.0,1,0,2377.1,1,0.0,6.4,23.2,19.4,37.6,108.2,43.4,23.2,0.0,0.0,0.0,17.2,5.4,0.0,0.0,0.0,3.2,0.0,3.2,3.4,25.2,10.6,0.0,0.0,10.2,15.4,0.0,0.0,0.0,0.0,,1,1,1,1,1,1,1,1,1,1,1,1,1,1,1,1,1,1,1,1,1,1,1,1,1,1,1,1,1,1,0.0
2648020,2,01/10/1984,1,30.4,95.4,9.0,9.0,1.0,1,0,2377.1,1,0.0,0.0,0.0,0.0,0.0,19.6,0.0,0.0,30.4,2.2,0.0,0.0,0.0,0.0,0.0,0.0,3.4,2.2,1.2,0.0,0.0,0.0,0.0,3.4,29.6,3.4,0.0,0.0,0.0,0.0,0.0,1,1,1,1,1,1,1,1,1,1,1,1,1,1,1,1,1,1,1,1,1,1,1,1,1,1,1,1,1,1,1.0
2648020,1,01/10/1984,1,30.4,95.4,9.0,9.0,1.0,1,0,2377.1,1,0.0,0.0,0.0,0.0,0.0,19.6,0.0,0.0,30.4,2.2,0.0,0.0,0.0,0.0,0.0,0.0,3.4,2.2,1.2,0.0,0.0,0.0,0.0,3.4,29.6,3.4,0.0,0.0,0.0,0.0,0.0,1,1,1,1,1,1,1,1,1,1,1,1,1,1,1,1,1,1,1,1,1,1,1,1,1,1,1,1,1,1,1.0
2648020,2,01/09/1984,1,34.2,143.0,26.0,10.0,1.0,1,0,2377.1,1,0.0,0.0,0.0,2.2,0.0,0.0,0.0,9.4,0.0,0.0,0.0,0.0,0.0,0.0,0.0,0.0,4.2,3.4,2.2,30.4,0.0,0.0,0.0,0.0,28.4,34.2,3.2,25.4,0.0,0.0,,1,1,1,1,1,1,1,1,1,1,1,1,1,1,1,1,1,1,1,1,1,1,1,1,1,1,1,1,1,1,0.0
2648020,1,01/09/1984,1,34.2,143.0,26.0,10.0,1.0,1,0,2377.1,1,0.0,0.0,0.0,2.2,0.0,0.0,0.0,9.4,0.0,0.0,0.0,0.0,0.0,0.0,0.0,0.0,4.2,3.4,2.2,30.4,0.0,0.0,0.0,0.0,28.4,34.2,3.2,25.4,0.0,0.0,,1,1,1,1,1,1,1,1,1,1,1,1,1,1,1,1,1,1,1,1,1,1,1,1,1,1,1,1,1,1,0.0
2648020,2,01/08/1984,1,123.4,389.8,7.0,16.0,1.0,1,0,2377.1,1,0.0,20.4,18.4,0.0,0.0,90.6,123.4,14.4,3.2,0.0,0.0,0.0,0.0,0.0,0.0,11.4,0.0,20.4,4.2,0.0,6.2,1.2,20.4,0.0,27.6,8.4,0.0,0.0,0.0,8.2,11.4,1,1,1,1,1,1,1,1,1,1,1,1,1,1,1,1,1,1,1,1,1,1,1,1,1,1,1,1,1,1,1.0
2648020,1,01/08/1984,1,123.4,389.8,7.0,16.0,1.0,1,0,2377.1,1,0.0,20.4,18.4,0.0,0.0,90.6,123.4,14.4,3.2,0.0,0.0,0.0,0.0,0.0,0.0,11.4,0.0,20.4,4.2,0.0,6.2,1.2,20.4,0.0,27.6,8.4,0.0,0.0,0.0,8.2,11.4,1,1,1,1,1,1,1,1,1,1,1,1,1,1,1,1,1,1,1,1,1,1,1,1,1,1,1,1,1,1,1.0
2648020,2,01/07/1984,1,25.6,73.2,7.0,5.0,1.0,1,0,2377.1,1,0.0,0.0,0.0,20.4,0.0,0.0,25.6,0.0,0.0,0.0,0.0,0.0,4.2,16.4,0.0,0.0,0.0,0.0,0.0,6.6,0.0,0.0,0.0,0.0,0.0,0.0,0.0,0.0,0.0,0.0,0.0,1,1,1,1,1,1,1,1,1,1,1,1,1,1,1,1,1,1,1,1,1,1,1,1,1,1,1,1,1,1,1.0
2648020,1,01/07/1984,1,25.6,73.2,7.0,5.0,1.0,1,0,2377.1,1,0.0,0.0,0.0,20.4,0.0,0.0,25.6,0.0,0.0,0.0,0.0,0.0,4.2,16.4,0.0,0.0,0.0,0.0,0.0,6.6,0.0,0.0,0.0,0.0,0.0,0.0,0.0,0.0,0.0,0.0,0.0,1,1,1,1,1,1,1,1,1,1,1,1,1,1,1,1,1,1,1,1,1,1,1,1,1,1,1,1,1,1,1.0
2648020,2,01/06/1984,1,44.6,107.0,15.0,6.0,1.0,1,0,2377.1,1,0.0,0.0,0.0,0.0,0.0,0.0,0.0,0.0,0.0,7.2,0.0,0.0,26.4,1.2,44.6,0.0,22.4,0.0,0.0,0.0,0.0,0.0,0.0,0.0,0.0,0.0,5.2,0.0,0.0,0.0,,1,1,1,1,1,1,1,1,1,1,1,1,1,1,1,1,1,1,1,1,1,1,1,1,1,1,1,1,1,1,0.0
2648020,1,01/06/1984,1,44.6,107.0,15.0,6.0,1.0,1,0,2377.1,1,0.0,0.0,0.0,0.0,0.0,0.0,0.0,0.0,0.0,7.2,0.0,0.0,26.4,1.2,44.6,0.0,22.4,0.0,0.0,0.0,0.0,0.0,0.0,0.0,0.0,0.0,5.2,0.0,0.0,0.0,,1,1,1,1,1,1,1,1,1,1,1,1,1,1,1,1,1,1,1,1,1,1,1,1,1,1,1,1,1,1,0.0
2648020,2,01/05/1984,1,28.2,94.4,14.0,9.0,1.0,1,0,2377.1,1,0.0,0.0,0.0,0.0,0.0,0.0,0.0,0.0,0.0,0.0,1.2,20.2,8.4,28.2,0.0,2.2,1.2,15.4,0.0,13.4,4.2,0.0,0.0,0.0,0.0,0.0,0.0,0.0,0.0,0.0,0.0,1,1,1,1,1,1,1,1,1,1,1,1,1,1,1,1,1,1,1,1,1,1,1,1,1,1,1,1,1,1,1.0
2648020,1,01/05/1984,1,28.2,94.4,14.0,9.0,1.0,1,0,2377.1,1,0.0,0.0,0.0,0.0,0.0,0.0,0.0,0.0,0.0,0.0,1.2,20.2,8.4,28.2,0.0,2.2,1.2,15.4,0.0,13.4,4.2,0.0,0.0,0.0,0.0,0.0,0.0,0.0,0.0,0.0,0.0,1,1,1,1,1,1,1,1,1,1,1,1,1,1,1,1,1,1,1,1,1,1,1,1,1,1,1,1,1,1,1.0
2648020,2,01/04/1984,1,20.4,138.8,15.0,16.0,1.0,1,0,2377.1,1,2.2,1.2,0.0,8.2,0.0,0.0,0.0,13.4,19.2,5.4,6.6,9.4,7.2,4.2,20.4,0.0,0.0,5.2,8.6,8.2,0.0,0.0,0.0,14.2,0.0,0.0,0.0,0.0,5.2,0.0,,1,1,1,1,1,1,1,1,1,1,1,1,1,1,1,1,1,1,1,1,1,1,1,1,1,1,1,1,1,1,0.0
2648020,1,01/04/1984,1,20.4,138.8,15.0,16.0,1.0,1,0,2377.1,1,2.2,1.2,0.0,8.2,0.0,0.0,0.0,13.4,19.2,5.4,6.6,9.4,7.2,4.2,20.4,0.0,0.0,5.2,8.6,8.2,0.0,0.0,0.0,14.2,0.0,0.0,0.0,0.0,5.2,0.0,,1,1,1,1,1,1,1,1,1,1,1,1,1,1,1,1,1,1,1,1,1,1,1,1,1,1,1,1,1,1,0.0
2648020,2,01/03/1984,1,59.6,279.6,20.0,16.0,1.0,1,0,2377.1,1,0.0,23.2,4.4,0.0,14.2,0.0,51.4,21.2,0.0,6.2,0.0,0.0,10.2,0.0,2.2,0.0,0.0,0.0,5.4,59.6,49.4,9.2,0.0,0.0,0.0,0.0,0.0,13.4,6.2,2.2,1.2,1,1,1,1,1,1,1,1,1,1,1,1,1,1,1,1,1,1,1,1,1,1,1,1,1,1,1,1,1,1,1.0
2648020,1,01/03/1984,1,59.6,279.6,20.0,16.0,1.0,1,0,2377.1,1,0.0,23.2,4.4,0.0,14.2,0.0,51.4,21.2,0.0,6.2,0.0,0.0,10.2,0.0,2.2,0.0,0.0,0.0,5.4,59.6,49.4,9.2,0.0,0.0,0.0,0.0,0.0,13.4,6.2,2.2,1.2,1,1,1,1,1,1,1,1,1,1,1,1,1,1,1,1,1,1,1,1,1,1,1,1,1,1,1,1,1,1,1.0
2648020,2,01/02/1984,1,103.6,226.6,2.0,10.0,1.0,1,0,2377.1,1,0.0,103.6,4.2,0.0,0.0,18.4,0.0,4.2,8.4,0.0,6.4,0.0,0.0,0.0,0.0,0.0,0.0,16.4,21.2,1.2,0.0,0.0,0.0,0.0,0.0,42.6,0.0,0.0,0.0,,,1,1,1,1,1,1,1,1,1,1,1,1,1,1,1,1,1,1,1,1,1,1,1,1,1,1,1,1,1,0,0.0
2648020,1,01/02/1984,1,103.6,226.6,2.0,10.0,1.0,1,0,2377.1,1,0.0,103.6,4.2,0.0,0.0,18.4,0.0,4.2,8.4,0.0,6.4,0.0,0.0,0.0,0.0,0.0,0.0,16.4,21.2,1.2,0.0,0.0,0.0,0.0,0.0,42.6,0.0,0.0,0.0,,,1,1,1,1,1,1,1,1,1,1,1,1,1,1,1,1,1,1,1,1,1,1,1,1,1,1,1,1,1,0,0.0
2648020,2,01/01/1984,1,179.6,367.2,25.0,18.0,1.0,1,0,2377.1,1,2.2,0.0,15.6,0.0,0.0,6.2,30.4,0.0,0.0,0.0,0.0,16.4,3.2,0.0,2.2,0.0,6.2,0.0,0.0,9.2,6.2,12.4,5.2,1.2,179.6,7.2,2.2,30.4,0.0,0.0,31.2,1,1,1,1,1,1,1,1,1,1,1,1,1,1,1,1,1,1,1,1,1,1,1,1,1,1,1,1,1,1,1.0
2648020,1,01/01/1984,1,179.6,367.2,25.0,18.0,1.0,1,0,2377.1,1,2.2,0.0,15.6,0.0,0.0,6.2,30.4,0.0,0.0,0.0,0.0,16.4,3.2,0.0,2.2,0.0,6.2,0.0,0.0,9.2,6.2,12.4,5.2,1.2,179.6,7.2,2.2,30.4,0.0,0.0,31.2,1,1,1,1,1,1,1,1,1,1,1,1,1,1,1,1,1,1,1,1,1,1,1,1,1,1,1,1,1,1,1.0
2648020,2,01/12/1983,1,30.4,200.2,11.0,15.0,1.0,1,0,2914.9,3,0.0,0.0,0.0,27.4,4.2,0.0,0.0,0.0,0.0,0.0,30.4,12.4,4.2,8.2,0.0,2.4,20.2,2.4,25.6,0.0,10.2,20.4,0.0,0.0,0.0,0.0,2.2,14.4,15.6,0.0,0.0,1,1,1,1,1,1,1,1,1,1,1,1,1,1,1,1,1,1,1,1,1,1,1,1,1,1,1,1,1,1,1.0
2648020,1,01/12/1983,1,30.4,200.2,11.0,15.0,1.0,1,0,2914.9,1,0.0,0.0,0.0,27.4,4.2,0.0,0.0,0.0,0.0,0.0,30.4,12.4,4.2,8.2,0.0,2.4,20.2,2.4,25.6,0.0,10.2,20.4,0.0,0.0,0.0,0.0,2.2,14.4,15.6,0.0,0.0,1,1,1,1,1,1,1,1,1,1,1,1,1,1,1,1,1,1,1,1,1,1,1,1,1,1,1,1,1,1,1.0
2648020,2,01/11/1983,1,46.2,225.2,12.0,13.0,1.0,1,0,2914.9,3,4.2,0.0,0.0,15.2,5.4,14.2,0.0,0.0,0.0,0.0,0.0,46.2,16.4,0.0,6.2,12.4,0.0,0.0,0.0,23.4,1.2,13.4,0.0,0.0,0.0,0.0,0.0,30.6,36.4,0.0,,1,1,1,1,1,1,1,1,1,1,1,1,1,1,1,1,1,1,1,1,1,1,1,1,1,1,1,1,1,1,0.0
2648020,1,01/11/1983,1,46.2,225.2,12.0,13.0,1.0,1,0,2914.9,1,4.2,0.0,0.0,15.2,5.4,14.2,0.0,0.0,0.0,0.0,0.0,46.2,16.4,0.0,6.2,12.4,0.0,0.0,0.0,23.4,1.2,13.4,0.0,0.0,0.0,0.0,0.0,30.6,36.4,0.0,,1,1,1,1,1,1,1,1,1,1,1,1,1,1,1,1,1,1,1,1,1,1,1,1,1,1,1,1,1,1,0.0
2648020,2,01/10/1983,1,18.6,105.8,11.0,13.0,1.0,1,0,2914.9,3,2.2,1.2,2.4,0.0,0.0,0.0,0.0,0.0,0.0,2.4,18.6,10.4,15.6,18.4,3.4,0.0,0.0,4.2,1.2,0.0,0.0,15.6,0.0,0.0,0.0,0.0,0.0,10.2,0.0,0.0,0.0,1,1,1,1,1,1,1,1,1,1,1,1,1,1,1,1,1,1,1,1,1,1,1,1,1,1,1,1,1,1,1.0
2648020,1,01/10/1983,1,18.6,105.8,11.0,13.0,1.0,1,0,2914.9,1,2.2,1.2,2.4,0.0,0.0,0.0,0.0,0.0,0.0,2.4,18.6,10.4,15.6,18.4,3.4,0.0,0.0,4.2,1.2,0.0,0.0,15.6,0.0,0.0,0.0,0.0,0.0,10.2,0.0,0.0,0.0,1,1,1,1,1,1,1,1,1,1,1,1,1,1,1,1,1,1,1,1,1,1,1,1,1,1,1,1,1,1,1.0
2648020,2,01/09/1983,1,79.6,239.2,23.0,15.0,1.0,1,0,2914.9,3,10.4,0.0,0.0,0.0,28.6,2.4,0.0,6.2,0.0,0.0,1.2,13.4,9.2,1.2,0.0,39.6,0.0,10.2,7.2,0.0,0.0,0.0,79.6,20.4,0.0,0.0,8.4,1.2,0.0,0.0,,1,1,1,1,1,1,1,1,1,1,1,1,1,1,1,1,1,1,1,1,1,1,1,1,1,1,1,1,1,1,0.0
2648020,1,01/09/1983,1,79.6,239.2,23.0,15.0,1.0,1,0,2914.9,1,10.4,0.0,0.0,0.0,28.6,2.4,0.0,6.2,0.0,0.0,1.2,13.4,9.2,1.2,0.0,39.6,0.0,10.2,7.2,0.0,0.0,0.0,79.6,20.4,0.0,0.0,8.4,1.2,0.0,0.0,,1,1,1,1,1,1,1,1,1,1,1,1,1,1,1,1,1,1,1,1,1,1,1,1,1,1,1,1,1,1,0.0
2648020,2,01/08/1983,1,38.4,79.0,1.0,7.0,1.0,1,0,2914.9,3,38.4,19.4,0.0,0.0,0.0,0.0,0.0,0.0,0.0,0.0,0.0,0.0,0.0,1.2,0.0,0.0,11.4,6.2,1.2,0.0,0.0,1.2,0.0,0.0,0.0,0.0,0.0,0.0,0.0,0.0,0.0,1,1,1,1,1,1,1,1,1,1,1,1,1,1,1,1,1,1,1,1,1,1,1,1,1,1,1,1,1,1,1.0
2648020,1,01/08/1983,1,38.4,79.0,1.0,7.0,1.0,1,0,2914.9,1,38.4,19.4,0.0,0.0,0.0,0.0,0.0,0.0,0.0,0.0,0.0,0.0,0.0,1.2,0.0,0.0,11.4,6.2,1.2,0.0,0.0,1.2,0.0,0.0,0.0,0.0,0.0,0.0,0.0,0.0,0.0,1,1,1,1,1,1,1,1,1,1,1,1,1,1,1,1,1,1,1,1,1,1,1,1,1,1,1,1,1,1,1.0
2648020,2,01/07/1983,1,61.6,500.8,7.0,17.0,1.0,1,0,2914.9,3,0.0,0.0,0.0,0.0,0.0,25.4,61.6,56.2,45.2,58.4,15.4,34.2,7.6,5.2,1.2,0.0,43.4,0.0,0.0,0.0,0.0,0.0,0.0,0.0,14.2,42.4,50.4,29.2,7.4,0.0,3.4,1,1,1,1,1,1,1,1,1,1,1,1,1,1,1,1,1,1,1,1,1,1,1,1,1,1,1,1,1,1,1.0
2648020,1,01/07/1983,1,61.6,500.8,7.0,17.0,1.0,1,0,2914.9,1,0.0,0.0,0.0,0.0,0.0,25.4,61.6,56.2,45.2,58.4,15.4,34.2,7.6,5.2,1.2,0.0,43.4,0.0,0.0,0.0,0.0,0.0,0.0,0.0,14.2,42.4,50.4,29.2,7.4,0.0,3.4,1,1,1,1,1,1,1,1,1,1,1,1,1,1,1,1,1,1,1,1,1,1,1,1,1,1,1,1,1,1,1.0
2648020,2,01/06/1983,1,48.4,239.4,24.0,14.0,1.0,1,0,2914.9,3,0.0,0.0,0.0,4.2,0.0,0.0,5.4,0.0,6.2,18.6,2.2,40.4,11.4,36.2,0.0,0.0,0.0,0.0,0.0,0.0,0.0,0.0,0.0,48.4,35.4,15.2,9.2,3.4,0.0,3.2,,1,1,1,1,1,1,1,1,1,1,1,1,1,1,1,1,1,1,1,1,1,1,1,1,1,1,1,1,1,1,0.0
2648020,1,01/06/1983,1,48.4,239.4,24.0,14.0,1.0,1,0,2914.9,1,0.0,0.0,0.0,4.2,0.0,0.0,5.4,0.0,6.2,18.6,2.2,40.4,11.4,36.2,0.0,0.0,0.0,0.0,0.0,0.0,0.0,0.0,0.0,48.4,35.4,15.2,9.2,3.4,0.0,3.2,,1,1,1,1,1,1,1,1,1,1,1,1,1,1,1,1,1,1,1,1,1,1,1,1,1,1,1,1,1,1,0.0
2648020,2,01/05/1983,1,95.2,375.6,20.0,26.0,1.0,3,0,2914.9,3,1.2,18.4,9.2,30.4,1.2,1.2,18.6,6.4,2.2,18.6,36.4,2.2,1.4,6.2,7.4,1.4,26.6,0.0,10.4,95.2,5.4,3.2,4.6,5.2,0.0,0.0,0.0,47.6,4.4,0.0,10.6,1,1,1,1,1,1,1,1,1,1,1,1,1,1,1,1,1,1,1,1,1,1,1,1,1,1,1,1,1,1,1.0
2648020,1,01/05/1983,1,95.2,375.6,20.0,26.0,1.0,1,0,2914.9,1,1.2,18.4,9.2,30.4,1.2,1.2,18.6,6.4,2.2,18.6,36.4,2.2,1.4,6.2,7.4,1.4,26.6,0.0,10.4,95.2,5.4,3.2,4.6,5.2,0.0,0.0,0.0,47.6,4.4,0.0,10.6,1,1,1,1,1,1,1,1,1,1,1,1,1,1,1,1,1,1,1,1,1,1,1,1,1,1,1,1,1,1,1.0
2648020,2,01/04/1983,1,45.6,186.4,18.0,15.0,1.0,1,0,2914.9,3,16.4,4.2,7.4,6.2,8.4,18.6,0.0,0.0,0.0,0.0,0.0,32.6,0.0,0.0,8.4,1.2,2.2,45.6,7.4,0.0,0.0,0.0,0.0,10.4,13.2,0.0,0.0,0.0,0.0,4.2,,1,1,1,1,1,1,1,1,1,1,1,1,1,1,1,1,1,1,1,1,1,1,1,1,1,1,1,1,1,1,0.0
2648020,1,01/04/1983,1,45.6,186.4,18.0,15.0,1.0,1,0,2914.9,1,16.4,4.2,7.4,6.2,8.4,18.6,0.0,0.0,0.0,0.0,0.0,32.6,0.0,0.0,8.4,1.2,2.2,45.6,7.4,0.0,0.0,0.0,0.0,10.4,13.2,0.0,0.0,0.0,0.0,4.2,,1,1,1,1,1,1,1,1,1,1,1,1,1,1,1,1,1,1,1,1,1,1,1,1,1,1,1,1,1,1,0.0
2648020,2,01/03/1983,1,61.6,234.0,19.0,18.0,1.0,1,0,2914.9,3,9.2,1.2,26.4,19.6,16.4,15.2,15.2,0.0,0.0,0.0,0.0,6.2,1.2,4.2,0.0,4.2,4.6,1.2,61.6,6.4,0.0,0.0,18.6,6.2,16.4,0.0,0.0,0.0,0.0,0.0,0.0,1,1,1,1,1,1,1,1,1,1,1,1,1,1,1,1,1,1,1,1,1,1,1,1,1,1,1,1,1,1,1.0
2648020,1,01/03/1983,1,61.6,234.0,19.0,18.0,1.0,1,0,2914.9,1,9.2,1.2,26.4,19.6,16.4,15.2,15.2,0.0,0.0,0.0,0.0,6.2,1.2,4.2,0.0,4.2,4.6,1.2,61.6,6.4,0.0,0.0,18.6,6.2,16.4,0.0,0.0,0.0,0.0,0.0,0.0,1,1,1,1,1,1,1,1,1,1,1,1,1,1,1,1,1,1,1,1,1,1,1,1,1,1,1,1,1,1,1.0
2648020,2,01/02/1983,1,54.6,289.8,10.0,23.0,1.0,1,0,2914.9,3,29.6,0.0,0.0,0.0,14.6,20.2,2.2,1.2,15.4,54.6,2.2,1.2,12.4,17.2,8.4,2.4,7.2,16.2,9.4,3.6,0.0,0.0,25.4,1.2,3.4,23.2,2.2,16.4,,,,1,1,1,1,1,1,1,1,1,1,1,1,1,1,1,1,1,1,1,1,1,1,1,1,1,1,1,1,0,0,0.0
2648020,1,01/02/1983,1,54.6,289.8,10.0,23.0,1.0,1,0,2914.9,1,29.6,0.0,0.0,0.0,14.6,20.2,2.2,1.2,15.4,54.6,2.2,1.2,12.4,17.2,8.4,2.4,7.2,16.2,9.4,3.6,0.0,0.0,25.4,1.2,3.4,23.2,2.2,16.4,,,,1,1,1,1,1,1,1,1,1,1,1,1,1,1,1,1,1,1,1,1,1,1,1,1,1,1,1,1,0,0,0.0
2648020,2,01/01/1983,1,85.6,239.5,6.0,17.0,1.0,1,0,2914.9,3,0.0,0.0,0.0,0.0,10.5,85.6,51.4,11.2,5.2,0.0,0.0,2.2,2.2,1.2,3.2,0.0,0.0,0.0,0.0,21.4,6.2,7.4,0.0,4.2,0.0,0.0,0.0,4.4,6.4,4.2,12.6,1,1,1,1,1,1,1,1,1,1,1,1,1,1,1,1,1,1,1,1,1,1,1,1,1,1,1,1,1,1,1.0
2648020,1,01/01/1983,1,85.6,239.5,6.0,17.0,1.0,1,0,2914.9,1,0.0,0.0,0.0,0.0,10.5,85.6,51.4,11.2,5.2,0.0,0.0,2.2,2.2,1.2,3.2,0.0,0.0,0.0,0.0,21.4,6.2,7.4,0.0,4.2,0.0,0.0,0.0,4.4,6.4,4.2,12.6,1,1,1,1,1,1,1,1,1,1,1,1,1,1,1,1,1,1,1,1,1,1,1,1,1,1,1,1,1,1,1.0
2648020,2,01/12/1982,1,,190.0,,,0.0,2,0,2159.2,2,0.0,8.2,18.4,0.0,0.0,0.0,0.0,0.0,0.0,0.0,4.6,0.0,0.0,4.4,5.4,2.2,0.0,0.0,16.2,0.0,2.2,6.4,7.2,13.4,,,,,,,,1,1,1,1,1,1,1,1,1,1,1,1,1,1,1,1,1,1,1,1,1,1,1,1,0,0,0,0,0,0,0.0
2648020,1,01/12/1982,1,18.4,88.6,3.0,11.0,1.0,1,0,2057.8,1,0.0,8.2,18.4,0.0,0.0,0.0,0.0,0.0,0.0,0.0,4.6,0.0,0.0,4.4,5.4,2.2,0.0,0.0,16.2,0.0,2.2,6.4,7.2,13.4,0.0,0.0,0.0,0.0,0.0,0.0,0.0,1,1,1,1,1,1,1,1,1,1,1,1,1,1,1,1,1,1,1,1,1,1,1,1,1,1,1,1,1,1,1.0
2648020,2,01/11/1982,1,66.4,267.8,15.0,19.0,1.0,1,0,2159.2,2,0.0,0.0,0.0,10.6,32.4,6.2,0.0,0.0,0.0,0.0,6.2,33.6,6.4,35.8,66.4,3.2,1.6,2.4,0.0,0.0,21.6,4.2,11.2,6.6,11.6,1.2,3.2,3.4,0.0,0.0,,1,1,1,1,1,1,1,1,1,1,1,1,1,1,1,1,1,1,1,1,1,1,1,1,1,1,1,1,1,1,0.0
2648020,1,01/11/1982,1,66.4,267.8,15.0,19.0,1.0,1,0,2057.8,1,0.0,0.0,0.0,10.6,32.4,6.2,0.0,0.0,0.0,0.0,6.2,33.6,6.4,35.8,66.4,3.2,1.6,2.4,0.0,0.0,21.6,4.2,11.2,6.6,11.6,1.2,3.2,3.4,0.0,0.0,,1,1,1,1,1,1,1,1,1,1,1,1,1,1,1,1,1,1,1,1,1,1,1,1,1,1,1,1,1,1,0.0
2648020,2,01/10/1982,1,35.6,224.8,7.0,14.0,1.0,1,0,2159.2,2,6.4,3.6,0.0,0.0,0.0,1.2,35.6,30.2,27.2,7.4,26.4,1.2,10.4,0.0,0.0,0.0,0.0,29.6,0.0,0.0,0.0,31.6,9.4,4.6,0.0,0.0,0.0,0.0,0.0,0.0,0.0,1,1,1,1,1,1,1,1,1,1,1,1,1,1,1,1,1,1,1,1,1,1,1,1,1,1,1,1,1,1,1.0
2648020,1,01/10/1982,1,35.6,224.8,7.0,14.0,1.0,1,0,2057.8,1,6.4,3.6,0.0,0.0,0.0,1.2,35.6,30.2,27.2,7.4,26.4,1.2,10.4,0.0,0.0,0.0,0.0,29.6,0.0,0.0,0.0,31.6,9.4,4.6,0.0,0.0,0.0,0.0,0.0,0.0,0.0,1,1,1,1,1,1,1,1,1,1,1,1,1,1,1,1,1,1,1,1,1,1,1,1,1,1,1,1,1,1,1.0
2648020,2,01/09/1982,1,21.4,48.6,18.0,7.0,1.0,1,0,2159.2,2,12.2,2.4,0.0,0.0,0.0,0.0,0.0,0.0,0.0,0.0,0.0,0.0,0.0,0.0,0.0,0.0,0.0,21.4,0.0,0.0,0.0,0.0,0.0,0.0,0.0,0.0,1.6,2.4,3.4,5.2,,1,1,1,1,1,1,1,1,1,1,1,1,1,1,1,1,1,1,1,1,1,1,1,1,1,1,1,1,1,1,0.0
2648020,1,01/09/1982,1,21.4,48.6,18.0,7.0,1.0,1,0,2057.8,1,12.2,2.4,0.0,0.0,0.0,0.0,0.0,0.0,0.0,0.0,0.0,0.0,0.0,0.0,0.0,0.0,0.0,21.4,0.0,0.0,0.0,0.0,0.0,0.0,0.0,0.0,1.6,2.4,3.4,5.2,,1,1,1,1,1,1,1,1,1,1,1,1,1,1,1,1,1,1,1,1,1,1,1,1,1,1,1,1,1,1,0.0
2648020,2,01/08/1982,1,24.6,90.6,3.0,12.0,1.0,1,0,2159.2,2,0.0,2.4,24.6,0.0,0.0,0.0,0.0,0.0,0.0,11.4,2.6,0.0,0.0,0.0,0.0,1.2,2.2,10.6,3.2,3.4,0.0,0.0,0.0,9.2,2.4,0.0,0.0,0.0,0.0,0.0,17.4,1,1,1,1,1,1,1,1,1,1,1,1,1,1,1,1,1,1,1,1,1,1,1,1,1,1,1,1,1,1,1.0
2648020,1,01/08/1982,1,24.6,90.6,3.0,12.0,1.0,1,0,2057.8,1,0.0,2.4,24.6,0.0,0.0,0.0,0.0,0.0,0.0,11.4,2.6,0.0,0.0,0.0,0.0,1.2,2.2,10.6,3.2,3.4,0.0,0.0,0.0,9.2,2.4,0.0,0.0,0.0,0.0,0.0,17.4,1,1,1,1,1,1,1,1,1,1,1,1,1,1,1,1,1,1,1,1,1,1,1,1,1,1,1,1,1,1,1.0
2648020,2,01/07/1982,1,28.2,78.6,13.0,8.0,1.0,1,0,2159.2,2,0.0,0.0,0.0,0.0,0.0,0.0,0.0,0.4,16.6,1.2,3.2,12.6,28.2,0.0,0.0,0.0,0.0,0.0,9.2,0.0,0.0,0.0,0.0,0.0,0.0,0.0,0.0,0.0,0.0,7.2,0.0,1,1,1,1,1,1,1,1,1,1,1,1,1,1,1,1,1,1,1,1,1,1,1,1,1,1,1,1,1,1,1.0
2648020,1,01/07/1982,1,28.2,78.6,13.0,8.0,1.0,1,0,2057.8,1,0.0,0.0,0.0,0.0,0.0,0.0,0.0,0.4,16.6,1.2,3.2,12.6,28.2,0.0,0.0,0.0,0.0,0.0,9.2,0.0,0.0,0.0,0.0,0.0,0.0,0.0,0.0,0.0,0.0,7.2,0.0,1,1,1,1,1,1,1,1,1,1,1,1,1,1,1,1,1,1,1,1,1,1,1,1,1,1,1,1,1,1,1.0
2648020,2,01/06/1982,1,31.4,160.0,16.0,15.0,1.0,1,0,2159.2,2,0.0,0.0,0.0,0.0,0.0,0.0,0.0,0.0,0.0,0.0,6.6,3.2,1.4,0.0,0.0,31.4,4.6,3.2,4.6,0.0,0.0,6.4,1.2,31.2,20.6,21.2,8.6,5.2,10.6,0.0,,1,1,1,1,1,1,1,1,1,1,1,1,1,1,1,1,1,1,1,1,1,1,1,1,1,1,1,1,1,1,0.0
2648020,1,01/06/1982,1,31.4,160.0,16.0,15.0,1.0,1,0,2057.8,1,0.0,0.0,0.0,0.0,0.0,0.0,0.0,0.0,0.0,0.0,6.6,3.2,1.4,0.0,0.0,31.4,4.6,3.2,4.6,0.0,0.0,6.4,1.2,31.2,20.6,21.2,8.6,5.2,10.6,0.0,,1,1,1,1,1,1,1,1,1,1,1,1,1,1,1,1,1,1,1,1,1,1,1,1,1,1,1,1,1,1,0.0
2648020,2,01/05/1982,1,96.6,187.2,25.0,9.0,1.0,1,0,2159.2,2,1.2,0.0,9.4,1.2,17.4,0.0,0.0,0.0,0.0,0.0,5.2,0.0,0.0,0.0,0.0,0.0,0.0,0.0,14.6,0.0,0.0,0.0,0.0,6.2,96.6,35.4,0.0,0.0,0.0,0.0,0.0,1,1,1,1,1,1,1,1,1,1,1,1,1,1,1,1,1,1,1,1,1,1,1,1,1,1,1,1,1,1,1.0
2648020,1,01/05/1982,1,96.6,187.2,25.0,9.0,1.0,1,0,2057.8,1,1.2,0.0,9.4,1.2,17.4,0.0,0.0,0.0,0.0,0.0,5.2,0.0,0.0,0.0,0.0,0.0,0.0,0.0,14.6,0.0,0.0,0.0,0.0,6.2,96.6,35.4,0.0,0.0,0.0,0.0,0.0,1,1,1,1,1,1,1,1,1,1,1,1,1,1,1,1,1,1,1,1,1,1,1,1,1,1,1,1,1,1,1.0
2648020,2,01/04/1982,1,27.6,104.8,20.0,13.0,1.0,1,0,2159.2,2,0.0,0.0,0.0,0.0,1.2,11.2,0.0,0.0,0.0,2.2,12.4,7.2,1.2,0.0,9.4,0.0,0.0,0.0,6.2,27.6,5.2,0.0,0.0,0.0,0.0,0.0,0.0,13.4,1.2,6.4,,1,1,1,1,1,1,1,1,1,1,1,1,1,1,1,1,1,1,1,1,1,1,1,1,1,1,1,1,1,1,0.0
2648020,1,01/04/1982,1,27.6,104.8,20.0,13.0,1.0,1,0,2057.8,1,0.0,0.0,0.0,0.0,1.2,11.2,0.0,0.0,0.0,2.2,12.4,7.2,1.2,0.0,9.4,0.0,0.0,0.0,6.2,27.6,5.2,0.0,0.0,0.0,0.0,0.0,0.0,13.4,1.2,6.4,,1,1,1,1,1,1,1,1,1,1,1,1,1,1,1,1,1,1,1,1,1,1,1,1,1,1,1,1,1,1,0.0
2648020,2,01/03/1982,1,76.6,347.2,23.0,22.0,1.0,1,0,2159.2,2,0.0,5.4,9.2,9.4,3.6,4.2,0.0,0.0,5.4,5.2,3.2,0.0,3.2,7.4,10.6,26.4,0.0,0.0,0.0,16.4,0.0,0.0,76.6,15.4,35.6,55.4,14.2,4.2,17.4,17.6,1.2,1,1,1,1,1,1,1,1,1,1,1,1,1,1,1,1,1,1,1,1,1,1,1,1,1,1,1,1,1,1,1.0
2648020,1,01/03/1982,1,76.6,347.2,23.0,22.0,1.0,1,0,2057.8,1,0.0,5.4,9.2,9.4,3.6,4.2,0.0,0.0,5.4,5.2,3.2,0.0,3.2,7.4,10.6,26.4,0.0,0.0,0.0,16.4,0.0,0.0,76.6,15.4,35.6,55.4,14.2,4.2,17.4,17.6,1.2,1,1,1,1,1,1,1,1,1,1,1,1,1,1,1,1,1,1,1,1,1,1,1,1,1,1,1,1,1,1,1.0
2648020,2,01/02/1982,1,67.8,244.2,5.0,15.0,1.0,1,0,2159.2,2,3.2,8.4,2.4,11.6,67.8,6.4,4.6,0.0,4.2,1.2,0.0,0.0,0.0,0.0,0.0,0.0,4.2,0.0,0.0,16.6,0.0,33.6,22.4,28.2,29.4,0.0,0.0,0.0,,,,1,1,1,1,1,1,1,1,1,1,1,1,1,1,1,1,1,1,1,1,1,1,1,1,1,1,1,1,0,0,0.0
2648020,1,01/02/1982,1,67.8,244.2,5.0,15.0,1.0,1,0,2057.8,1,3.2,8.4,2.4,11.6,67.8,6.4,4.6,0.0,4.2,1.2,0.0,0.0,0.0,0.0,0.0,0.0,4.2,0.0,0.0,16.6,0.0,33.6,22.4,28.2,29.4,0.0,0.0,0.0,,,,1,1,1,1,1,1,1,1,1,1,1,1,1,1,1,1,1,1,1,1,1,1,1,1,1,1,1,1,0,0,0.0
2648020,2,01/01/1982,1,42.0,215.4,29.0,14.0,1.0,1,0,2159.2,2,0.0,4.2,11.2,34.6,6.4,0.0,0.0,0.0,3.2,0.0,2.2,0.0,0.0,0.0,11.6,0.0,0.0,0.0,26.0,0.0,10.4,12.6,0.0,16.4,0.0,0.0,0.0,0.0,42.0,25.0,9.6,1,1,1,1,1,1,1,1,1,1,1,1,1,1,1,1,1,1,1,1,1,1,1,1,1,1,1,1,1,1,1.0
2648020,1,01/01/1982,1,42.0,215.4,29.0,14.0,1.0,1,0,2057.8,1,0.0,4.2,11.2,34.6,6.4,0.0,0.0,0.0,3.2,0.0,2.2,0.0,0.0,0.0,11.6,0.0,0.0,0.0,26.0,0.0,10.4,12.6,0.0,16.4,0.0,0.0,0.0,0.0,42.0,25.0,9.6,1,1,1,1,1,1,1,1,1,1,1,1,1,1,1,1,1,1,1,1,1,1,1,1,1,1,1,1,1,1,1.0
2648020,2,01/12/1981,1,112.6,258.2,22.0,18.0,1.0,1,0,1725.2,1,8.4,1.2,1.2,1.2,3.2,24.4,13.6,0.0,20.8,2.2,0.0,17.6,11.2,3.2,0.0,0.0,0.0,0.0,0.0,0.0,0.0,112.6,22.4,2.2,0.0,0.0,0.0,7.4,3.2,2.2,0.0,1,1,1,1,1,1,1,1,1,1,1,1,1,1,1,1,1,1,1,1,1,1,1,1,1,1,1,1,1,1,1.0
2648020,1,01/12/1981,1,112.6,258.2,22.0,18.0,1.0,1,0,1788.2,1,8.4,1.2,1.2,1.2,3.2,24.4,13.6,0.0,20.8,2.2,0.0,17.6,11.2,3.2,0.0,0.0,0.0,0.0,0.0,0.0,0.0,112.6,22.4,2.2,0.0,0.0,0.0,7.4,3.2,2.2,0.0,1,1,1,1,1,1,1,1,1,1,1,1,1,1,1,1,1,1,1,1,1,1,1,1,1,1,1,1,1,1,1.0
2648020,2,01/11/1981,1,20.4,103.0,10.0,16.0,1.0,1,0,1725.2,1,3.2,1.4,0.0,13.4,0.0,1.2,5.4,2.4,8.6,20.4,0.0,2.6,0.0,5.6,1.2,1.2,0.0,0.0,9.4,8.2,0.0,0.0,0.0,0.0,0.0,0.0,0.0,0.0,13.6,5.2,,1,1,1,1,1,1,1,1,1,1,1,1,1,1,1,1,1,1,1,1,1,1,1,1,1,1,1,1,1,1,0.0
2648020,1,01/11/1981,1,20.4,103.0,10.0,16.0,1.0,1,0,1788.2,1,3.2,1.4,0.0,13.4,0.0,1.2,5.4,2.4,8.6,20.4,0.0,2.6,0.0,5.6,1.2,1.2,0.0,0.0,9.4,8.2,0.0,0.0,0.0,0.0,0.0,0.0,0.0,0.0,13.6,5.2,,1,1,1,1,1,1,1,1,1,1,1,1,1,1,1,1,1,1,1,1,1,1,1,1,1,1,1,1,1,1,0.0
2648020,2,01/10/1981,1,53.2,239.8,28.0,19.0,1.0,1,0,1725.2,1,0.0,1.2,0.0,5.2,2.2,2.2,1.2,1.2,5.4,1.2,0.0,0.0,2.8,0.0,1.2,5.2,0.0,0.0,1.2,28.6,20.2,0.0,0.0,0.0,0.0,0.0,45.6,53.2,30.4,26.2,5.4,1,1,1,1,1,1,1,1,1,1,1,1,1,1,1,1,1,1,1,1,1,1,1,1,1,1,1,1,1,1,1.0
2648020,1,01/10/1981,1,53.2,239.8,28.0,19.0,1.0,1,0,1788.2,1,0.0,1.2,0.0,5.2,2.2,2.2,1.2,1.2,5.4,1.2,0.0,0.0,2.8,0.0,1.2,5.2,0.0,0.0,1.2,28.6,20.2,0.0,0.0,0.0,0.0,0.0,45.6,53.2,30.4,26.2,5.4,1,1,1,1,1,1,1,1,1,1,1,1,1,1,1,1,1,1,1,1,1,1,1,1,1,1,1,1,1,1,1.0
2648020,2,01/09/1981,1,9.4,55.0,23.0,12.0,1.0,1,0,1725.2,1,3.2,2.2,1.2,1.2,0.0,0.0,0.0,0.0,0.0,0.0,0.0,0.0,0.0,0.0,0.0,0.0,0.0,0.0,0.0,0.0,1.2,6.2,9.4,4.2,8.4,7.2,0.0,0.0,1.2,9.4,,1,1,1,1,1,1,1,1,1,1,1,1,1,1,1,1,1,1,1,1,1,1,1,1,1,1,1,1,1,1,0.0
2648020,1,01/09/1981,1,9.4,55.0,23.0,12.0,1.0,1,0,1788.2,1,3.2,2.2,1.2,1.2,0.0,0.0,0.0,0.0,0.0,0.0,0.0,0.0,0.0,0.0,0.0,0.0,0.0,0.0,0.0,0.0,1.2,6.2,9.4,4.2,8.4,7.2,0.0,0.0,1.2,9.4,,1,1,1,1,1,1,1,1,1,1,1,1,1,1,1,1,1,1,1,1,1,1,1,1,1,1,1,1,1,1,0.0
2648020,2,01/08/1981,1,28.4,83.2,28.0,10.0,1.0,1,0,1725.2,1,0.0,0.0,0.0,0.0,0.0,0.0,0.0,0.0,6.4,0.0,0.0,0.0,20.6,0.0,0.0,0.0,0.0,3.2,0.0,0.0,0.0,2.2,0.0,0.0,0.0,6.4,5.2,28.4,5.2,3.4,2.2,1,1,1,1,1,1,1,1,1,1,1,1,1,1,1,1,1,1,1,1,1,1,1,1,1,1,1,1,1,1,1.0
2648020,1,01/08/1981,1,28.4,83.2,28.0,10.0,1.0,1,0,1788.2,1,0.0,0.0,0.0,0.0,0.0,0.0,0.0,0.0,6.4,0.0,0.0,0.0,20.6,0.0,0.0,0.0,0.0,3.2,0.0,0.0,0.0,2.2,0.0,0.0,0.0,6.4,5.2,28.4,5.2,3.4,2.2,1,1,1,1,1,1,1,1,1,1,1,1,1,1,1,1,1,1,1,1,1,1,1,1,1,1,1,1,1,1,1.0
2648020,2,01/07/1981,1,75.6,168.4,25.0,12.0,1.0,1,0,1725.2,1,0.0,26.4,0.0,0.0,45.6,5.2,1.2,2.2,1.2,4.2,0.0,0.0,0.0,0.0,0.0,0.0,0.0,0.0,0.0,2.2,1.2,0.0,2.2,1.2,75.6,0.0,0.0,0.0,0.0,0.0,0.0,1,1,1,1,1,1,1,1,1,1,1,1,1,1,1,1,1,1,1,1,1,1,1,1,1,1,1,1,1,1,1.0
2648020,1,01/07/1981,1,75.6,168.4,25.0,12.0,1.0,1,0,1788.2,1,0.0,26.4,0.0,0.0,45.6,5.2,1.2,2.2,1.2,4.2,0.0,0.0,0.0,0.0,0.0,0.0,0.0,0.0,0.0,2.2,1.2,0.0,2.2,1.2,75.6,0.0,0.0,0.0,0.0,0.0,0.0,1,1,1,1,1,1,1,1,1,1,1,1,1,1,1,1,1,1,1,1,1,1,1,1,1,1,1,1,1,1,1.0
2648020,2,01/06/1981,1,13.6,36.2,6.0,7.0,1.0,1,0,1725.2,1,0.0,0.0,5.4,1.2,0.0,13.6,2.2,3.2,0.0,0.0,1.2,0.0,0.0,0.0,0.0,9.4,0.0,0.0,0.0,0.0,0.0,0.0,0.0,0.0,0.0,0.0,0.0,0.0,0.0,0.0,,1,1,1,1,1,1,1,1,1,1,1,1,1,1,1,1,1,1,1,1,1,1,1,1,1,1,1,1,1,1,0.0
2648020,1,01/06/1981,1,13.6,36.2,6.0,7.0,1.0,1,0,1788.2,1,0.0,0.0,5.4,1.2,0.0,13.6,2.2,3.2,0.0,0.0,1.2,0.0,0.0,0.0,0.0,9.4,0.0,0.0,0.0,0.0,0.0,0.0,0.0,0.0,0.0,0.0,0.0,0.0,0.0,0.0,,1,1,1,1,1,1,1,1,1,1,1,1,1,1,1,1,1,1,1,1,1,1,1,1,1,1,1,1,1,1,0.0
2648020,2,01/05/1981,1,11.2,35.2,17.0,8.0,1.0,1,0,1725.2,1,0.0,0.0,0.0,0.0,0.0,0.0,0.0,0.0,0.0,0.0,0.0,0.0,0.0,0.0,0.0,0.0,11.2,5.4,1.2,0.0,0.0,10.4,2.4,1.2,0.0,0.0,2.2,0.0,1.2,0.0,0.0,1,1,1,1,1,1,1,1,1,1,1,1,1,1,1,1,1,1,1,1,1,1,1,1,1,1,1,1,1,1,1.0
2648020,1,01/05/1981,1,11.2,35.2,17.0,8.0,1.0,1,0,1788.2,1,0.0,0.0,0.0,0.0,0.0,0.0,0.0,0.0,0.0,0.0,0.0,0.0,0.0,0.0,0.0,0.0,11.2,5.4,1.2,0.0,0.0,10.4,2.4,1.2,0.0,0.0,2.2,0.0,1.2,0.0,0.0,1,1,1,1,1,1,1,1,1,1,1,1,1,1,1,1,1,1,1,1,1,1,1,1,1,1,1,1,1,1,1.0
2648020,2,01/04/1981,1,55.4,119.6,16.0,9.0,1.0,1,0,1725.2,1,0.0,0.0,0.0,0.0,0.0,0.0,0.0,0.0,5.2,0.0,0.0,0.0,0.0,5.4,0.0,55.4,15.2,5.2,2.2,0.0,0.0,0.0,0.0,0.0,10.4,15.2,5.4,0.0,0.0,0.0,,1,1,1,1,1,1,1,1,1,1,1,1,1,1,1,1,1,1,1,1,1,1,1,1,1,1,1,1,1,1,0.0
2648020,1,01/04/1981,1,73.4,182.6,25.0,9.0,1.0,1,0,1788.2,1,0.0,0.0,0.0,0.0,0.0,0.0,0.0,0.0,5.2,0.0,0.0,0.0,0.0,5.4,0.0,55.4,15.2,5.2,2.2,0.0,0.0,0.0,0.0,0.0,73.4,15.2,5.4,0.0,0.0,0.0,,1,1,1,1,1,1,1,1,1,1,1,1,1,1,1,1,1,1,1,1,1,1,1,1,1,1,1,1,1,1,0.0
2648020,2,01/03/1981,1,56.4,240.0,29.0,12.0,1.0,1,0,1725.2,1,0.0,0.0,0.0,4.3,20.3,0.0,0.0,0.0,8.3,0.0,0.0,1.2,0.0,6.4,0.0,0.0,0.0,0.0,1.2,0.0,0.0,0.0,0.0,0.0,0.0,2.2,15.5,55.6,56.4,30.2,38.4,1,1,1,1,1,1,1,1,1,1,1,1,1,1,1,1,1,1,1,1,1,1,1,1,1,1,1,1,1,1,1.0
2648020,1,01/03/1981,1,56.4,240.0,29.0,12.0,1.0,1,0,1788.2,1,0.0,0.0,0.0,4.3,20.3,0.0,0.0,0.0,8.3,0.0,0.0,1.2,0.0,6.4,0.0,0.0,0.0,0.0,1.2,0.0,0.0,0.0,0.0,0.0,0.0,2.2,15.5,55.6,56.4,30.2,38.4,1,1,1,1,1,1,1,1,1,1,1,1,1,1,1,1,1,1,1,1,1,1,1,1,1,1,1,1,1,1,1.0
2648020,2,01/02/1981,1,67.2,219.8,23.0,12.0,1.0,1,0,1725.2,1,0.0,0.0,12.4,0.0,33.2,9.4,22.6,2.2,0.0,1.2,0.0,0.0,0.0,5.4,0.0,0.0,0.0,0.0,0.0,0.0,2.2,23.4,67.2,37.4,3.2,0.0,0.0,0.0,,,,1,1,1,1,1,1,1,1,1,1,1,1,1,1,1,1,1,1,1,1,1,1,1,1,1,1,1,1,0,0,0.0
2648020,1,01/02/1981,1,67.2,219.8,23.0,12.0,1.0,1,0,1788.2,1,0.0,0.0,12.4,0.0,33.2,9.4,22.6,2.2,0.0,1.2,0.0,0.0,0.0,5.4,0.0,0.0,0.0,0.0,0.0,0.0,2.2,23.4,67.2,37.4,3.2,0.0,0.0,0.0,,,,1,1,1,1,1,1,1,1,1,1,1,1,1,1,1,1,1,1,1,1,1,1,1,1,1,1,1,1,0,0,0.0
2648020,2,01/01/1981,1,19.4,166.8,30.0,24.0,1.0,1,0,1725.2,1,0.0,0.0,0.0,0.0,2.2,10.4,5.2,3.4,11.6,3.2,1.4,2.2,0.0,12.2,2.2,10.2,16.6,1.4,14.4,10.4,11.6,1.2,3.4,3.2,3.4,1.2,10.2,0.0,0.0,19.4,6.2,1,1,1,1,1,1,1,1,1,1,1,1,1,1,1,1,1,1,1,1,1,1,1,1,1,1,1,1,1,1,1.0
2648020,1,01/01/1981,1,19.4,166.8,30.0,24.0,1.0,1,0,1788.2,1,0.0,0.0,0.0,0.0,2.2,10.4,5.2,3.4,11.6,3.2,1.4,2.2,0.0,12.2,2.2,10.2,16.6,1.4,14.4,10.4,11.6,1.2,3.4,3.2,3.4,1.2,10.2,0.0,0.0,19.4,6.2,1,1,1,1,1,1,1,1,1,1,1,1,1,1,1,1,1,1,1,1,1,1,1,1,1,1,1,1,1,1,1.0
2648020,2,01/12/1980,1,82.4,369.0,28.0,20.0,1.0,1,0,2107.2,1,0.0,5.6,3.4,15.2,1.6,3.4,0.0,0.0,0.0,0.0,4.4,3.2,5.2,2.6,0.0,0.0,0.0,0.0,36.4,25.2,23.6,33.2,2.4,71.4,17.6,0.0,0.0,82.4,19.6,2.4,10.2,1,1,1,1,1,1,1,1,1,1,1,1,1,1,1,1,1,1,1,1,1,1,1,1,1,1,1,1,1,1,1.0
2648020,1,01/12/1980,1,82.4,369.0,28.0,20.0,1.0,1,0,2107.2,1,0.0,5.6,3.4,15.2,1.6,3.4,0.0,0.0,0.0,0.0,4.4,3.2,5.2,2.6,0.0,0.0,0.0,0.0,36.4,25.2,23.6,33.2,2.4,71.4,17.6,0.0,0.0,82.4,19.6,2.4,10.2,1,1,1,1,1,1,1,1,1,1,1,1,1,1,1,1,1,1,1,1,1,1,1,1,1,1,1,1,1,1,1.0
2648020,2,01/11/1980,1,20.4,62.2,24.0,7.0,1.0,1,0,2107.2,1,0.0,0.0,0.0,0.0,0.0,0.0,19.6,0.0,7.4,2.6,2.6,0.0,0.0,0.0,0.0,0.0,0.0,0.0,0.0,0.0,0.0,0.0,2.2,20.4,0.0,0.0,0.0,0.0,0.0,7.4,,1,1,1,1,1,1,1,1,1,1,1,1,1,1,1,1,1,1,1,1,1,1,1,1,1,1,1,1,1,1,0.0
2648020,1,01/11/1980,1,20.4,62.2,24.0,7.0,1.0,1,0,2107.2,1,0.0,0.0,0.0,0.0,0.0,0.0,19.6,0.0,7.4,2.6,2.6,0.0,0.0,0.0,0.0,0.0,0.0,0.0,0.0,0.0,0.0,0.0,2.2,20.4,0.0,0.0,0.0,0.0,0.0,7.4,,1,1,1,1,1,1,1,1,1,1,1,1,1,1,1,1,1,1,1,1,1,1,1,1,1,1,1,1,1,1,0.0
2648020,2,01/10/1980,1,55.4,214.4,23.0,19.0,1.0,1,0,2107.2,1,0.0,0.0,0.0,0.0,6.4,0.0,0.0,13.4,10.2,0.0,2.4,10.6,7.2,3.6,1.4,0.0,0.0,0.0,27.6,2.2,8.2,17.2,55.4,1.4,2.2,1.6,12.6,10.4,0.0,0.0,20.4,1,1,1,1,1,1,1,1,1,1,1,1,1,1,1,1,1,1,1,1,1,1,1,1,1,1,1,1,1,1,1.0
2648020,1,01/10/1980,1,55.4,214.4,23.0,19.0,1.0,1,0,2107.2,1,0.0,0.0,0.0,0.0,6.4,0.0,0.0,13.4,10.2,0.0,2.4,10.6,7.2,3.6,1.4,0.0,0.0,0.0,27.6,2.2,8.2,17.2,55.4,1.4,2.2,1.6,12.6,10.4,0.0,0.0,20.4,1,1,1,1,1,1,1,1,1,1,1,1,1,1,1,1,1,1,1,1,1,1,1,1,1,1,1,1,1,1,1.0
2648020,2,01/09/1980,1,26.4,203.6,19.0,16.0,1.0,1,0,2107.2,1,5.2,21.2,17.6,0.0,0.0,0.0,0.0,0.0,8.4,12.6,0.0,0.0,5.2,2.4,5.2,25.4,0.0,3.2,26.4,5.2,10.6,15.2,0.0,0.0,0.0,0.0,0.0,20.6,19.2,0.0,,1,1,1,1,1,1,1,1,1,1,1,1,1,1,1,1,1,1,1,1,1,1,1,1,1,1,1,1,1,1,0.0
2648020,1,01/09/1980,1,26.4,203.6,19.0,16.0,1.0,1,0,2107.2,1,5.2,21.2,17.6,0.0,0.0,0.0,0.0,0.0,8.4,12.6,0.0,0.0,5.2,2.4,5.2,25.4,0.0,3.2,26.4,5.2,10.6,15.2,0.0,0.0,0.0,0.0,0.0,20.6,19.2,0.0,,1,1,1,1,1,1,1,1,1,1,1,1,1,1,1,1,1,1,1,1,1,1,1,1,1,1,1,1,1,1,0.0
2648020,2,01/08/1980,1,116.2,271.6,18.0,12.0,1.0,1,0,2107.2,1,0.0,0.0,2.4,0.0,0.0,8.6,0.0,0.0,0.0,2.4,0.0,0.0,0.0,0.0,0.0,0.0,0.0,116.2,5.6,2.4,18.2,13.2,7.4,1.6,35.2,58.4,0.0,0.0,0.0,0.0,0.0,1,1,1,1,1,1,1,1,1,1,1,1,1,1,1,1,1,1,1,1,1,1,1,1,1,1,1,1,1,1,1.0
2648020,1,01/08/1980,1,116.2,271.6,18.0,12.0,1.0,1,0,2107.2,1,0.0,0.0,2.4,0.0,0.0,8.6,0.0,0.0,0.0,2.4,0.0,0.0,0.0,0.0,0.0,0.0,0.0,116.2,5.6,2.4,18.2,13.2,7.4,1.6,35.2,58.4,0.0,0.0,0.0,0.0,0.0,1,1,1,1,1,1,1,1,1,1,1,1,1,1,1,1,1,1,1,1,1,1,1,1,1,1,1,1,1,1,1.0
2648020,2,01/07/1980,1,45.6,175.4,31.0,13.0,1.0,1,0,2107.2,1,9.4,23.6,21.2,5.4,1.2,0.0,0.0,0.0,10.4,13.2,5.6,3.4,0.0,0.0,0.0,0.0,0.0,0.0,0.0,0.0,1.6,0.0,0.0,0.0,0.0,0.0,1.4,0.0,0.0,33.4,45.6,1,1,1,1,1,1,1,1,1,1,1,1,1,1,1,1,1,1,1,1,1,1,1,1,1,1,1,1,1,1,1.0
2648020,1,01/07/1980,1,45.6,175.4,31.0,13.0,1.0,1,0,2107.2,1,9.4,23.6,21.2,5.4,1.2,0.0,0.0,0.0,10.4,13.2,5.6,3.4,0.0,0.0,0.0,0.0,0.0,0.0,0.0,0.0,1.6,0.0,0.0,0.0,0.0,0.0,1.4,0.0,0.0,33.4,45.6,1,1,1,1,1,1,1,1,1,1,1,1,1,1,1,1,1,1,1,1,1,1,1,1,1,1,1,1,1,1,1.0
2648020,2,01/06/1980,1,34.2,109.4,26.0,9.0,1.0,1,0,2107.2,1,0.0,6.4,0.0,0.0,0.0,0.0,0.0,0.0,0.0,0.0,0.0,0.0,0.0,6.4,0.0,0.0,0.0,0.0,0.0,14.4,8.6,16.2,0.0,0.0,10.4,34.2,8.4,4.4,0.0,0.0,,1,1,1,1,1,1,1,1,1,1,1,1,1,1,1,1,1,1,1,1,1,1,1,1,1,1,1,1,1,1,0.0
2648020,1,01/06/1980,1,34.2,109.4,26.0,9.0,1.0,1,0,2107.2,1,0.0,6.4,0.0,0.0,0.0,0.0,0.0,0.0,0.0,0.0,0.0,0.0,0.0,6.4,0.0,0.0,0.0,0.0,0.0,14.4,8.6,16.2,0.0,0.0,10.4,34.2,8.4,4.4,0.0,0.0,,1,1,1,1,1,1,1,1,1,1,1,1,1,1,1,1,1,1,1,1,1,1,1,1,1,1,1,1,1,1,0.0
2648020,2,01/05/1980,1,23.4,65.4,2.0,11.0,1.0,1,0,2107.2,1,0.0,23.4,2.6,2.2,0.0,0.0,7.4,6.6,0.0,0.0,0.0,0.0,0.0,0.0,6.4,0.0,0.0,3.4,4.6,1.2,3.4,4.2,0.0,0.0,0.0,0.0,0.0,0.0,0.0,0.0,0.0,1,1,1,1,1,1,1,1,1,1,1,1,1,1,1,1,1,1,1,1,1,1,1,1,1,1,1,1,1,1,1.0
2648020,1,01/05/1980,1,23.4,65.4,2.0,11.0,1.0,1,0,2107.2,1,0.0,23.4,2.6,2.2,0.0,0.0,7.4,6.6,0.0,0.0,0.0,0.0,0.0,0.0,6.4,0.0,0.0,3.4,4.6,1.2,3.4,4.2,0.0,0.0,0.0,0.0,0.0,0.0,0.0,0.0,0.0,1,1,1,1,1,1,1,1,1,1,1,1,1,1,1,1,1,1,1,1,1,1,1,1,1,1,1,1,1,1,1.0
2648020,2,01/04/1980,1,21.2,78.6,14.0,7.0,1.0,1,0,2107.2,1,0.0,0.0,0.0,0.0,0.0,0.0,18.4,0.0,0.0,0.0,0.0,0.0,11.4,21.2,19.6,0.0,0.0,3.4,0.0,0.0,0.0,0.0,0.0,0.0,0.0,1.2,3.4,0.0,0.0,0.0,,1,1,1,1,1,1,1,1,1,1,1,1,1,1,1,1,1,1,1,1,1,1,1,1,1,1,1,1,1,1,0.0
2648020,1,01/04/1980,1,21.2,78.6,14.0,7.0,1.0,1,0,2107.2,1,0.0,0.0,0.0,0.0,0.0,0.0,18.4,0.0,0.0,0.0,0.0,0.0,11.4,21.2,19.6,0.0,0.0,3.4,0.0,0.0,0.0,0.0,0.0,0.0,0.0,1.2,3.4,0.0,0.0,0.0,,1,1,1,1,1,1,1,1,1,1,1,1,1,1,1,1,1,1,1,1,1,1,1,1,1,1,1,1,1,1,0.0
2648020,2,01/03/1980,1,40.2,183.6,17.0,12.0,1.0,1,0,2107.2,1,15.4,0.0,0.0,0.0,0.0,0.0,0.0,0.0,12.6,2.4,0.0,3.4,33.2,2.4,1.6,21.4,40.2,0.0,0.0,0.0,0.0,0.0,0.0,0.0,0.0,0.0,38.4,0.0,8.4,4.2,0.0,1,1,1,1,1,1,1,1,1,1,1,1,1,1,1,1,1,1,1,1,1,1,1,1,1,1,1,1,1,1,1.0
2648020,1,01/03/1980,1,40.2,183.6,17.0,12.0,1.0,1,0,2107.2,1,15.4,0.0,0.0,0.0,0.0,0.0,0.0,0.0,12.6,2.4,0.0,3.4,33.2,2.4,1.6,21.4,40.2,0.0,0.0,0.0,0.0,0.0,0.0,0.0,0.0,0.0,38.4,0.0,8.4,4.2,0.0,1,1,1,1,1,1,1,1,1,1,1,1,1,1,1,1,1,1,1,1,1,1,1,1,1,1,1,1,1,1,1.0
2648020,2,01/02/1980,1,33.2,156.2,27.0,17.0,1.0,1,0,2107.2,1,6.4,4.2,1.4,0.0,10.2,0.0,0.0,5.4,4.6,1.4,5.2,9.4,0.0,0.0,3.2,1.4,2.6,25.2,8.4,0.0,0.0,0.0,0.0,0.0,0.0,0.0,33.2,3.4,30.6,,,1,1,1,1,1,1,1,1,1,1,1,1,1,1,1,1,1,1,1,1,1,1,1,1,1,1,1,1,1,0,0.0
2648020,1,01/02/1980,1,33.2,156.2,27.0,17.0,1.0,1,0,2107.2,1,6.4,4.2,1.4,0.0,10.2,0.0,0.0,5.4,4.6,1.4,5.2,9.4,0.0,0.0,3.2,1.4,2.6,25.2,8.4,0.0,0.0,0.0,0.0,0.0,0.0,0.0,33.2,3.4,30.6,,,1,1,1,1,1,1,1,1,1,1,1,1,1,1,1,1,1,1,1,1,1,1,1,1,1,1,1,1,1,0,0.0
2648020,2,01/01/1980,1,28.2,217.8,11.0,19.0,1.0,1,0,2107.2,1,0.0,0.0,0.0,0.0,0.0,0.0,19.4,4.2,20.6,11.4,28.2,0.0,0.0,1.4,5.2,3.4,17.2,9.6,11.4,2.2,3.4,0.0,0.0,12.4,16.2,13.4,3.2,16.6,18.4,0.0,0.0,1,1,1,1,1,1,1,1,1,1,1,1,1,1,1,1,1,1,1,1,1,1,1,1,1,1,1,1,1,1,1.0
2648020,1,01/01/1980,1,28.2,217.8,11.0,19.0,1.0,1,0,2107.2,1,0.0,0.0,0.0,0.0,0.0,0.0,19.4,4.2,20.6,11.4,28.2,0.0,0.0,1.4,5.2,3.4,17.2,9.6,11.4,2.2,3.4,0.0,0.0,12.4,16.2,13.4,3.2,16.6,18.4,0.0,0.0,1,1,1,1,1,1,1,1,1,1,1,1,1,1,1,1,1,1,1,1,1,1,1,1,1,1,1,1,1,1,1.0
2648020,2,01/12/1979,1,28.2,138.0,15.0,16.0,1.0,1,0,1806.2,1,24.4,0.0,4.6,19.2,1.4,2.6,0.0,0.0,1.4,1.2,0.0,0.0,15.4,0.0,28.2,4.6,2.4,0.0,0.0,0.0,2.6,0.0,5.4,0.0,0.0,0.0,4.6,0.0,2.4,17.6,0.0,1,1,1,1,1,1,1,1,1,1,1,1,1,1,1,1,1,1,1,1,1,1,1,1,1,1,1,1,1,1,1.0
2648020,1,01/12/1979,1,28.2,138.0,15.0,16.0,1.0,1,0,1806.2,1,24.4,0.0,4.6,19.2,1.4,2.6,0.0,0.0,1.4,1.2,0.0,0.0,15.4,0.0,28.2,4.6,2.4,0.0,0.0,0.0,2.6,0.0,5.4,0.0,0.0,0.0,4.6,0.0,2.4,17.6,0.0,1,1,1,1,1,1,1,1,1,1,1,1,1,1,1,1,1,1,1,1,1,1,1,1,1,1,1,1,1,1,1.0
2648020,2,01/11/1979,1,41.6,181.0,8.0,15.0,1.0,1,0,1806.2,1,2.4,6.2,0.0,0.0,0.0,0.0,0.0,41.6,3.4,36.4,28.2,3.6,0.0,0.0,0.0,3.4,0.0,4.6,0.0,0.0,5.4,11.2,2.2,1.4,27.6,3.4,0.0,0.0,0.0,0.0,,1,1,1,1,1,1,1,1,1,1,1,1,1,1,1,1,1,1,1,1,1,1,1,1,1,1,1,1,1,1,0.0
2648020,1,01/11/1979,1,41.6,181.0,8.0,15.0,1.0,1,0,1806.2,1,2.4,6.2,0.0,0.0,0.0,0.0,0.0,41.6,3.4,36.4,28.2,3.6,0.0,0.0,0.0,3.4,0.0,4.6,0.0,0.0,5.4,11.2,2.2,1.4,27.6,3.4,0.0,0.0,0.0,0.0,,1,1,1,1,1,1,1,1,1,1,1,1,1,1,1,1,1,1,1,1,1,1,1,1,1,1,1,1,1,1,0.0
2648020,2,01/10/1979,1,50.4,243.0,14.0,16.0,1.0,1,0,1806.2,1,4.2,38.4,20.2,3.4,2.4,6.2,15.6,46.2,0.0,0.0,0.0,0.0,11.4,50.4,0.0,0.0,0.0,0.0,0.0,2.4,1.6,4.2,0.0,0.0,26.4,0.0,0.0,0.0,0.0,6.4,3.6,1,1,1,1,1,1,1,1,1,1,1,1,1,1,1,1,1,1,1,1,1,1,1,1,1,1,1,1,1,1,1.0
2648020,1,01/10/1979,1,50.4,243.0,14.0,16.0,1.0,1,0,1806.2,1,4.2,38.4,20.2,3.4,2.4,6.2,15.6,46.2,0.0,0.0,0.0,0.0,11.4,50.4,0.0,0.0,0.0,0.0,0.0,2.4,1.6,4.2,0.0,0.0,26.4,0.0,0.0,0.0,0.0,6.4,3.6,1,1,1,1,1,1,1,1,1,1,1,1,1,1,1,1,1,1,1,1,1,1,1,1,1,1,1,1,1,1,1.0
2648020,2,01/09/1979,1,48.4,149.0,11.0,15.0,1.0,1,0,1806.2,1,0.0,4.4,20.4,3.2,0.0,0.0,0.0,0.0,0.0,8.4,48.4,5.4,9.2,3.4,4.2,0.0,3.2,5.4,3.2,0.0,0.0,0.0,16.4,0.0,0.0,8.4,0.0,0.0,0.0,5.4,,1,1,1,1,1,1,1,1,1,1,1,1,1,1,1,1,1,1,1,1,1,1,1,1,1,1,1,1,1,1,0.0
2648020,1,01/09/1979,1,48.4,149.0,11.0,15.0,1.0,1,0,1806.2,1,0.0,4.4,20.4,3.2,0.0,0.0,0.0,0.0,0.0,8.4,48.4,5.4,9.2,3.4,4.2,0.0,3.2,5.4,3.2,0.0,0.0,0.0,16.4,0.0,0.0,8.4,0.0,0.0,0.0,5.4,,1,1,1,1,1,1,1,1,1,1,1,1,1,1,1,1,1,1,1,1,1,1,1,1,1,1,1,1,1,1,0.0
2648020,2,01/08/1979,1,35.4,61.8,18.0,6.0,1.0,1,0,1806.2,1,0.0,0.0,0.0,0.0,3.2,0.0,0.0,0.0,0.0,4.2,0.0,0.0,0.0,0.0,8.4,0.0,8.2,35.4,0.0,0.0,0.0,0.0,0.0,0.0,0.0,2.4,0.0,0.0,0.0,0.0,0.0,1,1,1,1,1,1,1,1,1,1,1,1,1,1,1,1,1,1,1,1,1,1,1,1,1,1,1,1,1,1,1.0
2648020,1,01/08/1979,1,35.4,61.8,18.0,6.0,1.0,1,0,1806.2,1,0.0,0.0,0.0,0.0,3.2,0.0,0.0,0.0,0.0,4.2,0.0,0.0,0.0,0.0,8.4,0.0,8.2,35.4,0.0,0.0,0.0,0.0,0.0,0.0,0.0,2.4,0.0,0.0,0.0,0.0,0.0,1,1,1,1,1,1,1,1,1,1,1,1,1,1,1,1,1,1,1,1,1,1,1,1,1,1,1,1,1,1,1.0
2648020,2,01/07/1979,1,21.4,76.2,27.0,10.0,1.0,1,0,1806.2,1,0.0,0.0,14.4,0.0,0.0,0.0,5.4,2.2,11.4,7.2,3.4,0.0,0.0,0.0,0.0,3.2,0.0,0.0,0.0,4.2,3.4,0.0,0.0,0.0,0.0,0.0,21.4,0.0,0.0,0.0,0.0,1,1,1,1,1,1,1,1,1,1,1,1,1,1,1,1,1,1,1,1,1,1,1,1,1,1,1,1,1,1,1.0
2648020,1,01/07/1979,1,21.4,76.2,27.0,10.0,1.0,1,0,1806.2,1,0.0,0.0,14.4,0.0,0.0,0.0,5.4,2.2,11.4,7.2,3.4,0.0,0.0,0.0,0.0,3.2,0.0,0.0,0.0,4.2,3.4,0.0,0.0,0.0,0.0,0.0,21.4,0.0,0.0,0.0,0.0,1,1,1,1,1,1,1,1,1,1,1,1,1,1,1,1,1,1,1,1,1,1,1,1,1,1,1,1,1,1,1.0
2648020,2,01/06/1979,1,28.4,52.0,25.0,6.0,1.0,1,0,1806.2,1,0.0,0.0,0.0,0.0,0.0,0.0,0.0,11.4,3.2,0.0,0.0,0.0,0.0,3.4,0.0,0.0,0.0,0.0,0.0,0.0,0.0,0.0,0.0,0.0,28.4,3.4,2.2,0.0,0.0,0.0,,1,1,1,1,1,1,1,1,1,1,1,1,1,1,1,1,1,1,1,1,1,1,1,1,1,1,1,1,1,1,0.0
2648020,1,01/06/1979,1,28.4,52.0,25.0,6.0,1.0,1,0,1806.2,1,0.0,0.0,0.0,0.0,0.0,0.0,0.0,11.4,3.2,0.0,0.0,0.0,0.0,3.4,0.0,0.0,0.0,0.0,0.0,0.0,0.0,0.0,0.0,0.0,28.4,3.4,2.2,0.0,0.0,0.0,,1,1,1,1,1,1,1,1,1,1,1,1,1,1,1,1,1,1,1,1,1,1,1,1,1,1,1,1,1,1,0.0
2648020,2,01/05/1979,1,60.2,230.6,9.0,14.0,1.0,1,0,1806.2,1,3.4,0.0,0.0,37.4,0.0,0.0,1.4,4.6,60.2,5.4,2.6,43.4,12.2,28.6,5.4,0.0,0.0,0.0,0.0,0.0,0.0,0.0,0.0,9.4,0.0,0.0,0.0,0.0,2.4,14.2,0.0,1,1,1,1,1,1,1,1,1,1,1,1,1,1,1,1,1,1,1,1,1,1,1,1,1,1,1,1,1,1,1.0
2648020,1,01/05/1979,1,60.2,230.6,9.0,14.0,1.0,1,0,1806.2,1,3.4,0.0,0.0,37.4,0.0,0.0,1.4,4.6,60.2,5.4,2.6,43.4,12.2,28.6,5.4,0.0,0.0,0.0,0.0,0.0,0.0,0.0,0.0,9.4,0.0,0.0,0.0,0.0,2.4,14.2,0.0,1,1,1,1,1,1,1,1,1,1,1,1,1,1,1,1,1,1,1,1,1,1,1,1,1,1,1,1,1,1,1.0
2648020,2,01/04/1979,1,45.2,166.8,4.0,16.0,1.0,1,0,1806.2,1,0.0,0.0,5.6,45.2,2.4,14.6,0.0,0.0,0.0,0.0,0.0,0.0,2.4,20.6,4.2,4.2,2.4,17.6,0.0,0.0,0.0,0.0,2.4,6.2,11.6,3.4,22.6,1.4,0.0,0.0,,1,1,1,1,1,1,1,1,1,1,1,1,1,1,1,1,1,1,1,1,1,1,1,1,1,1,1,1,1,1,0.0
2648020,1,01/04/1979,1,45.2,166.8,4.0,16.0,1.0,1,0,1806.2,1,0.0,0.0,5.6,45.2,2.4,14.6,0.0,0.0,0.0,0.0,0.0,0.0,2.4,20.6,4.2,4.2,2.4,17.6,0.0,0.0,0.0,0.0,2.4,6.2,11.6,3.4,22.6,1.4,0.0,0.0,,1,1,1,1,1,1,1,1,1,1,1,1,1,1,1,1,1,1,1,1,1,1,1,1,1,1,1,1,1,1,0.0
2648020,2,01/03/1979,1,58.2,190.6,1.0,12.0,1.0,1,0,1806.2,1,58.2,0.0,3.4,1.6,0.0,0.0,0.0,0.0,0.0,37.6,0.0,0.0,6.4,56.2,6.4,7.2,3.2,6.4,1.6,2.4,0.0,0.0,0.0,0.0,0.0,0.0,0.0,0.0,0.0,0.0,0.0,1,1,1,1,1,1,1,1,1,1,1,1,1,1,1,1,1,1,1,1,1,1,1,1,1,1,1,1,1,1,1.0
2648020,1,01/03/1979,1,58.2,190.6,1.0,12.0,1.0,1,0,1806.2,1,58.2,0.0,3.4,1.6,0.0,0.0,0.0,0.0,0.0,37.6,0.0,0.0,6.4,56.2,6.4,7.2,3.2,6.4,1.6,2.4,0.0,0.0,0.0,0.0,0.0,0.0,0.0,0.0,0.0,0.0,0.0,1,1,1,1,1,1,1,1,1,1,1,1,1,1,1,1,1,1,1,1,1,1,1,1,1,1,1,1,1,1,1.0
2648020,2,01/02/1979,1,65.4,191.8,24.0,17.0,1.0,1,0,1806.2,1,8.4,0.0,0.0,0.0,8.4,2.2,4.6,12.4,4.2,3.6,0.0,3.2,11.4,13.6,0.0,0.0,0.0,0.0,0.0,6.4,2.4,0.0,8.4,65.4,15.4,0.0,15.4,6.4,,,,1,1,1,1,1,1,1,1,1,1,1,1,1,1,1,1,1,1,1,1,1,1,1,1,1,1,1,1,0,0,0.0
2648020,1,01/02/1979,1,65.4,191.8,24.0,17.0,1.0,1,0,1806.2,1,8.4,0.0,0.0,0.0,8.4,2.2,4.6,12.4,4.2,3.6,0.0,3.2,11.4,13.6,0.0,0.0,0.0,0.0,0.0,6.4,2.4,0.0,8.4,65.4,15.4,0.0,15.4,6.4,,,,1,1,1,1,1,1,1,1,1,1,1,1,1,1,1,1,1,1,1,1,1,1,1,1,1,1,1,1,0,0,0.0
2648020,2,01/01/1979,1,22.6,125.4,3.0,13.0,1.0,1,0,1806.2,1,0.0,18.4,22.6,7.2,5.4,8.2,3.4,22.6,1.4,0.0,0.0,0.0,0.0,4.6,0.0,0.0,6.4,0.0,0.0,0.0,0.0,6.4,8.2,0.0,0.0,0.0,0.0,0.0,10.6,0.0,0.0,1,1,1,1,1,1,1,1,1,1,1,1,1,1,1,1,1,1,1,1,1,1,1,1,1,1,1,1,1,1,1.0
2648020,1,01/01/1979,1,22.6,125.4,3.0,13.0,1.0,1,0,1806.2,1,0.0,18.4,22.6,7.2,5.4,8.2,3.4,22.6,1.4,0.0,0.0,0.0,0.0,4.6,0.0,0.0,6.4,0.0,0.0,0.0,0.0,6.4,8.2,0.0,0.0,0.0,0.0,0.0,10.6,0.0,0.0,1,1,1,1,1,1,1,1,1,1,1,1,1,1,1,1,1,1,1,1,1,1,1,1,1,1,1,1,1,1,1.0
2648020,2,01/12/1978,1,65.2,269.4,26.0,19.0,1.0,1,0,1495.5,1,0.0,0.0,0.0,0.0,2.2,17.4,19.6,0.0,0.0,13.4,3.6,1.4,1.2,4.6,16.2,17.4,29.2,9.4,30.2,4.6,0.0,0.0,12.4,0.0,4.4,65.2,3.4,0.0,0.0,0.0,13.6,1,1,1,1,1,1,1,1,1,1,1,1,1,1,1,1,1,1,1,1,1,1,1,1,1,1,1,1,1,1,1.0
2648020,1,01/12/1978,1,65.2,269.4,26.0,19.0,1.0,1,0,1495.5,1,0.0,0.0,0.0,0.0,2.2,17.4,19.6,0.0,0.0,13.4,3.6,1.4,1.2,4.6,16.2,17.4,29.2,9.4,30.2,4.6,0.0,0.0,12.4,0.0,4.4,65.2,3.4,0.0,0.0,0.0,13.6,1,1,1,1,1,1,1,1,1,1,1,1,1,1,1,1,1,1,1,1,1,1,1,1,1,1,1,1,1,1,1.0
2648020,2,01/11/1978,1,52.4,177.6,22.0,12.0,1.0,1,0,1495.5,1,0.0,0.0,0.0,16.4,24.2,1.2,0.0,2.6,0.0,0.0,0.0,0.0,0.0,0.0,0.0,0.0,0.0,0.0,21.4,42.6,5.2,52.4,2.6,4.2,1.4,0.0,0.0,3.4,0.0,0.0,,1,1,1,1,1,1,1,1,1,1,1,1,1,1,1,1,1,1,1,1,1,1,1,1,1,1,1,1,1,1,0.0
2648020,1,01/11/1978,1,52.4,177.6,22.0,12.0,1.0,1,0,1495.5,1,0.0,0.0,0.0,16.4,24.2,1.2,0.0,2.6,0.0,0.0,0.0,0.0,0.0,0.0,0.0,0.0,0.0,0.0,21.4,42.6,5.2,52.4,2.6,4.2,1.4,0.0,0.0,3.4,0.0,0.0,,1,1,1,1,1,1,1,1,1,1,1,1,1,1,1,1,1,1,1,1,1,1,1,1,1,1,1,1,1,1,0.0
2648020,2,01/10/1978,1,36.2,98.8,20.0,14.0,1.0,1,0,1495.5,1,0.0,0.0,0.0,0.0,0.0,0.0,3.4,2.2,1.6,2.4,7.6,0.0,0.0,4.2,3.4,8.2,2.2,0.0,10.6,36.2,3.4,0.0,0.0,0.0,0.0,0.0,2.2,0.0,0.0,0.0,11.2,1,1,1,1,1,1,1,1,1,1,1,1,1,1,1,1,1,1,1,1,1,1,1,1,1,1,1,1,1,1,1.0
2648020,1,01/10/1978,1,36.2,98.8,20.0,14.0,1.0,1,0,1495.5,1,0.0,0.0,0.0,0.0,0.0,0.0,3.4,2.2,1.6,2.4,7.6,0.0,0.0,4.2,3.4,8.2,2.2,0.0,10.6,36.2,3.4,0.0,0.0,0.0,0.0,0.0,2.2,0.0,0.0,0.0,11.2,1,1,1,1,1,1,1,1,1,1,1,1,1,1,1,1,1,1,1,1,1,1,1,1,1,1,1,1,1,1,1.0
2648020,2,01/09/1978,1,35.4,136.2,15.0,10.0,1.0,1,0,1495.5,1,0.0,3.4,33.4,24.2,3.4,0.0,0.0,24.4,0.0,0.0,0.0,0.0,0.0,0.0,35.4,0.0,0.0,0.0,0.0,0.0,0.0,0.0,0.0,0.0,0.0,0.0,5.2,2.4,1.2,3.2,,1,1,1,1,1,1,1,1,1,1,1,1,1,1,1,1,1,1,1,1,1,1,1,1,1,1,1,1,1,1,0.0
2648020,1,01/09/1978,1,35.4,136.2,15.0,10.0,1.0,1,0,1495.5,1,0.0,3.4,33.4,24.2,3.4,0.0,0.0,24.4,0.0,0.0,0.0,0.0,0.0,0.0,35.4,0.0,0.0,0.0,0.0,0.0,0.0,0.0,0.0,0.0,0.0,0.0,5.2,2.4,1.2,3.2,,1,1,1,1,1,1,1,1,1,1,1,1,1,1,1,1,1,1,1,1,1,1,1,1,1,1,1,1,1,1,0.0
2648020,2,01/08/1978,1,42.6,109.8,13.0,9.0,1.0,1,0,1495.5,1,0.0,0.0,0.0,0.0,0.0,0.0,0.0,0.0,0.0,0.0,0.0,16.4,42.6,2.2,0.0,0.0,0.0,0.0,0.0,5.4,11.6,9.4,8.2,0.0,0.0,0.0,0.0,0.0,0.0,3.4,10.6,1,1,1,1,1,1,1,1,1,1,1,1,1,1,1,1,1,1,1,1,1,1,1,1,1,1,1,1,1,1,1.0
2648020,1,01/08/1978,1,42.6,109.8,13.0,9.0,1.0,1,0,1495.5,1,0.0,0.0,0.0,0.0,0.0,0.0,0.0,0.0,0.0,0.0,0.0,16.4,42.6,2.2,0.0,0.0,0.0,0.0,0.0,5.4,11.6,9.4,8.2,0.0,0.0,0.0,0.0,0.0,0.0,3.4,10.6,1,1,1,1,1,1,1,1,1,1,1,1,1,1,1,1,1,1,1,1,1,1,1,1,1,1,1,1,1,1,1.0
2648020,2,01/07/1978,1,16.2,62.4,24.0,7.0,1.0,1,0,1495.5,1,0.0,0.0,0.0,0.0,0.0,0.0,0.0,0.0,0.0,0.0,0.0,0.0,0.0,0.0,2.4,0.0,0.0,15.4,0.0,11.6,4.4,10.2,0.0,16.2,0.0,0.0,0.0,0.0,0.0,0.0,2.2,1,1,1,1,1,1,1,1,1,1,1,1,1,1,1,1,1,1,1,1,1,1,1,1,1,1,1,1,1,1,1.0
2648020,1,01/07/1978,1,16.2,62.4,24.0,7.0,1.0,1,0,1495.5,1,0.0,0.0,0.0,0.0,0.0,0.0,0.0,0.0,0.0,0.0,0.0,0.0,0.0,0.0,2.4,0.0,0.0,15.4,0.0,11.6,4.4,10.2,0.0,16.2,0.0,0.0,0.0,0.0,0.0,0.0,2.2,1,1,1,1,1,1,1,1,1,1,1,1,1,1,1,1,1,1,1,1,1,1,1,1,1,1,1,1,1,1,1.0
2648020,2,01/06/1978,1,56.2,96.4,8.0,7.0,1.0,1,0,1495.5,1,0.0,0.0,0.0,0.0,0.0,0.0,0.0,56.2,4.2,0.0,0.0,0.0,0.0,0.0,0.0,0.0,0.0,0.0,0.0,1.4,24.6,4.4,3.2,2.4,0.0,0.0,0.0,0.0,0.0,0.0,,1,1,1,1,1,1,1,1,1,1,1,1,1,1,1,1,1,1,1,1,1,1,1,1,1,1,1,1,1,1,0.0
2648020,1,01/06/1978,1,56.2,96.4,8.0,7.0,1.0,1,0,1495.5,1,0.0,0.0,0.0,0.0,0.0,0.0,0.0,56.2,4.2,0.0,0.0,0.0,0.0,0.0,0.0,0.0,0.0,0.0,0.0,1.4,24.6,4.4,3.2,2.4,0.0,0.0,0.0,0.0,0.0,0.0,,1,1,1,1,1,1,1,1,1,1,1,1,1,1,1,1,1,1,1,1,1,1,1,1,1,1,1,1,1,1,0.0
2648020,2,01/05/1978,1,23.2,24.4,16.0,2.0,1.0,1,0,1495.5,1,1.2,0.0,0.0,0.0,0.0,0.0,0.0,0.0,0.0,0.0,0.0,0.0,0.0,0.0,0.0,23.2,0.0,0.0,0.0,0.0,0.0,0.0,0.0,0.0,0.0,0.0,0.0,0.0,0.0,0.0,0.0,1,1,1,1,1,1,1,1,1,1,1,1,1,1,1,1,1,1,1,1,1,1,1,1,1,1,1,1,1,1,1.0
2648020,1,01/05/1978,1,23.2,24.4,16.0,2.0,1.0,1,0,1495.5,1,1.2,0.0,0.0,0.0,0.0,0.0,0.0,0.0,0.0,0.0,0.0,0.0,0.0,0.0,0.0,23.2,0.0,0.0,0.0,0.0,0.0,0.0,0.0,0.0,0.0,0.0,0.0,0.0,0.0,0.0,0.0,1,1,1,1,1,1,1,1,1,1,1,1,1,1,1,1,1,1,1,1,1,1,1,1,1,1,1,1,1,1,1.0
2648020,2,01/04/1978,1,1.4,1.4,4.0,1.0,1.0,1,0,1495.5,1,0.0,0.0,0.0,1.4,0.0,0.0,0.0,0.0,0.0,0.0,0.0,0.0,0.0,0.0,0.0,0.0,0.0,0.0,0.0,0.0,0.0,0.0,0.0,0.0,0.0,0.0,0.0,0.0,0.0,0.0,,1,1,1,1,1,1,1,1,1,1,1,1,1,1,1,1,1,1,1,1,1,1,1,1,1,1,1,1,1,1,0.0
2648020,1,01/04/1978,1,1.4,1.4,4.0,1.0,1.0,1,0,1495.5,1,0.0,0.0,0.0,1.4,0.0,0.0,0.0,0.0,0.0,0.0,0.0,0.0,0.0,0.0,0.0,0.0,0.0,0.0,0.0,0.0,0.0,0.0,0.0,0.0,0.0,0.0,0.0,0.0,0.0,0.0,,1,1,1,1,1,1,1,1,1,1,1,1,1,1,1,1,1,1,1,1,1,1,1,1,1,1,1,1,1,1,0.0
2648020,2,01/03/1978,1,55.4,128.5,11.0,10.0,1.0,1,0,1495.5,1,3.1,6.4,4.2,4.4,27.4,0.0,0.0,0.0,0.0,0.0,55.4,14.6,0.0,0.0,0.0,0.0,0.0,0.0,0.0,0.0,0.0,0.0,0.0,0.0,2.4,3.2,7.4,0.0,0.0,0.0,0.0,1,1,1,1,1,1,1,1,1,1,1,1,1,1,1,1,1,1,1,1,1,1,1,1,1,1,1,1,1,1,1.0
2648020,1,01/03/1978,1,55.4,128.5,11.0,10.0,1.0,1,0,1495.5,1,3.1,6.4,4.2,4.4,27.4,0.0,0.0,0.0,0.0,0.0,55.4,14.6,0.0,0.0,0.0,0.0,0.0,0.0,0.0,0.0,0.0,0.0,0.0,0.0,2.4,3.2,7.4,0.0,0.0,0.0,0.0,1,1,1,1,1,1,1,1,1,1,1,1,1,1,1,1,1,1,1,1,1,1,1,1,1,1,1,1,1,1,1.0
2648020,2,01/02/1978,1,42.4,153.2,12.0,13.0,1.0,1,0,1495.5,1,0.0,0.0,0.0,3.2,23.4,0.0,3.4,0.0,0.0,14.4,21.6,42.4,0.0,0.0,0.0,8.2,7.0,0.0,0.0,3.2,6.4,16.2,1.4,0.0,0.0,0.0,0.0,2.4,,,,1,1,1,1,1,1,1,1,1,1,1,1,1,1,1,1,1,1,1,1,1,1,1,1,1,1,1,1,0,0,0.0
2648020,1,01/02/1978,1,42.4,153.2,12.0,13.0,1.0,1,0,1495.5,1,0.0,0.0,0.0,3.2,23.4,0.0,3.4,0.0,0.0,14.4,21.6,42.4,0.0,0.0,0.0,8.2,7.0,0.0,0.0,3.2,6.4,16.2,1.4,0.0,0.0,0.0,0.0,2.4,,,,1,1,1,1,1,1,1,1,1,1,1,1,1,1,1,1,1,1,1,1,1,1,1,1,1,1,1,1,0,0,0.0
2648020,2,01/01/1978,1,90.2,237.4,22.0,22.0,1.0,1,0,1495.5,1,4.2,2.2,0.0,0.0,0.0,0.0,2.2,0.0,2.2,2.4,7.4,1.4,1.0,0.0,15.2,9.2,2.4,7.6,4.2,11.2,47.0,90.2,3.4,3.2,4.0,2.4,10.0,4.4,0.0,0.0,0.0,1,1,1,1,1,1,1,1,1,1,1,1,1,1,1,1,1,1,1,1,1,1,1,1,1,1,1,1,1,1,1.0
2648020,1,01/01/1978,1,90.2,237.4,22.0,22.0,1.0,1,0,1495.5,1,4.2,2.2,0.0,0.0,0.0,0.0,2.2,0.0,2.2,2.4,7.4,1.4,1.0,0.0,15.2,9.2,2.4,7.6,4.2,11.2,47.0,90.2,3.4,3.2,4.0,2.4,10.0,4.4,0.0,0.0,0.0,1,1,1,1,1,1,1,1,1,1,1,1,1,1,1,1,1,1,1,1,1,1,1,1,1,1,1,1,1,1,1.0
2648020,2,01/12/1977,1,45.0,132.6,19.0,14.0,1.0,1,0,1928.1,1,7.2,3.2,10.2,0.0,0.0,0.0,10.4,0.0,0.0,0.0,0.0,0.0,0.0,0.0,4.0,5.2,4.4,1.2,45.0,0.0,0.0,18.4,7.2,10.2,4.6,1.4,0.0,0.0,0.0,0.0,0.0,1,1,1,1,1,1,1,1,1,1,1,1,1,1,1,1,1,1,1,1,1,1,1,1,1,1,1,1,1,1,1.0
2648020,1,01/12/1977,1,45.0,132.6,19.0,14.0,1.0,1,0,1928.1,1,7.2,3.2,10.2,0.0,0.0,0.0,10.4,0.0,0.0,0.0,0.0,0.0,0.0,0.0,4.0,5.2,4.4,1.2,45.0,0.0,0.0,18.4,7.2,10.2,4.6,1.4,0.0,0.0,0.0,0.0,0.0,1,1,1,1,1,1,1,1,1,1,1,1,1,1,1,1,1,1,1,1,1,1,1,1,1,1,1,1,1,1,1.0
2648020,2,01/11/1977,1,34.2,140.1,12.0,18.0,1.0,1,0,1928.1,1,12.4,6.4,0.0,4.2,4.2,10.2,9.4,15.2,4.2,1.2,2.5,34.2,0.0,0.0,0.0,0.0,0.0,0.0,0.0,0.0,0.0,0.0,0.0,1.2,25.4,3.2,1.2,2.4,1.2,1.4,,1,1,1,1,1,1,1,1,1,1,1,1,1,1,1,1,1,1,1,1,1,1,1,1,1,1,1,1,1,1,0.0
2648020,1,01/11/1977,1,34.2,140.1,12.0,18.0,1.0,1,0,1928.1,1,12.4,6.4,0.0,4.2,4.2,10.2,9.4,15.2,4.2,1.2,2.5,34.2,0.0,0.0,0.0,0.0,0.0,0.0,0.0,0.0,0.0,0.0,0.0,1.2,25.4,3.2,1.2,2.4,1.2,1.4,,1,1,1,1,1,1,1,1,1,1,1,1,1,1,1,1,1,1,1,1,1,1,1,1,1,1,1,1,1,1,0.0
2648020,2,01/10/1977,1,40.2,253.8,1.0,15.0,1.0,1,0,1928.1,1,40.2,40.0,5.6,4.2,12.2,22.2,0.0,0.0,0.0,0.0,0.0,3.4,25.2,28.4,3.6,20.4,32.6,5.2,0.0,0.0,0.0,0.0,0.0,0.0,0.0,4.2,6.4,0.0,0.0,0.0,0.0,1,1,1,1,1,1,1,1,1,1,1,1,1,1,1,1,1,1,1,1,1,1,1,1,1,1,1,1,1,1,1.0
2648020,1,01/10/1977,1,40.2,253.8,1.0,15.0,1.0,1,0,1928.1,1,40.2,40.0,5.6,4.2,12.2,22.2,0.0,0.0,0.0,0.0,0.0,3.4,25.2,28.4,3.6,20.4,32.6,5.2,0.0,0.0,0.0,0.0,0.0,0.0,0.0,4.2,6.4,0.0,0.0,0.0,0.0,1,1,1,1,1,1,1,1,1,1,1,1,1,1,1,1,1,1,1,1,1,1,1,1,1,1,1,1,1,1,1.0
2648020,2,01/09/1977,1,83.4,140.6,7.0,9.0,1.0,1,0,1928.1,1,0.0,0.0,0.0,0.0,0.0,1.2,83.4,12.2,0.0,0.0,0.0,0.0,0.0,0.0,16.4,0.0,3.2,0.0,0.2,7.2,13.2,0.0,3.6,0.0,0.0,0.0,0.0,0.0,0.0,0.0,,1,1,1,1,1,1,1,1,1,1,1,1,1,1,1,1,1,1,1,1,1,1,1,1,1,1,1,1,1,1,0.0
2648020,1,01/09/1977,1,83.4,140.6,7.0,9.0,1.0,1,0,1928.1,1,0.0,0.0,0.0,0.0,0.0,1.2,83.4,12.2,0.0,0.0,0.0,0.0,0.0,0.0,16.4,0.0,3.2,0.0,0.2,7.2,13.2,0.0,3.6,0.0,0.0,0.0,0.0,0.0,0.0,0.0,,1,1,1,1,1,1,1,1,1,1,1,1,1,1,1,1,1,1,1,1,1,1,1,1,1,1,1,1,1,1,0.0
2648020,2,01/08/1977,1,18.2,89.8,25.0,12.0,1.0,1,0,1928.1,1,6.6,0.0,1.6,0.6,0.0,0.0,0.0,0.0,1.6,2.2,3.2,0.0,13.6,0.0,5.2,10.2,14.2,12.6,0.0,0.0,0.0,0.0,0.0,0.0,18.2,0.0,0.0,0.0,0.0,0.0,0.0,1,1,1,1,1,1,1,1,1,1,1,1,1,1,1,1,1,1,1,1,1,1,1,1,1,1,1,1,1,1,1.0
2648020,1,01/08/1977,1,18.2,89.8,25.0,12.0,1.0,1,0,1928.1,1,6.6,0.0,1.6,0.6,0.0,0.0,0.0,0.0,1.6,2.2,3.2,0.0,13.6,0.0,5.2,10.2,14.2,12.6,0.0,0.0,0.0,0.0,0.0,0.0,18.2,0.0,0.0,0.0,0.0,0.0,0.0,1,1,1,1,1,1,1,1,1,1,1,1,1,1,1,1,1,1,1,1,1,1,1,1,1,1,1,1,1,1,1.0
2648020,2,01/07/1977,1,21.2,58.4,25.0,6.0,1.0,1,0,1928.1,1,0.0,0.0,0.0,0.0,0.0,0.0,0.0,0.0,0.0,0.0,0.0,0.0,0.0,0.0,11.2,0.0,0.0,0.0,0.0,0.0,0.0,6.2,9.0,1.4,21.2,0.0,0.0,0.0,0.0,0.0,9.4,1,1,1,1,1,1,1,1,1,1,1,1,1,1,1,1,1,1,1,1,1,1,1,1,1,1,1,1,1,1,1.0
2648020,1,01/07/1977,1,21.2,58.4,25.0,6.0,1.0,1,0,1928.1,1,0.0,0.0,0.0,0.0,0.0,0.0,0.0,0.0,0.0,0.0,0.0,0.0,0.0,0.0,11.2,0.0,0.0,0.0,0.0,0.0,0.0,6.2,9.0,1.4,21.2,0.0,0.0,0.0,0.0,0.0,9.4,1,1,1,1,1,1,1,1,1,1,1,1,1,1,1,1,1,1,1,1,1,1,1,1,1,1,1,1,1,1,1.0
2648020,2,01/06/1977,1,28.2,42.6,24.0,5.0,1.0,1,0,1928.1,1,0.0,0.0,0.0,0.0,0.0,0.0,0.0,0.0,0.0,0.0,0.0,0.0,0.0,0.0,0.0,1.6,0.0,0.0,0.0,0.0,2.2,8.2,2.4,28.2,0.0,0.0,0.0,0.0,0.0,0.0,,1,1,1,1,1,1,1,1,1,1,1,1,1,1,1,1,1,1,1,1,1,1,1,1,1,1,1,1,1,1,0.0
2648020,1,01/06/1977,1,28.2,42.6,24.0,5.0,1.0,1,0,1928.1,1,0.0,0.0,0.0,0.0,0.0,0.0,0.0,0.0,0.0,0.0,0.0,0.0,0.0,0.0,0.0,1.6,0.0,0.0,0.0,0.0,2.2,8.2,2.4,28.2,0.0,0.0,0.0,0.0,0.0,0.0,,1,1,1,1,1,1,1,1,1,1,1,1,1,1,1,1,1,1,1,1,1,1,1,1,1,1,1,1,1,1,0.0
2648020,2,01/05/1977,1,12.2,22.2,15.0,5.0,1.0,1,0,1928.1,1,2.2,3.4,0.0,3.2,0.0,0.0,0.0,0.0,0.0,0.0,0.0,0.0,0.0,0.0,12.2,0.0,0.0,0.0,0.0,0.0,0.0,0.0,0.0,0.0,0.0,1.2,0.0,0.0,0.0,0.0,0.0,1,1,1,1,1,1,1,1,1,1,1,1,1,1,1,1,1,1,1,1,1,1,1,1,1,1,1,1,1,1,1.0
2648020,1,01/05/1977,1,12.2,22.2,15.0,5.0,1.0,1,0,1928.1,1,2.2,3.4,0.0,3.2,0.0,0.0,0.0,0.0,0.0,0.0,0.0,0.0,0.0,0.0,12.2,0.0,0.0,0.0,0.0,0.0,0.0,0.0,0.0,0.0,0.0,1.2,0.0,0.0,0.0,0.0,0.0,1,1,1,1,1,1,1,1,1,1,1,1,1,1,1,1,1,1,1,1,1,1,1,1,1,1,1,1,1,1,1.0
2648020,2,01/04/1977,1,100.2,211.8,9.0,18.0,1.0,1,0,1928.1,1,4.6,0.2,1.2,31.2,3.4,0.0,0.6,0.4,100.2,24.2,0.0,0.0,0.0,0.0,0.0,0.0,0.0,0.0,1.2,4.2,15.4,1.2,5.4,4.2,8.4,4.6,0.0,0.0,1.2,0.0,,1,1,1,1,1,1,1,1,1,1,1,1,1,1,1,1,1,1,1,1,1,1,1,1,1,1,1,1,1,1,0.0
2648020,1,01/04/1977,1,100.2,211.8,9.0,18.0,1.0,1,0,1928.1,1,4.6,0.2,1.2,31.2,3.4,0.0,0.6,0.4,100.2,24.2,0.0,0.0,0.0,0.0,0.0,0.0,0.0,0.0,1.2,4.2,15.4,1.2,5.4,4.2,8.4,4.6,0.0,0.0,1.2,0.0,,1,1,1,1,1,1,1,1,1,1,1,1,1,1,1,1,1,1,1,1,1,1,1,1,1,1,1,1,1,1,0.0
2648020,2,01/03/1977,1,98.2,303.4,31.0,19.0,1.0,1,0,1928.1,1,23.4,8.2,10.6,4.2,6.2,0.0,0.0,0.0,0.0,0.0,2.2,0.0,0.0,16.2,12.4,3.2,1.2,0.0,0.0,1.2,14.2,9.4,5.2,0.0,0.0,1.2,0.0,3.6,32.4,50.2,98.2,1,1,1,1,1,1,1,1,1,1,1,1,1,1,1,1,1,1,1,1,1,1,1,1,1,1,1,1,1,1,1.0
2648020,1,01/03/1977,1,98.2,303.4,31.0,19.0,1.0,1,0,1928.1,1,23.4,8.2,10.6,4.2,6.2,0.0,0.0,0.0,0.0,0.0,2.2,0.0,0.0,16.2,12.4,3.2,1.2,0.0,0.0,1.2,14.2,9.4,5.2,0.0,0.0,1.2,0.0,3.6,32.4,50.2,98.2,1,1,1,1,1,1,1,1,1,1,1,1,1,1,1,1,1,1,1,1,1,1,1,1,1,1,1,1,1,1,1.0
2648020,2,01/02/1977,1,85.4,206.2,3.0,8.0,1.0,1,0,1928.1,1,6.2,24.2,85.4,33.2,43.6,7.2,0.0,5.2,0.0,1.2,0.0,0.0,0.0,0.0,0.0,0.0,0.0,0.0,0.0,0.0,0.0,0.0,0.0,0.0,0.0,0.0,0.0,0.0,,,,1,1,1,1,1,1,1,1,1,1,1,1,1,1,1,1,1,1,1,1,1,1,1,1,1,1,1,1,0,0,0.0
2648020,1,01/02/1977,1,85.4,206.2,3.0,8.0,1.0,1,0,1928.1,1,6.2,24.2,85.4,33.2,43.6,7.2,0.0,5.2,0.0,1.2,0.0,0.0,0.0,0.0,0.0,0.0,0.0,0.0,0.0,0.0,0.0,0.0,0.0,0.0,0.0,0.0,0.0,0.0,,,,1,1,1,1,1,1,1,1,1,1,1,1,1,1,1,1,1,1,1,1,1,1,1,1,1,1,1,1,0,0,0.0
2648020,2,01/01/1977,1,110.4,326.6,19.0,16.0,1.0,1,0,1928.1,1,0.0,0.0,0.0,18.4,16.2,3.6,0.0,1.4,0.0,4.6,0.0,0.0,0.0,1.6,0.0,1.4,14.2,51.2,110.4,29.2,22.4,6.2,0.0,0.0,0.0,0.0,6.4,0.0,23.2,0.0,16.2,1,1,1,1,1,1,1,1,1,1,1,1,1,1,1,1,1,1,1,1,1,1,1,1,1,1,1,1,1,1,1.0
2648020,1,01/01/1977,1,110.4,326.6,19.0,16.0,1.0,1,0,1928.1,1,0.0,0.0,0.0,18.4,16.2,3.6,0.0,1.4,0.0,4.6,0.0,0.0,0.0,1.6,0.0,1.4,14.2,51.2,110.4,29.2,22.4,6.2,0.0,0.0,0.0,0.0,6.4,0.0,23.2,0.0,16.2,1,1,1,1,1,1,1,1,1,1,1,1,1,1,1,1,1,1,1,1,1,1,1,1,1,1,1,1,1,1,1.0
2648020,2,01/12/1976,1,27.2,120.6,2.0,16.0,1.0,1,0,,0,10.2,27.2,2.2,4.2,4.6,7.2,3.4,3.2,0.0,0.0,0.0,0.0,0.0,0.0,2.2,0.0,0.0,15.6,4.2,3.2,10.4,9.2,0.0,0.0,0.0,0.0,7.2,6.4,0.0,0.0,0.0,1,1,1,1,1,1,1,1,1,1,1,1,1,1,1,1,1,1,1,1,1,1,1,1,1,1,1,1,1,1,1.0
2648020,1,01/12/1976,1,27.2,120.6,2.0,16.0,1.0,1,0,,0,10.2,27.2,2.2,4.2,4.6,7.2,3.4,3.2,0.0,0.0,0.0,0.0,0.0,0.0,2.2,0.0,0.0,15.6,4.2,3.2,10.4,9.2,0.0,0.0,0.0,0.0,7.2,6.4,0.0,0.0,0.0,1,1,1,1,1,1,1,1,1,1,1,1,1,1,1,1,1,1,1,1,1,1,1,1,1,1,1,1,1,1,1.0
2648020,2,01/11/1976,1,15.2,97.8,20.0,15.0,1.0,1,0,,0,13.2,1.2,0.0,13.8,7.6,13.6,0.0,0.0,0.0,0.0,0.0,8.2,8.4,1.6,0.0,3.4,1.2,0.0,0.0,15.2,0.0,0.0,0.0,2.2,0.0,0.0,0.0,2.2,1.6,4.4,,1,1,1,1,1,1,1,1,1,1,1,1,1,1,1,1,1,1,1,1,1,1,1,1,1,1,1,1,1,1,0.0
2648020,1,01/11/1976,1,15.2,97.8,20.0,15.0,1.0,1,0,,0,13.2,1.2,0.0,13.8,7.6,13.6,0.0,0.0,0.0,0.0,0.0,8.2,8.4,1.6,0.0,3.4,1.2,0.0,0.0,15.2,0.0,0.0,0.0,2.2,0.0,0.0,0.0,2.2,1.6,4.4,,1,1,1,1,1,1,1,1,1,1,1,1,1,1,1,1,1,1,1,1,1,1,1,1,1,1,1,1,1,1,0.0
2648020,2,01/10/1976,1,36.2,123.6,16.0,19.0,1.0,1,0,,0,1.2,0.0,0.0,0.2,14.4,0.0,0.0,0.0,6.4,4.2,0.0,0.0,0.0,0.0,6.2,36.2,4.6,16.2,2.2,0.0,0.0,0.0,4.2,4.4,2.2,4.6,2.4,2.6,2.4,4.8,4.2,1,1,1,1,1,1,1,1,1,1,1,1,1,1,1,1,1,1,1,1,1,1,1,1,1,1,1,1,1,1,1.0
2648020,1,01/10/1976,1,36.2,123.6,16.0,19.0,1.0,1,0,,0,1.2,0.0,0.0,0.2,14.4,0.0,0.0,0.0,6.4,4.2,0.0,0.0,0.0,0.0,6.2,36.2,4.6,16.2,2.2,0.0,0.0,0.0,4.2,4.4,2.2,4.6,2.4,2.6,2.4,4.8,4.2,1,1,1,1,1,1,1,1,1,1,1,1,1,1,1,1,1,1,1,1,1,1,1,1,1,1,1,1,1,1,1.0
2648020,2,01/09/1976,1,50.2,115.2,7.0,10.0,1.0,1,0,,0,0.0,0.0,0.0,0.0,6.2,5.2,50.2,31.2,0.0,4.6,0.0,3.2,7.4,5.6,0.0,1.2,0.0,0.0,0.0,0.0,0.0,0.0,0.0,0.0,0.0,0.0,0.4,0.0,0.0,0.0,,1,1,1,1,1,1,1,1,1,1,1,1,1,1,1,1,1,1,1,1,1,1,1,1,1,1,1,1,1,1,0.0
2648020,1,01/09/1976,1,50.2,115.2,7.0,10.0,1.0,1,0,,0,0.0,0.0,0.0,0.0,6.2,5.2,50.2,31.2,0.0,4.6,0.0,3.2,7.4,5.6,0.0,1.2,0.0,0.0,0.0,0.0,0.0,0.0,0.0,0.0,0.0,0.0,0.4,0.0,0.0,0.0,,1,1,1,1,1,1,1,1,1,1,1,1,1,1,1,1,1,1,1,1,1,1,1,1,1,1,1,1,1,1,0.0
2648020,2,01/08/1976,1,26.2,71.4,10.0,5.0,1.0,1,0,,0,0.0,0.0,0.0,0.0,6.4,15.2,0.0,0.0,18.4,26.2,0.0,5.2,0.0,0.0,0.0,0.0,0.0,0.0,0.0,0.0,0.0,0.0,0.0,0.0,0.0,0.0,0.0,0.0,0.0,0.0,0.0,1,1,1,1,1,1,1,1,1,1,1,1,1,1,1,1,1,1,1,1,1,1,1,1,1,1,1,1,1,1,1.0
2648020,1,01/08/1976,1,26.2,71.4,10.0,5.0,1.0,1,0,,0,0.0,0.0,0.0,0.0,6.4,15.2,0.0,0.0,18.4,26.2,0.0,5.2,0.0,0.0,0.0,0.0,0.0,0.0,0.0,0.0,0.0,0.0,0.0,0.0,0.0,0.0,0.0,0.0,0.0,0.0,0.0,1,1,1,1,1,1,1,1,1,1,1,1,1,1,1,1,1,1,1,1,1,1,1,1,1,1,1,1,1,1,1.0
2648020,2,01/07/1976,1,45.4,93.0,27.0,6.0,1.0,1,0,,0,0.0,0.0,18.0,3.4,0.0,0.0,9.6,0.0,8.4,0.0,0.0,0.0,0.0,8.2,0.0,0.0,0.0,0.0,0.0,0.0,0.0,0.0,0.0,0.0,0.0,0.0,45.4,0.0,0.0,0.0,0.0,1,1,1,1,1,1,1,1,1,1,1,1,1,1,1,1,1,1,1,1,1,1,1,1,1,1,1,1,1,1,1.0
2648020,1,01/07/1976,1,45.4,93.0,27.0,6.0,1.0,1,0,,0,0.0,0.0,18.0,3.4,0.0,0.0,9.6,0.0,8.4,0.0,0.0,0.0,0.0,8.2,0.0,0.0,0.0,0.0,0.0,0.0,0.0,0.0,0.0,0.0,0.0,0.0,45.4,0.0,0.0,0.0,0.0,1,1,1,1,1,1,1,1,1,1,1,1,1,1,1,1,1,1,1,1,1,1,1,1,1,1,1,1,1,1,1.0
2648020,2,01/06/1976,1,39.4,143.8,6.0,9.0,1.0,1,0,,0,0.0,0.0,0.0,0.0,25.0,39.4,0.0,0.0,14.2,15.0,25.0,0.0,1.2,12.6,0.0,0.0,0.2,0.0,0.0,0.0,0.0,0.0,0.0,0.0,0.0,0.0,0.0,11.2,0.0,0.0,,1,1,1,1,1,1,1,1,1,1,1,1,1,1,1,1,1,1,1,1,1,1,1,1,1,1,1,1,1,1,0.0
2648020,1,01/06/1976,1,39.4,143.8,6.0,9.0,1.0,1,0,,0,0.0,0.0,0.0,0.0,25.0,39.4,0.0,0.0,14.2,15.0,25.0,0.0,1.2,12.6,0.0,0.0,0.2,0.0,0.0,0.0,0.0,0.0,0.0,0.0,0.0,0.0,0.0,11.2,0.0,0.0,,1,1,1,1,1,1,1,1,1,1,1,1,1,1,1,1,1,1,1,1,1,1,1,1,1,1,1,1,1,1,0.0
2648020,2,01/05/1976,1,42.4,192.8,10.0,12.0,1.0,1,0,,0,0.0,13.2,1.2,0.0,0.0,0.0,0.0,0.0,23.4,42.4,0.0,3.4,0.0,17.2,0.0,0.0,0.2,0.0,0.0,0.0,0.0,11.4,0.0,0.0,18.2,0.0,30.6,16.2,15.4,0.0,0.0,1,1,1,1,1,1,1,1,1,1,1,1,1,1,1,1,1,1,1,1,1,1,1,1,1,1,1,1,1,1,1.0
2648020,1,01/05/1976,1,42.4,192.8,10.0,12.0,1.0,1,0,,0,0.0,13.2,1.2,0.0,0.0,0.0,0.0,0.0,23.4,42.4,0.0,3.4,0.0,17.2,0.0,0.0,0.2,0.0,0.0,0.0,0.0,11.4,0.0,0.0,18.2,0.0,30.6,16.2,15.4,0.0,0.0,1,1,1,1,1,1,1,1,1,1,1,1,1,1,1,1,1,1,1,1,1,1,1,1,1,1,1,1,1,1,1.0
2648020,2,01/04/1976,1,25.0,27.7,9.0,3.0,1.0,1,0,,0,0.0,0.0,0.0,0.0,0.0,0.0,0.0,0.0,25.0,1.4,0.0,0.0,0.0,1.3,0.0,0.0,0.0,0.0,0.0,0.0,0.0,0.0,0.0,0.0,0.0,0.0,0.0,0.0,0.0,0.0,,1,1,1,1,1,1,1,1,1,1,1,1,1,1,1,1,1,1,1,1,1,1,1,1,1,1,1,1,1,1,0.0
2648020,1,01/04/1976,1,25.0,27.7,9.0,3.0,1.0,1,0,,0,0.0,0.0,0.0,0.0,0.0,0.0,0.0,0.0,25.0,1.4,0.0,0.0,0.0,1.3,0.0,0.0,0.0,0.0,0.0,0.0,0.0,0.0,0.0,0.0,0.0,0.0,0.0,0.0,0.0,0.0,,1,1,1,1,1,1,1,1,1,1,1,1,1,1,1,1,1,1,1,1,1,1,1,1,1,1,1,1,1,1,0.0
2648020,2,01/03/1976,1,,,,,0.0,0,0,,0,,,,,,,,,,,,,,,,0.2,0.0,10.1,0.0,0.0,1.2,3.4,0.0,0.0,0.0,0.0,0.0,0.0,0.0,0.0,0.0,0,0,0,0,0,0,0,0,0,0,0,0,0,0,0,1,1,1,1,1,1,1,1,1,1,1,1,1,1,1,1.0
2648020,1,01/03/1976,1,,,,,0.0,0,0,,0,,,,,,,,,,,,,,,,0.2,0.0,10.1,0.0,0.0,1.2,3.4,0.0,0.0,0.0,0.0,0.0,0.0,0.0,0.0,0.0,0,0,0,0,0,0,0,0,0,0,0,0,0,0,0,1,1,1,1,1,1,1,1,1,1,1,1,1,1,1,1.0
