EstacaoCodigo,NivelConsistencia,Data,TipoMedicaoChuvas,Maxima,Total,DiaMaxima,NumDiasDeChuva,MaximaStatus,TotalStatus,NumDiasDeChuvaStatus,TotalAnual,TotalAnualStatus,Chuva01,Chuva02,Chuva03,Chuva04,Chuva05,Chuva06,Chuva07,Chuva08,Chuva09,Chuva10,Chuva11,Chuva12,Chuva13,Chuva14,Chuva15,Chuva16,Chuva17,Chuva18,Chuva19,Chuva20,Chuva21,Chuva22,Chuva23,Chuva24,Chuva25,Chuva26,Chuva27,Chuva28,Chuva29,Chuva30,Chuva31,Chuva01Status,Chuva02Status,Chuva03Status,Chuva04Status,Chuva05Status,Chuva06Status,Chuva07Status,Chuva08Status,Chuva09Status,Chuva10Status,Chuva11Status,Chuva12Status,Chuva13Status,Chuva14Status,Chuva15Status,Chuva16Status,Chuva17Status,Chuva18Status,Chuva19Status,Chuva20Status,Chuva21Status,Chuva22Status,Chuva23Status,Chuva24Status,Chuva25Status,Chuva26Status,Chuva27Status,Chuva28Status,Chuva29Status,Chuva30Status,Chuva31Status
2648028,1,01/11/2024,1,50.0,219.0,7.0,19.0,1,1,1,,0,0.0,5.2,2.8,3.8,33.1,0.3,50.0,0.0,0.0,0.0,0.0,2.2,4.0,0.0,0.0,14.3,4.4,0.0,0.0,0.6,7.6,26.1,33.8,11.0,2.3,0.0,0.0,2.3,13.2,2.0,,1,1,1,1,1,1,1,1,1,1,1,1,1,1,1,1,1,1,1,1,1,1,1,1,1,1,1,1,1,1,0.0
2648028,1,01/10/2024,1,54.5,234.2,10.0,20.0,1,1,1,,0,0.0,0.0,19.4,0.1,0.0,0.0,0.0,0.0,6.8,54.5,45.3,26.7,0.5,0.1,44.0,1.5,0.3,0.1,0.5,2.0,12.2,9.6,0.0,1.3,7.3,0.0,0.0,0.3,0.0,0.0,1.7,1,1,1,1,1,1,1,1,1,1,1,1,1,1,1,1,1,1,1,1,1,1,1,1,1,1,1,1,1,1,1.0
2648028,1,01/09/2024,1,62.5,126.3,16.0,13.0,1,1,1,,0,0.0,0.0,0.0,0.0,0.3,0.0,2.0,0.0,0.5,0.0,0.0,0.0,0.0,10.8,31.3,62.5,0.0,0.0,0.5,2.9,10.1,0.0,0.3,0.1,0.0,0.3,4.7,0.0,0.0,0.0,,1,1,1,1,1,1,1,1,1,1,1,1,1,1,1,1,1,1,1,1,1,1,1,1,1,1,1,1,1,1,0.0
2648028,1,01/08/2024,1,9.7,23.6,25.0,13.0,1,1,1,,0,1.3,0.1,0.0,0.0,0.1,0.0,0.1,0.0,2.6,0.0,0.0,0.0,0.0,0.0,0.0,0.2,0.0,0.0,0.3,0.1,0.7,0.0,0.0,8.2,9.7,0.1,0.0,0.1,0.0,0.0,0.0,1,1,1,1,1,1,1,1,1,1,1,1,1,1,1,1,1,1,1,1,1,1,1,1,1,1,1,1,1,1,1.0
2648028,1,01/07/2024,1,38.1,189.9,14.0,21.0,1,1,1,,0,0.0,0.0,0.0,0.0,0.0,0.0,0.0,2.7,19.4,31.4,0.0,19.9,7.9,38.1,3.9,11.7,21.8,0.1,0.0,0.0,0.1,0.1,0.2,0.1,0.2,0.1,0.2,0.1,10.9,6.0,15.0,1,1,1,1,1,1,1,1,1,1,1,1,1,1,1,1,1,1,1,1,1,1,1,1,1,1,1,1,1,1,1.0
2648028,1,01/06/2024,1,42.2,67.4,25.0,12.0,1,1,1,,0,0.2,0.0,0.1,0.0,0.0,0.0,0.0,0.0,0.1,0.2,0.0,0.0,0.0,0.1,0.2,0.0,0.0,1.2,0.1,0.0,0.0,0.0,0.0,0.1,42.2,22.8,0.1,0.0,0.0,0.0,,1,1,1,1,1,1,1,1,1,1,1,1,1,1,1,1,1,1,1,1,1,1,1,1,1,1,1,1,1,1,0.0
2648028,1,01/05/2024,1,40.5,138.0,19.0,16.0,1,1,1,,0,0.0,0.1,1.3,1.3,0.9,0.0,0.0,0.0,0.0,4.6,0.0,0.0,0.1,2.9,5.6,0.2,0.0,5.2,40.5,0.4,0.0,0.0,0.0,18.5,2.4,0.0,18.5,35.5,0.0,0.0,0.0,1,1,1,1,1,1,1,1,1,1,1,1,1,1,1,1,1,1,1,1,1,1,1,1,1,1,1,1,1,1,1.0
2648028,1,01/04/2024,1,,315.6,,,0,1,0,,0,0.0,0.1,0.0,0.6,0.0,23.2,0.2,1.8,6.8,0.1,0.0,35.5,20.8,51.0,11.0,44.5,7.7,0.4,0.0,0.0,0.0,0.2,0.0,0.4,1.0,8.6,,,100.7,1.0,,1,1,1,1,1,1,1,1,1,1,1,1,1,1,1,1,1,1,1,1,1,1,1,1,1,1,0,0,4,1,0.0
2648028,1,01/03/2024,1,35.1,124.0,1.0,16.0,1,1,1,,0,35.1,4.7,0.0,0.0,8.3,12.7,2.0,4.1,25.7,13.1,0.0,0.1,0.0,0.0,0.2,0.0,10.7,1.9,0.0,2.0,0.0,0.3,0.0,2.0,1.1,0.0,0.0,0.0,0.0,0.0,0.0,1,1,1,1,1,1,1,1,1,1,1,1,1,1,1,1,1,1,1,1,1,1,1,1,1,1,1,1,1,1,1.0
2648028,1,01/02/2024,1,160.8,456.5,25.0,18.0,1,1,1,,0,18.1,2.0,7.0,0.0,0.0,0.0,0.0,0.0,0.0,0.3,0.0,0.0,0.0,57.1,0.0,5.2,4.5,11.3,17.2,0.5,76.0,8.5,0.1,0.0,160.8,71.9,12.5,0.4,3.1,,,1,1,1,1,1,1,1,1,1,1,1,1,1,1,1,1,1,1,1,1,1,1,1,1,1,1,1,1,1,0,0.0
2648028,1,01/01/2024,1,88.4,296.3,23.0,,1,1,0,,0,0.0,11.2,25.1,7.2,1.5,14.3,4.5,0.0,3.2,0.2,0.0,30.5,7.5,2.3,0.0,2.1,7.1,3.5,6.4,6.9,2.8,2.5,88.4,25.3,,3.6,30.7,0.4,3.0,6.1,0.0,1,1,1,1,1,1,1,1,1,1,1,1,1,1,1,1,1,1,1,1,1,1,1,1,0,4,1,1,1,1,1.0
2648028,1,01/12/2023,1,36.7,84.9,8.0,14.0,1,1,1,,0,0.0,0.0,0.0,1.5,3.7,9.8,0.8,36.7,0.9,4.0,2.3,7.0,0.0,0.0,0.0,0.0,0.0,0.0,0.2,0.0,0.6,3.6,0.0,0.1,13.7,0.0,0.0,0.0,0.0,0.0,0.0,1,1,1,1,1,1,1,1,1,1,1,1,1,1,1,1,1,1,1,1,1,1,1,1,1,1,1,1,1,1,1.0
2648028,1,01/11/2023,1,42.6,193.1,28.0,,1,1,0,,0,8.3,4.3,6.0,18.7,0.0,0.0,0.0,0.0,0.0,0.4,1.1,0.0,0.0,22.5,5.7,0.1,15.3,5.8,,5.6,0.0,0.0,18.4,0.6,0.0,0.0,2.0,42.6,35.7,0.0,,1,1,1,1,1,1,1,1,1,1,1,1,1,1,1,1,1,1,0,4,1,1,1,1,1,1,1,1,1,1,0.0
2648028,1,01/10/2023,1,58.4,379.8,13.0,23.0,1,1,1,,0,11.5,0.0,0.0,33.5,52.9,2.7,3.1,32.6,47.9,0.1,0.0,15.1,58.4,0.9,0.7,0.6,26.4,0.0,0.0,2.2,0.7,0.9,0.0,0.0,0.0,6.6,1.5,4.0,56.8,3.7,17.0,1,1,1,1,1,1,1,1,1,1,1,1,1,1,1,1,1,1,1,1,1,1,1,1,1,1,1,1,1,1,1.0
2648028,1,01/09/2023,1,15.5,60.7,23.0,13.0,1,1,1,,0,0.0,2.5,0.0,0.0,1.7,0.1,0.1,0.0,0.0,0.0,0.0,0.1,2.1,0.0,0.0,0.0,0.0,0.0,0.0,1.1,0.0,0.0,15.5,0.0,0.0,12.1,11.1,4.0,5.1,5.2,,1,1,1,1,1,1,1,1,1,1,1,1,1,1,1,1,1,1,1,1,1,1,1,1,1,1,1,1,1,1,0.0
2648028,1,01/08/2023,1,33.6,91.5,13.0,17.0,1,1,1,,0,0.3,0.0,0.3,0.0,0.0,0.0,0.0,1.6,8.4,3.1,5.6,13.3,33.6,3.0,0.1,0.0,0.1,0.1,0.0,0.0,0.0,0.2,0.0,0.0,11.7,8.5,0.0,0.0,0.0,1.5,0.1,1,1,1,1,1,1,1,1,1,1,1,1,1,1,1,1,1,1,1,1,1,1,1,1,1,1,1,1,1,1,1.0
2648028,1,01/07/2023,1,43.7,89.3,12.0,14.0,1,1,1,,0,0.0,0.0,1.3,0.0,0.0,0.1,0.0,0.0,0.0,3.2,11.9,43.7,3.2,0.0,0.0,0.0,0.0,11.9,0.0,5.8,3.2,0.0,0.0,0.2,0.7,0.2,0.0,1.1,2.8,0.0,0.0,1,1,1,1,1,1,1,1,1,1,1,1,1,1,1,1,1,1,1,1,1,1,1,1,1,1,1,1,1,1,1.0
2648028,1,01/06/2023,1,41.0,151.6,13.0,10.0,1,1,1,,0,0.3,0.0,0.0,0.1,0.0,0.0,0.0,0.0,0.0,0.0,0.0,24.9,41.0,15.7,37.8,27.8,0.0,0.0,0.0,0.0,0.0,0.5,3.4,0.0,0.0,0.0,0.1,0.0,0.0,0.0,,1,1,1,1,1,1,1,1,1,1,1,1,1,1,1,1,1,1,1,1,1,1,1,1,1,1,1,1,1,1,0.0
2648028,1,01/05/2023,1,39.8,53.6,9.0,7.0,1,1,1,,0,0.0,0.0,0.0,0.0,0.0,0.0,0.0,0.1,39.8,0.1,0.0,0.0,0.0,0.0,0.0,0.0,0.0,0.0,0.0,0.0,0.0,0.0,0.1,0.0,0.0,0.0,0.0,0.0,9.5,1.0,3.0,1,1,1,1,1,1,1,1,1,1,1,1,1,1,1,1,1,1,1,1,1,1,1,1,1,1,1,1,1,1,1.0
2648028,1,01/04/2023,1,34.4,190.2,18.0,20.0,1,1,1,,0,0.0,0.0,0.0,0.0,0.0,9.8,21.4,19.0,7.0,8.9,1.1,0.1,0.1,15.1,14.4,0.0,8.0,34.4,4.7,0.1,0.0,6.8,1.8,32.9,3.6,0.1,0.0,0.0,0.0,0.9,,1,1,1,1,1,1,1,1,1,1,1,1,1,1,1,1,1,1,1,1,1,1,1,1,1,1,1,1,1,1,0.0
2648028,1,01/02/2023,1,,,,,0,0,0,,0,0.2,11.8,22.5,35.5,46.6,0.0,0.9,0.0,0.1,1.5,3.9,0.0,0.0,0.0,33.0,79.2,5.2,0.0,0.0,0.0,34.0,0.4,4.4,65.9,,,41.5,0.7,,,,1,1,1,1,1,1,1,1,1,1,1,1,1,1,1,1,1,1,1,1,1,1,1,1,0,0,1,1,0,0,0.0
2648028,1,01/01/2023,1,94.9,184.7,15.0,16.0,1,1,1,,0,0.0,0.0,0.0,13.2,9.9,0.0,0.0,0.0,0.0,0.0,2.8,0.0,8.5,2.5,94.9,0.0,0.5,0.6,9.1,1.5,8.8,0.1,2.2,6.0,0.1,0.0,0.0,0.0,0.0,24.0,0.0,1,1,1,1,1,1,1,1,1,1,1,1,1,1,1,1,1,1,1,1,1,1,1,1,1,1,1,1,1,1,1.0
2648028,1,01/12/2022,1,68.8,310.3,21.0,21.0,1,1,1,,0,47.8,0.7,0.0,0.5,15.3,4.7,2.0,0.0,0.0,0.0,9.4,0.4,9.5,2.7,0.2,0.0,0.0,0.0,34.9,57.9,68.8,3.5,0.0,1.1,2.6,1.3,0.1,33.0,13.9,0.0,0.0,1,1,1,1,1,1,1,1,1,1,1,1,1,1,1,1,1,1,1,1,1,1,1,1,1,1,1,1,1,1,1.0
2648028,1,01/11/2022,1,70.7,245.4,27.0,14.0,1,1,1,,0,2.6,1.6,0.0,0.0,0.3,0.0,0.0,0.0,2.1,0.0,0.0,4.4,0.0,18.4,0.0,0.0,0.0,0.0,0.0,0.0,0.0,0.0,0.7,14.4,0.3,3.5,70.7,58.5,45.9,22.0,,1,1,1,1,1,1,1,1,1,1,1,1,1,1,1,1,1,1,1,1,1,1,1,1,1,1,1,1,1,1,0.0
2648028,1,01/10/2022,1,30.6,175.3,22.0,20.0,1,1,1,,0,3.8,0.0,0.0,0.0,1.7,5.0,12.5,0.1,0.0,0.0,3.5,10.0,0.0,9.9,8.6,24.2,10.3,0.0,15.2,14.7,3.7,30.6,0.3,0.0,1.4,0.3,0.0,0.0,0.0,9.9,9.6,1,1,1,1,1,1,1,1,1,1,1,1,1,1,1,1,1,1,1,1,1,1,1,1,1,1,1,1,1,1,1.0
2648028,1,01/09/2022,1,41.1,154.8,13.0,,1,1,0,,0,0.2,0.0,22.7,5.6,,4.7,28.5,1.7,0.4,5.7,1.1,12.5,41.1,0.1,0.0,3.0,2.7,0.1,2.2,3.8,0.0,3.1,0.0,0.0,0.1,15.0,0.0,0.0,0.0,0.5,,1,1,1,1,0,4,1,1,1,1,1,1,1,1,1,1,1,1,1,1,1,1,1,1,1,1,1,1,1,1,0.0
2648028,1,01/08/2022,1,52.9,242.5,7.0,20.0,1,1,1,,0,0.0,0.1,0.0,0.1,0.0,0.0,52.9,33.8,15.4,46.7,44.2,1.7,0.6,0.0,0.0,0.1,6.6,23.7,9.8,0.2,0.0,0.1,0.7,0.0,0.1,0.2,0.0,0.0,5.0,0.0,0.5,1,1,1,1,1,1,1,1,1,1,1,1,1,1,1,1,1,1,1,1,1,1,1,1,1,1,1,1,1,1,1.0
2648028,1,01/07/2022,1,12.9,14.1,15.0,5.0,1,1,1,,0,0.0,0.0,0.2,0.0,0.2,0.0,0.0,0.0,0.0,0.0,0.0,0.1,0.0,0.0,12.9,0.0,0.0,0.0,0.0,0.0,0.0,0.0,0.0,0.0,0.0,0.0,0.0,0.0,0.7,0.0,0.0,1,1,1,1,1,1,1,1,1,1,1,1,1,1,1,1,1,1,1,1,1,1,1,1,1,1,1,1,1,1,1.0
2648028,1,01/06/2022,1,44.8,158.9,2.0,17.0,1,1,1,,0,18.0,44.8,12.8,0.1,2.1,4.3,16.2,9.6,0.9,34.8,0.1,0.0,0.0,0.0,0.0,0.0,0.1,5.2,0.0,0.1,0.0,9.2,0.2,0.4,0.0,0.0,0.0,0.0,0.0,0.0,,1,1,1,1,1,1,1,1,1,1,1,1,1,1,1,1,1,1,1,1,1,1,1,1,1,1,1,1,1,1,0.0
2648028,1,01/05/2022,1,63.7,193.8,4.0,16.0,1,1,1,,0,0.0,0.5,39.4,63.7,46.7,0.1,0.0,0.0,1.5,1.6,3.5,1.4,0.1,0.0,0.2,0.1,0.0,0.0,0.0,0.0,0.0,0.0,0.0,0.1,0.0,0.0,0.0,0.2,0.0,28.6,6.1,1,1,1,1,1,1,1,1,1,1,1,1,1,1,1,1,1,1,1,1,1,1,1,1,1,1,1,1,1,1,1.0
2648028,1,01/04/2022,1,15.3,76.8,13.0,,1,1,0,,0,11.0,11.3,1.5,1.3,0.9,0.3,0.7,1.1,0.1,0.0,0.5,7.4,15.3,2.5,,,,5.9,0.4,0.1,0.0,0.8,14.5,0.0,0.4,0.1,0.2,0.0,0.1,0.4,,1,1,1,1,1,1,1,1,1,1,1,1,1,1,0,0,0,4,1,1,1,1,1,1,1,1,1,1,1,1,0.0
2648028,1,01/03/2022,1,99.8,257.2,13.0,23.0,1,1,1,,0,0.7,1.9,9.7,12.3,0.0,0.0,0.0,0.0,3.0,0.1,20.5,13.1,99.8,7.8,1.0,1.9,3.5,0.0,15.0,9.7,7.1,31.1,0.3,0.2,5.3,1.3,0.2,0.0,0.0,0.0,11.7,1,1,1,1,1,1,1,1,1,1,1,1,1,1,1,1,1,1,1,1,1,1,1,1,1,1,1,1,1,1,1.0
2648028,1,01/02/2022,1,22.4,64.1,18.0,14.0,1,1,1,,0,0.0,0.4,0.1,0.9,0.0,0.7,0.2,0.0,0.0,0.0,0.0,0.0,0.0,0.0,5.0,0.1,0.0,22.4,0.0,0.0,0.1,8.4,19.2,6.2,0.3,0.1,0.0,0.0,,,,1,1,1,1,1,1,1,1,1,1,1,1,1,1,1,1,1,1,1,1,1,1,1,1,1,1,1,1,0,0,0.0
2648028,1,01/01/2022,1,54.7,267.5,10.0,15.0,1,1,1,,0,4.6,0.0,0.0,0.0,40.0,31.5,0.0,0.0,0.0,54.7,42.8,11.9,0.0,0.5,4.4,5.6,0.1,7.4,0.0,0.0,0.0,0.0,0.0,0.0,0.0,0.0,0.0,25.1,28.6,3.5,6.8,1,1,1,1,1,1,1,1,1,1,1,1,1,1,1,1,1,1,1,1,1,1,1,1,1,1,1,1,1,1,1.0
2648028,1,01/12/2021,1,34.0,96.6,7.0,,1,1,0,,0,0.0,2.7,1.7,3.7,0.0,4.0,34.0,3.5,0.0,0.0,0.0,0.0,0.0,0.0,12.5,0.0,0.0,2.1,3.3,0.1,0.0,9.8,5.7,,,,4.9,0.6,5.9,2.1,0.0,1,1,1,1,1,1,1,1,1,1,1,1,1,1,1,1,1,1,1,1,1,1,1,0,0,0,4,1,1,1,1.0
2648028,1,01/11/2021,1,81.5,208.4,1.0,21.0,1,1,1,,0,81.5,3.2,0.7,0.3,3.1,0.2,3.8,1.3,2.9,0.1,10.6,9.3,10.0,0.0,0.0,0.0,0.5,20.9,30.4,0.5,0.0,0.0,0.0,12.3,0.1,16.6,0.0,0.0,0.1,0.0,,1,1,1,1,1,1,1,1,1,1,1,1,1,1,1,1,1,1,1,1,1,1,1,1,1,1,1,1,1,1,0.0
2648028,1,01/10/2021,1,22.1,166.0,1.0,27.0,1,1,1,,0,22.1,0.3,0.5,3.9,5.6,0.1,3.9,0.1,5.7,2.0,7.8,21.0,0.4,3.1,0.4,19.1,3.4,13.8,12.8,0.9,6.5,0.1,0.0,3.5,0.0,0.0,0.0,0.2,5.5,8.2,15.1,1,1,1,1,1,1,1,1,1,1,1,1,1,1,1,1,1,1,1,1,1,1,1,1,1,1,1,1,1,1,1.0
2648028,1,01/09/2021,1,38.9,107.7,18.0,15.0,1,1,1,,0,0.4,0.1,0.0,0.0,10.5,0.0,0.5,1.0,5.7,0.0,0.0,0.0,0.0,0.0,2.3,2.2,26.5,38.9,0.2,0.1,0.0,0.0,0.0,0.0,0.0,0.0,0.4,0.0,18.3,0.6,,1,1,1,1,1,1,1,1,1,1,1,1,1,1,1,1,1,1,1,1,1,1,1,1,1,1,1,1,1,1,0.0
2648028,1,01/08/2021,1,21.5,59.4,13.0,18.0,1,1,1,,0,0.0,3.0,0.0,0.0,0.0,0.0,0.0,0.0,0.0,0.1,4.0,0.1,21.5,11.5,0.5,0.5,0.5,0.1,0.4,0.2,0.0,0.0,0.2,0.0,0.2,0.0,0.0,4.3,10.2,0.1,2.0,1,1,1,1,1,1,1,1,1,1,1,1,1,1,1,1,1,1,1,1,1,1,1,1,1,1,1,1,1,1,1.0
2648028,1,01/07/2021,1,12.9,41.6,28.0,15.0,1,1,1,,0,0.0,0.0,0.2,0.0,0.1,7.0,4.5,0.0,2.9,0.0,0.0,0.1,0.0,0.0,0.2,4.8,8.4,0.1,0.0,0.0,0.0,0.0,0.0,0.0,0.0,0.1,0.0,12.9,0.1,0.1,0.1,1,1,1,1,1,1,1,1,1,1,1,1,1,1,1,1,1,1,1,1,1,1,1,1,1,1,1,1,1,1,1.0
2648028,1,01/06/2021,1,28.8,93.1,20.0,24.0,1,1,1,,0,0.1,0.2,0.1,0.0,0.1,0.0,10.1,16.5,9.3,0.1,0.4,0.0,0.0,0.3,0.0,0.1,0.4,0.0,10.8,28.8,0.3,2.9,0.3,2.8,0.3,3.0,0.2,2.4,3.5,0.1,,1,1,1,1,1,1,1,1,1,1,1,1,1,1,1,1,1,1,1,1,1,1,1,1,1,1,1,1,1,1,0.0
2648028,1,01/05/2021,1,25.7,116.0,7.0,18.0,1,1,1,,0,0.0,0.0,0.0,0.0,0.1,0.5,25.7,0.2,0.9,8.9,0.8,17.8,17.3,0.0,0.0,0.2,0.1,0.0,0.0,0.0,0.0,11.5,13.5,0.1,0.0,0.0,0.1,0.0,6.5,10.4,1.4,1,1,1,1,1,1,1,1,1,1,1,1,1,1,1,1,1,1,1,1,1,1,1,1,1,1,1,1,1,1,1.0
2648028,1,01/04/2021,1,29.5,86.5,22.0,19.0,1,1,1,,0,0.1,0.0,8.0,0.1,0.1,18.3,13.7,7.3,2.0,0.1,0.1,0.0,0.0,0.6,0.4,0.3,0.0,0.0,0.0,2.4,2.5,29.5,0.7,0.2,0.0,0.0,0.0,0.0,0.0,0.1,,1,1,1,1,1,1,1,1,1,1,1,1,1,1,1,1,1,1,1,1,1,1,1,1,1,1,1,1,1,1,0.0
2648028,1,01/03/2021,1,58.5,213.7,15.0,24.0,1,1,1,,0,29.2,52.1,3.2,0.9,0.8,8.7,0.0,0.4,3.7,2.5,0.0,0.0,0.0,3.2,58.5,0.1,0.2,4.5,9.1,0.1,0.1,2.5,6.7,11.3,0.1,0.0,2.3,1.3,0.0,12.2,0.0,1,1,1,1,1,1,1,1,1,1,1,1,1,1,1,1,1,1,1,1,1,1,1,1,1,1,1,1,1,1,1.0
2648028,1,01/02/2021,1,59.1,213.8,28.0,20.0,1,1,1,,0,0.4,0.2,0.0,0.0,5.4,0.4,0.0,5.2,0.1,0.2,2.9,1.6,26.6,10.4,18.7,1.1,1.3,10.1,0.0,0.0,0.0,0.0,0.0,3.6,3.4,16.3,46.8,59.1,,,,1,1,1,1,1,1,1,1,1,1,1,1,1,1,1,1,1,1,1,1,1,1,1,1,1,1,1,1,0,0,0.0
2648028,1,01/01/2021,1,68.7,324.7,20.0,27.0,1,1,1,,0,9.2,0.1,10.5,0.5,0.0,45.1,1.4,37.6,29.1,0.0,2.1,0.1,0.9,8.5,15.9,2.3,0.0,0.0,1.7,68.7,27.1,22.3,6.4,0.5,1.0,1.1,0.1,2.7,18.6,5.1,6.1,1,1,1,1,1,1,1,1,1,1,1,1,1,1,1,1,1,1,1,1,1,1,1,1,1,1,1,1,1,1,1.0
2648028,1,01/12/2020,1,71.3,268.6,6.0,27.0,1,1,1,,0,4.4,3.4,20.4,0.6,3.5,71.3,35.5,10.3,0.0,1.5,0.3,0.0,0.0,2.2,40.6,4.8,4.4,0.2,0.0,7.8,0.3,0.7,6.8,0.3,1.0,3.1,22.3,4.3,0.3,7.0,11.3,1,1,1,1,1,1,1,1,1,1,1,1,1,1,1,1,1,1,1,1,1,1,1,1,1,1,1,1,1,1,1.0
2648028,1,01/11/2020,1,12.3,78.0,17.0,19.0,1,1,1,,0,1.2,1.3,0.3,1.8,0.0,0.0,0.0,0.0,0.4,7.6,0.0,10.9,2.8,0.0,0.0,8.7,12.3,0.5,4.7,3.9,1.0,0.4,0.3,4.6,0.0,0.0,3.9,11.4,0.0,0.0,,1,1,1,1,1,1,1,1,1,1,1,1,1,1,1,1,1,1,1,1,1,1,1,1,1,1,1,1,1,1,0.0
2648028,1,01/10/2020,1,18.2,91.2,4.0,15.0,1,1,1,,0,0.7,0.0,0.0,18.2,14.4,1.3,1.7,1.3,13.0,7.4,0.0,0.0,0.0,0.0,0.0,0.0,0.0,0.0,0.7,2.7,0.0,0.0,15.9,1.5,0.0,0.3,0.0,0.0,0.0,8.9,3.2,1,1,1,1,1,1,1,1,1,1,1,1,1,1,1,1,1,1,1,1,1,1,1,1,1,1,1,1,1,1,1.0
2648028,1,01/09/2020,1,12.3,39.7,28.0,9.0,1,1,1,,0,11.5,8.1,0.1,0.0,0.2,0.0,0.5,5.7,1.1,0.2,0.0,0.0,0.0,0.0,0.0,0.0,0.0,0.0,0.0,0.0,0.0,0.0,0.0,0.0,0.0,0.0,0.0,12.3,0.0,0.0,,1,1,1,1,1,1,1,1,1,1,1,1,1,1,1,1,1,1,1,1,1,1,1,1,1,1,1,1,1,1,0.0
2648028,1,01/08/2020,1,32.0,75.4,15.0,13.0,1,1,1,,0,0.9,0.0,0.3,0.0,0.0,0.0,0.0,0.0,0.0,0.0,0.0,0.2,10.9,10.3,32.0,0.3,0.4,1.6,5.8,6.7,5.8,0.0,0.0,0.0,0.0,0.0,0.2,0.0,0.0,0.0,0.0,1,1,1,1,1,1,1,1,1,1,1,1,1,1,1,1,1,1,1,1,1,1,1,1,1,1,1,1,1,1,1.0
2648028,1,01/07/2020,1,16.6,60.5,29.0,11.0,1,1,1,,0,15.7,0.0,0.0,0.0,0.0,2.6,13.1,5.5,0.0,0.0,0.0,0.0,0.3,0.0,0.0,0.0,4.7,0.1,0.0,0.2,0.0,0.0,0.0,0.0,0.0,0.2,0.0,0.0,16.6,0.0,1.5,1,1,1,1,1,1,1,1,1,1,1,1,1,1,1,1,1,1,1,1,1,1,1,1,1,1,1,1,1,1,1.0
2648028,1,01/06/2020,1,22.1,110.3,6.0,20.0,1,1,1,,0,0.0,18.3,0.1,1.5,5.8,22.1,0.0,0.0,0.0,11.4,15.7,0.5,0.1,2.2,0.1,2.1,7.1,0.0,0.0,0.1,0.0,0.0,0.0,0.2,0.0,1.6,12.1,5.3,0.2,3.8,,1,1,1,1,1,1,1,1,1,1,1,1,1,1,1,1,1,1,1,1,1,1,1,1,1,1,1,1,1,1,0.0
2648028,1,01/05/2020,1,21.6,28.0,14.0,7.0,1,1,1,,0,0.2,0.0,0.0,0.0,0.0,0.0,2.4,0.0,0.0,0.0,0.0,0.0,0.0,21.6,3.0,0.2,0.0,0.0,0.0,0.0,0.0,0.0,0.5,0.0,0.0,0.0,0.0,0.1,0.0,0.0,0.0,1,1,1,1,1,1,1,1,1,1,1,1,1,1,1,1,1,1,1,1,1,1,1,1,1,1,1,1,1,1,1.0
2648028,1,01/04/2020,1,8.9,23.2,28.0,9.0,1,1,1,,0,0.0,0.0,1.1,0.0,0.0,0.0,6.4,0.0,0.0,0.0,0.0,0.0,0.0,3.1,0.0,0.0,0.0,0.0,2.1,0.1,0.0,0.0,0.0,0.0,0.3,0.0,0.0,8.9,1.1,0.1,,1,1,1,1,1,1,1,1,1,1,1,1,1,1,1,1,1,1,1,1,1,1,1,1,1,1,1,1,1,1,0.0
2648028,1,01/03/2020,1,28.1,61.3,3.0,11.0,1,1,1,,0,0.2,3.2,28.1,21.8,0.0,0.0,0.2,0.0,0.0,0.1,0.0,0.0,0.0,0.0,0.0,0.0,0.0,0.0,1.9,0.0,0.0,0.1,2.2,1.5,0.0,0.0,2.0,0.0,0.0,0.0,0.0,1,1,1,1,1,1,1,1,1,1,1,1,1,1,1,1,1,1,1,1,1,1,1,1,1,1,1,1,1,1,1.0
2648028,1,01/02/2020,1,99.1,374.1,7.0,,1,1,0,,0,0.1,,27.7,4.2,4.4,36.8,99.1,50.0,8.9,65.4,0.9,3.3,6.1,1.3,0.2,0.0,0.0,0.0,0.0,2.0,2.2,0.0,0.1,1.3,44.3,14.1,0.1,0.0,1.6,,,1,0,4,1,1,1,1,1,1,1,1,1,1,1,1,1,1,1,1,1,1,1,1,1,1,1,1,1,1,0,0.0
2648028,1,01/01/2020,1,,,,,0,0,0,,0,0.0,9.1,7.7,,,0.0,0.0,17.7,0.5,0.0,42.9,0.0,0.0,0.0,11.5,0.0,0.0,0.0,2.7,0.4,0.0,0.0,23.0,0.8,0.1,0.0,0.0,75.6,1.0,33.0,8.3,1,1,1,0,0,1,1,1,1,1,1,1,1,1,1,1,1,1,1,1,1,1,1,1,1,1,1,1,1,1,1.0
2648028,1,01/12/2019,1,29.9,132.3,6.0,15.0,1,1,1,,0,0.0,0.0,0.0,6.7,9.9,29.9,0.0,0.0,2.2,0.0,0.0,0.0,0.6,0.9,10.2,7.1,29.0,29.2,3.9,0.7,0.0,0.0,1.6,0.0,0.3,0.0,0.1,0.0,0.0,0.0,0.0,1,1,1,1,1,1,1,1,1,1,1,1,1,1,1,1,1,1,1,1,1,1,1,1,1,1,1,1,1,1,1.0
2648028,1,01/11/2019,1,,,,,0,0,0,,0,0.0,5.5,0.2,10.5,5.5,5.8,2.2,1.5,4.8,30.6,27.4,24.3,55.0,15.6,15.0,0.0,0.0,0.0,0.1,2.7,1.7,0.3,0.0,,3.6,0.0,45.9,17.5,0.1,0.0,,1,1,1,1,1,1,1,1,1,1,1,1,1,1,1,1,1,1,1,1,1,1,1,0,1,1,1,1,1,1,0.0
2648028,1,01/10/2019,1,23.7,102.5,7.0,15.0,1,1,1,,0,0.0,0.0,0.0,0.0,0.0,11.5,23.7,2.4,0.1,0.1,0.0,0.0,0.0,3.9,7.0,13.9,1.6,6.5,4.8,4.9,0.0,0.0,0.0,0.0,0.0,6.7,6.3,9.1,0.0,0.0,0.0,1,1,1,1,1,1,1,1,1,1,1,1,1,1,1,1,1,1,1,1,1,1,1,1,1,1,1,1,1,1,1.0
2648028,1,01/09/2019,1,44.1,157.7,20.0,25.0,1,1,1,,0,9.9,28.2,0.1,1.3,1.1,0.7,15.6,0.2,0.0,0.0,1.1,0.3,5.0,1.1,0.6,0.0,0.3,0.3,23.4,44.1,11.3,3.0,0.0,0.5,3.2,5.4,0.1,0.4,0.0,0.5,,1,1,1,1,1,1,1,1,1,1,1,1,1,1,1,1,1,1,1,1,1,1,1,1,1,1,1,1,1,1,0.0
2648028,1,01/08/2019,1,22.9,57.9,19.0,10.0,1,1,1,,0,0.0,0.0,3.1,0.0,0.0,0.9,0.0,0.0,0.0,0.0,0.0,0.0,11.3,0.0,0.0,0.0,0.0,0.0,22.9,0.3,2.7,0.0,0.0,0.0,0.0,16.0,0.4,0.1,0.2,0.0,0.0,1,1,1,1,1,1,1,1,1,1,1,1,1,1,1,1,1,1,1,1,1,1,1,1,1,1,1,1,1,1,1.0
2648028,1,01/07/2019,1,43.9,85.3,2.0,16.0,1,1,1,,0,5.4,43.9,3.6,1.3,0.0,0.0,0.1,0.0,0.1,0.0,0.0,0.0,0.1,0.0,10.7,4.5,0.1,1.5,4.8,0.0,0.1,0.0,0.0,0.0,0.1,0.0,0.0,8.8,0.2,0.0,0.0,1,1,1,1,1,1,1,1,1,1,1,1,1,1,1,1,1,1,1,1,1,1,1,1,1,1,1,1,1,1,1.0
2648028,1,01/06/2019,1,75.1,170.0,27.0,20.0,1,1,1,,0,19.8,22.4,20.5,6.7,0.1,1.6,10.0,0.2,0.2,0.2,0.2,0.2,0.1,0.0,0.0,0.0,0.0,0.0,0.0,0.0,0.2,0.1,0.0,0.2,0.1,12.0,75.1,0.1,0.0,0.0,,1,1,1,1,1,1,1,1,1,1,1,1,1,1,1,1,1,1,1,1,1,1,1,1,1,1,1,1,1,1,0.0
2648028,1,01/05/2019,1,,,,,0,0,0,,0,0.0,7.0,0.0,0.0,0.1,0.0,12.3,0.0,0.3,0.0,0.1,32.0,1.3,0.7,0.0,18.2,4.1,4.6,8.8,2.1,0.1,0.0,0.3,24.5,16.2,0.1,10.8,15.1,71.3,,,1,1,1,1,1,1,1,1,1,1,1,1,1,1,1,1,1,1,1,1,1,1,1,1,1,1,1,1,1,0,0.0
2648028,1,01/04/2019,1,40.6,151.5,22.0,16.0,1,1,1,,0,0.0,0.0,0.0,0.0,0.0,2.3,21.9,35.5,1.9,0.3,0.0,0.1,0.1,0.0,0.0,0.0,7.0,0.0,0.1,0.0,0.0,40.6,11.8,12.2,1.2,0.0,0.1,11.6,4.8,0.0,,1,1,1,1,1,1,1,1,1,1,1,1,1,1,1,1,1,1,1,1,1,1,1,1,1,1,1,1,1,1,0.0
2648028,1,01/03/2019,1,62.7,194.4,15.0,24.0,1,1,1,,0,0.6,0.0,0.0,0.0,0.0,0.0,6.7,0.1,1.3,5.0,0.8,1.5,0.4,53.6,62.7,1.1,0.3,0.7,8.1,20.0,0.2,2.9,1.8,0.0,0.0,0.1,4.7,6.6,14.7,0.4,0.1,1,1,1,1,1,1,1,1,1,1,1,1,1,1,1,1,1,1,1,1,1,1,1,1,1,1,1,1,1,1,1.0
2648028,1,01/02/2019,1,150.1,428.9,18.0,18.0,1,1,1,,0,0.0,9.1,16.1,14.3,3.7,1.6,0.6,0.0,0.0,0.0,0.0,10.9,0.0,0.5,0.0,34.1,91.6,150.1,0.0,0.2,30.0,38.5,0.0,0.0,1.3,4.8,1.3,20.2,,,,1,1,1,1,1,1,1,1,1,1,1,1,1,1,1,1,1,1,1,1,1,1,1,1,1,1,1,1,0,0,0.0
2648028,1,01/01/2019,1,72.3,302.9,13.0,21.0,1,1,1,,0,0.0,0.0,0.0,2.2,17.3,0.3,0.0,0.0,3.7,0.0,0.5,0.1,72.3,18.0,10.7,18.0,0.0,6.5,21.3,39.2,0.0,0.4,0.2,0.1,19.8,11.0,2.0,59.1,0.2,0.0,0.0,1,1,1,1,1,1,1,1,1,1,1,1,1,1,1,1,1,1,1,1,1,1,1,1,1,1,1,1,1,1,1.0
2648028,1,01/12/2018,1,,136.1,,,0,1,0,,0,31.1,2.1,0.1,0.4,0.0,0.0,0.0,0.0,0.0,0.0,0.0,0.0,0.0,0.0,4.9,0.1,0.0,5.2,9.3,10.7,3.0,,,,65.7,0.3,0.3,2.9,0.0,0.0,0.0,1,1,1,1,1,1,1,1,1,1,1,1,1,1,1,1,1,1,1,1,1,0,0,0,4,1,1,1,1,1,1.0
2648028,1,01/11/2018,1,32.4,150.8,15.0,,1,1,0,,0,16.6,4.3,1.2,28.3,0.1,0.1,4.3,3.8,5.8,17.2,4.0,0.1,0.6,0.0,32.4,0.0,,7.5,0.1,0.1,0.1,5.2,0.1,1.0,14.8,2.1,0.1,0.0,0.8,0.1,,1,1,1,1,1,1,1,1,1,1,1,1,1,1,1,1,0,4,1,1,1,1,1,1,1,1,1,1,1,1,0.0
2648028,1,01/10/2018,1,32.2,207.6,25.0,28.0,1,1,1,,0,0.9,8.5,3.8,17.5,0.0,0.0,21.5,4.3,2.5,0.6,9.6,2.4,0.2,8.4,30.6,1.6,7.5,16.1,0.8,0.1,1.3,0.8,0.0,3.1,32.2,22.7,6.3,0.1,2.3,1.8,0.1,1,1,1,1,1,1,1,1,1,1,1,1,1,1,1,1,1,1,1,1,1,1,1,1,1,1,1,1,1,1,1.0
2648028,1,01/09/2018,1,53.4,117.8,4.0,17.0,1,1,1,,0,0.0,11.1,12.6,53.4,0.2,0.0,0.0,0.0,0.0,0.4,0.1,5.7,3.1,3.5,5.7,3.7,8.5,3.2,0.0,0.0,0.0,0.0,0.0,0.0,4.4,0.8,0.0,0.4,1.0,0.0,,1,1,1,1,1,1,1,1,1,1,1,1,1,1,1,1,1,1,1,1,1,1,1,1,1,1,1,1,1,1,0.0
2648028,1,01/08/2018,1,25.5,72.3,3.0,14.0,1,1,1,,0,8.8,0.5,25.5,0.4,0.1,0.0,0.0,0.0,2.1,0.0,0.0,0.0,0.0,0.0,0.1,0.1,0.0,0.2,0.0,1.4,0.0,9.0,3.0,0.1,21.0,0.0,0.0,0.0,0.0,0.0,0.0,1,1,1,1,1,1,1,1,1,1,1,1,1,1,1,1,1,1,1,1,1,1,1,1,1,1,1,1,1,1,1.0
2648028,1,01/07/2018,1,14.3,36.2,24.0,15.0,1,1,1,,0,0.0,0.2,0.0,0.0,3.8,0.3,0.0,0.0,3.8,0.0,0.1,0.1,0.0,0.0,0.0,0.1,0.1,0.1,0.0,0.3,0.0,0.0,0.1,14.3,0.0,0.0,0.0,0.3,0.0,8.8,3.8,1,1,1,1,1,1,1,1,1,1,1,1,1,1,1,1,1,1,1,1,1,1,1,1,1,1,1,1,1,1,1.0
2648028,1,01/06/2018,1,23.5,65.2,27.0,24.0,1,1,1,,0,0.2,0.5,11.0,0.1,0.5,0.4,0.3,6.2,0.1,0.7,0.1,0.1,2.7,0.1,0.0,13.4,0.2,0.5,1.5,0.0,0.3,0.3,0.0,1.9,0.0,0.2,23.5,0.4,0.0,0.0,,1,1,1,1,1,1,1,1,1,1,1,1,1,1,1,1,1,1,1,1,1,1,1,1,1,1,1,1,1,1,0.0
2648028,1,01/05/2018,1,85.6,138.1,3.0,20.0,1,1,1,,0,0.0,0.7,85.6,0.7,0.1,1.5,12.0,3.1,2.6,0.4,0.3,0.9,0.0,0.0,0.1,2.7,0.0,0.0,23.6,0.0,1.1,0.0,0.0,0.0,0.0,0.0,0.1,0.3,1.9,0.3,0.1,1,1,1,1,1,1,1,1,1,1,1,1,1,1,1,1,1,1,1,1,1,1,1,1,1,1,1,1,1,1,1.0
2648028,1,01/04/2018,1,28.2,70.9,16.0,19.0,1,1,1,,0,1.9,1.6,0.0,0.0,17.0,0.0,0.1,0.1,0.0,0.1,0.0,0.0,0.0,2.9,3.7,28.2,1.3,12.4,0.0,0.3,0.1,0.1,0.1,0.1,0.0,0.1,0.7,0.1,0.0,0.0,,1,1,1,1,1,1,1,1,1,1,1,1,1,1,1,1,1,1,1,1,1,1,1,1,1,1,1,1,1,1,0.0
2648028,1,01/03/2018,1,19.5,126.8,26.0,21.0,1,1,1,,0,5.2,17.5,8.4,0.4,1.5,1.5,0.3,0.4,0.0,0.0,0.0,0.0,0.0,1.0,17.6,0.1,0.0,0.0,0.0,0.1,19.1,0.0,1.0,0.0,0.1,19.5,17.6,1.3,0.4,12.9,0.9,1,1,1,1,1,1,1,1,1,1,1,1,1,1,1,1,1,1,1,1,1,1,1,1,1,1,1,1,1,1,1.0
2648028,1,01/02/2018,1,17.9,85.7,28.0,24.0,1,1,1,,0,5.1,0.9,0.2,1.5,0.0,0.0,0.0,0.0,0.3,1.5,4.4,13.7,7.3,2.4,2.6,2.2,5.9,0.6,0.1,7.9,0.1,0.3,8.5,0.9,0.6,0.7,0.1,17.9,,,,1,1,1,1,1,1,1,1,1,1,1,1,1,1,1,1,1,1,1,1,1,1,1,1,1,1,1,1,0,0,0.0
2648028,1,01/01/2018,1,39.8,248.2,12.0,,1,1,0,,0,,10.4,2.2,0.1,0.1,0.0,0.4,0.4,0.0,5.7,11.3,39.8,11.9,7.0,8.1,0.7,20.8,15.9,5.9,1.7,3.9,26.4,10.0,28.0,11.4,3.5,0.9,1.0,7.9,6.8,6.0,0,4,1,1,1,1,1,1,1,1,1,1,1,1,1,1,1,1,1,1,1,1,1,1,1,1,1,1,1,1,1.0
2648028,1,01/12/2017,1,,,,,0,0,0,,0,0.4,2.9,2.8,0.1,0.2,0.1,0.0,2.0,0.2,2.4,0.0,0.0,0.0,0.0,0.0,0.7,,12.9,1.5,1.8,11.3,0.7,,,57.6,0.2,0.4,0.2,0.8,27.8,,1,1,1,1,1,1,1,1,1,1,1,1,1,1,1,1,0,4,1,1,1,1,0,0,4,1,1,1,1,1,0.0
2648028,1,01/11/2017,1,38.1,139.3,11.0,16.0,1,1,1,,0,0.0,0.0,0.0,0.0,17.6,0.1,0.5,3.8,3.4,0.0,38.1,0.0,0.0,0.2,0.1,0.0,12.9,14.7,21.2,0.4,0.3,18.5,0.6,0.0,6.9,0.0,0.0,0.0,0.0,0.0,,1,1,1,1,1,1,1,1,1,1,1,1,1,1,1,1,1,1,1,1,1,1,1,1,1,1,1,1,1,1,0.0
2648028,1,01/10/2017,1,30.6,101.9,8.0,17.0,1,1,1,,0,0.0,3.8,0.4,0.0,0.0,0.0,20.1,30.6,2.1,0.3,0.9,0.0,0.4,4.1,5.1,0.0,0.0,0.0,0.0,0.0,0.0,9.8,0.0,0.0,0.8,17.5,1.1,0.9,0.0,3.9,0.1,1,1,1,1,1,1,1,1,1,1,1,1,1,1,1,1,1,1,1,1,1,1,1,1,1,1,1,1,1,1,1.0
2648028,1,01/09/2017,1,132.2,164.8,30.0,10.0,1,1,1,,0,1.0,1.2,0.0,0.0,0.1,0.0,0.0,0.0,0.0,0.0,0.0,0.0,0.0,0.0,0.0,0.0,0.0,0.3,2.6,0.0,0.0,0.0,0.0,0.0,5.1,0.6,0.1,0.0,21.6,132.2,,1,1,1,1,1,1,1,1,1,1,1,1,1,1,1,1,1,1,1,1,1,1,1,1,1,1,1,1,1,1,0.0
2648028,1,01/08/2017,1,21.3,91.0,20.0,,1,1,0,,0,0.0,0.0,16.1,0.2,0.0,0.0,0.0,0.1,10.5,0.0,0.7,12.9,2.2,9.4,,0.9,0.1,0.0,0.0,21.3,15.8,0.1,0.7,0.0,0.0,0.0,0.0,0.0,0.0,0.0,0.0,1,1,1,1,1,1,1,1,1,1,1,1,1,1,0,4,1,1,1,1,1,1,1,1,1,1,1,1,1,1,1.0
2648028,1,01/07/2017,1,4.7,12.0,19.0,16.0,1,1,1,,0,0.0,0.0,0.2,1.2,2.7,0.6,0.3,0.1,1.0,0.0,0.0,0.3,0.0,0.0,0.1,0.1,0.0,0.0,4.7,0.1,0.0,0.0,0.0,0.0,0.0,0.1,0.1,0.3,0.0,0.0,0.1,1,1,1,1,1,1,1,1,1,1,1,1,1,1,1,1,1,1,1,1,1,1,1,1,1,1,1,1,1,1,1.0
2648028,1,01/06/2017,1,55.4,151.1,1.0,,1,1,0,,0,55.4,0.0,0.1,3.6,40.7,22.1,12.4,0.6,1.8,0.0,0.0,0.0,0.1,0.2,0.1,0.0,0.3,0.3,0.0,10.7,0.6,0.3,0.7,0.5,0.2,0.2,,0.1,0.0,0.1,,1,1,1,1,1,1,1,1,1,1,1,1,1,1,1,1,1,1,1,1,1,1,1,1,1,1,0,4,1,1,0.0
2648028,1,01/05/2017,1,79.4,267.0,19.0,,1,1,0,,0,0.0,2.4,2.3,2.2,3.9,0.2,0.0,3.4,0.4,0.0,0.0,0.0,0.0,7.7,,0.2,0.1,29.5,79.4,24.8,17.1,1.4,0.2,2.7,0.7,0.0,17.6,45.1,0.9,8.3,16.5,1,1,1,1,1,1,1,1,1,1,1,1,1,1,0,4,1,1,1,1,1,1,1,1,1,1,1,1,1,1,1.0
2648028,1,01/04/2017,1,14.9,88.4,26.0,,1,1,0,,0,1.6,1.8,7.7,0.8,0.0,8.0,3.4,8.3,3.0,2.3,0.2,4.3,0.1,0.0,0.0,1.4,7.4,2.6,1.0,1.7,3.6,0.0,,,13.8,14.9,0.4,0.1,0.0,0.0,,1,1,1,1,1,1,1,1,1,1,1,1,1,1,1,1,1,1,1,1,1,1,0,0,4,1,1,1,1,1,0.0
2648028,1,01/03/2017,1,27.6,199.0,2.0,,1,1,0,,0,8.8,27.6,0.1,0.6,3.3,1.9,0.0,0.4,6.4,0.0,0.0,0.0,9.4,0.1,0.0,0.4,18.3,5.8,1.2,14.7,19.3,21.0,19.6,4.8,0.7,,10.7,3.3,13.4,2.7,4.5,1,1,1,1,1,1,1,1,1,1,1,1,1,1,1,1,1,1,1,1,1,1,1,1,1,0,4,1,1,1,1.0
2648028,1,01/02/2017,1,65.4,177.7,1.0,15.0,1,1,1,,0,65.4,37.8,1.4,5.6,0.1,1.7,0.0,0.0,0.4,0.0,0.0,8.1,22.0,0.9,0.1,0.0,0.1,0.0,0.1,0.0,0.0,0.0,0.1,33.9,0.0,0.0,0.0,0.0,,,,1,1,1,1,1,1,1,1,1,1,1,1,1,1,1,1,1,1,1,1,1,1,1,1,1,1,1,1,0,0,0.0
2648028,1,01/01/2017,1,59.0,266.9,31.0,19.0,1,1,1,,0,11.6,0.2,0.4,0.0,31.1,14.7,0.0,0.0,0.0,1.0,7.8,2.2,0.0,0.0,0.0,0.0,17.5,6.0,20.1,0.0,1.1,0.0,0.0,0.0,0.9,14.5,53.8,4.6,13.1,7.3,59.0,1,1,1,1,1,1,1,1,1,1,1,1,1,1,1,1,1,1,1,1,1,1,1,1,1,1,1,1,1,1,1.0
2648028,1,01/12/2016,1,16.1,96.4,23.0,17.0,1,1,1,,0,0.0,0.1,0.0,5.6,1.2,0.0,0.0,0.0,7.7,12.3,2.7,0.1,0.0,3.1,0.3,0.0,13.5,3.0,0.0,0.0,11.5,15.7,16.1,1.1,0.0,0.0,2.2,0.0,0.0,0.2,0.0,1,1,1,1,1,1,1,1,1,1,1,1,1,1,1,1,1,1,1,1,1,1,1,1,1,1,1,1,1,1,1.0
2648028,1,01/11/2016,1,56.1,137.8,29.0,19.0,1,1,1,,0,0.1,0.0,1.6,0.0,0.0,0.0,0.7,0.1,0.4,20.2,0.1,0.9,0.1,0.0,5.6,5.5,15.7,15.4,0.0,0.0,0.0,0.0,2.6,0.0,0.0,2.8,4.7,0.6,56.1,4.6,,1,1,1,1,1,1,1,1,1,1,1,1,1,1,1,1,1,1,1,1,1,1,1,1,1,1,1,1,1,1,0.0
2648028,1,01/10/2016,1,61.5,253.0,26.0,,1,1,0,,0,0.0,6.2,1.4,12.1,,56.6,35.5,1.9,0.0,0.1,0.2,2.6,18.1,10.8,0.1,0.8,3.8,3.1,8.4,2.8,11.0,0.1,0.4,0.0,2.8,61.5,11.8,0.0,0.0,0.0,0.9,1,1,1,1,0,4,1,1,1,1,1,1,1,1,1,1,1,1,1,1,1,1,1,1,1,1,1,1,1,1,1.0
2648028,1,01/09/2016,1,,,,,0,0,0,,0,0.0,0.0,,47.8,0.0,14.1,0.1,0.0,0.0,0.0,0.0,0.0,0.4,0.0,0.0,0.0,0.0,0.5,7.0,0.1,0.1,1.1,0.2,0.1,2.8,0.0,0.0,0.0,0.0,0.0,,1,1,0,1,1,1,1,1,1,1,1,1,1,1,1,1,1,1,1,1,1,1,1,1,1,1,1,1,1,1,0.0
2648028,1,01/08/2016,1,54.2,178.8,20.0,17.0,1,1,1,,0,0.0,0.0,10.3,5.0,0.0,0.0,4.8,6.9,13.8,0.2,0.0,0.0,0.0,0.0,4.1,4.1,0.0,19.5,8.8,54.2,30.9,4.3,0.3,0.0,0.0,0.0,0.0,0.2,0.0,2.8,8.6,1,1,1,1,1,1,1,1,1,1,1,1,1,1,1,1,1,1,1,1,1,1,1,1,1,1,1,1,1,1,1.0
2648028,1,01/07/2016,1,40.8,56.0,16.0,10.0,1,1,1,,0,0.0,0.0,0.0,0.0,0.0,0.0,0.6,0.0,0.0,0.1,2.3,0.0,0.0,11.2,0.3,40.8,0.2,0.0,0.0,0.0,0.2,0.0,0.0,0.0,0.1,0.0,0.0,0.0,0.2,0.0,0.0,1,1,1,1,1,1,1,1,1,1,1,1,1,1,1,1,1,1,1,1,1,1,1,1,1,1,1,1,1,1,1.0
2648028,1,01/06/2016,1,,70.6,,,0,1,0,,0,0.8,8.8,0.0,0.0,0.8,3.8,4.8,0.0,0.0,0.0,0.0,0.0,0.0,0.0,0.0,0.1,2.9,,,,34.6,11.6,2.3,0.0,0.1,0.0,0.0,0.0,0.0,0.0,,1,1,1,1,1,1,1,1,1,1,1,1,1,1,1,1,1,0,0,0,4,1,1,1,1,1,1,1,1,1,0.0
2648028,1,01/05/2016,1,33.2,139.7,21.0,,1,1,0,,0,0.0,0.1,0.0,0.1,0.0,0.0,7.8,0.0,3.3,0.0,0.0,0.0,0.2,0.0,2.0,16.2,0.0,0.0,0.0,0.0,33.2,21.7,12.7,1.0,2.1,4.1,,22.5,5.4,6.0,1.3,1,1,1,1,1,1,1,1,1,1,1,1,1,1,1,1,1,1,1,1,1,1,1,1,1,1,0,4,1,1,1.0
2648028,1,01/04/2016,1,32.8,76.6,27.0,,1,1,0,,0,3.5,0.0,0.0,0.0,0.3,0.0,0.0,1.6,0.0,2.5,13.1,,8.4,9.4,0.1,0.1,0.0,0.0,0.1,0.1,0.0,0.0,0.3,0.0,0.1,4.2,32.8,0.0,0.0,0.0,,1,1,1,1,1,1,1,1,1,1,1,0,4,1,1,1,1,1,1,1,1,1,1,1,1,1,1,1,1,1,0.0
2648028,1,01/03/2016,1,51.6,190.9,25.0,,1,1,0,,0,0.1,0.2,,,,47.5,0.2,2.5,0.1,28.7,15.5,7.9,0.1,0.0,4.1,0.0,3.3,0.5,11.2,0.1,0.0,6.6,0.4,0.2,51.6,9.1,0.1,0.0,0.0,0.0,0.9,1,1,0,0,0,4,1,1,1,1,1,1,1,1,1,1,1,1,1,1,1,1,1,1,1,1,1,1,1,1,1.0
2648028,1,01/02/2016,1,36.6,182.9,24.0,,1,1,0,,0,0.0,3.6,9.3,29.7,0.8,15.1,1.6,0.1,0.0,0.0,0.8,0.0,0.0,0.1,,2.0,17.9,0.0,0.0,0.4,4.6,0.6,2.6,36.6,0.1,2.6,0.1,20.8,33.5,,,1,1,1,1,1,1,1,1,1,1,1,1,1,1,0,4,1,1,1,1,1,1,1,1,1,1,1,1,1,0,0.0
2648028,1,01/01/2016,1,,,,,0,0,0,,0,,11.6,7.2,3.8,4.2,1.3,0.0,2.1,0.0,7.8,53.1,16.6,0.0,1.3,0.0,0.6,4.6,0.1,0.0,0.0,0.1,40.4,0.3,0.0,9.8,27.0,7.0,0.0,12.7,0.0,0.2,0,1,1,1,1,1,1,1,1,1,1,1,1,1,1,1,1,1,1,1,1,1,1,1,1,1,1,1,1,1,1.0
2648028,1,01/12/2015,1,,,,,0,0,0,,0,6.0,0.2,0.2,19.5,2.7,5.3,19.5,1.6,2.2,27.0,,0.6,1.8,6.6,4.4,0.0,2.5,0.1,0.0,21.1,20.4,11.4,0.1,,56.1,17.7,0.2,37.1,60.5,0.2,,1,1,1,1,1,1,1,1,1,1,0,1,1,1,1,1,1,1,1,1,1,1,1,0,1,1,1,1,1,1,0.0
2648028,1,01/10/2015,1,62.2,312.3,22.0,30.0,1,1,1,,0,5.5,7.5,17.1,5.5,1.3,0.3,0.2,0.2,48.9,5.6,11.9,11.7,1.5,41.7,2.6,0.1,5.1,0.2,1.0,1.2,11.1,62.2,33.6,0.2,0.0,5.7,3.6,6.1,17.1,2.7,0.9,1,1,1,1,1,1,1,1,1,1,1,1,1,1,1,1,1,1,1,1,1,1,1,1,1,1,1,1,1,1,1.0
2648028,1,01/09/2015,1,28.2,187.6,28.0,,1,1,0,,0,0.1,3.6,12.1,26.6,,14.7,0.1,11.3,4.0,0.1,1.0,6.3,0.0,0.2,0.0,0.1,14.6,23.6,0.8,2.6,0.1,0.0,0.0,0.0,10.4,9.2,16.9,28.2,0.1,0.9,,1,1,1,1,0,4,1,1,1,1,1,1,1,1,1,1,1,1,1,1,1,1,1,1,1,1,1,1,1,1,0.0
2648028,1,01/08/2015,1,18.1,27.6,27.0,13.0,1,1,1,,0,0.1,0.0,0.0,0.0,0.0,0.0,0.0,0.0,0.0,0.0,0.0,0.0,0.0,0.0,0.0,0.2,0.0,0.0,2.6,0.0,0.2,1.3,0.3,0.5,0.3,3.4,18.1,0.2,0.1,0.0,0.3,1,1,1,1,1,1,1,1,1,1,1,1,1,1,1,1,1,1,1,1,1,1,1,1,1,1,1,1,1,1,1.0
2648028,1,01/07/2015,1,,,,,0,0,0,,0,2.6,0.0,1.4,0.1,0.0,0.0,0.0,,34.7,0.1,7.7,0.4,8.4,0.1,19.3,0.4,18.4,0.3,0.1,0.0,10.9,0.1,3.3,18.7,0.9,0.1,0.1,0.0,0.1,0.1,0.4,1,1,1,1,1,1,1,0,1,1,1,1,1,1,1,1,1,1,1,1,1,1,1,1,1,1,1,1,1,1,1.0
2648028,1,01/06/2015,1,,,,,0,0,0,,0,0.0,0.2,0.1,0.0,0.3,0.0,0.0,0.1,0.0,0.0,0.2,7.9,57.2,,12.0,0.3,0.0,0.0,35.4,0.4,,1.9,0.3,0.1,2.6,1.9,1.1,0.2,0.1,0.2,,1,1,1,1,1,1,1,1,1,1,1,1,1,0,1,1,1,1,1,1,0,1,1,1,1,1,1,1,1,1,0.0
2648028,1,01/05/2015,1,40.2,159.0,25.0,,1,1,0,,0,0.3,0.0,0.0,9.6,0.1,0.0,0.1,0.1,0.0,0.0,9.5,2.9,0.1,4.6,19.8,1.0,0.7,0.1,2.4,24.5,4.9,0.4,0.2,0.3,40.2,,25.2,11.8,0.1,0.1,0.0,1,1,1,1,1,1,1,1,1,1,1,1,1,1,1,1,1,1,1,1,1,1,1,1,1,0,4,1,1,1,1.0
2648028,1,01/04/2015,1,49.0,185.4,18.0,20.0,1,1,1,,0,0.0,0.0,0.2,0.0,0.0,19.4,1.0,0.0,0.3,0.8,3.5,0.2,0.1,0.0,0.1,0.0,32.0,49.0,0.0,0.1,4.6,18.2,41.4,6.9,0.0,2.1,0.9,0.0,0.1,4.5,,1,1,1,1,1,1,1,1,1,1,1,1,1,1,1,1,1,1,1,1,1,1,1,1,1,1,1,1,1,1,
2648028,1,01/03/2015,1,74.2,215.8,22.0,27.0,1,1,1,,0,1.2,0.4,0.1,0.0,0.8,9.8,1.9,0.1,0.2,0.1,0.1,0.0,12.7,31.0,0.2,0.4,2.7,0.3,0.0,1.6,0.2,74.2,0.2,5.9,0.1,0.0,0.1,14.0,32.9,21.3,3.3,1,1,1,1,1,1,1,1,1,1,1,1,1,1,1,1,1,1,1,1,1,1,1,1,1,1,1,1,1,1,1.0
2648028,1,01/02/2015,1,,,,,0,0,0,,0,10.3,0.0,0.0,12.6,17.8,0.0,0.0,8.1,0.1,0.0,17.7,,36.1,4.1,9.2,4.1,1.6,16.2,20.7,1.6,46.6,0.6,0.1,21.3,1.6,0.1,0.0,17.9,,,,1,1,1,1,1,1,1,1,1,1,1,0,1,1,1,1,1,1,1,1,1,1,1,1,1,1,1,1,0,0,0.0
2648028,1,01/01/2015,1,,,,,0,0,0,,0,6.3,0.0,23.8,0.2,0.2,4.7,0.1,0.0,0.7,0.0,,10.7,18.4,0.0,7.0,0.1,,70.6,5.4,0.0,11.3,0.5,3.6,0.0,0.1,6.9,0.1,0.0,5.4,5.8,0.0,1,1,1,1,1,1,1,1,1,1,0,1,1,1,1,1,0,1,1,1,1,1,1,1,1,1,1,1,1,1,1.0
2648028,1,01/12/2014,1,,,,,0,0,0,,0,0.1,0.0,0.1,22.1,0.0,0.0,0.0,0.6,0.1,28.9,0.1,0.0,12.0,4.1,0.1,0.4,1.1,0.0,0.0,6.9,,40.5,8.8,,,12.4,13.0,1.7,21.3,5.0,22.7,1,1,1,1,1,1,1,1,1,1,1,1,1,1,1,1,1,1,1,1,0,1,1,0,0,1,1,1,1,1,1.0
2648028,1,01/11/2014,1,6.7,17.4,2.0,,1,1,0,,0,0.0,6.7,1.9,,,,,0.0,0.0,0.0,0.2,0.0,0.0,0.1,0.0,0.0,0.0,0.0,0.3,0.0,0.0,1.3,0.0,0.0,2.9,2.4,0.0,1.5,0.0,0.1,,1,1,1,0,0,0,0,4,1,1,1,1,1,1,1,1,1,1,1,1,1,1,1,1,1,1,1,1,1,1,0.0
2648028,1,01/10/2014,1,34.5,50.8,1.0,11.0,1,1,1,,0,34.5,0.0,0.0,0.0,0.2,0.0,0.7,0.0,0.0,0.0,0.0,0.0,0.0,0.2,0.5,0.7,0.6,11.8,0.1,1.4,0.0,0.1,0.0,0.0,0.0,0.0,0.0,0.0,0.0,0.0,0.0,1,1,1,1,1,1,1,1,1,1,1,1,1,1,1,1,1,1,1,1,1,1,1,1,1,1,1,1,1,1,1.0
2648028,1,01/09/2014,1,,,,,0,0,0,,0,21.6,0.1,28.6,4.5,2.6,1.0,0.1,0.0,0.0,0.0,0.0,0.5,0.0,0.0,3.4,0.0,,32.3,0.0,0.0,8.7,0.1,0.2,0.0,,22.0,2.6,3.3,11.0,2.9,,1,1,1,1,1,1,1,1,1,1,1,1,1,1,1,1,0,1,1,1,1,1,1,1,0,1,1,1,1,1,0.0
2648028,1,01/08/2014,1,,110.4,,,0,1,0,,0,0.1,13.7,0.0,0.0,1.5,0.0,0.0,0.0,0.0,0.0,0.2,0.1,31.4,1.1,0.1,,52.8,0.1,0.0,0.2,0.2,0.2,0.1,0.1,0.2,8.2,0.1,0.0,0.0,0.0,0.0,1,1,1,1,1,1,1,1,1,1,1,1,1,1,1,0,4,1,1,1,1,1,1,1,1,1,1,1,1,1,1.0
2648028,1,01/07/2014,1,14.5,40.3,25.0,15.0,1,1,1,,0,0.0,0.0,0.1,0.0,0.0,0.0,0.0,7.1,0.0,4.4,0.0,0.6,0.5,1.9,1.0,3.1,0.1,0.9,0.0,0.0,0.0,0.0,0.0,0.0,14.5,0.0,0.1,0.0,1.2,4.7,0.1,1,1,1,1,1,1,1,1,1,1,1,1,1,1,1,1,1,1,1,1,1,1,1,1,1,1,1,1,1,1,1.0
2648028,1,01/06/2014,1,147.9,396.2,8.0,20.0,1,1,1,,0,12.3,0.1,0.0,0.0,0.0,29.3,70.9,147.9,31.8,0.0,0.0,13.6,7.7,0.1,7.7,0.5,0.0,34.0,2.8,0.1,0.0,0.0,0.0,0.3,0.0,4.6,3.2,0.2,29.0,0.1,,1,1,1,1,1,1,1,1,1,1,1,1,1,1,1,1,1,1,1,1,1,1,1,1,1,1,1,1,1,1,0.0
2648028,1,01/05/2014,1,37.3,89.7,26.0,15.0,1,1,1,,0,4.0,0.0,0.1,0.0,0.1,0.7,0.0,0.0,0.4,0.0,5.3,0.5,0.1,0.0,0.0,0.2,0.0,0.0,0.0,0.0,6.8,3.0,29.7,0.0,0.0,37.3,1.3,0.0,0.0,0.0,0.2,1,1,1,1,1,1,1,1,1,1,1,1,1,1,1,1,1,1,1,1,1,1,1,1,1,1,1,1,1,1,1.0
2648028,1,01/04/2014,1,20.7,82.2,23.0,,1,1,0,,0,0.4,0.8,12.9,2.9,0.7,0.1,0.1,0.0,5.0,4.8,0.0,0.3,0.4,0.0,0.0,1.3,3.2,0.2,,20.6,0.3,0.0,20.7,0.5,1.5,0.1,1.1,4.2,0.1,0.0,,1,1,1,1,1,1,1,1,1,1,1,1,1,1,1,1,1,1,0,4,1,1,1,1,1,1,1,1,1,1,0.0
2648028,1,01/03/2014,1,72.4,332.7,9.0,24.0,1,1,1,,0,3.8,0.0,0.0,0.1,52.7,19.1,0.1,0.0,72.4,0.0,66.3,0.1,29.1,12.4,0.1,15.8,0.1,3.0,36.1,3.9,2.2,7.7,0.1,0.0,0.0,0.0,1.8,0.4,0.2,1.4,3.8,1,1,1,1,1,1,1,1,1,1,1,1,1,1,1,1,1,1,1,1,1,1,1,1,1,1,1,1,1,1,1.0
2648028,1,01/02/2014,1,23.4,90.6,18.0,15.0,1,1,1,,0,0.0,0.0,0.0,0.0,0.0,0.0,0.0,0.0,0.0,0.0,0.0,0.0,5.8,18.8,7.0,0.2,2.4,23.4,2.7,0.1,0.0,1.9,0.1,6.4,0.2,1.2,11.6,8.8,,,,1,1,1,1,1,1,1,1,1,1,1,1,1,1,1,1,1,1,1,1,1,1,1,1,1,1,1,1,0,0,0.0
2648028,1,01/01/2014,1,62.5,244.9,4.0,,1,1,0,,0,26.3,22.6,0.0,62.5,20.5,10.6,0.0,0.0,4.6,0.0,14.5,0.3,,32.1,11.7,0.0,0.2,0.0,0.0,0.0,0.0,0.0,1.5,11.0,23.9,0.8,1.7,0.1,0.0,0.0,0.0,1,1,1,1,1,1,1,1,1,1,1,1,0,4,1,1,1,1,1,1,1,1,1,1,1,1,1,1,1,1,1.0
2648028,1,01/12/2013,1,43.1,161.9,11.0,22.0,1,1,1,,0,14.2,0.5,1.1,0.2,0.0,32.8,2.2,12.7,0.5,9.2,43.1,20.1,0.2,0.2,0.1,0.0,0.2,5.6,0.2,6.6,0.9,4.5,6.7,0.0,0.0,0.0,0.0,0.0,0.0,0.1,0.0,1,1,1,1,1,1,1,1,1,1,1,1,1,1,1,1,1,1,1,1,1,1,1,1,1,1,1,1,1,1,1.0
2648028,1,01/11/2013,1,20.7,106.9,25.0,24.0,1,1,1,,0,1.8,1.7,0.0,16.6,2.3,0.1,0.3,3.2,0.1,0.1,0.0,3.3,0.1,0.0,0.0,0.0,11.7,0.8,0.8,0.0,5.9,10.6,0.4,3.5,20.7,3.2,5.5,1.8,7.2,5.2,,1,1,1,1,1,1,1,1,1,1,1,1,1,1,1,1,1,1,1,1,1,1,1,1,1,1,1,1,1,1,0.0
2648028,1,01/10/2013,1,29.5,110.1,25.0,23.0,1,1,1,,0,1.8,2.5,12.7,16.3,14.9,0.0,5.2,0.1,0.0,0.5,0.1,0.1,0.0,0.1,0.0,0.3,9.1,1.7,0.0,0.1,0.4,3.8,0.8,0.2,29.5,0.9,8.9,0.0,0.1,0.0,0.0,1,1,1,1,1,1,1,1,1,1,1,1,1,1,1,1,1,1,1,1,1,1,1,1,1,1,1,1,1,1,1.0
2648028,1,01/09/2013,1,61.9,240.3,22.0,18.0,1,1,1,,0,0.1,3.8,0.5,3.0,0.1,0.0,0.1,0.0,0.1,0.1,0.0,0.1,0.0,0.0,0.0,0.0,49.9,9.9,0.7,49.7,36.1,61.9,21.5,0.1,0.0,0.0,0.0,0.0,2.6,0.0,,1,1,1,1,1,1,1,1,1,1,1,1,1,1,1,1,1,1,1,1,1,1,1,1,1,1,1,1,1,1,0.0
2648028,1,01/08/2013,1,30.2,113.3,27.0,23.0,1,1,1,,0,0.1,0.0,0.1,3.5,4.8,2.4,20.2,0.4,0.0,0.3,0.7,0.2,0.1,16.9,0.4,0.1,1.5,8.8,1.4,3.4,0.0,0.0,0.0,0.3,0.7,16.7,30.2,0.1,0.0,0.0,0.0,1,1,1,1,1,1,1,1,1,1,1,1,1,1,1,1,1,1,1,1,1,1,1,1,1,1,1,1,1,1,1.0
2648028,1,01/07/2013,1,40.6,120.0,22.0,21.0,1,1,1,,0,1.6,0.0,0.0,0.0,0.0,0.0,0.0,0.5,0.1,1.6,0.0,0.0,0.0,0.0,1.5,0.4,0.2,0.2,0.4,19.7,35.5,40.6,14.1,0.2,0.7,1.9,0.2,0.1,0.2,0.2,0.1,1,1,1,1,1,1,1,1,1,1,1,1,1,1,1,1,1,1,1,1,1,1,1,1,1,1,1,1,1,1,1.0
2648028,1,01/06/2013,1,61.4,220.7,21.0,21.0,1,1,1,,0,0.1,32.3,0.0,0.1,0.2,0.1,0.1,0.0,0.0,0.2,0.1,0.8,0.0,0.0,0.0,4.5,17.1,0.0,0.0,28.0,61.4,37.5,0.0,14.1,10.9,0.4,0.9,7.3,1.0,3.6,,1,1,1,1,1,1,1,1,1,1,1,1,1,1,1,1,1,1,1,1,1,1,1,1,1,1,1,1,1,1,0.0
2648028,1,01/05/2013,1,61.5,104.3,6.0,22.0,1,1,1,,0,0.0,0.5,0.0,0.0,0.0,61.5,0.1,0.1,0.0,0.1,0.0,0.1,0.0,0.0,0.0,7.6,4.4,0.2,0.6,3.9,0.1,3.7,0.2,3.3,1.8,0.1,7.8,5.1,0.2,2.8,0.1,1,1,1,1,1,1,1,1,1,1,1,1,1,1,1,1,1,1,1,1,1,1,1,1,1,1,1,1,1,1,1.0
2648028,1,01/04/2013,1,17.8,69.2,14.0,17.0,1,1,1,,0,0.0,0.0,11.6,1.1,13.5,0.1,0.0,0.0,1.7,0.1,0.4,0.8,10.2,17.8,0.1,0.1,0.1,0.2,0.0,0.1,0.0,0.0,0.0,11.2,0.0,0.0,0.0,0.0,0.0,0.1,,1,1,1,1,1,1,1,1,1,1,1,1,1,1,1,1,1,1,1,1,1,1,1,1,1,1,1,1,1,1,0.0
2648028,1,01/03/2013,1,61.4,266.5,1.0,24.0,1,1,1,,0,61.4,1.1,0.0,0.0,8.2,26.3,2.7,15.8,0.3,4.6,11.0,0.1,4.1,0.0,2.8,19.8,27.5,0.8,8.1,8.9,35.8,0.0,0.1,0.0,20.3,1.9,0.5,0.1,0.0,0.0,4.3,1,1,1,1,1,1,1,1,1,1,1,1,1,1,1,1,1,1,1,1,1,1,1,1,1,1,1,1,1,1,1.0
2648028,1,01/02/2013,1,,,,,0,0,0,,0,0.1,0.0,0.0,13.9,0.0,79.0,13.0,15.0,9.2,3.5,2.3,0.3,10.9,60.0,14.4,3.2,27.8,0.0,0.0,0.0,0.0,5.6,1.8,0.0,0.0,,,,,,,1,1,1,1,1,1,1,1,1,1,1,1,1,1,1,1,1,1,1,1,1,1,1,1,1,0,0,0,0,0,0.0
2648028,1,01/01/2013,1,47.4,132.1,15.0,18.0,1,1,1,,0,11.6,5.9,1.4,1.4,0.0,8.2,0.1,3.2,0.0,0.0,0.0,0.0,0.2,0.7,47.4,0.0,0.0,0.0,8.0,3.3,8.0,0.3,5.6,0.0,0.0,24.4,0.0,1.5,0.0,0.0,0.9,1,1,1,1,1,1,1,1,1,1,1,1,1,1,1,1,1,1,1,1,1,1,1,1,1,1,1,1,1,1,1.0
2648028,1,01/12/2012,1,63.4,184.5,20.0,16.0,1,1,1,,0,0.0,4.7,0.1,0.0,0.0,0.0,0.5,2.8,0.0,0.0,0.0,0.0,0.0,4.1,4.4,3.3,0.0,0.0,0.0,63.4,12.6,5.4,0.1,0.0,0.0,0.0,25.5,6.8,20.2,30.4,0.2,1,1,1,1,1,1,1,1,1,1,1,1,1,1,1,1,1,1,1,1,1,1,1,1,1,1,1,1,1,1,1.0
2648028,1,01/11/2012,1,20.9,75.5,10.0,15.0,1,1,1,,0,9.2,0.1,0.0,0.0,2.2,0.1,0.0,0.0,4.1,20.9,3.2,0.0,6.3,0.1,7.8,10.3,0.2,0.2,0.0,0.0,0.0,0.0,0.0,4.7,0.0,0.0,0.0,6.1,0.0,0.0,,1,1,1,1,1,1,1,1,1,1,1,1,1,1,1,1,1,1,1,1,1,1,1,1,1,1,1,1,1,1,0.0
2648028,1,01/10/2012,1,30.6,117.8,23.0,19.0,1,1,1,,0,0.0,9.1,0.1,0.0,1.5,0.2,0.0,0.1,0.0,0.0,22.8,16.7,4.8,1.6,0.1,0.0,0.0,0.0,0.0,0.2,0.0,0.7,30.6,2.3,0.7,5.9,20.2,0.1,0.1,0.0,0.0,1,1,1,1,1,1,1,1,1,1,1,1,1,1,1,1,1,1,1,1,1,1,1,1,1,1,1,1,1,1,1.0
2648028,1,01/09/2012,1,14.0,56.8,11.0,17.0,1,1,1,,0,0.1,0.0,0.1,0.0,0.1,0.1,0.0,0.0,0.0,0.3,14.0,0.0,13.3,1.5,0.0,0.1,0.0,0.1,0.0,0.0,9.8,1.0,4.5,0.0,0.0,6.8,0.0,1.0,2.2,1.8,,1,1,1,1,1,1,1,1,1,1,1,1,1,1,1,1,1,1,1,1,1,1,1,1,1,1,1,1,1,1,0.0
2648028,1,01/08/2012,1,18.3,37.0,1.0,6.0,1,1,1,,0,18.3,0.0,0.0,0.1,0.0,0.0,0.0,0.0,0.0,0.0,0.0,0.0,0.2,0.0,0.0,0.0,0.0,0.3,0.0,0.0,0.0,0.0,0.0,0.0,0.0,0.0,0.0,3.8,14.3,0.0,0.0,1,1,1,1,1,1,1,1,1,1,1,1,1,1,1,1,1,1,1,1,1,1,1,1,1,1,1,1,1,1,1.0
2648028,1,01/07/2012,1,39.6,177.4,18.0,18.0,1,1,1,,0,0.1,0.0,0.0,0.0,0.1,0.0,5.6,9.6,0.5,0.1,2.4,16.0,0.1,0.0,0.0,0.0,22.7,39.6,0.1,0.0,0.0,0.0,0.0,0.1,0.0,16.4,31.0,0.4,0.0,16.2,16.4,1,1,1,1,1,1,1,1,1,1,1,1,1,1,1,1,1,1,1,1,1,1,1,1,1,1,1,1,1,1,1.0
2648028,1,01/06/2012,1,62.7,267.6,5.0,19.0,1,1,1,,0,1.6,0.9,0.3,43.2,62.7,0.2,0.3,0.0,0.0,36.7,10.0,0.0,0.0,0.0,0.1,0.2,1.2,20.3,4.3,11.7,60.1,11.7,0.0,0.0,0.0,0.0,0.0,0.0,2.0,0.1,,1,1,1,1,1,1,1,1,1,1,1,1,1,1,1,1,1,1,1,1,1,1,1,1,1,1,1,1,1,1,0.0
2648028,1,01/05/2012,1,45.3,110.3,25.0,19.0,1,1,1,,0,0.0,0.0,1.0,8.5,0.0,0.2,0.0,1.0,0.2,0.3,0.1,1.0,0.0,0.0,0.0,13.6,8.3,5.5,0.4,6.4,3.6,0.4,0.0,0.0,45.3,5.8,0.0,0.0,0.0,8.1,0.6,1,1,1,1,1,1,1,1,1,1,1,1,1,1,1,1,1,1,1,1,1,1,1,1,1,1,1,1,1,1,1.0
2648028,1,01/04/2012,1,90.6,253.2,26.0,19.0,1,1,1,,0,9.4,7.8,0.0,0.0,0.0,15.4,0.0,1.2,1.4,0.3,10.5,23.0,0.0,1.6,8.6,0.0,5.4,0.0,0.0,0.0,2.0,0.2,0.2,0.1,5.4,90.6,31.3,0.0,38.8,0.0,,1,1,1,1,1,1,1,1,1,1,1,1,1,1,1,1,1,1,1,1,1,1,1,1,1,1,1,1,1,1,0.0
2648028,1,01/03/2012,1,18.6,59.1,15.0,11.0,1,1,1,,0,8.1,0.0,0.0,8.5,0.0,0.0,0.0,0.1,0.0,0.0,0.0,0.0,0.0,0.0,18.6,7.0,0.0,3.2,2.1,0.0,0.0,5.6,0.0,0.0,0.2,0.0,4.5,0.0,0.0,0.0,1.2,1,1,1,1,1,1,1,1,1,1,1,1,1,1,1,1,1,1,1,1,1,1,1,1,1,1,1,1,1,1,1.0
2648028,1,01/02/2012,1,45.7,154.6,10.0,11.0,1,1,1,,0,0.0,0.0,0.0,0.0,0.0,0.0,0.0,3.2,0.0,45.7,22.4,0.0,0.0,0.0,0.1,0.0,0.0,0.0,0.0,0.0,0.0,21.0,19.0,0.0,23.4,2.6,9.0,3.4,4.8,,,1,1,1,1,1,1,1,1,1,1,1,1,1,1,1,1,1,1,1,1,1,1,1,1,1,1,1,1,1,0,0.0
2648028,1,01/01/2012,1,128.5,313.9,1.0,20.0,1,1,1,,0,128.5,1.4,0.0,0.0,2.5,1.8,0.0,0.0,28.6,26.2,18.1,0.0,0.0,16.4,3.6,2.8,16.0,1.2,3.1,0.0,0.0,5.8,6.0,1.9,0.2,35.6,11.2,3.0,0.0,0.0,0.0,1,1,1,1,1,1,1,1,1,1,1,1,1,1,1,1,1,1,1,1,1,1,1,1,1,1,1,1,1,1,1.0
2648028,1,01/12/2011,1,88.1,295.5,14.0,13.0,1,1,1,,0,0.0,0.0,0.0,1.1,0.9,22.3,0.0,0.1,48.9,0.0,1.2,0.0,0.0,88.1,0.0,0.0,0.0,0.0,0.0,0.0,0.0,0.0,0.0,0.0,69.1,17.0,0.0,11.2,2.1,0.3,33.2,1,1,1,1,1,1,1,1,1,1,1,1,1,1,1,1,1,1,1,1,1,1,1,1,1,1,1,1,1,1,1.0
2648028,1,01/11/2011,1,53.3,124.0,15.0,19.0,1,1,1,,0,0.0,0.0,1.3,0.2,0.0,0.1,0.0,0.0,0.0,0.0,11.0,0.0,1.9,20.7,53.3,8.0,0.1,2.9,1.6,0.0,0.0,7.1,1.7,0.0,0.2,0.1,0.7,1.5,5.9,5.7,,1,1,1,1,1,1,1,1,1,1,1,1,1,1,1,1,1,1,1,1,1,1,1,1,1,1,1,1,1,1,0.0
2648028,1,01/10/2011,1,50.9,153.9,13.0,18.0,2,2,2,,0,0.0,9.7,0.0,0.0,0.0,0.0,1.0,0.0,12.8,0.0,0.0,0.9,50.9,32.1,0.5,13.2,0.0,0.0,5.9,1.7,0.0,0.1,0.1,0.0,0.0,12.5,0.2,0.3,0.5,10.2,1.3,2,4,1,1,1,1,1,1,1,1,1,1,1,1,1,1,1,1,1,1,1,1,1,1,1,1,1,1,1,1,1.0
2648028,1,01/09/2011,1,101.4,215.9,7.0,20.0,1,1,1,,0,0.1,0.0,0.0,0.0,0.1,12.4,101.4,42.4,30.7,0.0,0.0,0.0,0.1,0.0,1.6,2.1,1.9,0.5,0.1,0.1,18.7,0.1,0.0,2.6,0.6,0.2,0.1,0.0,0.0,0.1,,1,1,1,1,1,1,1,1,1,1,1,1,1,1,1,1,1,1,1,1,1,1,1,1,1,1,1,1,1,1,0.0
2648028,1,01/08/2011,1,123.3,419.0,1.0,,1,1,0,,0,123.3,21.9,0.0,0.0,0.0,0.0,0.0,1.4,62.3,,21.6,0.0,0.0,0.0,1.2,0.4,0.5,18.2,1.2,0.0,0.0,3.7,39.0,12.7,13.9,7.4,0.3,1.5,0.0,34.3,54.2,1,1,1,1,1,1,1,1,1,0,4,1,1,1,1,1,1,1,1,1,1,1,1,1,1,1,1,1,1,1,1.0
2648028,1,01/07/2011,1,24.9,96.8,18.0,13.0,1,1,1,,0,2.9,8.8,18.2,15.3,0.1,0.0,0.0,0.0,0.0,0.0,0.0,0.0,0.0,0.1,0.0,0.0,0.0,24.9,2.1,0.0,20.4,3.1,0.0,0.4,0.4,0.0,0.0,0.0,0.1,0.0,0.0,1,1,1,1,1,1,1,1,1,1,1,1,1,1,1,1,1,1,1,1,1,1,1,1,1,1,1,1,1,1,1.0
2648028,1,01/06/2011,1,56.8,117.0,26.0,16.0,1,1,1,,0,0.0,0.0,0.0,0.1,0.0,0.0,0.4,0.0,3.6,0.1,0.0,0.0,0.0,0.0,0.0,0.0,0.1,0.5,0.0,0.1,0.0,4.4,3.9,0.3,2.8,56.8,1.8,0.1,22.1,19.9,,1,1,1,1,1,1,1,1,1,1,1,1,1,1,1,1,1,1,1,1,1,1,1,1,1,1,1,1,1,1,0.0
2648028,1,01/05/2011,1,42.9,82.3,15.0,12.0,1,1,1,,0,1.0,0.0,0.0,0.0,0.0,0.0,0.0,0.0,0.1,0.3,0.4,0.0,0.0,0.0,42.9,2.1,0.4,0.0,0.4,11.9,21.1,0.2,0.0,0.0,0.0,0.0,0.0,1.5,0.0,0.0,0.0,1,1,1,1,1,1,1,1,1,1,1,1,1,1,1,1,1,1,1,1,1,1,1,1,1,1,1,1,1,1,1.0
2648028,1,01/04/2011,1,18.1,67.8,15.0,14.0,1,1,1,,0,0.0,3.5,1.7,0.0,0.0,0.0,0.0,0.0,0.0,0.0,1.0,0.0,1.3,0.1,18.1,0.0,0.0,0.0,0.1,0.1,0.0,0.0,0.0,15.0,0.0,0.1,0.3,9.2,17.2,0.1,,1,1,1,1,1,1,1,1,1,1,1,1,1,1,1,1,1,1,1,1,1,1,1,1,1,1,1,1,1,1,0.0
2648028,1,01/03/2011,1,112.0,332.3,12.0,,1,1,0,,0,0.0,0.0,7.2,11.9,9.6,,13.4,0.1,2.9,2.8,12.3,112.0,50.1,0.9,0.0,0.0,0.0,0.0,19.4,0.0,0.0,3.2,4.7,0.0,14.4,0.1,10.2,1.3,22.0,29.1,4.7,1,1,1,1,1,0,4,1,1,1,1,1,1,1,1,1,1,1,1,1,1,1,1,1,1,1,1,1,1,1,1.0
2648028,1,01/02/2011,1,74.1,391.7,14.0,,1,1,0,,0,0.0,18.4,3.6,0.5,36.4,0.0,24.9,19.1,0.0,2.1,26.0,18.7,12.5,74.1,,70.1,0.5,0.5,0.0,0.0,0.0,23.6,35.4,1.0,8.1,15.9,0.3,0.0,,,,1,1,1,1,1,1,1,1,1,1,1,1,1,1,0,4,1,1,1,1,1,1,1,1,1,1,1,1,0,0,0.0
2648028,1,01/01/2011,1,197.2,660.7,22.0,22.0,1,1,1,,0,0.0,0.0,40.7,3.5,0.1,39.3,13.3,0.0,0.0,1.7,8.0,1.2,1.7,0.0,29.7,12.7,21.0,23.2,37.8,50.9,123.8,197.2,0.0,5.1,0.0,0.1,0.0,0.0,7.8,41.8,0.1,1,1,1,1,1,1,1,1,1,1,1,1,1,1,1,1,1,1,1,1,1,1,1,1,1,1,1,1,1,1,1.0
2648028,1,01/12/2010,1,,,,,0,0,0,,0,0.1,20.8,21.9,0.8,12.2,0.7,0.0,9.2,0.0,0.0,0.0,5.0,31.1,20.8,2.6,3.4,11.5,0.0,0.0,0.0,3.6,14.8,1.5,1.5,,,,,,,,1,1,1,1,1,1,1,1,1,1,1,1,1,1,1,1,1,1,1,1,1,1,3,1,0,0,0,0,0,0,0.0
2648028,1,01/11/2010,1,70.1,230.4,17.0,14.0,1,1,1,,0,0.0,0.0,0.0,0.0,0.0,0.0,13.6,0.0,0.0,6.4,0.0,1.6,0.5,0.0,1.5,1.4,70.1,0.0,0.0,0.0,0.0,4.3,58.9,0.2,15.3,1.3,0.0,0.0,30.9,24.4,,1,1,1,1,1,1,1,1,1,1,1,1,1,1,1,1,1,1,1,1,1,1,1,1,1,1,1,1,1,1,0.0
2648028,1,01/10/2010,1,39.0,145.8,30.0,14.0,3,3,3,,0,6.8,18.4,1.2,3.0,16.9,0.0,8.2,1.3,0.0,0.0,0.0,0.0,0.9,0.9,24.2,0.2,0.0,17.9,0.0,0.0,0.0,0.0,0.0,0.0,0.0,6.9,0.0,0.0,0.0,39.0,0.0,1,1,1,1,1,1,1,1,1,1,1,1,1,3,1,1,1,1,1,1,1,1,1,1,1,1,1,1,1,1,1.0
2648028,1,01/09/2010,1,51.1,77.6,28.0,8.0,3,3,3,,0,0.0,0.0,0.0,0.0,0.0,0.6,0.1,2.1,0.1,0.0,0.0,0.0,0.0,0.0,0.0,0.0,0.0,0.0,0.0,0.0,0.0,16.5,0.0,7.0,0.0,0.0,0.0,51.1,0.0,0.1,,1,1,1,1,1,3,3,1,1,1,1,1,1,1,1,1,1,1,1,1,1,1,1,1,1,1,1,1,1,1,0.0
2648028,1,01/08/2010,1,25.6,86.8,4.0,12.0,3,3,3,,0,11.8,11.3,7.2,25.6,19.2,10.0,0.2,0.0,0.0,0.0,0.0,1.06,0.0,0.0,0.0,0.1,0.0,0.0,0.0,0.0,0.0,0.0,0.1,0.1,0.0,0.0,0.0,0.0,0.0,0.0,0.1,1,1,1,1,1,3,1,1,1,1,1,1,1,1,1,1,1,1,1,1,1,1,1,1,1,1,1,1,1,1,1.0
2648028,1,01/07/2010,1,48.2,175.3,18.0,19.0,1,1,1,,0,0.0,0.1,0.0,0.1,0.1,0.0,0.2,0.1,0.0,0.0,6.4,9.1,22.3,0.0,0.0,11.5,12.6,48.2,30.8,0.3,0.2,0.2,29.4,3.2,0.2,0.3,0.0,0.0,0.0,0.0,0.0,1,1,1,1,1,1,1,1,1,1,1,1,1,1,1,1,1,1,1,1,1,1,1,1,1,1,1,1,1,1,1.0
2648028,1,01/06/2010,1,63.6,176.1,4.0,17.0,2,2,2,,0,0.0,5.1,44.5,63.6,11.3,0.0,4.1,0.0,0.0,0.0,0.3,4.5,0.2,0.0,0.0,0.1,0.0,0.3,0.0,1.2,16.6,0.0,23.0,0.0,0.1,0.0,0.1,0.1,0.0,0.0,,1,1,1,1,3,3,3,3,1,1,1,3,1,1,2,1,1,1,1,1,1,1,1,1,1,1,1,1,1,1,0.0
2648028,1,01/05/2010,1,60.3,149.6,8.0,18.0,1,1,1,,0,0.0,0.1,0.2,0.1,0.1,0.0,0.1,60.3,1.5,0.0,7.0,8.8,0.0,0.0,0.0,0.0,5.4,17.6,25.1,0.0,0.0,3.2,2.5,5.2,0.2,0.0,0.0,0.2,12.0,0.0,0.0,1,1,1,1,1,1,1,1,1,1,1,1,1,1,1,1,1,1,1,1,1,1,1,1,1,1,1,1,1,1,1.0
2648028,1,01/04/2010,1,114.5,297.3,26.0,19.0,1,1,1,,0,0.0,0.0,0.0,8.9,0.1,5.6,0.0,0.2,0.1,0.2,8.3,0.2,3.6,0.0,0.0,0.0,2.8,0.0,0.1,0.0,0.0,7.3,41.1,17.4,71.2,114.5,14.3,0.2,1.2,0.0,,1,1,1,1,1,1,1,1,1,1,1,1,1,1,1,1,1,1,1,1,1,1,1,1,1,1,1,1,1,1,0.0
2648028,1,01/03/2010,1,82.2,372.7,6.0,21.0,3,3,3,,0,12.1,6.8,0.0,12.6,58.7,82.2,7.1,22.4,5.4,0.7,0.1,0.0,0.0,11.9,0.3,0.0,0.0,0.0,0.0,0.0,14.8,0.8,0.0,0.0,10.8,68.3,7.6,19.1,22.4,0.1,8.5,1,1,1,1,3,1,1,3,1,1,1,1,1,1,1,1,1,1,1,1,1,1,1,1,1,1,1,1,1,1,1.0
2648028,1,01/02/2010,1,78.2,252.0,9.0,17.0,1,1,1,,0,0.0,0.0,0.0,0.0,0.0,0.1,0.0,0.1,78.2,27.8,0.4,46.0,11.8,0.5,16.1,8.1,10.7,7.1,13.7,0.0,0.0,6.6,13.2,0.0,7.8,0.0,0.0,3.8,,,,1,1,1,1,1,1,1,1,1,1,1,1,1,1,1,1,1,1,1,1,1,1,1,1,1,1,1,1,0,0,0.0
2648028,1,01/01/2010,1,77.2,415.66,14.0,25.0,1,1,1,,0,3.8,0.0,0.3,0.0,33.9,36.4,0.6,5.5,4.66,35.0,8.8,12.1,15.3,77.2,0.2,0.2,0.0,73.3,0.4,0.0,41.5,6.5,5.0,44.7,0.2,2.0,0.8,0.5,6.8,0.0,0.0,1,1,1,1,1,1,1,1,1,1,1,1,1,1,1,1,1,1,1,1,1,1,1,1,1,1,1,1,1,1,1.0
2648028,1,01/12/2009,1,23.9,111.4,31.0,21.0,1,1,1,,0,0.1,0.0,5.6,0.0,3.0,12.3,1.8,0.3,0.1,5.4,1.5,22.1,2.2,0.1,0.1,0.0,14.7,2.9,0.0,0.0,0.0,0.0,0.6,2.0,4.6,0.0,7.9,0.2,0.0,0.0,23.9,1,1,1,1,1,1,1,1,1,1,1,1,1,1,1,1,1,1,1,1,1,1,1,1,1,1,1,1,1,1,1.0
2648028,1,01/11/2009,1,33.1,127.2,7.0,18.0,1,1,1,,0,0.0,0.0,0.0,0.0,0.0,0.0,33.1,10.2,12.3,0.1,1.9,0.1,0.0,0.0,0.0,22.4,4.3,0.3,0.1,4.6,0.9,13.1,0.7,0.0,2.9,1.2,5.2,13.8,0.0,0.0,,1,1,1,1,1,1,1,1,1,1,1,1,1,1,1,1,1,1,1,1,1,1,1,1,1,1,1,1,1,1,0.0
2648028,1,01/10/2009,1,42.9,169.8,18.0,21.0,3,3,3,,0,6.3,0.1,0.0,4.5,6.3,5.2,7.3,0.2,0.0,0.2,2.5,19.4,16.6,0.0,21.1,0.1,1.9,42.9,1.5,2.1,0.1,30.6,0.1,0.0,0.8,0.0,0.0,0.0,0.0,0.0,0.0,1,1,1,1,1,1,1,1,3,1,1,1,1,1,1,1,1,1,1,1,1,1,1,1,1,1,1,1,1,1,1.0
2648028,1,01/09/2009,1,106.8,310.2,29.0,24.0,1,1,1,,0,0.0,0.0,0.0,25.9,0.8,0.5,1.4,22.0,33.7,14.3,4.4,3.0,2.2,0.0,1.1,0.0,5.0,0.0,22.5,0.1,2.9,8.6,38.4,6.3,0.1,0.2,5.2,3.9,106.8,0.9,,1,1,1,1,1,1,1,1,1,1,1,1,1,1,1,1,1,1,1,1,1,1,1,1,1,1,1,1,1,1,0.0
2648028,1,01/08/2009,1,61.4,175.9,1.0,13.0,1,1,1,,0,61.4,12.3,0.0,0.0,0.0,0.0,4.9,0.0,0.0,1.7,0.0,0.0,0.0,0.1,0.0,0.0,0.0,14.6,13.7,47.5,1.6,0.0,2.8,0.2,15.0,0.1,0.0,0.0,0.0,0.0,0.0,1,1,1,1,1,1,1,1,1,1,1,1,1,1,1,1,1,1,1,1,1,1,1,1,1,1,1,1,1,1,1.0
2648028,1,01/07/2009,1,73.1,247.5,11.0,,1,1,0,,0,0.1,0.2,0.0,0.0,0.0,14.6,10.4,0.0,8.5,25.8,73.1,4.5,0.1,0.0,0.0,,6.3,40.8,0.1,0.0,0.0,0.0,8.6,14.1,0.2,5.7,0.8,20.5,9.2,0.0,3.9,1,1,1,1,1,1,1,1,1,1,1,1,1,1,1,0,4,1,1,1,1,1,1,1,1,1,1,1,1,1,1.0
2648028,1,01/06/2009,1,6.5,31.53,25.0,17.0,1,1,1,,0,2.0,0.0,0.1,0.0,0.0,0.1,0.0,0.1,0.1,3.1,4.0,0.0,0.0,0.0,0.1,0.9,1.33,0.0,0.0,0.0,0.0,0.0,0.0,0.1,6.5,0.5,4.6,5.9,1.1,1.0,,1,1,1,1,1,1,1,1,1,1,1,1,1,1,1,1,1,1,1,1,1,1,1,1,1,1,1,1,1,1,0.0
2648028,1,01/05/2009,1,24.5,51.9,9.0,17.0,1,1,1,,0,1.1,3.0,1.4,0.2,3.0,0.0,0.0,0.0,24.5,0.0,0.0,0.0,7.6,0.1,5.3,0.1,0.0,0.0,0.0,0.0,0.0,0.0,0.0,0.0,1.6,0.1,1.0,1.1,0.2,0.5,1.1,1,1,1,1,1,1,1,1,1,1,1,1,1,1,1,1,1,1,1,1,1,1,1,1,1,1,1,1,1,1,1.0
2648028,1,01/04/2009,1,38.8,62.1,6.0,15.0,1,1,1,,0,1.0,0.0,1.8,0.0,0.1,38.8,0.1,0.0,0.0,0.1,0.0,0.0,0.0,0.0,0.3,0.0,0.0,0.1,0.0,0.0,0.0,5.3,5.7,0.1,6.9,0.8,0.9,0.0,0.0,0.1,,1,1,1,1,1,1,1,1,1,1,1,1,1,1,1,1,1,1,1,1,1,1,1,1,1,1,1,1,1,1,0.0
2648028,1,01/03/2009,1,100.4,279.8,11.0,17.0,1,1,1,,0,0.0,0.0,16.3,0.1,0.0,0.4,0.1,2.2,49.7,0.2,100.4,6.1,39.1,0.0,0.0,0.0,0.0,14.3,0.0,0.4,0.1,0.0,0.0,0.0,23.2,27.0,0.1,0.0,0.0,0.1,0.0,1,1,1,1,1,1,1,1,1,1,1,1,1,1,1,1,1,1,1,1,1,1,1,1,1,1,1,1,1,1,1.0
2648028,1,01/02/2009,1,72.9,238.23,4.0,19.0,1,1,1,,0,0.0,0.0,0.0,72.9,21.9,0.7,0.0,8.4,0.0,0.0,1.8,3.13,1.3,0.0,5.0,1.6,13.9,1.8,0.1,0.0,0.0,1.1,45.4,3.9,6.8,1.7,1.8,45.0,,,,1,1,1,1,1,1,1,1,1,1,1,1,1,1,1,1,1,1,1,1,1,1,1,1,1,1,1,1,0,0,0.0
2648028,1,01/01/2009,1,140.6,441.7,11.0,23.0,1,1,1,,0,0.0,0.0,74.1,10.6,0.7,0.1,0.0,0.0,0.0,1.2,140.6,0.1,0.0,21.5,3.6,38.9,44.4,0.0,21.9,44.2,0.2,1.5,2.0,0.1,0.7,8.1,0.6,1.9,20.8,3.9,0.0,1,1,1,1,1,1,1,1,1,1,1,1,1,1,1,1,1,1,1,1,1,1,1,1,1,1,1,1,1,1,1.0
2648028,1,01/12/2008,1,153.6,268.2,16.0,17.0,1,1,1,,0,0.3,0.0,30.5,0.1,0.0,0.5,0.0,0.1,0.0,0.0,3.3,0.0,8.1,0.2,4.2,153.6,20.9,12.6,0.1,0.1,0.0,0.0,0.0,0.0,32.5,0.1,0.0,0.0,0.0,1.0,0.0,1,1,1,1,1,1,1,1,1,1,1,1,1,1,1,1,1,1,1,1,1,1,1,1,1,1,1,1,1,1,1.0
2648028,1,01/11/2008,1,110.6,640.4,22.0,25.0,1,1,1,,0,0.0,30.2,0.8,0.2,89.0,5.0,0.0,1.3,0.0,1.7,20.6,71.3,19.9,8.1,0.0,0.0,7.2,2.7,2.8,20.4,83.2,110.6,70.1,35.0,13.0,18.1,11.3,6.9,5.1,5.9,,1,1,1,1,1,1,1,1,1,1,1,1,1,1,1,1,1,1,1,1,1,1,1,1,1,1,1,1,1,1,0.0
2648028,1,01/10/2008,1,110.8,429.2,16.0,20.0,1,1,1,,0,16.3,18.3,0.0,50.7,36.6,0.3,0.0,0.0,0.0,7.0,0.8,0.0,0.1,0.0,8.5,110.8,28.3,70.3,43.2,8.6,8.2,0.3,0.0,13.4,1.2,0.0,5.4,0.0,0.9,0.0,0.0,1,1,1,1,1,1,1,1,1,1,1,1,1,1,1,1,1,1,1,1,1,1,1,1,1,1,1,1,1,1,1.0
2648028,1,01/09/2008,1,36.5,125.7,9.0,17.0,1,1,1,,0,0.0,0.0,0.0,0.0,0.0,2.8,4.5,0.0,36.5,2.3,1.4,3.4,17.2,0.3,0.0,0.0,0.1,0.0,18.5,0.0,18.5,0.0,0.0,0.0,3.3,3.9,3.6,6.9,1.5,1.0,,1,1,1,1,1,1,1,1,1,1,1,1,1,1,1,1,1,1,1,1,1,1,1,1,1,1,1,1,1,1,0.0
2648028,1,01/08/2008,1,26.8,101.2,13.0,15.0,1,1,1,,0,0.0,7.1,0.0,10.6,0.0,0.1,7.9,0.3,12.9,11.8,5.9,0.0,26.8,6.4,3.6,1.2,2.8,0.1,0.0,0.0,0.0,0.0,3.7,0.0,0.0,0.0,0.0,0.0,0.0,0.0,0.0,1,1,1,1,1,1,1,1,1,1,1,1,1,1,1,1,1,1,1,1,1,1,1,1,1,1,1,1,1,1,1.0
2648028,1,01/07/2008,1,21.6,23.9,24.0,8.0,1,1,1,,0,0.2,0.0,0.0,0.0,0.1,0.0,0.0,0.0,1.6,0.1,0.0,0.0,0.0,0.1,0.0,0.0,0.0,0.0,0.0,0.0,0.0,0.0,0.0,21.6,0.0,0.0,0.0,0.1,0.0,0.0,0.1,1,1,3,1,1,1,1,1,1,1,1,1,1,1,1,1,1,1,1,1,1,1,1,1,1,1,1,1,1,1,1.0
2648028,1,01/06/2008,1,16.7,66.1,4.0,19.0,1,1,1,,0,5.6,0.0,0.0,16.7,0.1,0.0,0.0,0.2,0.1,11.7,0.1,0.5,5.9,0.2,0.7,0.0,0.1,0.0,0.0,0.0,1.5,0.0,0.0,0.1,0.0,3.8,16.0,0.3,2.4,0.1,,1,1,1,1,1,1,1,1,1,1,1,1,1,1,1,1,1,1,1,1,1,1,1,1,1,1,1,1,1,1,0.0
2648028,1,01/05/2008,1,24.7,38.8,30.0,16.0,1,1,1,,0,0.0,4.6,5.5,0.0,0.1,1.6,0.0,0.0,0.5,0.0,0.1,0.0,0.2,0.0,0.1,0.0,0.0,0.0,0.0,0.1,0.2,0.1,0.0,0.0,0.1,0.0,0.1,0.0,0.7,24.7,0.1,1,1,1,1,1,1,1,1,1,1,1,1,1,1,1,1,1,1,1,1,1,1,1,1,1,1,1,1,1,1,1.0
2648028,1,01/04/2008,1,86.9,233.3,21.0,15.0,1,1,1,,0,0.1,0.1,30.6,0.1,0.0,0.0,0.0,0.0,0.0,0.0,12.9,2.9,0.0,28.2,2.6,1.8,1.8,0.0,0.0,0.9,86.9,0.9,0.0,0.0,0.0,0.0,0.0,0.2,63.3,0.0,,1,1,1,1,1,1,1,1,1,1,1,1,1,1,1,1,1,1,1,1,1,1,1,1,1,1,1,1,1,1,0.0
2648028,1,01/03/2008,1,78.2,258.7,15.0,26.0,1,1,1,,0,0.1,0.1,3.5,0.3,0.1,0.1,0.1,0.0,0.0,0.1,0.0,38.5,3.1,0.0,78.2,0.7,32.3,0.1,0.1,0.1,0.1,0.0,0.5,59.2,31.2,2.7,0.2,0.1,3.6,0.1,3.5,1,1,1,1,1,1,1,1,1,1,1,1,1,1,1,1,1,1,1,1,1,1,1,1,1,1,1,1,1,1,1.0
2648028,1,01/02/2008,1,96.3,338.1,1.0,,1,1,0,,0,96.3,0.3,4.3,0.1,0.0,0.1,0.3,13.6,4.9,0.0,64.8,,27.8,0.0,3.4,0.0,0.0,1.6,0.6,1.1,0.0,0.0,0.0,0.1,3.7,10.7,89.9,9.5,5.0,,,1,1,1,1,1,1,1,1,1,1,1,0,4,1,1,1,1,1,1,1,1,1,1,1,1,1,1,1,1,0,0.0
2648028,1,01/01/2008,1,81.1,367.8,30.0,28.0,1,1,1,,0,0.0,7.9,0.9,1.9,0.2,0.1,1.1,0.0,0.1,0.0,11.9,8.5,0.5,25.3,4.2,4.0,0.1,4.6,8.6,4.6,2.7,2.9,27.9,13.7,4.3,10.8,11.3,7.1,72.1,81.1,49.4,1,1,1,1,1,1,1,1,1,1,1,1,1,1,1,1,1,1,1,1,1,1,1,1,1,1,1,1,1,1,1.0
2648028,1,01/12/2007,1,63.6,265.0,6.0,,3,3,3,,0,0.0,0.0,0.0,0.9,0.6,63.6,31.4,0.0,0.0,0.7,45.1,13.0,0.0,0.1,0.0,0.0,1.1,20.3,10.8,33.0,7.9,0.0,0.0,0.0,0.0,7.1,0.5,0.0,18.5,,10.4,1,1,1,1,1,1,3,1,1,1,3,3,1,1,1,1,1,1,1,3,1,1,1,1,1,1,1,1,1,0,4.0
2648028,1,01/11/2007,1,57.3,130.7,3.0,18.0,1,1,1,,0,0.1,21.7,57.3,0.1,0.0,0.5,3.2,2.0,0.0,13.3,19.1,0.1,0.0,2.2,5.2,0.1,0.6,0.8,4.2,0.1,0.0,0.0,0.0,0.0,0.0,0.0,0.1,0.0,0.0,0.0,,1,1,1,1,1,1,1,1,1,1,1,1,1,1,1,1,1,1,1,1,1,1,1,1,1,1,1,1,1,1,0.0
2648028,1,01/10/2007,1,21.9,145.0,21.0,20.0,1,1,1,,0,0.0,0.0,0.0,0.0,0.0,0.0,0.0,0.0,1.2,0.0,4.2,0.1,8.5,18.6,5.0,19.6,13.6,0.0,0.1,0.1,21.9,0.8,0.1,6.2,10.7,6.8,0.1,0.0,1.1,20.6,5.7,1,1,1,1,1,1,1,1,1,1,1,1,1,1,1,1,1,1,1,1,1,1,1,1,1,1,1,1,1,1,1.0
2648028,1,01/09/2007,1,52.1,128.2,21.0,18.0,1,1,1,,0,23.2,0.2,4.3,0.6,0.0,0.0,0.0,0.0,0.0,0.0,0.0,0.0,0.0,0.1,0.0,0.0,8.6,1.2,0.5,0.1,52.1,25.3,0.5,0.1,0.0,4.3,5.9,1.0,0.1,0.1,,1,1,1,1,1,1,1,1,1,1,1,1,1,1,1,1,1,1,1,1,1,1,1,1,1,1,1,1,1,1,0.0
2648028,1,01/08/2007,1,40.5,66.9,31.0,16.0,1,1,1,,0,0.0,0.0,0.0,0.0,0.1,0.0,0.1,0.2,0.0,0.0,0.5,0.3,0.8,0.1,0.2,0.2,0.1,0.0,0.1,0.0,0.0,0.0,0.0,0.0,0.0,0.0,0.1,0.3,10.4,12.9,40.5,1,1,1,1,1,1,1,1,1,1,1,1,1,1,1,1,1,1,1,1,1,1,1,1,1,1,1,1,1,1,1.0
2648028,1,01/07/2007,1,8.7,29.9,12.0,21.0,1,1,1,,0,0.1,0.1,0.0,0.0,0.1,0.0,0.0,0.1,0.1,0.0,0.0,8.7,5.7,0.0,5.7,0.0,2.5,1.1,0.3,0.8,1.1,0.9,0.9,0.1,0.1,0.1,0.5,0.8,0.0,0.1,0.0,1,1,1,1,1,1,1,1,1,1,1,1,1,1,1,1,1,1,1,1,1,1,1,1,1,1,1,1,1,1,1.0
2648028,1,01/06/2007,1,5.9,7.2,1.0,9.0,1,1,1,,0,5.9,0.0,0.0,0.0,0.0,0.0,0.0,0.6,0.0,0.0,0.0,0.1,0.0,0.1,0.0,0.0,0.1,0.1,0.0,0.0,0.0,0.0,0.0,0.1,0.0,0.0,0.1,0.0,0.0,0.1,,1,1,1,1,1,1,1,1,1,1,1,1,1,1,1,1,1,1,1,1,1,1,1,1,1,1,1,1,1,1,0.0
2648028,1,01/05/2007,1,56.6,255.0,8.0,20.0,1,1,1,,0,0.0,0.0,0.0,3.3,0.9,0.0,0.0,56.6,0.0,0.2,0.2,3.0,0.1,55.4,2.9,0.2,10.3,12.7,24.8,9.1,18.3,50.8,3.9,0.1,0.0,0.0,0.0,0.0,1.1,0.0,1.1,1,1,1,1,1,3,1,1,1,1,1,1,1,1,1,1,1,1,1,1,1,1,1,1,1,1,1,1,1,1,1.0
2648028,1,01/04/2007,1,31.8,97.2,26.0,11.0,1,1,1,,0,0.0,14.2,0.0,12.0,0.7,0.0,0.0,0.0,0.0,0.0,0.0,0.0,9.6,0.0,0.4,0.0,0.0,0.0,0.0,10.9,0.0,0.0,0.0,0.0,0.0,31.8,10.5,0.1,6.9,0.1,,1,1,1,3,1,1,1,1,1,1,1,1,1,1,1,1,1,1,1,1,1,1,1,1,1,1,1,1,1,1,0.0
2648028,1,01/03/2007,1,57.5,146.4,14.0,17.0,1,1,1,,0,0.0,0.0,3.1,0.0,0.0,0.0,0.0,16.3,0.0,10.2,0.1,14.2,5.7,57.5,5.1,9.2,1.6,1.3,17.1,0.5,0.0,0.0,0.0,0.0,0.1,1.5,0.0,0.0,0.0,0.1,2.8,1,1,1,1,1,1,1,1,1,1,1,1,1,1,1,1,1,1,1,1,1,1,1,1,1,1,1,1,1,1,1.0
2648028,1,01/02/2007,1,32.1,164.0,22.0,20.0,1,1,1,,0,0.0,7.4,0.0,0.0,0.1,3.4,13.1,12.0,9.6,1.1,11.2,0.2,0.0,15.5,0.0,0.3,0.0,0.0,31.3,1.0,3.8,32.1,0.1,0.0,18.2,0.1,2.4,1.1,,,,1,1,1,1,1,1,1,1,1,1,1,1,1,1,1,1,1,1,1,1,1,1,1,1,1,1,1,1,0,0,0.0
2648028,1,01/01/2007,1,14.2,106.5,10.0,23.0,1,1,1,,0,12.0,4.0,2.2,0.5,0.1,6.2,0.4,5.3,4.7,14.2,0.2,2.2,6.9,0.0,3.0,0.0,0.5,0.0,12.2,0.0,9.6,2.5,0.1,0.0,0.0,0.0,11.3,1.3,6.9,0.2,0.0,1,1,1,1,1,1,1,1,1,1,1,1,1,1,1,1,1,1,1,1,1,1,1,1,1,1,1,3,3,1,1.0
2648028,2,01/12/2006,1,31.4,151.4,7.0,26.0,1,1,1,,0,2.4,1.1,0.3,2.4,0.3,0.0,31.4,0.3,0.2,0.1,2.5,0.9,1.3,9.1,6.6,0.2,0.2,0.1,0.0,17.0,16.0,11.6,3.6,10.7,0.2,13.6,0.0,0.1,0.0,0.0,19.2,1,1,1,1,1,1,1,1,1,1,1,1,1,1,1,1,1,1,1,1,1,1,1,1,1,1,1,1,1,1,1.0
2648028,1,01/12/2006,1,31.4,151.4,7.0,26.0,1,1,1,,0,2.4,1.1,0.3,2.4,0.3,0.0,31.4,0.3,0.2,0.1,2.5,0.9,1.3,9.1,6.6,0.2,0.2,0.1,0.0,17.0,16.0,11.6,3.6,10.7,0.2,13.6,0.0,0.1,0.0,0.0,19.2,1,1,1,1,1,1,1,1,1,1,1,1,1,1,1,1,1,1,1,1,1,1,1,1,1,1,1,1,1,1,1.0
2648028,2,01/11/2006,1,92.5,333.9,27.0,26.0,1,1,1,,0,1.9,5.1,0.2,0.9,32.3,1.7,3.8,0.1,0.1,0.1,0.9,0.0,6.8,13.8,5.1,0.1,0.1,0.0,23.6,26.4,2.9,2.4,0.0,0.1,0.0,9.4,92.5,64.2,5.1,34.3,,1,1,1,1,1,1,1,1,1,1,1,1,1,1,1,1,1,1,1,1,1,1,1,1,1,1,1,1,1,3,0.0
2648028,1,01/11/2006,1,92.5,334.0,27.0,26.0,1,1,1,,0,1.9,5.2,0.2,0.9,32.3,1.7,3.8,0.1,0.1,0.1,0.9,0.0,6.8,13.8,5.1,0.1,0.1,0.0,23.6,26.4,2.9,2.4,0.0,0.1,0.0,9.4,92.5,64.2,5.1,34.3,,1,1,1,1,1,3,3,1,1,1,1,1,3,1,1,1,1,1,1,1,1,1,1,1,1,1,1,1,1,1,0.0
2648028,2,01/10/2006,1,66.0,172.6,12.0,17.0,1,1,1,,0,0.5,61.2,32.4,0.2,0.1,5.5,0.1,0.0,0.0,0.2,0.1,66.0,0.1,0.0,0.0,0.0,0.0,0.3,0.1,0.0,0.0,0.0,0.0,0.0,0.0,0.1,0.3,0.0,0.0,2.5,2.9,1,1,1,1,1,1,1,1,1,1,1,3,1,1,1,1,1,1,1,1,1,1,1,1,1,1,1,1,1,1,1.0
2648028,1,01/10/2006,1,66.0,172.6,12.0,17.0,1,1,1,,0,0.5,61.2,32.4,0.2,0.1,5.5,0.1,0.0,0.0,0.2,0.1,66.0,0.1,0.0,0.0,0.0,0.0,0.3,0.1,0.0,0.0,0.0,0.0,0.0,0.0,0.1,0.3,0.0,0.0,2.5,2.9,1,1,1,1,1,1,1,1,1,1,1,3,1,1,1,1,1,1,1,1,1,1,1,1,1,1,1,1,1,1,1.0
2648028,2,01/09/2006,1,31.8,72.3,20.0,18.0,1,1,1,,0,0.0,0.1,0.0,0.0,0.1,0.0,0.0,5.1,2.7,0.0,0.1,0.0,0.1,0.1,0.1,8.3,5.7,3.5,0.1,31.8,0.0,0.1,2.9,0.1,0.0,0.0,0.0,0.0,0.9,10.5,,1,1,1,1,1,1,1,1,1,1,1,1,1,1,1,3,1,1,1,1,1,1,1,1,1,1,1,1,1,1,0.0
2648028,1,01/09/2006,1,31.8,72.3,20.0,18.0,1,1,1,,0,0.0,0.1,0.0,0.0,0.1,0.0,0.0,5.1,2.7,0.0,0.1,0.0,0.1,0.1,0.1,8.3,5.7,3.5,0.1,31.8,0.0,0.1,2.9,0.1,0.0,0.0,0.0,0.0,0.9,10.5,,1,1,1,1,1,1,1,1,1,1,1,1,1,1,1,3,1,1,1,1,1,1,1,1,1,1,1,1,1,1,0.0
2648028,2,01/08/2006,1,,52.8,,,0,2,0,,0,10.0,0.1,0.1,0.0,0.0,0.0,0.2,0.0,0.1,0.5,0.0,0.0,0.1,0.0,0.2,0.0,0.0,19.8,6.8,0.0,0.0,0.0,0.1,0.2,0.0,0.6,,14.0,0.0,0.0,0.0,3,1,1,1,1,1,1,1,1,1,1,1,1,1,1,1,1,1,1,1,1,1,1,1,1,1,0,1,1,1,1.0
2648028,1,01/08/2006,1,33.0,71.9,27.0,12.0,1,1,1,,0,10.0,0.0,0.0,0.0,0.0,0.0,0.2,0.0,0.1,0.5,0.0,0.0,0.0,0.0,0.2,0.0,0.0,19.8,6.8,0.0,0.0,0.0,0.1,0.2,0.0,0.6,33.0,0.4,0.0,0.0,0.0,1,1,1,1,1,1,1,1,3,1,1,1,1,1,1,1,1,1,1,1,1,1,3,1,1,1,1,1,1,1,1.0
2648028,2,01/07/2006,1,23.0,59.2,28.0,13.0,1,1,1,,0,0.1,0.0,0.1,0.0,0.0,0.0,0.2,0.0,0.0,12.6,0.1,0.1,0.0,0.1,0.0,1.7,0.0,0.0,0.0,0.1,0.1,0.0,0.0,0.0,0.0,0.0,0.0,23.0,20.9,0.0,0.1,1,1,1,1,1,1,1,1,1,1,1,1,1,1,1,1,1,1,1,1,1,1,1,1,1,1,1,1,1,1,1.0
2648028,1,01/07/2006,1,23.0,59.2,28.0,13.0,1,1,1,,0,0.1,0.0,0.1,0.0,0.0,0.0,0.2,0.0,0.0,12.6,0.1,0.1,0.0,0.1,0.0,1.7,0.0,0.0,0.0,0.1,0.1,0.0,0.0,0.0,0.0,0.0,0.0,23.0,20.9,0.0,0.1,1,1,1,1,1,1,1,1,1,1,1,1,1,1,1,1,1,1,1,1,1,1,1,1,1,1,1,1,1,1,1.0
2648028,2,01/06/2006,1,,40.0,,,0,2,0,,0,0.0,0.0,1.2,0.0,0.0,1.0,1.7,0.1,0.0,0.0,2.0,0.0,0.0,0.1,0.0,,0.0,0.0,0.0,0.0,0.0,11.6,0.8,0.0,0.0,3.3,0.1,0.1,9.8,8.2,,1,1,1,1,1,1,1,1,1,1,1,1,1,1,1,0,1,1,1,1,1,1,1,1,1,1,1,1,1,1,0.0
2648028,1,01/06/2006,1,11.6,39.7,22.0,10.0,1,1,1,,0,0.0,0.0,1.2,0.0,0.0,1.0,1.7,0.0,0.0,0.0,2.0,0.0,0.0,0.0,0.0,,0.0,0.0,0.0,0.0,0.0,11.6,0.8,0.0,0.0,3.3,0.1,0.0,9.8,8.2,,1,1,1,1,1,1,1,1,1,1,1,1,1,1,1,0,4,1,1,1,1,1,1,1,1,1,1,1,1,1,0.0
2648028,2,01/05/2006,1,19.0,39.0,21.0,16.0,1,1,1,,0,0.0,0.0,0.0,0.0,0.1,0.0,0.0,0.2,2.3,0.1,0.2,0.3,0.0,0.1,0.0,0.0,0.3,0.0,0.0,0.0,19.0,10.2,3.6,0.1,1.7,0.5,0.1,0.0,0.0,0.0,0.2,1,1,1,1,1,1,1,1,1,1,1,1,1,1,1,1,1,1,1,1,1,1,1,1,1,1,1,1,1,1,1.0
2648028,1,01/05/2006,1,10.2,21.9,22.0,16.0,1,1,1,,0,0.0,0.0,0.0,0.0,0.1,0.0,0.0,0.2,2.3,0.1,0.2,0.3,0.0,0.1,0.0,0.0,0.3,0.0,0.0,0.0,1.9,10.2,3.6,0.1,1.7,0.5,0.1,0.0,0.0,0.0,0.2,1,1,1,1,1,1,1,1,1,1,1,1,1,1,1,1,1,1,1,1,1,1,1,1,1,1,1,1,1,1,1.0
2648028,2,01/04/2006,1,,48.3,,,0,2,0,,0,0.3,0.1,6.7,0.7,0.2,1.0,0.3,1.4,0.1,35.9,0.2,0.1,0.0,0.0,0.0,,0.5,0.1,0.0,0.0,0.1,0.1,0.2,0.0,0.1,0.0,0.1,0.1,0.0,0.0,,1,1,1,1,1,1,1,1,1,1,1,1,1,1,1,0,1,1,1,1,1,1,1,1,1,1,1,1,1,1,0.0
2648028,1,01/04/2006,1,35.9,48.2,10.0,19.0,1,1,1,,0,0.3,0.0,6.7,0.7,0.2,1.0,0.3,1.4,0.1,35.9,0.2,0.1,0.0,0.0,0.0,,0.5,0.1,0.0,0.0,0.1,0.1,0.2,0.0,0.1,0.0,0.1,0.1,0.0,0.0,,1,1,1,1,1,1,1,1,1,1,1,1,1,1,1,0,4,1,1,1,1,1,1,1,1,1,1,1,1,1,0.0
2648028,2,01/03/2006,1,33.3,125.9,4.0,20.0,1,1,1,,0,0.0,6.4,0.0,33.3,15.2,0.0,0.0,0.0,0.0,0.0,9.4,0.1,0.1,0.0,0.1,0.1,0.2,0.1,0.0,0.0,4.8,4.9,0.2,6.8,0.1,0.1,0.0,12.4,30.5,0.4,0.7,1,1,1,1,1,1,1,1,1,1,1,1,1,1,1,1,1,1,1,1,1,1,1,1,1,1,1,1,1,1,1.0
2648028,1,01/03/2006,1,33.3,125.9,4.0,20.0,1,1,1,,0,0.0,6.4,0.0,33.3,15.2,0.0,0.0,0.0,0.0,0.0,9.4,0.1,0.1,0.0,0.1,0.1,0.2,0.1,0.0,0.0,4.8,4.9,0.2,6.8,0.1,0.1,0.0,12.4,30.5,0.4,0.7,1,1,1,1,1,1,1,1,1,1,1,1,1,1,1,1,1,1,1,1,1,1,1,1,1,1,1,1,1,1,1.0
2648028,2,01/02/2006,1,59.0,254.3,11.0,19.0,1,1,1,,0,0.0,0.0,0.0,0.0,0.0,0.0,16.1,1.1,0.4,14.3,59.0,19.8,0.9,0.1,0.2,0.2,33.4,16.1,30.8,2.4,13.3,18.7,0.0,27.3,0.1,0.1,0.0,0.0,,,,1,1,1,1,1,1,1,1,1,1,3,1,1,1,1,1,1,1,1,1,1,1,1,1,1,1,1,1,0,0,0.0
2648028,1,01/02/2006,1,33.4,193.2,17.0,19.0,1,1,1,,0,0.0,0.0,0.0,0.0,0.0,0.0,16.1,1.1,0.4,14.3,5.9,19.8,0.9,0.1,0.2,0.2,33.4,16.1,30.8,2.4,13.3,10.7,0.0,27.3,0.1,0.1,0.0,0.0,,,,1,1,1,1,1,1,1,1,1,1,1,1,1,1,1,1,1,1,1,1,1,1,1,1,1,1,1,1,0,0,0.0
2648028,2,01/01/2006,1,62.0,270.5,30.0,23.0,1,1,1,,0,44.0,6.3,0.2,1.9,0.0,0.0,0.1,0.0,0.0,0.0,0.1,0.1,0.0,0.1,0.0,0.1,0.1,51.7,0.1,4.4,0.5,15.4,2.6,4.7,22.3,0.7,0.0,12.0,41.0,62.0,0.1,1,1,1,1,1,1,1,1,1,1,1,1,1,1,1,1,1,1,1,1,1,1,1,1,1,1,1,1,1,1,1.0
2648028,1,01/01/2006,1,51.7,166.9,18.0,22.0,1,1,1,,0,44.0,6.3,0.2,1.9,0.0,0.0,0.0,0.0,0.0,0.0,0.1,0.1,0.0,0.1,0.0,0.1,0.1,51.7,0.1,4.4,0.5,15.4,2.6,4.7,22.3,0.7,0.0,1.2,4.1,6.2,0.1,1,1,1,1,1,1,1,1,1,1,1,1,1,1,1,1,1,1,1,1,1,1,1,1,1,1,1,3,3,3,3.0
2648028,1,01/12/2005,1,15.9,69.1,21.0,24.0,3,3,3,,0,0.0,0.1,1.1,0.6,0.0,10.7,0.1,0.3,0.1,0.1,0.0,4.3,2.0,1.0,1.7,0.0,0.4,0.1,12.1,1.7,15.9,1.3,0.0,13.4,0.1,0.1,0.8,1.0,0.0,0.1,0.0,1,1,1,1,1,1,1,1,1,1,1,1,1,1,1,1,1,1,1,3,1,1,1,1,1,1,1,1,1,1,1.0
2648028,1,01/11/2005,1,25.4,100.6,19.0,17.0,1,1,1,,0,0.0,0.1,0.3,0.1,0.0,0.0,15.3,3.4,6.9,14.3,6.8,0.5,0.4,0.0,0.0,0.0,0.0,6.6,25.4,11.1,0.0,0.0,0.0,0.0,5.3,3.9,0.0,0.1,0.0,0.1,,1,1,1,1,1,1,1,1,1,1,1,1,1,1,1,1,1,1,1,1,1,1,1,1,1,1,1,1,1,1,0.0
2648028,1,01/10/2005,1,52.5,199.0,28.0,25.0,1,1,1,,0,0.5,0.2,0.0,0.0,50.6,0.8,0.6,4.8,3.7,0.5,0.0,0.0,2.2,0.4,16.8,11.8,17.9,1.4,0.6,0.2,0.7,2.1,0.0,2.4,5.2,0.0,1.7,52.5,13.6,0.2,7.6,1,1,1,1,1,1,1,1,1,1,1,1,1,1,1,1,1,1,1,1,1,1,1,1,1,1,1,1,1,1,1.0
2648028,1,01/09/2005,1,55.8,272.0,5.0,,1,1,0,,0,35.4,6.9,0.1,15.5,55.8,0.0,0.1,0.1,0.1,1.6,31.8,23.8,,10.8,9.7,7.6,0.9,6.3,17.4,0.0,0.8,3.1,12.5,14.9,7.8,0.3,0.1,0.2,5.8,2.6,,1,1,1,1,1,1,1,1,1,1,1,1,0,4,1,1,1,1,1,1,1,1,1,1,1,1,1,1,1,1,0.0
2648028,1,01/08/2005,1,49.6,130.1,31.0,24.0,1,1,1,,0,0.1,0.2,0.4,0.3,0.3,0.3,0.1,0.2,32.9,33.5,0.0,0.1,0.1,0.0,0.1,0.1,0.0,4.0,0.1,0.1,6.0,0.1,1.2,0.1,0.0,0.0,0.1,0.0,0.0,0.1,49.6,1,1,1,1,1,1,1,1,1,1,1,1,1,1,1,1,1,1,1,1,1,1,1,1,1,1,1,1,1,1,1.0
2648028,1,01/07/2005,1,37.5,143.8,5.0,21.0,1,1,1,,0,0.1,0.1,0.0,0.1,37.5,0.0,0.0,0.6,0.8,0.7,0.1,0.1,0.0,0.0,0.0,0.4,0.0,2.7,0.0,0.0,0.1,35.2,21.6,30.8,12.1,0.1,0.0,0.1,0.1,0.2,0.3,1,1,1,1,1,1,1,1,1,1,1,1,1,1,1,1,1,1,1,1,1,1,1,1,1,1,1,1,1,1,1.0
2648028,1,01/06/2005,1,48.4,82.5,16.0,22.0,1,1,1,,0,0.0,0.1,0.0,0.1,0.0,0.0,0.2,0.2,0.2,0.1,0.1,0.1,0.2,0.2,0.2,48.4,0.2,23.7,0.2,0.2,1.8,0.2,0.1,0.1,0.0,0.0,0.1,0.0,5.8,0.0,,1,1,1,1,1,1,1,1,1,1,1,1,1,1,1,1,1,1,1,1,1,1,1,1,1,1,1,1,1,1,0.0
2648028,1,01/05/2005,1,41.1,142.7,21.0,25.0,1,1,1,,0,0.2,0.0,0.2,0.2,0.1,0.2,0.1,1.4,26.5,0.0,0.1,25.6,0.0,0.0,0.1,0.0,0.9,0.1,14.6,2.7,41.1,0.1,0.0,20.6,7.2,0.1,0.1,0.1,0.2,0.1,0.1,1,1,1,1,1,1,1,1,1,1,1,1,1,1,1,1,1,1,1,1,1,1,1,1,1,1,1,1,1,1,1.0
2648028,1,01/04/2005,1,93.1,271.0,14.0,,1,1,0,,0,0.0,,,54.8,12.6,0.1,0.0,0.0,5.0,0.0,0.0,0.0,0.0,93.1,0.0,0.5,0.0,0.0,0.0,35.6,0.0,0.4,0.0,0.0,19.8,0.2,0.2,21.0,0.1,27.6,,1,0,0,4,1,1,1,1,1,1,1,1,1,1,1,1,1,1,1,1,1,1,1,1,1,1,1,1,1,1,0.0
2648028,1,01/03/2005,1,32.2,92.7,14.0,21.0,1,1,1,,0,0.1,1.6,4.6,0.1,6.2,0.8,0.1,0.1,0.0,0.0,7.3,0.0,0.0,32.2,7.8,0.0,0.0,0.3,0.2,0.0,0.0,0.0,0.2,16.3,3.4,0.3,2.2,8.7,0.1,0.1,0.0,1,1,1,1,1,1,1,1,1,1,1,1,1,1,1,1,1,1,1,1,1,1,1,1,1,1,1,1,1,1,1.0
2648028,1,01/02/2005,1,27.4,94.7,26.0,14.0,1,1,1,,0,0.6,0.0,0.0,0.1,0.9,0.1,0.3,0.0,1.3,0.0,0.0,7.4,24.1,0.0,0.0,0.0,0.0,1.3,1.7,0.0,0.0,0.0,0.0,0.0,4.2,27.4,5.9,19.4,,,,1,1,1,1,1,1,1,1,1,1,1,1,1,1,1,1,1,1,1,1,1,1,1,1,1,1,1,1,0,0,0.0
2648028,1,01/01/2005,1,46.2,277.5,25.0,21.0,1,1,1,,0,0.0,0.0,2.3,12.6,30.0,0.0,0.0,38.4,0.0,0.0,30.2,2.2,0.0,0.0,0.0,19.8,0.1,3.8,2.2,33.7,1.2,0.2,0.1,0.6,46.2,3.8,0.1,0.0,6.4,27.9,15.7,1,1,1,1,1,1,1,1,1,1,1,1,1,1,1,1,1,1,1,1,1,1,1,1,1,1,1,1,1,1,1.0
2648028,2,01/12/2004,1,41.6,144.4,9.0,24.0,1,1,1,,0,0.5,0.4,2.0,1.1,0.1,0.0,6.6,0.7,41.6,26.8,13.8,10.4,0.1,0.0,0.0,0.0,12.6,13.4,0.4,5.3,0.3,1.8,0.5,5.3,0.2,0.3,0.1,0.0,0.0,0.1,0.0,1,1,1,1,1,1,1,1,1,1,1,1,1,1,1,1,1,1,1,1,1,1,1,1,1,1,1,1,1,1,1.0
2648028,1,01/12/2004,1,41.6,142.4,9.0,24.0,1,1,1,,0,0.5,0.4,2.0,1.1,0.1,0.0,6.6,0.7,41.6,26.8,13.8,10.4,0.1,0.0,0.0,0.0,12.6,13.4,0.4,5.3,0.3,1.8,0.5,3.3,0.2,0.3,0.1,0.0,0.0,0.1,0.0,1,1,1,1,1,1,1,1,1,1,1,1,1,1,1,1,1,1,1,1,1,1,1,1,1,1,1,1,1,1,1.0
2648028,2,01/11/2004,1,22.0,110.3,26.0,16.0,1,1,1,,0,5.1,0.0,0.0,10.8,0.0,0.1,0.0,1.3,3.3,2.8,18.6,9.04,0.0,0.5,10.6,0.4,0.0,10.5,0.0,0.0,0.0,0.0,0.0,0.1,0.0,22.0,0.0,15.1,0.0,0.1,,1,1,1,1,1,1,1,1,1,1,1,1,1,1,1,1,1,1,1,1,1,1,1,1,1,1,1,1,1,1,0.0
2648028,1,01/11/2004,1,22.0,110.7,26.0,16.0,1,1,1,,0,5.1,0.0,0.0,10.8,0.0,0.1,0.0,1.3,3.3,2.8,18.6,9.4,0.0,0.5,10.6,0.4,0.0,10.5,0.0,0.0,0.0,0.0,0.0,0.1,0.0,22.0,0.0,15.1,0.0,0.1,,1,1,1,1,1,1,1,1,1,1,1,1,1,1,1,1,1,1,1,1,1,1,1,1,1,1,1,1,1,1,0.0
2648028,2,01/10/2004,1,30.8,145.5,19.0,21.0,1,1,1,,0,0.0,0.1,0.1,0.0,0.0,0.0,0.1,0.1,0.1,20.5,0.5,0.4,6.8,12.2,6.8,0.5,16.5,0.0,30.8,0.0,0.1,3.9,2.4,17.1,25.9,0.5,0.1,0.0,0.0,0.0,0.0,1,1,1,1,1,1,1,1,1,1,1,1,1,1,1,1,1,1,1,1,1,1,1,1,1,1,1,1,1,1,1.0
2648028,1,01/10/2004,1,30.8,145.5,19.0,21.0,1,1,1,,0,0.0,0.1,0.1,0.0,0.0,0.0,0.1,0.1,0.1,20.5,0.5,0.4,6.8,12.2,6.8,0.5,16.5,0.0,30.8,0.0,0.1,3.9,2.4,17.1,25.9,0.5,0.1,0.0,0.0,0.0,0.0,1,1,1,1,1,1,1,1,1,1,1,1,1,1,1,1,1,1,1,1,1,1,1,1,1,1,1,1,1,1,1.0
2648028,2,01/09/2004,1,30.6,102.0,13.0,18.0,1,1,1,,0,0.0,0.0,0.0,4.1,0.3,0.0,0.2,0.1,0.3,0.0,0.5,9.3,30.6,23.2,10.2,0.0,0.0,0.7,0.1,0.0,0.0,0.0,1.8,9.8,0.0,4.1,6.0,0.1,0.6,0.0,,1,1,1,1,1,1,1,1,1,1,1,1,1,1,1,1,1,1,1,1,1,1,1,1,1,1,1,1,1,1,0.0
2648028,1,01/09/2004,1,30.6,93.1,13.0,20.0,1,1,1,,0,0.04,0.0,0.0,4.1,0.3,0.0,0.2,0.1,0.3,0.0,0.5,9.3,30.6,23.2,10.2,0.02,0.0,0.7,0.1,0.0,0.0,0.0,1.8,0.8,0.0,4.1,6.0,0.1,0.6,0.0,,1,1,1,1,1,1,1,1,1,1,1,1,1,1,1,1,1,1,1,1,1,1,1,1,1,1,1,1,1,1,0.0
2648028,2,01/08/2004,1,41.3,64.4,28.0,20.0,1,1,1,,0,0.1,0.1,0.1,0.0,0.1,0.0,0.0,1.9,0.0,0.1,0.2,0.0,0.2,0.1,2.4,0.0,0.1,0.3,0.0,0.0,0.2,0.4,2.1,0.4,0.6,2.0,11.7,41.3,0.0,0.0,0.0,1,1,1,1,1,1,1,1,1,1,1,1,1,1,1,1,1,1,1,1,1,1,1,1,1,1,1,1,1,1,1.0
2648028,1,01/08/2004,1,41.3,64.4,28.0,20.0,1,1,1,,0,0.1,0.1,0.1,0.0,0.1,0.0,0.0,1.9,0.0,0.1,0.2,0.0,0.2,0.1,2.4,0.0,0.1,0.3,0.0,0.0,0.2,0.4,2.1,0.4,0.6,2.0,11.7,41.3,0.0,0.0,0.0,1,1,1,1,1,1,1,1,1,1,1,1,1,1,1,1,1,1,1,1,1,1,1,1,1,1,1,1,1,1,1.0
2648028,2,01/07/2004,1,47.2,175.4,4.0,27.0,1,1,1,,0,0.0,8.3,0.3,47.2,1.6,0.1,0.0,0.2,17.4,0.3,0.6,0.1,0.0,0.1,0.0,31.2,5.6,1.1,24.2,26.1,0.9,0.1,2.8,0.3,0.2,0.2,0.1,0.2,0.2,0.1,5.9,1,1,1,1,1,1,1,1,1,1,1,1,1,1,1,1,1,1,1,1,1,1,1,1,1,1,1,1,1,1,1.0
2648028,1,01/07/2004,1,31.2,132.9,16.0,27.0,1,1,1,,0,0.0,8.3,0.3,4.7,1.6,0.1,0.0,0.2,17.4,0.3,0.6,0.1,0.0,0.1,0.0,31.2,5.6,1.1,24.2,26.1,0.9,0.1,2.8,0.3,0.2,0.2,0.1,0.2,0.2,0.1,5.9,1,1,1,1,1,1,1,1,1,1,1,1,1,1,1,1,1,1,1,1,1,1,1,1,1,1,1,1,1,1,1.0
2648028,2,01/06/2004,1,22.5,57.8,12.0,17.0,1,1,1,,0,2.5,4.0,0.0,0.0,0.0,0.1,0.0,0.0,0.0,4.1,15.1,22.5,0.0,0.2,0.1,0.0,0.2,0.2,0.1,0.0,0.1,0.0,0.1,0.0,0.3,4.6,3.4,0.2,0.0,0.0,,1,1,1,1,1,1,1,1,1,1,1,1,1,1,1,1,1,1,1,1,1,1,1,1,1,1,1,1,1,1,0.0
2648028,1,01/06/2004,1,22.5,57.8,12.0,17.0,1,1,1,,0,2.5,4.0,0.0,0.0,0.0,0.1,0.0,0.0,0.0,4.1,15.1,22.5,0.0,0.2,0.1,0.0,0.2,0.2,0.1,0.0,0.1,0.0,0.1,0.0,0.3,4.6,3.4,0.2,0.0,0.0,,1,1,1,1,1,1,1,1,1,1,1,1,1,1,1,1,1,1,1,1,1,1,1,1,1,1,1,1,1,1,0.0
2648028,1,01/05/2004,1,34.0,115.8,4.0,20.0,1,1,1,,0,0.7,5.1,0.0,34.0,1.8,2.0,9.2,7.2,0.1,0.1,0.2,0.2,6.0,0.2,0.0,0.8,0.0,0.0,0.0,0.0,0.0,7.6,11.8,7.4,0.2,17.2,0.0,0.0,0.0,0.0,4.0,1,1,1,1,1,1,1,1,1,1,1,1,1,1,1,1,1,1,1,1,1,1,1,1,1,1,1,1,1,1,1.0
2648028,1,01/04/2004,1,60.4,112.0,12.0,19.0,1,1,1,,0,0.2,0.0,0.0,0.0,4.9,0.0,0.0,0.1,0.0,0.1,0.3,60.4,0.1,0.2,6.8,1.4,0.1,17.5,0.1,7.4,0.9,1.8,2.8,0.0,0.0,0.0,0.0,0.0,6.7,0.2,,1,1,1,1,1,1,1,1,1,1,1,1,1,1,1,1,1,1,1,1,1,1,1,1,1,1,1,1,1,1,0.0
2648028,1,01/03/2004,1,35.4,105.1,14.0,21.0,1,1,1,,0,0.6,0.7,0.2,0.0,0.0,0.7,0.0,0.0,1.3,0.2,23.3,4.7,4.3,35.4,0.3,0.0,0.0,0.0,4.4,8.3,0.3,0.0,0.0,0.1,0.1,0.1,0.9,18.8,0.0,0.1,0.3,1,1,1,1,1,1,1,1,1,1,1,1,1,1,1,1,1,1,1,1,1,1,1,1,1,1,1,1,1,1,1.0
2648028,1,01/02/2004,1,40.7,167.8,6.0,18.0,1,1,1,,0,0.4,14.4,1.1,0.0,0.0,40.7,0.1,0.7,30.9,5.4,0.6,0.1,8.7,0.0,22.8,0.0,0.0,0.0,0.0,20.3,0.1,0.0,0.0,0.0,0.0,0.2,16.6,4.4,0.3,,,1,1,1,1,1,1,1,1,1,1,1,1,1,1,1,1,1,1,1,1,1,1,1,1,1,1,1,1,1,0,0.0
2648028,1,01/01/2004,1,50.3,181.7,15.0,25.0,1,1,1,,0,4.1,0.0,2.0,0.0,6.5,1.1,2.1,0.9,0.1,1.5,0.0,6.3,2.6,0.0,50.3,19.5,0.9,0.6,0.2,7.4,17.1,4.2,25.0,16.0,5.7,1.2,4.4,0.0,1.6,0.0,0.4,1,1,1,1,1,1,1,1,1,1,1,1,1,1,1,1,1,1,1,1,1,1,1,1,1,1,1,1,1,1,1.0
2648028,1,01/12/2003,1,33.2,209.9,5.0,24.0,1,1,1,,0,0.0,0.0,1.4,5.7,33.2,0.1,0.0,1.9,20.4,0.3,0.0,26.8,1.4,22.5,29.8,2.5,1.2,2.0,4.0,4.4,4.9,0.5,0.2,13.2,0.0,0.0,0.0,1.1,0.2,4.6,27.6,1,1,1,1,1,1,1,1,1,1,1,1,1,1,1,1,1,1,1,1,1,1,1,1,1,1,1,1,1,1,1.0
2648028,1,01/11/2003,1,22.2,84.3,25.0,18.0,1,1,1,,0,0.0,0.0,0.2,0.1,8.7,0.2,10.7,0.1,0.1,0.0,0.0,0.0,12.0,0.0,0.0,0.2,21.3,0.0,0.0,0.0,0.1,0.2,0.0,0.3,22.2,7.4,0.2,0.1,0.2,0.0,,1,1,1,1,1,1,1,1,1,1,1,1,1,1,1,1,1,1,1,1,1,1,1,1,1,1,1,1,1,1,0.0
2648028,1,01/10/2003,1,14.3,73.2,10.0,21.0,1,1,1,,0,0.0,0.0,0.1,0.1,0.9,2.3,0.6,3.6,10.2,14.3,10.6,9.6,0.0,0.1,0.0,0.0,0.0,0.1,0.0,0.5,0.0,0.0,0.7,0.0,0.9,11.1,0.9,1.7,3.1,1.4,0.4,1,1,1,1,1,1,1,1,1,1,1,1,1,1,1,1,1,1,1,1,1,1,1,1,1,1,1,1,1,1,1.0
2648028,1,01/09/2003,1,34.1,111.6,10.0,15.0,1,1,1,,0,0.0,0.0,0.1,0.1,0.2,0.0,0.0,0.0,3.6,34.1,8.5,0.1,0.0,0.0,0.4,13.3,0.0,0.0,0.0,0.0,0.0,0.0,0.0,0.0,6.3,27.2,0.6,0.1,16.8,0.2,,1,1,1,1,1,1,1,1,1,1,1,1,1,1,1,1,1,1,1,1,1,1,1,1,1,1,1,1,1,1,0.0
2648028,1,01/08/2003,1,11.2,24.9,31.0,9.0,1,1,1,,0,0.1,0.0,0.0,0.0,0.0,2.2,0.3,0.0,0.0,0.0,0.0,0.0,0.0,0.0,0.0,0.0,0.0,0.0,0.0,0.0,0.0,0.1,0.0,0.2,7.9,0.0,0.1,0.0,0.0,2.8,11.2,1,1,1,1,1,1,1,1,1,1,1,1,1,1,1,1,1,1,1,1,1,1,1,1,1,1,1,1,1,1,1.0
2648028,1,01/07/2003,1,22.1,46.6,7.0,21.0,1,1,1,,0,0.2,0.2,0.0,0.0,0.2,0.0,22.1,0.9,0.2,1.1,1.9,0.0,0.0,3.5,5.1,6.0,0.1,0.0,0.1,0.0,0.0,0.0,0.2,0.3,0.7,0.0,2.4,0.4,0.4,0.1,0.5,1,1,1,1,1,1,1,1,1,1,1,1,1,1,1,1,1,1,1,1,1,1,1,1,1,1,1,1,1,1,1.0
2648028,1,01/06/2003,1,23.1,85.4,4.0,20.0,1,1,1,,0,0.0,0.4,0.0,23.1,3.1,11.3,5.3,10.7,6.8,18.3,0.2,0.0,0.5,0.0,0.0,0.0,0.0,0.6,3.0,0.9,0.1,0.2,0.0,0.0,0.0,0.2,0.2,0.2,0.1,0.2,,1,1,1,1,1,1,1,1,1,1,1,1,1,1,1,1,1,1,1,1,1,1,1,1,1,1,1,1,1,1,0.0
2648028,1,01/05/2003,1,13.2,61.2,3.0,21.0,1,1,1,,0,8.7,0.8,13.2,0.3,0.3,9.8,0.1,0.0,0.1,0.0,0.1,1.5,0.2,9.4,9.1,0.0,0.0,0.2,0.1,0.2,0.2,0.2,6.2,0.3,0.0,0.0,0.0,0.0,0.0,0.0,0.2,1,1,1,1,1,1,1,1,1,1,1,1,1,1,1,1,1,1,1,1,1,1,1,1,1,1,1,1,1,1,1.0
2648028,1,01/04/2003,1,16.3,45.4,19.0,14.0,1,1,1,,0,0.0,0.0,0.0,9.8,4.6,0.1,0.0,0.0,0.1,3.4,1.6,0.0,0.0,0.0,2.4,0.0,0.0,0.0,16.3,1.7,0.0,2.1,0.0,0.2,0.1,0.0,0.0,0.0,0.1,2.9,,1,1,1,1,1,1,1,1,1,1,1,1,1,1,1,1,1,1,1,1,1,1,1,1,1,1,1,1,1,1,0.0
2648028,1,01/03/2003,1,68.8,244.5,10.0,20.0,1,1,1,,0,0.0,24.0,44.7,0.0,0.0,0.8,0.0,5.4,16.5,68.8,6.8,18.8,0.0,0.9,0.2,0.0,0.0,0.0,0.0,0.1,23.1,0.1,0.0,12.1,0.4,1.4,19.8,0.3,0.1,0.0,0.2,1,1,1,1,1,1,1,1,1,1,1,1,1,1,1,1,1,1,1,1,1,1,1,1,1,1,1,1,1,1,1.0
2648028,1,01/02/2003,1,59.3,215.9,14.0,15.0,1,1,1,,0,0.0,5.6,0.0,0.0,0.0,1.7,13.4,5.4,30.5,0.0,0.0,36.4,6.5,59.3,0.0,0.0,25.2,3.1,1.1,0.5,0.0,0.0,3.3,0.5,0.0,23.4,0.0,0.0,,,,1,1,1,1,1,1,1,1,1,1,1,1,1,1,1,1,1,1,1,1,1,1,1,1,1,1,1,1,0,0,0.0
2648028,1,01/01/2003,1,54.9,258.9,27.0,21.0,1,1,1,,0,2.4,0.0,2.1,28.7,3.1,0.0,0.0,0.0,0.0,0.1,8.0,0.0,5.4,8.7,10.7,0.4,0.5,25.7,2.0,0.0,9.1,0.0,44.8,12.2,7.2,22.3,54.9,9.9,0.7,0.0,0.0,1,1,1,1,1,1,1,1,1,1,1,1,1,1,1,1,1,1,1,1,1,1,1,1,1,1,1,1,1,1,1.0
2648028,1,01/12/2002,1,38.9,179.2,2.0,21.0,1,1,1,,0,0.0,38.9,12.1,3.1,2.6,0.0,14.4,15.3,0.2,0.4,5.5,2.6,1.0,1.8,0.2,0.0,16.7,0.0,0.1,0.7,29.8,8.7,2.6,8.7,13.8,0.0,0.0,0.0,0.0,0.0,0.0,1,1,1,1,1,1,1,1,1,1,1,1,1,1,1,1,1,1,1,1,1,1,1,1,1,1,1,1,1,1,1.0
2648028,1,01/11/2002,1,23.9,152.2,11.0,20.0,1,1,1,,0,16.8,4.9,0.9,0.2,15.4,0.0,6.4,0.1,0.0,2.8,23.9,0.0,0.0,0.0,0.1,0.7,9.6,0.0,16.2,0.6,10.8,21.4,0.0,0.0,0.0,3.2,0.0,8.9,6.4,2.9,,1,1,1,1,1,1,1,1,1,1,1,1,1,1,1,1,1,1,1,1,1,1,1,1,1,1,1,1,1,1,0.0
2648028,1,01/10/2002,1,39.2,102.8,30.0,22.0,1,1,1,,0,14.4,0.0,0.0,0.0,0.0,0.6,0.0,0.4,4.4,0.0,0.3,1.7,0.3,0.2,1.9,0.3,5.4,0.2,5.1,0.6,3.8,1.9,0.2,0.2,6.6,4.0,0.0,0.0,0.0,39.2,11.1,1,1,1,1,1,1,1,1,1,1,1,1,1,1,1,1,1,1,1,1,1,1,1,1,1,1,1,1,1,1,1.0
2648028,1,01/09/2002,1,53.8,171.7,20.0,17.0,1,1,1,,0,2.1,0.0,0.2,0.1,0.0,9.3,37.1,0.0,0.0,0.3,0.8,0.0,1.6,48.3,0.3,0.0,0.4,1.9,0.0,53.8,14.8,0.0,0.0,0.0,0.0,0.0,0.3,0.2,0.2,0.0,,1,1,1,1,1,1,1,1,1,1,1,1,1,1,1,1,1,1,1,1,1,1,1,1,1,1,1,1,1,1,0.0
2648028,1,01/08/2002,1,42.2,106.1,1.0,24.0,1,1,1,,0,42.2,1.4,19.8,0.0,0.2,23.6,0.7,0.4,0.4,0.2,0.1,0.2,0.1,0.1,8.9,0.4,0.0,0.0,0.0,0.3,0.2,0.0,1.7,1.4,0.9,0.1,0.0,0.4,0.0,0.5,1.9,1,1,1,1,1,1,1,1,1,1,1,1,1,1,1,1,1,1,1,1,1,1,1,1,1,1,1,1,1,1,1.0
2648028,1,01/07/2002,1,23.2,53.7,7.0,23.0,1,1,1,,0,0.0,1.3,0.8,0.1,0.1,0.1,23.2,0.3,0.1,0.0,0.0,3.6,0.4,0.1,0.0,0.2,0.0,0.0,1.8,0.6,5.7,3.4,0.3,0.0,0.3,0.1,0.1,0.0,0.1,0.2,10.8,1,1,1,1,1,1,1,1,1,1,1,1,1,1,1,1,1,1,1,1,1,1,1,1,1,1,1,1,1,1,1.0
2648028,1,01/06/2002,1,29.1,58.4,15.0,22.0,1,1,1,,0,0.2,1.0,0.1,0.2,0.1,0.3,0.0,0.0,0.1,0.3,2.9,3.9,0.5,3.1,29.1,1.6,0.0,0.1,7.5,2.3,0.3,4.4,0.0,0.0,0.0,0.0,0.1,0.2,0.1,0.0,,1,1,1,1,1,1,1,1,1,1,1,1,1,1,1,1,1,1,1,1,1,1,1,1,1,1,1,1,1,1,0.0
2648028,1,01/05/2002,1,22.7,68.7,6.0,26.0,1,1,1,,0,0.0,0.4,0.2,0.0,0.1,22.7,0.6,6.2,0.0,0.1,0.4,0.1,0.2,0.1,0.1,14.7,0.0,3.4,9.1,0.4,1.4,0.0,2.1,4.5,0.3,0.2,0.3,0.2,0.2,0.3,0.4,1,1,1,1,1,1,1,1,1,1,1,1,1,1,1,1,1,1,1,1,1,1,1,1,1,1,1,1,1,1,1.0
2648028,1,01/04/2002,1,32.3,93.9,2.0,27.0,1,1,1,,0,0.1,32.3,3.2,6.2,8.4,8.4,10.1,0.4,2.0,0.2,0.0,0.2,0.1,1.6,0.2,0.1,0.0,0.1,6.9,0.9,8.9,0.2,1.1,0.2,0.3,0.1,0.1,0.4,0.0,1.2,,1,1,1,1,1,1,1,1,1,1,1,1,1,1,1,1,1,1,1,1,1,1,1,1,1,1,1,1,1,1,0.0
2648028,1,01/03/2002,1,63.1,168.0,13.0,24.0,1,1,1,,0,0.1,11.5,0.1,8.8,0.1,0.3,18.4,0.3,0.1,0.2,0.2,0.1,63.1,28.9,27.2,0.1,0.0,0.0,0.2,0.0,0.0,6.7,0.2,0.1,0.3,0.1,0.0,0.0,0.8,0.0,0.1,1,1,1,1,1,1,1,1,1,1,1,1,1,1,1,1,1,1,1,1,1,1,1,1,1,1,1,1,1,1,1.0
2648028,1,01/02/2002,1,80.3,153.4,7.0,19.0,1,1,1,,0,11.4,0.0,0.0,0.8,0.3,0.0,80.3,0.0,0.0,0.9,7.9,0.0,1.2,7.2,0.3,8.8,2.9,11.8,1.1,0.4,6.3,3.7,7.4,0.0,0.1,0.0,0.0,0.6,,,,1,1,1,1,1,1,1,1,1,1,1,1,1,1,1,1,1,1,1,1,1,1,1,1,1,1,1,1,0,0,0.0
2648028,1,01/01/2002,1,61.9,259.4,10.0,18.0,1,1,1,,0,0.6,18.4,1.9,0.0,0.0,14.7,1.7,0.0,14.7,61.9,33.0,33.4,15.9,0.0,6.3,0.0,0.0,0.0,2.6,2.2,0.0,1.7,40.6,0.2,7.4,0.0,0.0,2.2,0.0,0.0,0.0,1,1,1,1,1,1,1,1,1,1,1,1,1,1,1,1,1,1,1,1,1,1,1,1,1,1,1,1,1,1,1.0
2648028,1,01/12/2001,1,23.0,94.3,23.0,15.0,1,1,1,,0,4.3,0.0,0.0,0.0,11.9,14.7,0.0,0.0,1.5,5.0,16.6,0.0,0.0,2.8,4.3,0.0,0.0,0.0,0.0,0.0,0.0,4.7,23.0,0.0,0.5,3.2,1.2,0.0,0.0,0.5,0.1,1,1,1,1,1,1,1,1,1,1,1,1,1,1,1,1,1,1,1,1,1,1,1,1,1,1,1,1,1,1,1.0
2648028,1,01/11/2001,1,58.5,179.6,11.0,17.0,1,1,1,,0,0.0,0.0,1.7,0.0,0.0,0.0,0.0,10.5,1.9,2.4,58.5,0.0,0.0,0.0,9.8,0.4,14.5,2.2,2.5,5.1,1.1,0.0,26.4,0.0,0.0,4.9,0.1,0.0,16.9,20.7,,1,1,1,1,1,1,1,1,1,1,1,1,1,1,1,1,1,1,1,1,3,1,1,1,1,1,1,1,1,1,0.0
2648028,1,01/10/2001,1,70.5,176.0,1.0,15.0,1,1,1,,0,70.5,19.4,0.0,0.0,0.0,0.5,0.1,20.5,14.0,0.0,0.2,0.0,0.0,0.2,0.0,0.0,0.8,0.7,7.3,37.7,0.7,2.7,0.0,0.0,0.0,0.0,0.0,0.0,0.0,0.0,0.7,1,1,1,1,1,1,1,1,1,1,1,1,1,1,1,1,1,1,1,1,1,1,1,1,1,1,1,1,1,1,1.0
2648028,1,01/09/2001,1,50.7,185.5,23.0,24.0,1,1,1,,0,0.0,0.0,0.1,0.2,3.3,22.3,1.6,0.1,0.0,3.5,43.2,0.6,0.1,4.8,6.5,0.0,0.0,0.1,1.2,0.0,0.1,7.2,50.7,3.5,0.1,0.4,1.3,4.5,19.8,10.3,,1,1,1,1,1,1,1,1,1,1,1,1,1,1,1,1,1,1,1,1,1,1,1,1,1,1,1,1,1,1,0.0
2648028,1,01/08/2001,1,9.6,39.3,22.0,21.0,1,1,1,,0,0.0,0.3,0.4,0.1,0.4,0.0,0.2,0.1,0.1,0.0,0.0,0.0,0.0,0.2,0.2,0.2,0.2,0.1,0.2,0.1,0.0,9.6,0.0,0.0,5.8,0.1,0.0,5.9,8.6,1.9,4.6,1,1,1,1,1,1,1,1,1,1,1,1,1,1,1,1,1,1,1,1,1,1,1,1,1,1,1,1,1,1,1.0
2648028,1,01/07/2001,1,45.7,150.0,27.0,20.0,1,1,1,,0,0.0,0.3,0.2,0.3,0.3,0.3,4.4,0.1,0.0,0.0,0.0,12.4,0.1,0.0,0.0,0.0,0.2,0.2,34.1,0.0,6.42,8.6,0.0,2.7,11.1,11.3,45.7,11.1,0.2,0.0,0.0,1,1,1,1,1,1,1,1,1,1,1,1,1,1,1,1,1,1,1,1,1,1,1,1,1,1,1,1,1,1,1.0
2648028,1,01/06/2001,1,86.9,183.4,26.0,23.0,1,1,1,,0,0.0,0.0,0.7,0.2,0.2,0.2,6.6,0.0,3.8,0.1,2.2,1.7,0.0,0.2,0.3,0.2,12.6,4.5,11.3,23.8,0.0,0.3,0.2,0.1,4.6,86.9,22.6,0.0,0.0,0.1,,1,1,1,1,1,1,1,1,1,1,1,1,1,1,1,1,1,1,1,1,1,1,1,1,1,1,1,1,1,1,0.0
2648028,1,01/05/2001,1,38.7,173.5,5.0,18.0,1,1,1,,0,12.9,0.1,0.0,21.3,38.7,0.0,0.3,0.1,0.0,0.1,26.5,0.2,0.1,0.0,0.0,30.2,13.1,0.0,0.0,0.0,0.0,4.9,0.0,0.0,1.4,0.2,16.3,6.9,0.2,0.0,0.0,1,1,1,1,1,1,1,1,1,1,1,1,1,1,1,1,1,1,1,1,1,1,1,1,1,1,1,1,1,1,1.0
2648028,1,01/04/2001,1,25.9,106.3,25.0,19.0,1,1,1,,0,0.0,0.5,0.0,1.9,0.0,0.0,3.3,14.8,19.8,0.1,0.0,0.0,0.0,0.0,0.0,0.1,1.0,5.1,0.6,0.1,17.8,1.2,4.6,0.4,25.9,0.1,0.0,0.2,0.0,8.8,,1,1,1,1,1,1,1,1,1,1,1,1,1,1,1,1,1,1,1,1,1,1,1,1,1,1,1,1,1,1,0.0
2648028,1,01/03/2001,1,88.1,329.0,8.0,24.0,1,1,1,,0,43.9,0.9,0.3,0.0,0.0,0.0,29.5,88.1,15.2,26.9,0.2,0.0,4.3,0.1,0.0,0.2,13.7,17.1,0.1,2.9,0.1,0.0,20.7,0.0,21.3,12.2,23.7,2.9,3.3,1.2,0.2,1,1,1,1,1,1,1,1,1,1,1,1,1,1,1,1,1,1,1,1,1,1,1,1,1,1,1,1,1,1,1.0
2648028,1,01/02/2001,1,122.7,314.8,15.0,24.0,1,1,1,,0,3.2,0.0,5.1,9.4,2.1,9.5,0.1,0.1,4.7,0.1,0.0,0.0,6.3,23.2,122.7,64.2,6.7,17.3,0.3,20.1,7.6,0.1,1.2,0.0,1.3,0.1,0.5,8.9,,,,1,1,1,1,1,1,1,1,1,1,1,1,1,1,1,1,1,1,1,1,1,1,1,1,1,1,1,1,0,0,0.0
2648028,1,01/01/2001,1,64.0,211.8,11.0,17.0,1,1,1,,0,27.9,0.0,0.0,0.0,0.1,0.1,0.8,0.7,0.0,9.1,64.0,24.8,13.0,0.0,0.0,0.0,0.6,0.0,0.0,0.0,7.9,0.0,0.05,7.8,20.7,0.0,0.0,0.0,2.2,18.7,13.3,1,1,1,1,1,1,1,1,1,1,1,1,1,1,1,1,1,1,1,1,1,1,1,1,1,1,1,1,1,1,1.0
2648028,2,01/12/2000,1,27.3,143.2,1.0,15.0,1,1,1,1699.8,2,27.3,0.0,0.0,0.5,0.1,2.5,0.0,0.2,0.0,0.6,0.0,0.0,2.6,0.0,9.5,14.4,0.0,0.0,0.0,0.0,0.0,7.3,0.0,0.0,22.6,0.0,0.0,20.9,13.3,20.1,1.3,1,1,1,1,1,1,1,1,1,1,1,1,1,1,1,1,1,1,1,1,1,1,1,1,1,1,1,1,1,1,1.0
2648028,1,01/12/2000,1,27.3,163.1,1.0,14.0,1,1,1,,0,27.3,0.0,0.0,0.5,0.1,2.5,0.0,0.2,0.0,0.6,0.0,0.0,2.6,0.0,9.5,14.4,0.0,0.0,0.0,0.0,0.0,27.3,0.0,0.0,22.6,0.0,0.0,20.9,13.3,21.3,0.0,1,1,1,1,1,1,1,1,1,1,1,1,1,1,1,1,1,1,1,1,1,1,1,1,1,1,1,1,1,1,1.0
2648028,2,01/11/2000,1,66.2,174.8,30.0,,1,2,0,1699.8,2,0.0,0.3,0.4,0.0,1.2,7.4,3.5,0.3,0.7,2.4,8.7,,6.5,4.8,1.3,0.6,7.0,2.5,11.9,0.0,0.5,8.5,0.0,0.0,34.2,5.9,0.0,0.0,0.0,66.2,,1,1,1,1,1,1,1,1,1,1,1,0,1,1,1,1,1,1,1,1,1,1,1,1,1,1,1,1,1,1,0.0
2648028,1,01/11/2000,1,66.2,174.8,30.0,21.0,1,1,1,,0,0.0,0.3,0.4,0.0,1.2,7.4,3.5,0.3,0.7,2.4,8.7,,6.5,4.8,1.3,0.6,7.0,2.5,11.9,0.0,0.5,8.5,0.0,0.0,34.2,5.9,0.0,0.0,0.0,66.2,,1,1,1,1,1,1,1,1,1,1,1,0,4,1,1,1,1,1,1,1,1,1,1,1,1,1,1,1,1,1,0.0
2648028,2,01/10/2000,1,31.7,148.5,13.0,22.0,1,1,1,1699.8,2,0.1,2.9,0.4,0.1,15.4,0.0,0.0,0.0,0.8,15.7,3.1,0.1,31.7,14.7,10.2,17.3,1.9,0.3,0.8,4.9,0.0,0.0,0.0,0.0,1.0,2.0,23.9,0.4,0.0,0.8,0.0,1,1,1,1,1,1,1,1,1,1,1,1,1,1,1,1,1,1,1,1,1,1,1,1,1,1,1,1,1,1,1.0
2648028,1,01/10/2000,1,31.7,148.5,13.0,22.0,1,1,1,,0,0.1,2.9,0.4,15.4,0.1,0.0,0.0,0.0,0.8,15.7,3.1,0.1,31.7,14.7,10.2,17.3,0.3,1.9,0.8,4.9,0.0,0.0,0.0,0.0,1.0,2.0,23.9,0.4,0.0,0.8,0.0,1,1,1,1,1,1,1,1,1,1,1,1,1,1,1,1,1,1,1,1,1,1,1,1,1,1,1,1,1,1,1.0
2648028,2,01/09/2000,1,64.1,179.1,12.0,,1,2,0,1699.8,2,0.2,0.4,7.9,0.1,0.1,0.0,0.0,0.2,0.1,0.2,11.8,64.1,,5.4,8.4,16.1,12.2,6.4,9.6,4.2,0.0,2.2,1.2,0.0,10.9,0.0,0.1,0.0,1.1,0.0,,1,1,1,1,1,1,1,1,1,1,1,1,0,1,1,1,1,1,1,1,1,1,1,1,1,1,1,1,1,1,0.0
2648028,1,01/09/2000,1,64.1,162.9,12.0,22.0,1,1,1,,0,0.2,0.4,7.9,0.1,0.1,0.0,0.0,0.2,0.1,0.2,11.8,64.1,,5.4,8.4,16.1,12.2,6.4,9.6,4.2,0.0,2.2,1.2,0.0,10.9,0.0,0.1,0.0,1.1,0.0,,1,1,1,1,1,1,1,1,1,1,1,1,0,4,1,1,1,1,1,1,1,1,1,1,1,1,1,1,1,1,0.0
2648028,2,01/08/2000,1,18.9,49.9,27.0,19.0,1,1,1,1699.8,2,1.7,0.0,4.0,0.1,0.0,0.0,0.2,0.2,0.2,3.7,0.0,0.0,0.1,0.0,1.2,8.0,0.0,3.5,0.1,0.2,0.0,0.4,0.0,0.1,0.1,0.0,18.9,7.0,0.0,0.0,0.2,1,1,1,1,1,1,1,1,1,1,1,1,1,1,1,1,1,1,1,1,1,1,1,1,1,1,1,1,1,1,1.0
2648028,1,01/08/2000,1,18.9,49.9,27.0,19.0,1,1,0,,0,1.7,0.0,4.0,0.1,0.0,0.0,0.2,0.2,0.2,3.7,0.0,0.0,0.1,0.0,8.0,1.2,0.0,3.5,0.1,0.2,0.0,0.4,0.0,0.1,0.1,0.0,18.9,7.0,0.0,0.0,0.2,1,1,1,1,1,1,1,1,1,1,1,1,1,1,1,1,1,1,1,1,1,1,1,1,1,1,1,1,1,1,1.0
2648028,2,01/07/2000,1,11.9,38.1,23.0,13.0,1,1,0,1699.8,2,0.0,0.1,1.3,0.0,0.0,0.1,0.0,0.1,0.1,10.5,3.1,0.5,0.0,0.0,5.2,4.3,0.0,0.0,0.0,0.0,0.1,0.8,11.9,0.0,0.0,0.0,0.0,0.0,0.0,0.0,0.0,1,1,1,1,1,1,1,1,1,1,1,1,1,1,1,1,1,1,1,1,1,1,1,1,1,1,1,1,1,1,1.0
2648028,1,01/07/2000,1,11.9,38.1,23.0,13.0,1,1,0,,0,0.0,0.1,1.3,0.0,0.0,0.1,0.0,0.1,0.1,10.5,3.1,0.5,0.0,0.0,5.2,4.3,0.0,0.0,0.0,0.0,0.1,0.8,11.9,0.0,0.0,0.0,0.0,0.0,0.0,0.0,0.0,1,1,1,1,1,1,1,1,1,1,1,1,1,1,1,1,1,1,1,1,1,1,1,1,1,1,1,1,1,1,1.0
2648028,2,01/06/2000,1,33.5,88.6,21.0,20.0,1,1,0,1699.8,2,0.0,0.0,0.0,0.0,0.6,0.1,0.1,0.3,0.0,0.6,0.0,0.2,0.1,0.0,0.0,0.0,23.4,7.6,4.4,0.5,33.5,0.1,0.1,0.1,0.1,9.4,4.4,0.5,0.0,2.5,,1,1,1,1,1,1,1,1,1,1,1,1,1,1,1,1,1,1,1,1,1,1,1,1,1,1,1,1,1,1,0.0
2648028,1,01/06/2000,1,33.5,88.6,21.0,20.0,1,1,0,,0,0.0,0.0,0.0,0.0,0.6,0.1,0.1,0.3,0.0,0.6,0.0,0.2,0.1,0.0,0.0,0.0,23.4,7.6,4.4,0.5,33.5,0.1,0.1,0.1,0.1,9.4,4.4,0.5,0.0,2.5,,1,1,1,1,1,1,1,1,1,1,1,1,1,1,1,1,1,1,1,1,1,1,1,1,1,1,1,1,1,1,0.0
2648028,2,01/05/2000,1,6.6,22.1,3.0,14.0,1,1,1,1699.8,2,0.0,0.6,6.6,0.0,0.0,0.0,0.0,0.0,0.1,0.0,0.1,3.9,2.8,0.1,0.0,1.1,1.2,0.0,0.0,0.6,0.0,0.1,0.0,0.3,0.0,4.2,0.0,0.0,0.0,0.0,0.4,1,1,1,1,1,1,1,1,1,1,1,1,1,1,1,1,1,1,1,1,1,1,1,1,1,1,1,1,1,1,1.0
2648028,1,01/05/2000,1,6.6,22.1,3.0,14.0,1,1,0,,0,0.0,0.6,6.6,0.0,0.0,0.0,0.0,0.0,0.1,0.0,0.1,3.9,2.8,0.1,0.0,1.1,1.2,0.0,0.0,0.6,0.0,0.1,0.0,0.0,0.3,4.2,0.0,0.0,0.0,0.0,0.4,1,1,1,1,1,1,1,1,1,1,1,1,1,1,1,1,1,1,1,1,1,1,1,1,1,1,1,1,1,1,1.0
2648028,2,01/04/2000,1,11.4,17.1,18.0,13.0,1,1,1,1699.8,2,0.0,0.0,0.0,1.3,0.1,0.2,0.0,0.0,0.0,0.0,0.0,0.0,0.8,0.1,0.1,0.0,0.2,11.4,2.3,0.1,0.0,0.0,0.0,0.2,0.2,0.0,0.0,0.0,0.1,0.0,,1,1,1,1,1,1,1,1,1,1,1,1,1,1,1,1,1,1,1,1,1,1,1,1,1,1,1,1,1,1,0.0
2648028,1,01/04/2000,1,11.4,17.1,18.0,13.0,1,1,0,,0,0.0,0.0,0.0,0.0,0.0,0.0,0.0,0.0,1.3,0.1,0.2,0.0,0.8,0.1,0.1,0.0,0.2,11.4,2.3,0.1,0.0,0.0,0.0,0.2,0.2,0.0,0.0,0.0,0.1,0.0,,1,1,1,1,1,1,1,1,1,1,1,1,1,1,1,1,1,1,1,1,1,1,1,1,1,1,1,1,1,1,0.0
2648028,2,01/03/2000,1,39.3,116.2,2.0,,1,2,0,1699.8,2,0.0,39.3,2.0,0.0,0.0,,21.4,0.0,0.0,10.8,5.1,0.0,0.0,0.0,0.0,0.0,0.0,6.6,0.0,0.0,0.0,0.0,,0.0,2.0,0.0,0.0,8.6,0.0,0.0,0.0,1,1,1,1,1,0,1,1,1,1,1,1,1,1,1,1,1,1,1,1,1,1,0,1,1,1,1,1,1,1,1.0
2648028,1,01/03/2000,1,39.3,95.8,2.0,8.0,1,1,0,,0,0.0,39.3,2.0,0.0,0.0,0.0,21.4,0.0,0.0,10.8,5.1,0.0,0.0,0.0,0.0,0.0,0.0,6.6,0.0,0.0,0.0,0.0,0.0,0.0,2.0,0.0,0.0,8.6,0.0,0.0,0.0,1,1,1,1,1,1,1,1,1,1,1,1,1,1,1,1,1,1,1,1,1,1,1,1,1,1,1,1,1,1,1.0
2648028,2,01/02/2000,1,84.6,318.7,15.0,9.0,1,1,1,1699.8,2,39.7,35.0,0.0,0.0,0.0,0.0,0.0,0.0,9.7,60.5,0.0,0.0,0.0,0.0,84.6,66.3,0.0,0.0,6.7,0.0,0.0,0.0,4.9,11.3,0.0,0.0,0.0,0.0,0.0,,,1,1,1,1,1,1,1,1,1,1,1,1,1,1,1,1,1,1,1,1,1,1,1,1,1,1,1,1,1,0,0.0
2648028,1,01/02/2000,1,84.6,283.7,15.0,9.0,1,1,0,,0,0.7,35.0,0.0,0.0,0.0,0.0,0.0,0.0,9.7,60.5,0.0,0.0,0.0,0.0,84.6,66.3,0.0,0.0,6.7,0.0,0.0,0.0,4.9,15.3,0.0,0.0,0.0,0.0,0.0,,,1,1,1,1,1,1,1,1,1,1,1,1,1,1,1,1,1,1,1,1,1,1,1,1,1,1,1,1,1,0,0.0
2648028,2,01/01/2000,1,101.9,403.5,1.0,14.0,1,1,1,1699.8,2,101.9,62.1,4.2,0.0,0.0,1.0,0.0,0.0,25.0,0.0,10.4,0.0,0.7,0.0,6.7,88.9,17.8,0.0,31.0,0.0,0.0,0.0,0.0,0.0,8.5,38.8,0.0,6.5,0.0,0.0,0.0,1,1,1,1,1,1,1,1,1,1,1,1,1,1,1,1,1,1,1,1,1,1,1,1,1,1,1,1,1,1,1.0
2648028,1,01/01/2000,1,88.9,312.5,16.0,14.0,1,1,0,,0,10.9,62.1,4.2,0.0,0.0,1.0,0.0,0.0,25.0,0.0,10.4,0.0,0.7,0.0,6.7,88.9,17.8,0.0,31.0,0.0,0.0,0.0,0.0,0.0,8.5,38.8,0.0,6.5,0.0,0.0,0.0,1,1,1,1,1,1,1,1,1,1,1,1,1,1,1,1,1,1,1,1,1,1,1,1,1,1,1,1,1,1,1.0
2648028,2,01/12/1999,1,51.2,134.5,14.0,,1,1,0,2192.2,2,,,6.4,13.4,0.0,0.0,17.9,6.8,20.2,7.0,4.1,1.5,6.0,51.2,0.0,0.0,0.0,0.0,0.0,0.0,0.0,0.0,0.0,0.0,0.0,0.0,0.0,0.0,0.0,0.0,0.0,0,0,1,1,1,1,1,1,1,1,1,1,1,1,1,1,1,1,1,1,1,1,1,1,1,1,1,1,1,1,1.0
2648028,1,01/12/1999,1,51.2,134.5,14.0,10.0,1,1,0,,0,0.0,0.0,6.4,13.4,0.0,0.0,17.9,6.8,20.2,7.0,4.1,1.5,6.0,51.2,0.0,0.0,0.0,0.0,0.0,0.0,0.0,0.0,0.0,0.0,0.0,0.0,0.0,0.0,0.0,0.0,0.0,1,1,1,1,1,1,1,1,1,1,1,1,1,1,1,1,1,1,1,1,1,1,1,1,1,1,1,1,1,1,1.0
2648028,2,01/11/1999,1,,161.7,,,0,2,0,2192.2,2,2.4,2.5,0.0,0.0,11.7,11.4,0.0,0.0,0.0,,,11.6,2.4,14.4,5.5,5.0,1.1,0.0,0.0,0.0,0.0,0.0,,,0.0,10.0,10.4,0.0,0.0,0.0,,1,1,1,1,1,1,1,1,1,0,0,1,1,1,1,1,1,1,1,1,1,1,0,0,1,1,1,1,1,1,0.0
2648028,1,01/11/1999,1,14.4,88.4,14.0,12.0,1,1,0,,0,2.4,2.5,0.0,0.0,11.7,11.4,0.0,0.0,0.0,0.0,0.0,11.6,2.4,14.4,5.5,5.0,1.1,0.0,0.0,0.0,0.0,0.0,0.0,0.0,0.0,10.0,10.4,0.0,0.0,0.0,,1,1,1,1,1,1,1,1,1,1,1,1,1,1,1,1,1,1,1,1,1,1,1,1,1,1,1,1,1,1,0.0
2648028,2,01/10/1999,1,59.9,186.2,8.0,15.0,1,1,0,2192.2,2,0.0,22.7,12.4,0.0,0.0,10.5,1.3,59.9,0.0,0.0,0.0,0.0,0.0,0.0,0.0,15.7,21.4,0.6,0.0,0.0,0.0,4.6,0.0,5.1,5.9,10.6,9.8,0.0,0.0,3.7,2.0,1,1,1,1,1,1,1,1,1,1,1,1,1,1,1,1,1,1,1,1,1,1,1,1,1,1,1,1,1,1,1.0
2648028,1,01/10/1999,1,59.9,186.2,8.0,15.0,1,1,0,,0,0.0,22.7,12.4,0.0,0.0,10.5,1.3,59.9,0.0,0.0,0.0,0.0,0.0,0.0,0.0,15.7,21.4,0.6,0.0,0.0,0.0,4.6,0.0,5.1,5.9,10.6,9.8,0.0,0.0,3.7,2.0,1,1,1,1,1,1,1,1,1,1,1,1,1,1,1,1,1,1,1,1,1,1,1,1,1,1,1,1,1,1,1.0
2648028,2,01/09/1999,1,36.4,145.2,10.0,10.0,1,1,0,2192.2,2,0.0,0.0,0.0,0.0,0.0,6.6,0.0,0.0,23.7,36.4,0.0,1.5,35.9,3.7,13.1,3.1,0.0,0.0,0.0,0.0,0.0,0.0,0.0,0.0,1.7,0.0,0.0,0.0,0.0,19.5,,1,1,1,1,1,1,1,1,1,1,1,1,1,1,1,1,1,1,1,1,1,1,1,1,1,1,1,1,1,1,0.0
2648028,1,01/09/1999,1,36.4,145.2,10.0,10.0,1,1,0,,0,0.0,0.0,0.0,0.0,0.0,6.6,0.0,0.0,23.7,36.4,0.0,1.5,35.9,3.7,13.1,3.1,0.0,0.0,0.0,0.0,0.0,0.0,0.0,0.0,1.7,0.0,0.0,0.0,0.0,19.5,,1,1,1,1,1,1,1,1,1,1,1,1,1,1,1,1,1,1,1,1,1,1,1,1,1,1,1,1,1,1,0.0
2648028,2,01/08/1999,1,,29.4,,,0,2,0,2192.2,2,0.0,0.0,0.0,0.0,0.0,0.0,0.0,0.0,0.0,0.0,0.0,0.0,0.0,,0.0,0.0,10.6,,0.0,0.0,0.0,0.0,0.0,0.0,0.0,0.0,0.0,,0.0,0.0,0.0,1,1,1,1,1,1,1,1,1,1,1,1,1,0,1,1,1,0,1,1,1,1,1,1,1,1,1,0,1,1,1.0
2648028,1,01/08/1999,1,10.6,10.6,17.0,1.0,1,1,0,,0,0.0,0.0,0.0,0.0,0.0,0.0,0.0,0.0,0.0,0.0,0.0,0.0,0.0,0.0,0.0,0.0,10.6,0.0,0.0,0.0,0.0,0.0,0.0,0.0,0.0,0.0,0.0,0.0,0.0,0.0,0.0,1,1,1,1,1,1,1,1,1,1,1,1,1,1,1,1,1,1,1,1,1,1,1,1,1,1,1,1,1,1,1.0
2648028,2,01/07/1999,1,73.9,251.8,4.0,12.0,1,1,0,2192.2,2,0.0,47.3,70.0,73.9,9.1,0.0,19.3,0.5,0.0,7.0,6.0,0.0,0.0,0.0,0.0,0.0,0.0,1.5,0.0,0.0,0.0,0.0,0.0,0.0,0.0,0.0,0.0,5.0,2.4,0.0,9.8,1,1,1,1,1,1,1,1,1,1,1,1,1,1,1,1,1,1,1,1,1,1,1,1,1,1,1,1,1,1,1.0
2648028,1,01/07/1999,1,73.9,251.8,4.0,12.0,1,1,0,,0,0.0,47.3,70.0,73.9,9.1,0.0,19.3,0.5,0.0,7.0,6.0,0.0,0.0,0.0,0.0,0.0,0.0,1.5,0.0,0.0,0.0,0.0,0.0,0.0,0.0,0.0,0.0,5.0,2.4,0.0,9.8,1,1,1,1,1,1,1,1,1,1,1,1,1,1,1,1,1,1,1,1,1,1,1,1,1,1,1,1,1,1,1.0
2648028,2,01/06/1999,1,,93.8,,,0,2,0,2192.2,2,0.0,0.0,0.0,0.0,0.0,0.0,0.0,14.7,,14.0,0.0,0.0,0.0,0.0,0.0,0.0,0.0,,2.0,7.5,16.6,4.8,0.0,0.0,1.5,1.1,0.0,0.0,0.0,0.0,,1,1,1,1,1,1,1,1,0,1,1,1,1,1,1,1,1,0,1,1,1,1,1,1,1,1,1,1,1,1,0.0
2648028,1,01/06/1999,1,16.6,62.2,21.0,8.0,1,1,0,,0,0.0,0.0,0.0,0.0,0.0,0.0,0.0,14.7,0.0,14.0,0.0,0.0,0.0,0.0,0.0,0.0,0.0,0.0,2.0,7.5,16.6,4.8,0.0,0.0,1.5,1.1,0.0,0.0,0.0,0.0,,1,1,1,1,1,1,1,1,1,1,1,1,1,1,1,1,1,1,1,1,1,1,1,1,1,1,1,1,1,1,0.0
2648028,2,01/05/1999,1,26.1,92.3,11.0,,1,2,0,2192.2,2,0.0,0.0,0.0,0.0,0.0,,0.0,0.0,0.0,,26.1,0.0,0.0,0.0,0.0,0.4,0.0,0.0,0.0,10.0,0.0,0.0,0.0,0.0,0.0,0.0,0.0,0.0,,26.0,0.0,1,1,1,1,1,0,1,1,1,0,1,1,1,1,1,1,1,1,1,1,1,1,1,1,1,1,1,1,0,1,1.0
2648028,1,01/05/1999,1,26.1,62.5,11.0,4.0,3,3,0,,0,0.0,0.0,0.0,0.0,0.0,0.0,0.0,0.0,0.0,0.0,26.1,0.0,0.0,0.0,0.0,0.0,0.4,0.0,0.0,10.0,0.0,0.0,0.0,0.0,0.0,0.0,0.0,0.0,0.0,26.0,0.0,1,1,1,1,1,3,1,1,1,1,1,1,1,1,1,1,1,1,1,1,1,1,1,1,1,1,1,1,3,1,1.0
2648028,2,01/04/1999,1,,97.2,,,0,2,0,2192.2,2,6.1,,15.0,0.0,10.0,0.0,5.8,0.0,0.0,0.0,40.8,0.5,0.0,0.0,0.0,32.2,0.0,0.0,0.0,0.0,0.0,0.0,0.0,0.0,0.0,0.0,3.1,6.0,,0.0,,1,0,4,1,1,1,1,1,1,1,1,1,1,1,1,1,1,1,1,1,1,1,1,1,1,1,1,1,0,1,0.0
2648028,1,01/04/1999,1,,,,,0,0,0,,0,0.0,0.0,15.0,0.0,10.0,0.0,5.8,0.0,0.0,0.0,40.8,0.5,0.0,0.0,0.0,32.2,0.0,0.0,0.0,0.0,0.0,0.0,0.0,0.0,0.0,0.0,3.1,6.0,,,,1,1,1,1,1,1,1,1,1,1,1,1,1,1,1,1,1,1,1,1,1,1,1,1,1,1,1,1,0,0,0.0
2648028,2,01/03/1999,1,73.3,205.0,31.0,9.0,1,1,0,2192.2,2,0.0,0.0,0.0,0.0,0.0,13.7,23.4,23.3,0.0,0.0,41.2,0.0,2.8,0.0,5.5,0.0,0.0,0.0,0.0,0.0,0.0,14.3,0.0,0.0,0.0,0.0,0.0,0.0,0.0,7.5,73.3,1,1,1,1,1,1,1,1,1,1,1,1,1,1,1,1,1,1,1,1,1,1,1,1,1,1,1,1,1,1,1.0
2648028,1,01/03/1999,1,73.3,205.0,31.0,9.0,1,1,0,,0,0.0,0.0,0.0,0.0,0.0,13.7,23.4,23.3,0.0,0.0,41.2,0.0,2.8,0.0,5.5,0.0,0.0,0.0,0.0,0.0,0.0,14.3,0.0,0.0,0.0,0.0,0.0,0.0,0.0,7.5,73.3,1,1,1,1,1,1,1,1,1,1,1,1,1,1,1,1,1,1,1,1,1,1,1,1,1,1,1,1,1,1,1.0
2648028,2,01/02/1999,1,49.3,299.1,22.0,,1,1,0,2192.2,2,,,29.2,0.0,0.0,0.0,0.0,16.3,7.5,24.3,0.0,0.0,0.0,35.3,3.3,8.5,30.0,34.0,0.0,0.0,7.0,49.3,40.4,14.0,0.0,0.0,0.0,0.0,,,,0,0,4,1,1,1,1,1,1,1,1,1,1,1,1,1,1,1,1,1,1,1,1,1,1,1,1,1,0,0,0.0
2648028,1,01/02/1999,1,49.3,299.1,22.0,13.0,1,1,0,,0,0.0,29.2,0.0,0.0,0.0,0.0,0.0,16.3,7.5,24.3,0.0,0.0,0.0,35.3,3.3,8.5,30.0,34.0,0.0,0.0,7.0,49.3,40.4,14.0,0.0,0.0,0.0,0.0,,,,1,1,1,1,1,1,1,1,1,1,1,1,1,1,1,1,1,1,1,1,1,1,1,1,1,1,1,1,0,0,0.0
2648028,2,01/01/1999,1,111.0,496.0,5.0,,1,2,0,2192.2,2,0.0,0.0,0.0,0.0,111.0,7.4,33.6,12.9,,20.5,11.7,7.7,8.5,10.4,0.0,4.7,2.3,8.8,33.7,0.0,35.2,33.2,0.0,68.9,29.8,0.0,25.3,0.0,0.0,0.0,0.0,1,1,1,1,1,1,1,1,0,1,1,1,1,1,1,1,1,1,1,1,1,1,1,1,1,1,1,1,1,1,1.0
2648028,1,01/01/1999,1,111.0,465.8,5.0,18.0,1,1,0,,0,0.0,0.0,0.0,0.0,111.0,7.4,33.6,12.9,0.0,20.5,11.7,7.7,8.7,10.4,4.7,0.0,2.3,8.8,33.7,0.0,35.2,33.2,0.0,68.9,29.8,0.0,25.3,0.0,0.0,0.0,0.0,1,1,1,1,1,1,1,1,1,1,1,1,1,1,1,1,1,1,1,1,1,1,1,1,1,1,1,1,1,1,1.0
2648028,2,01/12/1998,1,64.2,228.1,11.0,,1,2,0,2851.2,2,0.0,0.0,0.0,0.0,10.0,0.0,0.0,0.0,11.4,46.7,64.2,3.0,0.0,0.0,18.0,0.0,25.6,0.0,0.0,0.0,0.0,13.0,17.0,5.2,,4.1,0.0,0.0,0.0,0.0,0.0,1,1,1,1,1,1,1,1,1,1,1,1,1,1,1,1,1,1,1,1,1,1,1,1,0,1,1,1,1,1,1.0
2648028,1,01/12/1998,1,64.2,216.2,11.0,11.0,1,1,0,2710.9,1,0.0,0.0,0.0,0.0,10.0,0.0,0.0,0.0,11.4,44.7,64.2,3.0,0.0,0.0,18.0,0.0,25.6,0.0,0.0,0.0,0.0,13.0,17.0,5.2,0.0,4.1,0.0,0.0,0.0,0.0,0.0,1,1,1,1,1,1,1,1,1,1,1,1,1,1,1,1,1,1,1,1,1,1,1,1,1,1,1,1,1,1,1.0
2648028,2,01/11/1998,1,64.1,145.7,11.0,8.0,1,1,0,2851.2,2,0.0,0.0,0.0,0.0,0.0,0.0,0.0,23.0,0.0,6.9,64.1,7.2,32.3,2.4,0.0,0.0,0.0,0.0,0.0,0.0,0.0,3.2,0.0,0.0,0.0,0.0,6.6,0.0,0.0,0.0,,1,1,1,1,1,1,1,1,1,1,1,1,1,1,1,1,1,1,1,1,1,1,1,1,1,1,1,1,1,1,0.0
2648028,1,01/11/1998,1,64.1,145.7,11.0,8.0,1,1,0,2710.9,1,0.0,0.0,0.0,0.0,0.0,0.0,0.0,23.0,0.0,6.9,64.1,7.2,32.3,2.4,0.0,0.0,0.0,0.0,0.0,0.0,0.0,3.2,0.0,0.0,0.0,0.0,6.6,0.0,0.0,0.0,,1,1,1,1,1,1,1,1,1,1,1,1,1,1,1,1,1,1,1,1,1,1,1,1,1,1,1,1,1,1,0.0
2648028,2,01/10/1998,1,56.5,255.4,26.0,15.0,1,1,1,2851.2,2,26.2,14.7,1.1,21.1,25.0,0.0,29.2,16.4,2.2,0.0,10.0,0.0,0.0,0.0,0.0,0.0,17.4,0.0,0.0,0.0,0.0,0.0,0.0,22.6,0.0,56.5,7.8,2.0,0.0,0.0,3.2,1,1,1,1,1,1,1,1,1,1,1,1,1,1,1,1,1,1,1,1,1,1,1,1,1,1,1,1,1,1,1.0
2648028,1,01/10/1998,1,56.5,248.8,26.0,15.0,1,1,0,2710.9,1,19.7,14.7,1.1,21.1,25.0,0.0,29.2,16.4,2.2,0.0,10.0,0.0,0.0,0.0,0.0,0.0,17.4,0.0,0.0,0.0,0.0,0.0,0.0,22.6,0.0,56.5,7.8,2.0,0.0,0.0,3.1,1,1,1,1,1,1,1,1,1,1,1,1,1,1,1,1,1,1,1,1,1,1,1,1,1,1,1,1,1,1,1.0
2648028,2,01/09/1998,1,74.7,326.3,20.0,17.0,1,1,1,2851.2,2,0.0,0.0,0.0,0.0,30.0,0.0,24.9,12.0,5.7,0.0,6.0,0.0,46.3,6.6,14.9,3.6,0.0,0.0,25.1,74.7,7.9,0.0,6.9,0.0,0.0,0.0,22.6,26.2,7.2,5.7,,1,1,1,1,1,1,1,1,1,1,1,1,1,1,1,1,1,1,1,1,1,1,1,1,1,1,1,1,1,1,0.0
2648028,1,01/09/1998,1,74.7,322.7,20.0,16.0,1,1,0,2710.9,1,0.0,0.0,0.0,0.0,30.0,0.0,24.9,12.0,5.7,0.0,6.0,0.0,46.3,6.6,14.9,0.0,0.0,0.0,25.1,74.7,7.9,0.0,6.9,0.0,0.0,0.0,22.6,26.2,7.2,5.7,,1,1,1,1,1,1,1,1,1,1,1,1,1,1,1,1,1,1,1,1,1,1,1,1,1,1,1,1,1,1,0.0
2648028,2,01/08/1998,1,53.8,363.4,14.0,16.0,1,1,1,2851.2,2,3.9,24.1,0.0,0.0,31.7,24.3,0.0,0.0,9.1,27.1,44.0,4.0,25.3,53.8,0.0,0.0,4.1,23.3,26.7,0.0,25.0,21.1,15.9,0.0,0.0,0.0,0.0,0.0,0.0,0.0,0.0,1,1,1,1,1,1,1,1,1,1,1,1,1,1,1,1,1,1,1,1,1,1,1,1,1,1,1,1,1,1,1.0
2648028,1,01/08/1998,1,44.0,296.4,11.0,16.0,1,1,0,2710.9,1,3.9,24.1,0.0,0.0,31.7,0.4,0.0,0.0,9.1,27.1,44.0,4.0,25.3,17.2,0.0,0.0,4.1,23.3,26.7,0.0,25.0,21.1,9.4,0.0,0.0,0.0,0.0,0.0,0.0,0.0,0.0,1,1,1,1,1,1,1,1,1,1,1,1,1,1,1,1,1,1,1,1,1,1,1,1,1,1,1,1,1,1,1.0
2648028,2,01/07/1998,1,,139.0,,,0,2,0,2851.2,2,0.0,0.0,43.5,0.0,0.0,0.0,0.0,15.3,,0.0,0.0,0.0,0.0,0.0,0.0,0.0,0.0,0.0,,,22.4,0.0,0.0,0.0,0.0,0.0,0.0,0.0,0.0,0.0,0.0,1,1,1,1,1,1,1,1,0,1,1,1,1,1,1,1,1,1,0,0,1,1,1,1,1,1,1,1,1,1,1.0
2648028,1,01/07/1998,1,43.5,81.2,3.0,3.0,1,1,0,2710.9,1,0.0,0.0,43.5,0.0,0.0,0.0,0.0,15.3,0.0,0.0,0.0,0.0,0.0,0.0,0.0,0.0,0.0,0.0,0.0,0.0,22.4,0.0,0.0,0.0,0.0,0.0,0.0,0.0,0.0,0.0,0.0,1,1,1,1,1,1,1,1,1,1,1,1,1,1,1,1,1,1,1,1,1,1,1,1,1,1,1,1,1,1,1.0
2648028,2,01/06/1998,1,45.5,64.3,19.0,2.0,1,1,1,2851.2,2,0.0,0.0,0.0,0.0,0.0,0.0,0.0,0.0,0.0,0.0,0.0,0.0,0.0,0.0,0.0,0.0,0.0,0.0,45.5,0.0,0.0,0.0,0.0,18.8,0.0,0.0,0.0,0.0,0.0,0.0,,1,1,1,1,1,1,1,1,1,1,1,1,1,1,1,1,1,1,1,1,1,1,1,1,1,1,1,1,1,1,0.0
2648028,1,01/06/1998,1,45.5,64.3,20.0,2.0,1,1,0,2710.9,1,0.0,0.0,0.0,0.0,0.0,0.0,0.0,0.0,0.0,0.0,0.0,0.0,0.0,0.0,0.0,0.0,0.0,0.0,0.0,45.5,0.0,0.0,0.0,18.8,0.0,0.0,0.0,0.0,0.0,0.0,,1,1,1,1,1,1,1,1,1,1,1,1,1,1,1,1,1,1,1,1,1,1,1,1,1,1,1,1,1,1,0.0
2648028,2,01/05/1998,1,10.0,17.6,30.0,2.0,1,1,0,2851.2,2,0.0,0.0,0.0,0.0,0.0,0.0,0.0,0.0,0.0,0.0,0.0,0.0,0.0,0.0,0.0,0.0,0.0,0.0,0.0,0.0,0.0,0.0,0.0,0.0,0.0,0.0,0.0,0.0,0.0,10.0,7.6,1,1,1,1,1,1,1,1,1,1,1,1,1,1,1,1,1,1,1,1,1,1,1,1,1,1,1,1,1,1,1.0
2648028,1,01/05/1998,1,10.0,17.6,30.0,2.0,1,1,0,2710.9,1,0.0,0.0,0.0,0.0,0.0,0.0,0.0,0.0,0.0,0.0,0.0,0.0,0.0,0.0,0.0,0.0,0.0,0.0,0.0,0.0,0.0,0.0,0.0,0.0,0.0,0.0,0.0,0.0,0.0,10.0,7.6,1,1,1,1,1,1,1,1,1,1,1,1,1,1,1,1,1,1,1,1,1,1,1,1,1,1,1,1,1,1,1.0
2648028,2,01/04/1998,1,46.1,154.5,24.0,10.0,1,1,1,2851.2,2,7.0,0.0,0.0,0.0,4.8,5.0,0.0,0.0,0.0,10.2,0.0,0.0,0.0,0.0,0.0,14.7,10.0,0.0,0.0,0.0,0.0,0.0,9.8,46.1,0.0,0.0,13.6,33.3,0.0,0.0,,1,1,1,1,1,1,1,1,1,1,1,1,1,1,1,1,1,1,1,1,1,1,1,1,1,1,1,1,1,1,0.0
2648028,1,01/04/1998,1,46.1,154.0,24.0,9.0,1,1,0,2710.9,1,7.0,0.0,0.0,0.0,0.0,9.3,0.0,0.0,0.0,0.0,0.0,10.2,0.0,0.0,0.0,14.7,10.0,0.0,0.0,0.0,0.0,0.0,9.8,46.1,0.0,0.0,13.6,33.3,0.0,0.0,,1,1,1,1,1,1,1,1,1,1,1,1,1,1,1,1,1,1,1,1,1,1,1,1,1,1,1,1,1,1,0.0
2648028,2,01/03/1998,1,52.2,289.4,21.0,,1,2,0,2851.2,2,0.0,0.0,0.0,0.0,0.0,0.0,0.0,0.0,0.0,0.0,0.0,13.9,,29.0,0.0,0.0,0.0,,52.2,0.0,0.0,0.0,14.8,40.9,36.0,0.0,0.0,0.0,20.0,11.4,22.0,1,1,1,1,1,1,1,1,1,1,1,1,0,4,1,1,1,0,1,1,1,1,1,1,1,1,1,1,1,1,1.0
2648028,1,01/03/1998,1,52.2,240.2,21.0,9.0,1,1,0,2710.9,1,0.0,0.0,0.0,0.0,0.0,0.0,0.0,0.0,0.0,0.0,0.0,13.9,0.0,29.0,0.0,0.0,0.0,0.0,0.0,0.0,52.2,0.0,14.8,40.9,36.0,0.0,0.0,0.0,20.0,11.4,22.0,1,1,1,1,1,1,1,1,1,1,1,1,1,1,1,1,1,1,1,1,1,1,1,1,1,1,1,1,1,1,1.0
2648028,2,01/02/1998,1,104.3,486.4,17.0,,1,2,0,2851.2,2,,7.0,15.0,1.3,0.0,8.1,0.0,0.0,0.0,0.0,40.2,0.0,0.0,0.0,36.2,32.7,104.3,12.0,0.0,0.0,0.0,78.0,28.0,15.1,0.0,0.0,0.0,86.5,,,,0,1,1,1,1,1,1,1,1,1,1,1,1,1,1,1,1,1,1,1,1,1,1,1,1,1,1,1,0,0,0.0
2648028,1,01/02/1998,1,104.3,542.7,17.0,14.0,1,1,0,2710.9,1,78.3,7.0,15.0,1.3,0.0,8.1,0.0,0.0,0.0,0.0,40.2,0.0,0.0,0.0,36.2,32.7,104.3,12.0,0.0,0.0,0.0,78.0,28.0,15.1,0.0,0.0,0.0,86.5,,,,1,1,1,1,1,1,1,1,1,1,1,1,1,1,1,1,1,1,1,1,1,1,1,1,1,1,1,1,0,0,0.0
2648028,2,01/01/1998,1,78.4,381.1,8.0,20.0,1,1,1,2851.2,2,0.0,26.0,45.6,20.2,22.0,3.8,5.7,78.4,8.2,5.7,0.7,0.0,0.0,0.0,46.7,19.3,0.0,0.0,0.0,5.8,0.0,0.0,13.4,1.5,35.0,10.7,0.0,0.0,16.5,3.1,12.8,1,1,1,1,1,1,1,1,1,1,1,1,1,1,1,1,1,1,1,1,1,1,1,1,1,1,1,1,1,1,1.0
2648028,1,01/01/1998,1,78.4,381.1,8.0,20.0,1,1,0,2710.9,1,0.0,26.0,45.6,20.2,22.0,3.8,5.7,78.4,8.2,5.7,0.7,0.0,0.0,0.0,46.7,19.3,0.0,0.0,0.0,5.8,0.0,0.0,35.0,1.5,13.4,10.7,0.0,0.0,16.5,3.1,12.8,1,1,1,1,1,1,1,1,1,1,1,1,1,1,1,1,1,1,1,1,1,1,1,1,1,1,1,1,1,1,1.0
2648028,2,01/12/1997,1,51.0,249.6,29.0,,1,1,0,1887.4,2,0.0,2.8,0.0,0.0,0.0,0.0,0.0,21.0,0.0,0.0,0.0,0.0,0.0,0.0,0.6,2.0,,,24.0,0.0,0.0,26.8,0.0,0.0,31.2,0.0,15.4,25.0,51.0,0.0,49.8,1,1,1,1,1,1,1,1,1,1,1,1,1,1,1,1,0,0,4,1,1,1,1,1,1,1,1,1,1,1,1.0
2648028,1,01/12/1997,1,51.0,249.6,29.0,11.0,1,1,0,1835.3,1,0.0,0.0,2.8,0.0,0.0,0.0,0.0,21.0,0.0,0.0,0.0,0.0,0.0,0.0,0.6,2.0,0.0,0.0,24.0,0.0,0.0,26.8,0.0,0.0,31.2,0.0,15.4,25.0,51.0,0.0,49.8,1,1,1,1,1,1,1,1,1,1,1,1,1,1,1,1,1,1,1,1,1,1,1,1,1,1,1,1,1,1,1.0
2648028,2,01/11/1997,1,40.4,264.7,18.0,14.0,1,1,1,1887.4,2,7.4,3.2,16.1,6.4,17.0,31.2,0.0,0.0,0.0,0.0,0.0,37.5,0.0,0.0,0.0,0.0,15.9,40.4,31.3,6.0,0.0,0.0,0.0,0.0,23.4,24.7,0.0,0.0,4.2,0.0,,1,1,1,1,1,1,1,1,1,1,1,1,1,1,1,1,1,1,1,1,1,1,1,1,1,1,1,1,1,1,0.0
2648028,1,01/11/1997,1,40.4,236.9,18.0,14.0,1,1,0,1835.3,1,7.4,3.2,16.1,6.4,17.0,31.2,0.0,0.0,0.0,0.0,0.0,37.5,0.0,0.0,0.0,0.0,15.9,40.4,3.5,0.0,6.0,0.0,0.0,0.0,23.4,24.7,0.0,0.0,4.2,0.0,,1,1,1,1,1,1,1,1,1,1,1,1,1,1,1,1,1,1,1,1,1,1,1,1,1,1,1,1,1,1,0.0
2648028,2,01/10/1997,1,41.9,346.1,22.0,21.0,1,1,1,1887.4,2,25.5,6.5,3.5,2.8,0.0,35.4,7.7,8.6,30.9,19.9,37.3,8.6,0.0,0.8,0.0,0.0,5.0,1.1,6.3,23.1,17.2,41.9,2.1,0.0,0.0,0.0,0.0,0.0,0.0,22.6,39.3,1,1,1,1,1,1,1,1,1,1,1,1,1,1,1,1,1,1,1,1,1,1,1,1,1,1,1,1,1,1,1.0
2648028,1,01/10/1997,1,41.9,346.1,22.0,22.0,1,1,0,1835.3,1,25.5,6.5,3.5,0.0,2.8,35.4,7.7,8.6,30.9,19.9,37.3,8.6,0.0,0.8,0.0,0.0,5.0,1.1,6.3,23.1,17.2,41.9,2.1,0.0,0.0,0.0,0.0,0.0,11.6,11.0,39.3,1,1,1,1,1,1,1,1,1,1,1,1,1,1,1,1,1,1,1,1,1,1,1,1,1,1,1,1,1,1,1.0
2648028,2,01/09/1997,1,42.0,108.2,15.0,9.0,1,1,1,1887.4,2,0.0,0.0,0.0,0.0,0.0,0.0,0.0,0.0,0.0,0.0,5.0,0.0,0.0,0.0,42.0,0.0,0.0,0.0,0.0,0.0,9.5,13.0,0.0,0.0,0.0,6.4,14.5,2.0,12.0,3.8,,1,1,1,1,1,1,1,1,1,1,1,1,1,1,1,1,1,1,1,1,1,1,1,1,1,1,1,1,1,1,0.0
2648028,1,01/09/1997,1,42.0,108.2,15.0,9.0,1,1,0,1835.3,1,0.0,0.0,0.0,0.0,0.0,0.0,0.0,0.0,0.0,0.0,5.0,0.0,0.0,0.0,42.0,0.0,0.0,0.0,0.0,9.5,0.0,13.0,0.0,0.0,0.0,6.4,14.5,2.0,12.0,3.8,,1,1,1,1,1,1,1,1,1,1,1,1,1,1,1,1,1,1,1,1,1,1,1,1,1,1,1,1,1,1,0.0
2648028,2,01/08/1997,1,25.1,132.2,22.0,11.0,1,1,0,1887.4,2,0.0,20.0,3.0,4.3,5.0,0.0,12.2,4.3,2.0,0.0,0.0,0.0,0.0,0.0,0.0,0.0,0.0,0.0,0.0,0.0,23.5,25.1,14.4,18.4,0.0,0.0,0.0,0.0,0.0,0.0,0.0,1,1,1,1,1,1,1,1,1,1,1,1,1,1,1,1,1,1,1,1,1,1,1,1,1,1,1,1,1,1,1.0
2648028,1,01/08/1997,1,25.1,132.2,22.0,11.0,1,1,0,1835.3,1,0.0,20.0,3.0,4.3,5.0,0.0,12.2,4.3,2.0,0.0,0.0,0.0,0.0,0.0,0.0,0.0,0.0,0.0,0.0,0.0,23.5,25.1,14.4,18.4,0.0,0.0,0.0,0.0,0.0,0.0,0.0,1,1,1,1,1,1,1,1,1,1,1,1,1,1,1,1,1,1,1,1,1,1,1,1,1,1,1,1,1,1,1.0
2648028,2,01/07/1997,1,,66.1,,,0,2,0,1887.4,2,0.0,1.6,,3.4,1.7,0.0,0.0,3.6,0.0,0.0,0.0,0.0,0.0,0.0,0.0,0.0,0.0,12.0,8.2,3.2,15.0,10.2,7.2,0.0,0.0,0.0,0.0,0.0,0.0,0.0,0.0,1,1,0,1,1,1,1,1,1,1,1,1,1,1,1,1,1,1,1,1,1,1,1,1,1,1,1,1,1,1,1.0
2648028,1,01/07/1997,1,27.3,93.4,3.0,11.0,1,1,0,1835.3,1,0.0,1.6,27.3,3.4,1.7,0.0,0.0,3.6,0.0,0.0,0.0,0.0,0.0,0.0,0.0,0.0,0.0,12.0,8.2,3.2,15.0,10.2,7.2,0.0,0.0,0.0,0.0,0.0,0.0,0.0,0.0,1,1,1,1,1,1,1,1,1,1,1,1,1,1,1,1,1,1,1,1,1,1,1,1,1,1,1,1,1,1,1.0
2648028,2,01/06/1997,1,20.0,93.8,27.0,7.0,1,1,1,1887.4,2,0.0,0.0,0.0,0.0,0.0,0.0,0.0,0.0,0.0,0.0,0.0,0.0,0.0,16.6,0.0,0.0,0.0,0.0,2.7,17.1,0.0,0.0,0.0,0.0,0.0,0.0,20.0,13.6,4.5,19.3,,1,1,1,1,1,1,1,1,1,1,1,1,1,1,1,1,1,1,1,1,1,1,1,1,1,1,1,1,1,1,0.0
2648028,1,01/06/1997,1,20.0,93.8,27.0,9.0,1,1,0,1835.3,1,0.0,0.0,0.0,0.0,0.0,0.0,0.0,0.0,0.0,0.0,0.0,0.0,0.0,0.0,0.0,5.5,3.4,7.7,2.7,17.1,0.0,0.0,0.0,0.0,0.0,0.0,20.0,13.6,4.5,19.3,,1,1,1,1,1,1,1,1,1,1,1,1,1,1,1,1,1,1,1,1,1,1,1,1,1,1,1,1,1,1,0.0
2648028,2,01/05/1997,1,20.0,67.8,28.0,,1,2,0,1887.4,2,0.0,0.0,0.0,0.0,0.0,0.0,0.0,0.0,0.0,0.0,0.0,0.0,0.0,,5.0,17.0,,0.0,0.0,0.0,0.0,16.6,0.0,0.0,20.0,0.0,0.0,0.0,0.0,0.0,0.0,1,1,1,1,1,1,1,1,1,1,1,1,1,0,1,1,0,1,1,1,1,1,1,1,1,1,1,1,1,1,1.0
2648028,1,01/05/1997,1,20.0,58.6,28.0,4.0,1,1,0,1835.3,1,0.0,0.0,0.0,0.0,0.0,0.0,0.0,0.0,0.0,0.0,0.0,0.0,0.0,0.0,5.0,17.0,0.0,0.0,0.0,0.0,0.0,16.6,0.0,0.0,0.0,0.0,0.0,20.0,0.0,0.0,0.0,1,1,1,1,1,1,1,1,1,1,1,1,1,1,1,1,1,1,1,1,1,1,1,1,1,1,1,1,1,1,1.0
2648028,2,01/04/1997,1,17.2,39.3,2.0,,1,2,0,1887.4,2,0.0,17.2,0.0,0.0,7.4,0.0,0.0,0.0,0.0,0.0,0.0,0.0,0.0,0.0,0.0,3.2,0.0,,0.0,0.0,0.0,10.0,0.0,0.0,0.0,0.0,0.0,0.0,0.0,0.0,,1,1,1,1,1,1,1,1,1,1,1,1,1,1,1,1,1,0,1,1,1,1,1,1,1,1,1,1,1,1,0.0
2648028,1,01/04/1997,1,17.2,53.3,2.0,5.0,1,1,0,1835.3,1,0.0,17.2,0.0,0.0,7.4,0.0,0.0,0.0,0.0,0.0,0.0,0.0,0.0,0.0,0.0,3.2,0.0,15.5,0.0,10.0,0.0,0.0,0.0,0.0,0.0,0.0,0.0,0.0,0.0,0.0,,1,1,1,1,1,1,1,1,1,1,1,1,1,1,1,1,1,1,1,1,1,1,1,1,1,1,1,1,1,1,0.0
2648028,2,01/03/1997,1,34.2,98.8,6.0,10.0,1,1,1,1887.4,2,6.7,0.0,12.4,1.0,7.8,34.2,0.0,0.0,10.4,0.0,2.3,0.0,0.0,0.0,16.1,0.0,2.6,0.0,0.0,0.0,0.0,0.0,0.0,0.0,0.0,0.0,0.0,0.0,0.0,0.0,5.3,1,1,1,1,1,1,1,1,1,1,1,1,1,1,1,1,1,1,1,1,1,1,1,1,1,1,1,1,1,1,1.0
2648028,1,01/03/1997,1,34.2,98.8,7.0,10.0,1,1,0,1835.3,1,6.7,0.0,12.4,1.0,7.8,0.0,34.2,0.0,0.0,10.4,2.3,0.0,16.1,0.0,0.0,0.0,2.6,0.0,0.0,0.0,0.0,0.0,0.0,0.0,0.0,0.0,0.0,0.0,0.0,0.0,5.3,1,1,1,1,1,1,1,1,1,1,1,1,1,1,1,1,1,1,1,1,1,1,1,1,1,1,1,1,1,1,1.0
2648028,2,01/02/1997,1,56.0,116.3,1.0,8.0,1,1,0,1887.4,2,56.0,0.0,17.5,0.0,0.0,0.0,0.0,3.5,0.0,0.0,0.0,0.0,0.0,0.0,0.0,0.0,0.0,0.0,5.4,10.7,13.7,3.0,0.0,0.0,6.5,0.0,0.0,0.0,,,,1,1,1,1,1,1,1,1,1,1,1,1,1,1,1,1,1,1,1,1,1,1,1,1,1,1,1,1,0,0,0.0
2648028,1,01/02/1997,1,17.5,59.9,3.0,7.0,1,1,0,1835.3,1,0.0,0.0,17.5,0.0,0.0,0.0,0.0,3.5,0.0,0.0,0.0,0.0,0.0,0.0,0.0,0.0,0.0,0.0,5.4,10.7,13.7,3.0,0.0,0.0,6.1,0.0,0.0,0.0,,,,1,1,1,1,1,1,1,1,1,1,1,1,1,1,1,1,1,1,1,1,1,1,1,1,1,1,1,1,0,0,0.0
2648028,2,01/01/1997,1,73.2,304.5,21.0,15.0,1,1,1,1887.4,2,9.9,24.0,0.5,0.0,0.0,0.0,0.0,0.0,0.0,7.8,10.2,0.0,0.0,0.0,0.0,0.0,4.5,0.0,0.0,29.8,73.2,39.8,36.0,1.7,14.5,30.0,5.8,0.0,0.0,0.0,16.8,1,1,1,1,1,1,1,1,1,1,1,1,1,1,1,1,1,1,1,1,1,1,1,1,1,1,1,1,1,1,1.0
2648028,1,01/01/1997,1,73.2,304.5,21.0,15.0,1,1,0,1835.3,1,24.0,9.9,0.5,0.0,0.0,0.0,0.0,0.0,7.8,10.2,0.0,0.0,0.0,0.0,0.0,0.0,4.5,0.0,0.0,29.8,73.2,39.8,36.0,1.7,14.5,30.0,5.8,0.0,0.0,0.0,16.8,1,1,1,1,1,1,1,1,1,1,1,1,1,1,1,1,1,1,1,1,1,1,1,1,1,1,1,1,1,1,1.0
2648028,2,01/12/1996,1,41.0,178.9,29.0,16.0,1,1,0,1911.6,1,0.0,0.0,3.7,0.0,0.0,12.5,5.2,1.0,0.0,0.0,10.0,0.0,2.9,8.6,7.4,0.0,0.3,0.0,0.0,19.8,0.0,34.2,2.0,0.0,8.0,0.0,0.0,20.7,41.0,1.6,0.0,1,1,1,1,1,1,1,1,1,1,1,1,1,1,1,1,1,1,1,1,1,1,1,1,1,1,1,1,1,1,1.0
2648028,1,01/12/1996,1,41.0,178.9,29.0,16.0,1,1,0,1911.6,1,0.0,0.0,3.7,0.0,0.0,12.5,5.2,1.0,0.0,0.0,10.0,0.0,2.9,8.6,7.4,0.0,0.3,0.0,0.0,19.8,0.0,34.2,2.0,0.0,8.0,0.0,0.0,20.7,41.0,1.6,0.0,1,1,1,1,1,1,1,1,1,1,1,1,1,1,1,1,1,1,1,1,1,1,1,1,1,1,1,1,1,1,1.0
2648028,2,01/11/1996,1,27.1,64.2,11.0,5.0,1,1,0,1911.6,1,0.0,0.0,0.0,0.0,0.0,0.0,0.0,0.0,0.0,0.0,27.1,0.0,0.0,0.0,0.0,5.7,18.4,0.0,0.0,0.0,4.2,8.8,0.0,0.0,0.0,0.0,0.0,0.0,0.0,0.0,,1,1,1,1,1,1,1,1,1,1,1,1,1,1,1,1,1,1,1,1,1,1,1,1,1,1,1,1,1,1,0.0
2648028,1,01/11/1996,1,27.1,64.2,11.0,5.0,1,1,0,1911.6,1,0.0,0.0,0.0,0.0,0.0,0.0,0.0,0.0,0.0,0.0,27.1,0.0,0.0,0.0,0.0,5.7,18.4,0.0,0.0,0.0,4.2,8.8,0.0,0.0,0.0,0.0,0.0,0.0,0.0,0.0,,1,1,1,1,1,1,1,1,1,1,1,1,1,1,1,1,1,1,1,1,1,1,1,1,1,1,1,1,1,1,0.0
2648028,2,01/10/1996,1,30.4,119.9,3.0,11.0,1,1,0,1911.6,1,0.0,0.0,30.4,0.0,0.0,0.0,0.0,0.0,0.0,2.5,5.8,2.4,3.4,9.8,0.0,0.0,0.0,0.0,0.0,15.7,26.9,16.0,3.0,0.0,4.0,0.0,0.0,0.0,0.0,0.0,0.0,1,1,1,1,1,1,1,1,1,1,1,1,1,1,1,1,1,1,1,1,1,1,1,1,1,1,1,1,1,1,1.0
2648028,1,01/10/1996,1,30.4,119.9,3.0,11.0,1,1,0,1911.6,1,0.0,0.0,30.4,0.0,0.0,0.0,0.0,0.0,0.0,2.5,5.8,2.4,3.4,9.8,0.0,0.0,0.0,0.0,0.0,15.7,26.9,16.0,3.0,0.0,4.0,0.0,0.0,0.0,0.0,0.0,0.0,1,1,1,1,1,1,1,1,1,1,1,1,1,1,1,1,1,1,1,1,1,1,1,1,1,1,1,1,1,1,1.0
2648028,2,01/09/1996,1,34.9,190.1,26.0,12.0,1,1,0,1911.6,1,18.1,0.0,0.0,32.0,0.0,0.0,0.0,0.0,0.0,0.0,0.0,0.0,0.0,10.7,0.0,0.0,13.2,1.3,0.0,0.0,0.0,0.0,0.0,9.7,15.4,34.9,24.7,25.0,2.8,2.3,,1,1,1,1,1,1,1,1,1,1,1,1,1,1,1,1,1,1,1,1,1,1,1,1,1,1,1,1,1,1,0.0
2648028,1,01/09/1996,1,34.9,190.1,26.0,12.0,1,1,0,1911.6,1,18.1,0.0,0.0,32.0,0.0,0.0,0.0,0.0,0.0,0.0,0.0,0.0,0.0,10.7,0.0,0.0,13.2,1.3,0.0,0.0,0.0,0.0,0.0,9.7,15.4,34.9,24.7,25.0,2.8,2.3,,1,1,1,1,1,1,1,1,1,1,1,1,1,1,1,1,1,1,1,1,1,1,1,1,1,1,1,1,1,1,0.0
2648028,2,01/08/1996,1,13.6,29.4,10.0,3.0,1,1,0,1911.6,1,0.0,0.0,0.0,0.0,0.0,0.0,0.0,0.0,0.0,13.6,0.0,0.0,0.0,0.0,0.0,0.0,0.0,0.0,0.0,0.0,0.0,0.0,0.0,0.0,0.0,0.0,0.0,0.0,0.0,8.3,7.5,1,1,1,1,1,1,1,1,1,1,1,1,1,1,1,1,1,1,1,1,1,1,1,1,1,1,1,1,1,1,1.0
2648028,1,01/08/1996,1,13.6,29.4,10.0,3.0,1,1,0,1911.6,1,0.0,0.0,0.0,0.0,0.0,0.0,0.0,0.0,0.0,13.6,0.0,0.0,0.0,0.0,0.0,0.0,0.0,0.0,0.0,0.0,0.0,0.0,0.0,0.0,0.0,0.0,0.0,0.0,0.0,8.3,7.5,1,1,1,1,1,1,1,1,1,1,1,1,1,1,1,1,1,1,1,1,1,1,1,1,1,1,1,1,1,1,1.0
2648028,2,01/07/1996,1,64.2,138.5,9.0,8.0,1,1,0,1911.6,1,0.0,0.0,8.1,0.0,0.0,0.0,19.1,28.4,64.2,1.4,0.0,0.0,0.0,0.0,0.0,0.0,0.0,0.0,0.0,0.0,3.5,0.0,0.0,0.0,0.0,0.0,8.4,5.4,0.0,0.0,0.0,1,1,1,1,1,1,1,1,1,1,1,1,1,1,1,1,1,1,1,1,1,1,1,1,1,1,1,1,1,1,1.0
2648028,1,01/07/1996,1,64.2,138.5,9.0,8.0,1,1,0,1911.6,1,0.0,0.0,8.1,0.0,0.0,0.0,19.1,28.4,64.2,1.4,0.0,0.0,0.0,0.0,0.0,0.0,0.0,0.0,0.0,0.0,3.5,0.0,0.0,0.0,0.0,0.0,8.4,5.4,0.0,0.0,0.0,1,1,1,1,1,1,1,1,1,1,1,1,1,1,1,1,1,1,1,1,1,1,1,1,1,1,1,1,1,1,1.0
2648028,2,01/06/1996,1,30.7,188.5,19.0,10.0,1,1,0,1911.6,1,28.0,0.0,0.0,0.0,0.0,18.5,0.0,0.0,0.0,0.0,0.0,0.0,0.0,0.0,0.0,0.0,9.3,20.5,30.7,28.5,0.0,0.0,0.0,0.0,0.0,9.0,21.0,7.7,15.3,0.0,,1,1,1,1,1,1,1,1,1,1,1,1,1,1,1,1,1,1,1,1,1,1,1,1,1,1,1,1,1,1,0.0
2648028,1,01/06/1996,1,30.7,188.5,19.0,10.0,1,1,0,1911.6,1,28.0,0.0,0.0,0.0,0.0,18.5,0.0,0.0,0.0,0.0,0.0,0.0,0.0,0.0,0.0,0.0,9.3,20.5,30.7,28.5,0.0,0.0,0.0,0.0,0.0,9.0,21.0,7.7,15.3,0.0,,1,1,1,1,1,1,1,1,1,1,1,1,1,1,1,1,1,1,1,1,1,1,1,1,1,1,1,1,1,1,0.0
2648028,2,01/05/1996,1,10.2,16.7,1.0,2.0,1,1,0,1911.6,1,10.2,6.5,0.0,0.0,0.0,0.0,0.0,0.0,0.0,0.0,0.0,0.0,0.0,0.0,0.0,0.0,0.0,0.0,0.0,0.0,0.0,0.0,0.0,0.0,0.0,0.0,0.0,0.0,0.0,0.0,0.0,1,1,1,1,1,1,1,1,1,1,1,1,1,1,1,1,1,1,1,1,1,1,1,1,1,1,1,1,1,1,1.0
2648028,1,01/05/1996,1,10.2,16.7,1.0,2.0,1,1,0,1911.6,1,10.2,6.5,0.0,0.0,0.0,0.0,0.0,0.0,0.0,0.0,0.0,0.0,0.0,0.0,0.0,0.0,0.0,0.0,0.0,0.0,0.0,0.0,0.0,0.0,0.0,0.0,0.0,0.0,0.0,0.0,0.0,1,1,1,1,1,1,1,1,1,1,1,1,1,1,1,1,1,1,1,1,1,1,1,1,1,1,1,1,1,1,1.0
2648028,2,01/04/1996,1,40.0,184.2,30.0,10.0,1,1,0,1911.6,1,5.4,10.3,0.0,0.0,0.0,0.0,0.0,0.0,0.0,0.0,10.0,14.9,0.0,29.3,8.3,0.0,0.0,0.0,0.0,0.0,0.0,0.0,0.0,0.0,0.0,0.0,20.4,19.7,25.9,40.0,,1,1,1,1,1,1,1,1,1,1,1,1,1,1,1,1,1,1,1,1,1,1,1,1,1,1,1,1,1,1,0.0
2648028,1,01/04/1996,1,40.0,184.2,30.0,10.0,1,1,0,1911.6,1,5.4,10.3,0.0,0.0,0.0,0.0,0.0,0.0,0.0,0.0,10.0,14.9,0.0,29.3,8.3,0.0,0.0,0.0,0.0,0.0,0.0,0.0,0.0,0.0,0.0,0.0,20.4,19.7,25.9,40.0,,1,1,1,1,1,1,1,1,1,1,1,1,1,1,1,1,1,1,1,1,1,1,1,1,1,1,1,1,1,1,0.0
2648028,2,01/03/1996,1,60.1,246.0,27.0,15.0,1,1,0,1911.6,1,23.3,12.7,22.6,13.4,13.1,0.0,3.9,0.0,0.0,0.0,0.0,0.0,0.0,0.0,9.3,0.0,0.0,20.0,21.0,10.5,3.7,0.0,3.5,0.0,0.0,0.0,60.1,11.5,0.0,17.4,0.0,1,1,1,1,1,1,1,1,1,1,1,1,1,1,1,1,1,1,1,1,1,1,1,1,1,1,1,1,1,1,1.0
2648028,1,01/03/1996,1,60.1,246.0,27.0,15.0,1,1,0,1911.6,1,23.3,12.7,22.6,13.4,13.1,0.0,3.9,0.0,0.0,0.0,0.0,0.0,0.0,0.0,9.3,0.0,0.0,20.0,21.0,10.5,3.7,0.0,3.5,0.0,0.0,0.0,60.1,11.5,0.0,17.4,0.0,1,1,1,1,1,1,1,1,1,1,1,1,1,1,1,1,1,1,1,1,1,1,1,1,1,1,1,1,1,1,1.0
2648028,2,01/02/1996,1,110.0,329.4,16.0,17.0,1,1,0,1911.6,1,0.0,4.3,0.0,0.0,5.1,12.1,0.0,0.0,6.2,5.4,0.0,7.6,17.7,0.0,0.0,110.0,10.9,0.0,2.0,56.3,3.4,5.4,0.0,0.0,34.1,3.4,0.0,8.3,37.2,,,1,1,1,1,1,1,1,1,1,1,1,1,1,1,1,1,1,1,1,1,1,1,1,1,1,1,1,1,1,0,0.0
2648028,1,01/02/1996,1,110.0,329.4,16.0,17.0,1,1,0,1911.6,1,0.0,4.3,0.0,0.0,5.1,12.1,0.0,0.0,6.2,5.4,0.0,7.6,17.7,0.0,0.0,110.0,10.9,0.0,2.0,56.3,3.4,5.4,0.0,0.0,34.1,3.4,0.0,8.3,37.2,,,1,1,1,1,1,1,1,1,1,1,1,1,1,1,1,1,1,1,1,1,1,1,1,1,1,1,1,1,1,0,0.0
2648028,2,01/01/1996,1,62.0,225.8,6.0,18.0,1,1,0,1911.6,1,0.0,1.6,3.0,0.2,0.0,62.0,2.3,0.0,18.1,5.5,4.3,0.0,6.3,0.0,37.7,3.2,0.0,16.1,0.0,0.0,16.5,13.7,13.6,0.0,0.0,5.0,0.0,11.7,5.0,0.0,0.0,1,1,1,1,1,1,1,1,1,1,1,1,1,1,1,1,1,1,1,1,1,1,1,1,1,1,1,1,1,1,1.0
2648028,1,01/01/1996,1,62.0,225.8,6.0,18.0,1,1,0,1911.6,1,0.0,1.6,3.0,0.2,0.0,62.0,2.3,0.0,18.1,5.5,4.3,0.0,6.3,0.0,37.7,3.2,0.0,16.1,0.0,0.0,16.5,13.7,13.6,0.0,0.0,5.0,0.0,11.7,5.0,0.0,0.0,1,1,1,1,1,1,1,1,1,1,1,1,1,1,1,1,1,1,1,1,1,1,1,1,1,1,1,1,1,1,1.0
2648028,2,01/12/1995,1,92.5,208.8,29.0,10.0,1,1,0,1776.3,1,0.0,0.0,0.0,1.5,0.0,0.0,0.0,0.0,0.0,0.0,0.0,0.0,12.0,0.0,0.0,0.0,0.0,0.0,0.0,0.0,0.0,0.0,4.5,47.0,5.7,12.7,22.8,4.7,92.5,5.4,0.0,1,1,1,1,1,1,1,1,1,1,1,1,1,1,1,1,1,1,1,1,1,1,1,1,1,1,1,1,1,1,1.0
2648028,1,01/12/1995,1,92.5,208.8,29.0,10.0,1,1,0,1776.3,1,0.0,0.0,0.0,1.5,0.0,0.0,0.0,0.0,0.0,0.0,0.0,0.0,12.0,0.0,0.0,0.0,0.0,0.0,0.0,0.0,0.0,0.0,4.5,47.0,5.7,12.7,22.8,4.7,92.5,5.4,0.0,1,1,1,1,1,1,1,1,1,1,1,1,1,1,1,1,1,1,1,1,1,1,1,1,1,1,1,1,1,1,1.0
2648028,2,01/11/1995,1,39.8,123.8,16.0,10.0,1,1,0,1776.3,1,20.3,4.2,2.7,3.6,0.0,0.0,0.0,0.0,0.0,0.0,4.3,26.6,0.0,0.0,5.1,39.8,0.0,0.0,0.0,0.0,7.1,0.0,0.0,0.0,0.0,0.0,0.0,10.1,0.0,0.0,,1,1,1,1,1,1,1,1,1,1,1,1,1,1,1,1,1,1,1,1,1,1,1,1,1,1,1,1,1,1,0.0
2648028,1,01/11/1995,1,39.8,123.8,16.0,10.0,1,1,0,1776.3,1,20.3,4.2,2.7,3.6,0.0,0.0,0.0,0.0,0.0,0.0,4.3,26.6,0.0,0.0,5.1,39.8,0.0,0.0,0.0,0.0,7.1,0.0,0.0,0.0,0.0,0.0,0.0,10.1,0.0,0.0,,1,1,1,1,1,1,1,1,1,1,1,1,1,1,1,1,1,1,1,1,1,1,1,1,1,1,1,1,1,1,0.0
2648028,2,01/10/1995,1,26.1,91.9,13.0,9.0,1,1,0,1776.3,1,23.0,0.0,0.0,0.0,0.0,0.0,0.0,0.0,8.7,0.0,0.0,2.3,26.1,0.0,0.0,0.0,0.0,5.0,0.0,7.2,0.0,3.8,0.0,0.0,0.0,0.0,0.0,0.0,3.1,0.0,12.7,1,1,1,1,1,1,1,1,1,1,1,1,1,1,1,1,1,1,1,1,1,1,1,1,1,1,1,1,1,1,1.0
2648028,1,01/10/1995,1,26.1,91.9,13.0,9.0,1,1,0,1776.3,1,23.0,0.0,0.0,0.0,0.0,0.0,0.0,0.0,8.7,0.0,0.0,2.3,26.1,0.0,0.0,0.0,0.0,5.0,0.0,7.2,0.0,3.8,0.0,0.0,0.0,0.0,0.0,0.0,3.1,0.0,12.7,1,1,1,1,1,1,1,1,1,1,1,1,1,1,1,1,1,1,1,1,1,1,1,1,1,1,1,1,1,1,1.0
2648028,2,01/09/1995,1,32.3,134.3,20.0,9.0,1,1,0,1776.3,1,0.0,0.0,0.0,0.0,0.0,0.0,0.0,0.0,0.0,0.0,0.0,5.8,0.0,0.0,0.0,0.0,0.0,0.0,0.0,32.3,0.0,19.3,22.2,5.9,0.0,16.0,5.1,3.4,0.0,24.3,,1,1,1,1,1,1,1,1,1,1,1,1,1,1,1,1,1,1,1,1,1,1,1,1,1,1,1,1,1,1,0.0
2648028,1,01/09/1995,1,32.3,134.3,20.0,9.0,1,1,0,1776.3,1,0.0,0.0,0.0,0.0,0.0,0.0,0.0,0.0,0.0,0.0,0.0,5.8,0.0,0.0,0.0,0.0,0.0,0.0,0.0,32.3,0.0,19.3,22.2,5.9,0.0,16.0,5.1,3.4,0.0,24.3,,1,1,1,1,1,1,1,1,1,1,1,1,1,1,1,1,1,1,1,1,1,1,1,1,1,1,1,1,1,1,0.0
2648028,2,01/08/1995,1,20.0,35.4,4.0,3.0,1,1,0,1776.3,1,0.0,0.0,0.0,20.0,4.0,0.0,0.0,0.0,0.0,0.0,0.0,0.0,0.0,0.0,0.0,0.0,0.0,0.0,11.4,0.0,0.0,0.0,0.0,0.0,0.0,0.0,0.0,0.0,0.0,0.0,0.0,1,1,1,1,1,1,1,1,1,1,1,1,1,1,1,1,1,1,1,1,1,1,1,1,1,1,1,1,1,1,1.0
2648028,1,01/08/1995,1,20.0,35.4,4.0,3.0,1,1,0,1776.3,1,0.0,0.0,0.0,20.0,4.0,0.0,0.0,0.0,0.0,0.0,0.0,0.0,0.0,0.0,0.0,0.0,0.0,0.0,11.4,0.0,0.0,0.0,0.0,0.0,0.0,0.0,0.0,0.0,0.0,0.0,0.0,1,1,1,1,1,1,1,1,1,1,1,1,1,1,1,1,1,1,1,1,1,1,1,1,1,1,1,1,1,1,1.0
2648028,2,01/07/1995,1,52.3,122.2,8.0,3.0,1,1,0,1776.3,1,0.0,0.0,0.0,0.0,0.0,22.3,47.6,52.3,0.0,0.0,0.0,0.0,0.0,0.0,0.0,0.0,0.0,0.0,0.0,0.0,0.0,0.0,0.0,0.0,0.0,0.0,0.0,0.0,0.0,0.0,0.0,1,1,1,1,1,1,1,1,1,1,1,1,1,1,1,1,1,1,1,1,1,1,1,1,1,1,1,1,1,1,1.0
2648028,1,01/07/1995,1,52.3,122.2,8.0,3.0,1,1,0,1776.3,1,0.0,0.0,0.0,0.0,0.0,22.3,47.6,52.3,0.0,0.0,0.0,0.0,0.0,0.0,0.0,0.0,0.0,0.0,0.0,0.0,0.0,0.0,0.0,0.0,0.0,0.0,0.0,0.0,0.0,0.0,0.0,1,1,1,1,1,1,1,1,1,1,1,1,1,1,1,1,1,1,1,1,1,1,1,1,1,1,1,1,1,1,1.0
2648028,2,01/06/1995,1,45.6,123.5,25.0,7.0,1,1,0,1776.3,1,0.0,0.0,0.0,0.0,0.0,0.0,0.0,19.6,6.9,0.0,0.0,0.0,0.0,2.7,0.0,0.0,6.6,0.0,0.0,12.1,0.0,0.0,0.0,0.0,45.6,0.0,0.0,0.0,30.0,0.0,,1,1,1,1,1,1,1,1,1,1,1,1,1,1,1,1,1,1,1,1,1,1,1,1,1,1,1,1,1,1,0.0
2648028,1,01/06/1995,1,45.6,123.5,25.0,7.0,1,1,0,1776.3,1,0.0,0.0,0.0,0.0,0.0,0.0,0.0,19.6,6.9,0.0,0.0,0.0,0.0,2.7,0.0,0.0,6.6,0.0,0.0,12.1,0.0,0.0,0.0,0.0,45.6,0.0,0.0,0.0,30.0,0.0,,1,1,1,1,1,1,1,1,1,1,1,1,1,1,1,1,1,1,1,1,1,1,1,1,1,1,1,1,1,1,0.0
2648028,2,01/05/1995,1,8.3,17.5,18.0,4.0,1,1,0,1776.3,1,0.0,0.0,1.0,0.0,0.0,0.0,0.0,0.0,0.0,6.3,0.0,0.0,0.0,0.0,0.0,0.0,0.0,8.3,0.0,0.0,0.0,0.0,0.0,0.0,0.0,0.0,1.9,0.0,0.0,0.0,0.0,1,1,1,1,1,1,1,1,1,1,1,1,1,1,1,1,1,1,1,1,1,1,1,1,1,1,1,1,1,1,1.0
2648028,1,01/05/1995,1,8.3,17.5,18.0,4.0,1,1,0,1776.3,1,0.0,0.0,1.0,0.0,0.0,0.0,0.0,0.0,0.0,6.3,0.0,0.0,0.0,0.0,0.0,0.0,0.0,8.3,0.0,0.0,0.0,0.0,0.0,0.0,0.0,0.0,1.9,0.0,0.0,0.0,0.0,1,1,1,1,1,1,1,1,1,1,1,1,1,1,1,1,1,1,1,1,1,1,1,1,1,1,1,1,1,1,1.0
2648028,2,01/04/1995,1,30.6,37.0,20.0,3.0,1,1,0,1776.3,1,0.0,0.0,0.0,0.0,0.0,0.0,0.0,0.0,0.0,0.0,0.0,5.4,0.0,0.0,0.0,0.0,0.0,0.0,0.0,30.6,1.0,0.0,0.0,0.0,0.0,0.0,0.0,0.0,0.0,0.0,,1,1,1,1,1,1,1,1,1,1,1,1,1,1,1,1,1,1,1,1,1,1,1,1,1,1,1,1,1,1,0.0
2648028,1,01/04/1995,1,30.6,37.0,20.0,3.0,1,1,0,1776.3,1,0.0,0.0,0.0,0.0,0.0,0.0,0.0,0.0,0.0,0.0,0.0,5.4,0.0,0.0,0.0,0.0,0.0,0.0,0.0,30.6,1.0,0.0,0.0,0.0,0.0,0.0,0.0,0.0,0.0,0.0,,1,1,1,1,1,1,1,1,1,1,1,1,1,1,1,1,1,1,1,1,1,1,1,1,1,1,1,1,1,1,0.0
2648028,2,01/03/1995,1,53.6,220.8,7.0,13.0,1,1,0,1776.3,1,0.0,28.6,9.2,7.4,5.6,6.9,53.6,30.8,0.0,0.0,0.0,0.0,4.2,27.5,24.4,0.0,0.0,0.0,0.0,0.0,0.0,0.0,0.0,2.6,0.0,0.0,0.0,0.0,0.0,9.6,10.4,1,1,1,1,1,1,1,1,1,1,1,1,1,1,1,1,1,1,1,1,1,1,1,1,1,1,1,1,1,1,1.0
2648028,1,01/03/1995,1,53.6,220.8,7.0,13.0,1,1,0,1776.3,1,0.0,28.6,9.2,7.4,5.6,6.9,53.6,30.8,0.0,0.0,0.0,0.0,4.2,27.5,24.4,0.0,0.0,0.0,0.0,0.0,0.0,0.0,0.0,2.6,0.0,0.0,0.0,0.0,0.0,9.6,10.4,1,1,1,1,1,1,1,1,1,1,1,1,1,1,1,1,1,1,1,1,1,1,1,1,1,1,1,1,1,1,1.0
2648028,2,01/02/1995,1,76.0,247.9,10.0,14.0,1,1,0,1776.3,1,10.7,11.4,29.2,0.0,0.0,20.3,0.0,0.0,32.7,76.0,0.0,0.0,0.0,2.0,9.2,17.4,0.0,7.7,0.0,8.5,0.0,0.0,0.0,14.8,0.0,0.0,6.9,1.1,,,,1,1,1,1,1,1,1,1,1,1,1,1,1,1,1,1,1,1,1,1,1,1,1,1,1,1,1,1,0,0,0.0
2648028,1,01/02/1995,1,76.0,247.9,10.0,14.0,1,1,0,1776.3,1,10.7,11.4,29.2,0.0,0.0,20.3,0.0,0.0,32.7,76.0,0.0,0.0,0.0,2.0,9.2,17.4,0.0,7.7,0.0,8.5,0.0,0.0,0.0,14.8,0.0,0.0,6.9,1.1,,,,1,1,1,1,1,1,1,1,1,1,1,1,1,1,1,1,1,1,1,1,1,1,1,1,1,1,1,1,0,0,0.0
2648028,2,01/01/1995,1,55.1,413.2,7.0,20.0,1,1,0,1776.3,1,0.0,0.0,10.0,0.0,0.0,0.0,55.1,14.2,0.0,40.0,34.6,22.0,9.9,0.0,30.2,39.0,11.6,22.0,12.5,45.9,10.6,12.3,10.0,0.0,0.0,4.4,0.0,14.5,0.0,1.5,12.9,1,1,1,1,1,1,1,1,1,1,1,1,1,1,1,1,1,1,1,1,1,1,1,1,1,1,1,1,1,1,1.0
2648028,1,01/01/1995,1,55.1,413.2,7.0,20.0,1,1,0,1776.3,1,0.0,0.0,10.0,0.0,0.0,0.0,55.1,14.2,0.0,40.0,34.6,22.0,9.9,0.0,30.2,39.0,11.6,22.0,12.5,45.9,10.6,12.3,10.0,0.0,0.0,4.4,0.0,14.5,0.0,1.5,12.9,1,1,1,1,1,1,1,1,1,1,1,1,1,1,1,1,1,1,1,1,1,1,1,1,1,1,1,1,1,1,1.0
2648028,2,01/12/1994,1,41.0,226.2,7.0,13.0,1,1,0,1838.4,1,0.0,0.0,0.0,0.0,12.8,6.4,41.0,1.0,0.0,0.0,0.0,0.0,0.0,29.1,0.0,4.0,0.0,0.0,0.0,7.5,1.9,19.3,33.5,0.0,0.0,0.0,0.0,0.0,9.2,24.5,36.0,1,1,1,1,1,1,1,1,1,1,1,1,1,1,1,1,1,1,1,1,1,1,1,1,1,1,1,1,1,1,1.0
2648028,1,01/12/1994,1,41.0,226.2,7.0,13.0,1,1,0,1838.4,1,0.0,0.0,0.0,0.0,12.8,6.4,41.0,1.0,0.0,0.0,0.0,0.0,0.0,29.1,0.0,4.0,0.0,0.0,0.0,7.5,1.9,19.3,33.5,0.0,0.0,0.0,0.0,0.0,9.2,24.5,36.0,1,1,1,1,1,1,1,1,1,1,1,1,1,1,1,1,1,1,1,1,1,1,1,1,1,1,1,1,1,1,1.0
2648028,2,01/11/1994,1,30.5,150.6,29.0,16.0,1,1,0,1838.4,1,0.0,0.7,0.0,0.0,22.5,3.0,4.0,3.5,8.8,0.7,0.3,0.0,11.5,1.2,0.0,0.0,0.0,12.9,12.2,0.0,7.5,1.3,0.0,0.0,0.0,0.0,0.0,30.0,30.5,0.0,,1,1,1,1,1,1,1,1,1,1,1,1,1,1,1,1,1,1,1,1,1,1,1,1,1,1,1,1,1,1,0.0
2648028,1,01/11/1994,1,30.5,150.6,29.0,16.0,1,1,0,1838.4,1,0.0,0.7,0.0,0.0,22.5,3.0,4.0,3.5,8.8,0.7,0.3,0.0,11.5,1.2,0.0,0.0,0.0,12.9,12.2,0.0,7.5,1.3,0.0,0.0,0.0,0.0,0.0,30.0,30.5,0.0,,1,1,1,1,1,1,1,1,1,1,1,1,1,1,1,1,1,1,1,1,1,1,1,1,1,1,1,1,1,1,0.0
2648028,2,01/10/1994,1,29.5,152.9,19.0,19.0,1,1,0,1838.4,1,0.8,16.6,15.9,3.0,0.0,0.0,0.3,0.0,0.0,0.0,5.3,3.1,1.4,3.9,0.0,0.0,0.0,15.9,29.5,0.0,8.7,6.5,9.5,2.9,0.5,0.0,12.9,6.2,0.0,0.0,10.0,1,1,1,1,1,1,1,1,1,1,1,1,1,1,1,1,1,1,1,1,1,1,1,1,1,1,1,1,1,1,1.0
2648028,1,01/10/1994,1,29.5,152.9,19.0,19.0,1,1,0,1838.4,1,0.8,16.6,15.9,3.0,0.0,0.0,0.3,0.0,0.0,0.0,5.3,3.1,1.4,3.9,0.0,0.0,0.0,15.9,29.5,0.0,8.7,6.5,9.5,2.9,0.5,0.0,12.9,6.2,0.0,0.0,10.0,1,1,1,1,1,1,1,1,1,1,1,1,1,1,1,1,1,1,1,1,1,1,1,1,1,1,1,1,1,1,1.0
2648028,2,01/09/1994,1,5.5,16.4,27.0,9.0,1,1,0,1838.4,1,0.0,0.0,0.0,0.0,0.0,0.0,0.0,0.0,0.0,2.8,0.0,0.1,0.0,0.1,0.7,0.0,0.0,0.0,0.0,0.0,0.0,0.0,0.0,0.1,0.0,0.0,5.5,0.1,1.8,5.2,,1,1,1,1,1,1,1,1,1,1,1,1,1,1,1,1,1,1,1,1,1,1,1,1,1,1,1,1,1,1,0.0
2648028,1,01/09/1994,1,5.5,16.4,27.0,9.0,1,1,0,1838.4,1,0.0,0.0,0.0,0.0,0.0,0.0,0.0,0.0,0.0,2.8,0.0,0.1,0.0,0.1,0.7,0.0,0.0,0.0,0.0,0.0,0.0,0.0,0.0,0.1,0.0,0.0,5.5,0.1,1.8,5.2,,1,1,1,1,1,1,1,1,1,1,1,1,1,1,1,1,1,1,1,1,1,1,1,1,1,1,1,1,1,1,0.0
2648028,2,01/08/1994,1,12.1,14.3,3.0,3.0,1,1,0,1838.4,1,0.0,0.0,12.1,0.0,0.0,0.0,0.0,0.0,0.0,0.0,0.0,0.0,0.0,0.0,0.0,0.0,0.0,0.0,0.0,0.0,0.0,0.0,0.0,1.0,0.0,0.0,0.0,0.0,1.2,0.0,0.0,1,1,1,1,1,1,1,1,1,1,1,1,1,1,1,1,1,1,1,1,1,1,1,1,1,1,1,1,1,1,1.0
2648028,1,01/08/1994,1,12.1,14.3,3.0,3.0,1,1,0,1838.4,1,0.0,0.0,12.1,0.0,0.0,0.0,0.0,0.0,0.0,0.0,0.0,0.0,0.0,0.0,0.0,0.0,0.0,0.0,0.0,0.0,0.0,0.0,0.0,1.0,0.0,0.0,0.0,0.0,1.2,0.0,0.0,1,1,1,1,1,1,1,1,1,1,1,1,1,1,1,1,1,1,1,1,1,1,1,1,1,1,1,1,1,1,1.0
2648028,2,01/07/1994,1,61.6,169.8,23.0,10.0,1,1,0,1838.4,1,0.0,6.3,33.9,8.2,15.3,4.0,7.9,4.8,0.0,0.0,0.0,0.0,0.0,0.0,0.0,0.0,0.0,0.0,0.0,0.0,0.0,0.0,61.6,0.0,0.0,19.2,8.6,0.0,0.0,0.0,0.0,1,1,1,1,1,1,1,1,1,1,1,1,1,1,1,1,1,1,1,1,1,1,1,1,1,1,1,1,1,1,1.0
2648028,1,01/07/1994,1,61.6,169.8,23.0,10.0,1,1,0,1838.4,1,0.0,6.3,33.9,8.2,15.3,4.0,7.9,4.8,0.0,0.0,0.0,0.0,0.0,0.0,0.0,0.0,0.0,0.0,0.0,0.0,0.0,0.0,61.6,0.0,0.0,19.2,8.6,0.0,0.0,0.0,0.0,1,1,1,1,1,1,1,1,1,1,1,1,1,1,1,1,1,1,1,1,1,1,1,1,1,1,1,1,1,1,1.0
2648028,2,01/06/1994,1,28.0,110.8,25.0,7.0,1,1,0,1838.4,1,11.0,0.0,0.0,17.0,0.0,0.0,14.4,9.3,0.0,0.0,0.0,0.0,0.0,0.0,0.0,0.0,0.0,0.0,0.0,22.7,8.4,0.0,0.0,0.0,28.0,0.0,0.0,0.0,0.0,0.0,,1,1,1,1,1,1,1,1,1,1,1,1,1,1,1,1,1,1,1,1,1,1,1,1,1,1,1,1,1,1,0.0
2648028,1,01/06/1994,1,28.0,110.8,25.0,7.0,1,1,0,1838.4,1,11.0,0.0,0.0,17.0,0.0,0.0,14.4,9.3,0.0,0.0,0.0,0.0,0.0,0.0,0.0,0.0,0.0,0.0,0.0,22.7,8.4,0.0,0.0,0.0,28.0,0.0,0.0,0.0,0.0,0.0,,1,1,1,1,1,1,1,1,1,1,1,1,1,1,1,1,1,1,1,1,1,1,1,1,1,1,1,1,1,1,0.0
2648028,2,01/05/1994,1,140.0,251.5,12.0,11.0,1,1,0,1838.4,1,3.9,0.0,0.0,0.0,0.0,0.0,0.0,0.0,0.0,0.5,0.7,140.0,14.4,0.0,0.0,0.0,0.0,0.0,0.0,0.0,0.0,0.0,53.1,5.2,0.0,23.9,1.8,5.1,2.9,0.0,0.0,1,1,1,1,1,1,1,1,1,1,1,1,1,1,1,1,1,1,1,1,1,1,1,1,1,1,1,1,1,1,1.0
2648028,1,01/05/1994,1,140.0,251.5,12.0,11.0,1,1,0,1838.4,1,3.9,0.0,0.0,0.0,0.0,0.0,0.0,0.0,0.0,0.5,0.7,140.0,14.4,0.0,0.0,0.0,0.0,0.0,0.0,0.0,0.0,0.0,53.1,5.2,0.0,23.9,1.8,5.1,2.9,0.0,0.0,1,1,1,1,1,1,1,1,1,1,1,1,1,1,1,1,1,1,1,1,1,1,1,1,1,1,1,1,1,1,1.0
2648028,2,01/04/1994,1,21.8,89.8,22.0,13.0,1,1,0,1838.4,1,16.0,0.0,0.0,0.0,0.0,0.0,0.9,0.0,5.3,6.7,10.0,0.0,0.0,3.1,2.3,2.1,0.0,0.0,0.0,0.0,0.0,21.8,5.8,1.2,1.0,13.6,0.0,0.0,0.0,0.0,,1,1,1,1,1,1,1,1,1,1,1,1,1,1,1,1,1,1,1,1,1,1,1,1,1,1,1,1,1,1,0.0
2648028,1,01/04/1994,1,21.8,89.8,22.0,13.0,1,1,0,1838.4,1,16.0,0.0,0.0,0.0,0.0,0.0,0.9,0.0,5.3,6.7,10.0,0.0,0.0,3.1,2.3,2.1,0.0,0.0,0.0,0.0,0.0,21.8,5.8,1.2,1.0,13.6,0.0,0.0,0.0,0.0,,1,1,1,1,1,1,1,1,1,1,1,1,1,1,1,1,1,1,1,1,1,1,1,1,1,1,1,1,1,1,0.0
2648028,2,01/03/1994,1,102.0,313.8,9.0,13.0,1,1,0,1838.4,1,3.2,12.1,3.6,0.0,0.0,0.0,23.0,24.6,102.0,90.0,0.0,11.4,0.0,3.9,11.2,3.6,0.0,0.0,0.0,18.6,0.0,0.0,0.0,0.0,0.0,6.6,0.0,0.0,0.0,0.0,0.0,1,1,1,1,1,1,1,1,1,1,1,1,1,1,1,1,1,1,1,1,1,1,1,1,1,1,1,1,1,1,1.0
2648028,1,01/03/1994,1,102.0,313.8,9.0,13.0,1,1,0,1838.4,1,3.2,12.1,3.6,0.0,0.0,0.0,23.0,24.6,102.0,90.0,0.0,11.4,0.0,3.9,11.2,3.6,0.0,0.0,0.0,18.6,0.0,0.0,0.0,0.0,0.0,6.6,0.0,0.0,0.0,0.0,0.0,1,1,1,1,1,1,1,1,1,1,1,1,1,1,1,1,1,1,1,1,1,1,1,1,1,1,1,1,1,1,1.0
2648028,2,01/02/1994,1,56.1,200.0,27.0,15.0,1,1,0,1838.4,1,5.7,0.0,3.4,0.0,0.0,0.0,17.9,0.0,0.0,10.0,20.0,11.0,15.0,3.6,0.0,0.0,16.2,14.0,0.3,0.0,7.4,0.0,0.0,6.8,0.0,0.0,56.1,12.6,,,,1,1,1,1,1,1,1,1,1,1,1,1,1,1,1,1,1,1,1,1,1,1,1,1,1,1,1,1,0,0,0.0
2648028,1,01/02/1994,1,56.1,200.0,27.0,15.0,1,1,0,1838.4,1,5.7,0.0,3.4,0.0,0.0,0.0,17.9,0.0,0.0,10.0,20.0,11.0,15.0,3.6,0.0,0.0,16.2,14.0,0.3,0.0,7.4,0.0,0.0,6.8,0.0,0.0,56.1,12.6,,,,1,1,1,1,1,1,1,1,1,1,1,1,1,1,1,1,1,1,1,1,1,1,1,1,1,1,1,1,0,0,0.0
2648028,2,01/01/1994,1,34.2,142.3,19.0,12.0,1,1,0,1838.4,1,0.0,0.0,3.1,1.5,0.0,0.0,12.2,0.0,0.0,9.8,0.0,0.0,0.0,0.0,0.0,0.0,0.0,4.2,34.2,0.0,0.0,0.0,25.0,2.0,0.3,0.0,34.0,5.6,10.4,0.0,0.0,1,1,1,1,1,1,1,1,1,1,1,1,1,1,1,1,1,1,1,1,1,1,1,1,1,1,1,1,1,1,1.0
2648028,1,01/01/1994,1,34.2,142.3,19.0,12.0,1,1,0,1838.4,1,0.0,0.0,3.1,1.5,0.0,0.0,12.2,0.0,0.0,9.8,0.0,0.0,0.0,0.0,0.0,0.0,0.0,4.2,34.2,0.0,0.0,0.0,25.0,2.0,0.3,0.0,34.0,5.6,10.4,0.0,0.0,1,1,1,1,1,1,1,1,1,1,1,1,1,1,1,1,1,1,1,1,1,1,1,1,1,1,1,1,1,1,1.0
2648028,2,01/12/1993,1,36.0,187.1,30.0,17.0,1,1,0,,0,18.8,0.0,0.0,0.7,1.3,5.0,0.0,0.0,3.9,0.0,15.8,0.0,5.0,0.0,0.0,17.4,18.7,0.0,0.0,12.0,0.0,1.0,0.0,0.0,7.0,5.0,10.0,28.0,0.0,36.0,1.5,1,1,1,1,1,1,1,1,1,1,1,1,1,1,1,1,1,1,1,1,1,1,1,1,1,1,1,1,1,1,1.0
2648028,1,01/12/1993,1,36.0,187.1,30.0,17.0,1,1,0,,0,18.8,0.0,0.0,0.7,1.3,5.0,0.0,0.0,3.9,0.0,15.8,0.0,5.0,0.0,0.0,17.4,18.7,0.0,0.0,12.0,0.0,1.0,0.0,0.0,7.0,5.0,10.0,28.0,0.0,36.0,1.5,1,1,1,1,1,1,1,1,1,1,1,1,1,1,1,1,1,1,1,1,1,1,1,1,1,1,1,1,1,1,1.0
2648028,2,01/11/1993,1,28.8,64.7,25.0,4.0,1,1,0,,0,0.0,0.0,0.0,0.0,0.0,0.0,0.0,14.0,0.0,0.0,0.0,0.0,0.0,0.0,0.0,0.0,20.0,0.0,0.0,0.0,0.0,0.0,0.0,0.0,28.8,0.0,1.9,0.0,0.0,0.0,,1,1,1,1,1,1,1,1,1,1,1,1,1,1,1,1,1,1,1,1,1,1,1,1,1,1,1,1,1,1,0.0
2648028,1,01/11/1993,1,28.8,64.7,25.0,4.0,1,1,0,,0,0.0,0.0,0.0,0.0,0.0,0.0,0.0,14.0,0.0,0.0,0.0,0.0,0.0,0.0,0.0,0.0,20.0,0.0,0.0,0.0,0.0,0.0,0.0,0.0,28.8,0.0,1.9,0.0,0.0,0.0,,1,1,1,1,1,1,1,1,1,1,1,1,1,1,1,1,1,1,1,1,1,1,1,1,1,1,1,1,1,1,0.0
2648028,2,01/10/1993,1,42.1,120.4,4.0,11.0,1,1,0,,0,4.6,0.0,0.0,42.1,25.1,1.8,0.0,0.0,0.0,0.0,0.0,0.0,0.0,0.0,0.0,0.0,0.0,0.0,2.4,1.9,1.1,0.0,16.6,0.0,0.0,22.5,0.7,0.0,1.6,0.0,0.0,1,1,1,1,1,1,1,1,1,1,1,1,1,1,1,1,1,1,1,1,1,1,1,1,1,1,1,1,1,1,1.0
2648028,1,01/10/1993,1,42.1,120.4,4.0,11.0,1,1,0,,0,4.6,0.0,0.0,42.1,25.1,1.8,0.0,0.0,0.0,0.0,0.0,0.0,0.0,0.0,0.0,0.0,0.0,0.0,2.4,1.9,1.1,0.0,16.6,0.0,0.0,22.5,0.7,0.0,1.6,0.0,0.0,1,1,1,1,1,1,1,1,1,1,1,1,1,1,1,1,1,1,1,1,1,1,1,1,1,1,1,1,1,1,1.0
2648028,2,01/09/1993,1,92.0,259.2,23.0,18.0,1,1,0,,0,7.8,0.1,2.4,0.0,0.0,0.0,0.0,11.6,9.6,2.8,0.0,0.0,0.0,0.6,6.8,3.5,0.0,0.0,1.5,0.0,41.0,0.4,92.0,54.2,2.5,1.1,10.0,0.0,0.0,11.3,,1,1,1,1,1,1,1,1,1,1,1,1,1,1,1,1,1,1,1,1,1,1,1,1,1,1,1,1,1,1,0.0
2648028,1,01/09/1993,1,92.0,259.2,23.0,18.0,1,1,0,,0,7.8,0.1,2.4,0.0,0.0,0.0,0.0,11.6,9.6,2.8,0.0,0.0,0.0,0.6,6.8,3.5,0.0,0.0,1.5,0.0,41.0,0.4,92.0,54.2,2.5,1.1,10.0,0.0,0.0,11.3,,1,1,1,1,1,1,1,1,1,1,1,1,1,1,1,1,1,1,1,1,1,1,1,1,1,1,1,1,1,1,0.0
2648028,2,01/08/1993,1,,,,,0,0,0,,0,,,,,,,,,,,,,,,,,,,,,,,,,0.0,0.0,0.0,0.0,0.0,0.0,0.0,0,0,0,0,0,0,0,0,0,0,0,0,0,0,0,0,0,0,0,0,0,0,0,0,1,1,1,1,1,1,1.0
2648028,1,01/08/1993,1,,,,,0,0,0,,0,,,,,,,,,,,,,,,,,,,,,,,,,0.0,0.0,0.0,0.0,0.0,0.0,0.0,0,0,0,0,0,0,0,0,0,0,0,0,0,0,0,0,0,0,0,0,0,0,0,0,1,1,1,1,1,1,1.0
2648028,2,01/12/1991,1,,169.0,,,0,2,0,1348.5,2,,,,,,,,,,,,,,,,,,,,,,,,,,,,,,,,0,0,0,0,0,0,0,0,0,0,0,0,0,0,0,0,0,0,0,0,0,0,0,0,0,0,0,0,0,0,0.0
2648028,2,01/11/1991,1,,245.0,,,0,2,0,1348.5,2,,,,,,,,,,,,,,,,,,,,,,,,,,,,,,,,0,0,0,0,0,0,0,0,0,0,0,0,0,0,0,0,0,0,0,0,0,0,0,0,0,0,0,0,0,0,0.0
2648028,2,01/10/1991,1,,213.0,,,0,2,0,1348.5,2,,,,,,,,,,,,,,,,,,,,,,,,,,,,,,,,0,0,0,0,0,0,0,0,0,0,0,0,0,0,0,0,0,0,0,0,0,0,0,0,0,0,0,0,0,0,0.0
2648028,2,01/09/1991,1,,79.0,,,0,2,0,1348.5,2,,,,,,,,,,,,,,,,,,,,,,,,,,,,,,,,0,0,0,0,0,0,0,0,0,0,0,0,0,0,0,0,0,0,0,0,0,0,0,0,0,0,0,0,0,0,0.0
2648028,2,01/08/1991,1,25.2,69.9,10.0,4.0,1,1,0,1348.5,2,0.0,0.0,0.0,0.0,0.0,0.0,0.0,14.1,20.0,25.2,10.6,0.0,0.0,0.0,0.0,0.0,0.0,0.0,0.0,0.0,0.0,0.0,0.0,0.0,0.0,0.0,0.0,0.0,0.0,0.0,0.0,1,1,1,1,1,1,1,1,1,1,1,1,1,1,1,1,1,1,1,1,1,1,1,1,1,1,1,1,1,1,1.0
2648028,1,01/08/1991,1,25.2,69.9,10.0,4.0,1,1,0,,0,0.0,0.0,0.0,0.0,0.0,0.0,0.0,14.1,20.0,25.2,10.6,0.0,0.0,0.0,0.0,0.0,0.0,0.0,0.0,0.0,0.0,0.0,0.0,0.0,0.0,0.0,0.0,0.0,0.0,0.0,0.0,1,1,1,1,1,1,1,1,1,1,1,1,1,1,1,1,1,1,1,1,1,1,1,1,1,1,1,1,1,1,1.0
2648028,2,01/07/1991,1,17.5,17.5,11.0,1.0,1,1,0,1348.5,2,0.0,0.0,0.0,0.0,0.0,0.0,0.0,0.0,0.0,0.0,17.5,0.0,0.0,0.0,0.0,0.0,0.0,0.0,0.0,0.0,0.0,0.0,0.0,0.0,0.0,0.0,0.0,0.0,0.0,0.0,0.0,1,1,1,1,1,1,1,1,1,1,1,1,1,1,1,1,1,1,1,1,1,1,1,1,1,1,1,1,1,1,1.0
2648028,1,01/07/1991,1,17.5,17.5,11.0,1.0,1,1,0,,0,0.0,0.0,0.0,0.0,0.0,0.0,0.0,0.0,0.0,0.0,17.5,0.0,0.0,0.0,0.0,0.0,0.0,0.0,0.0,0.0,0.0,0.0,0.0,0.0,0.0,0.0,0.0,0.0,0.0,0.0,0.0,1,1,1,1,1,1,1,1,1,1,1,1,1,1,1,1,1,1,1,1,1,1,1,1,1,1,1,1,1,1,1.0
2648028,2,01/06/1991,1,72.1,153.6,21.0,6.0,1,1,0,1348.5,2,0.0,0.0,0.0,0.0,0.0,0.0,12.5,10.0,0.0,0.0,0.0,0.0,0.0,0.0,0.0,0.0,0.0,0.0,0.0,0.0,72.1,0.0,18.0,30.5,0.0,0.0,0.0,10.5,0.0,0.0,,1,1,1,1,1,1,1,1,1,1,1,1,1,1,1,1,1,1,1,1,1,1,1,1,1,1,1,1,1,1,0.0
2648028,1,01/06/1991,1,72.1,153.6,21.0,6.0,1,1,0,,0,0.0,0.0,0.0,0.0,0.0,0.0,12.5,10.0,0.0,0.0,0.0,0.0,0.0,0.0,0.0,0.0,0.0,0.0,0.0,0.0,72.1,0.0,18.0,30.5,0.0,0.0,0.0,10.5,0.0,0.0,,1,1,1,1,1,1,1,1,1,1,1,1,1,1,1,1,1,1,1,1,1,1,1,1,1,1,1,1,1,1,0.0
2648028,2,01/05/1991,1,50.5,82.0,15.0,3.0,1,1,0,1348.5,2,0.0,0.0,0.0,0.0,0.0,0.0,0.0,0.0,0.0,0.0,0.0,0.0,0.0,19.2,50.5,0.0,0.0,0.0,0.0,0.0,12.3,0.0,0.0,0.0,0.0,0.0,0.0,0.0,0.0,0.0,0.0,1,1,1,1,1,1,1,1,1,1,1,1,1,1,1,1,1,1,1,1,1,1,1,1,1,1,1,1,1,1,1.0
2648028,1,01/05/1991,1,50.5,82.0,15.0,3.0,1,1,0,,0,0.0,0.0,0.0,0.0,0.0,0.0,0.0,0.0,0.0,0.0,0.0,0.0,0.0,19.2,50.5,0.0,0.0,0.0,0.0,0.0,12.3,0.0,0.0,0.0,0.0,0.0,0.0,0.0,0.0,0.0,0.0,1,1,1,1,1,1,1,1,1,1,1,1,1,1,1,1,1,1,1,1,1,1,1,1,1,1,1,1,1,1,1.0
2648028,2,01/04/1991,1,50.5,83.1,1.0,3.0,1,1,0,1348.5,2,50.5,0.0,0.0,0.0,0.0,0.0,0.0,0.0,0.0,0.0,0.0,0.0,0.0,0.0,0.0,0.0,0.0,0.0,19.5,0.0,0.0,0.0,0.0,0.0,0.0,13.1,0.0,0.0,0.0,0.0,,1,1,1,1,1,1,1,1,1,1,1,1,1,1,1,1,1,1,1,1,1,1,1,1,1,1,1,1,1,1,0.0
2648028,1,01/04/1991,1,50.5,83.1,1.0,3.0,1,1,0,,0,50.5,0.0,0.0,0.0,0.0,0.0,0.0,0.0,0.0,0.0,0.0,0.0,0.0,0.0,0.0,0.0,0.0,0.0,19.5,0.0,0.0,0.0,0.0,0.0,0.0,13.1,0.0,0.0,0.0,0.0,,1,1,1,1,1,1,1,1,1,1,1,1,1,1,1,1,1,1,1,1,1,1,1,1,1,1,1,1,1,1,0.0
2648028,2,01/03/1991,1,25.5,39.7,20.0,3.0,1,1,0,1348.5,2,0.0,0.0,0.0,0.0,0.0,8.6,0.0,0.0,0.0,0.0,0.0,0.0,0.0,0.0,0.0,0.0,0.0,0.0,0.0,25.5,0.0,0.0,0.0,0.0,0.0,0.0,0.0,0.0,5.6,0.0,0.0,1,1,1,1,1,1,1,1,1,1,1,1,1,1,1,1,1,1,1,1,1,1,1,1,1,1,1,1,1,1,1.0
2648028,1,01/03/1991,1,25.5,39.7,20.0,3.0,1,1,0,,0,0.0,0.0,0.0,0.0,0.0,8.6,0.0,0.0,0.0,0.0,0.0,0.0,0.0,0.0,0.0,0.0,0.0,0.0,0.0,25.5,0.0,0.0,0.0,0.0,0.0,0.0,0.0,0.0,5.6,0.0,0.0,1,1,1,1,1,1,1,1,1,1,1,1,1,1,1,1,1,1,1,1,1,1,1,1,1,1,1,1,1,1,1.0
2648028,2,01/02/1991,1,21.0,35.5,10.0,3.0,1,1,0,1348.5,2,0.0,0.0,9.0,0.0,0.0,5.5,0.0,0.0,0.0,21.0,0.0,0.0,0.0,0.0,0.0,0.0,0.0,0.0,0.0,0.0,0.0,0.0,0.0,0.0,0.0,0.0,0.0,0.0,,,,1,1,1,1,1,1,1,1,1,1,1,1,1,1,1,1,1,1,1,1,1,1,1,1,1,1,1,1,0,0,0.0
2648028,1,01/02/1991,1,21.0,35.5,10.0,3.0,1,1,0,,0,0.0,0.0,9.0,0.0,0.0,5.5,0.0,0.0,0.0,21.0,0.0,0.0,0.0,0.0,0.0,0.0,0.0,0.0,0.0,0.0,0.0,0.0,0.0,0.0,0.0,0.0,0.0,0.0,,,,1,1,1,1,1,1,1,1,1,1,1,1,1,1,1,1,1,1,1,1,1,1,1,1,1,1,1,1,0,0,0.0
2648028,2,01/01/1991,1,100.2,161.2,26.0,3.0,1,1,0,1348.5,2,0.0,0.0,0.0,0.0,0.0,0.0,0.0,0.0,0.0,0.0,0.0,0.0,0.0,0.0,0.0,0.0,0.0,0.0,0.0,0.0,0.0,0.0,0.0,0.0,0.0,100.2,50.5,0.0,0.0,10.5,0.0,1,1,1,1,1,1,1,1,1,1,1,1,1,1,1,1,1,1,1,1,1,1,1,1,1,1,1,1,1,1,1.0
2648028,1,01/01/1991,1,100.2,161.2,26.0,3.0,1,1,0,,0,0.0,0.0,0.0,0.0,0.0,0.0,0.0,0.0,0.0,0.0,0.0,0.0,0.0,0.0,0.0,0.0,0.0,0.0,0.0,0.0,0.0,0.0,0.0,0.0,0.0,100.2,50.5,0.0,0.0,10.5,0.0,1,1,1,1,1,1,1,1,1,1,1,1,1,1,1,1,1,1,1,1,1,1,1,1,1,1,1,1,1,1,1.0
2648028,2,01/12/1990,1,105.1,236.5,14.0,6.0,1,1,0,2014.0,1,0.0,0.0,50.5,20.1,0.0,0.0,0.0,0.0,0.0,0.0,0.0,0.0,0.0,105.1,0.0,0.0,0.0,0.0,0.0,0.0,0.0,0.0,0.0,0.0,30.5,5.2,0.0,0.0,0.0,25.1,0.0,1,1,1,1,1,1,1,1,1,1,1,1,1,1,1,1,1,1,1,1,1,1,1,1,1,1,1,1,1,1,1.0
2648028,1,01/12/1990,1,105.1,236.5,14.0,6.0,1,1,0,2014.0,1,0.0,0.0,50.5,20.1,0.0,0.0,0.0,0.0,0.0,0.0,0.0,0.0,0.0,105.1,0.0,0.0,0.0,0.0,0.0,0.0,0.0,0.0,0.0,0.0,30.5,5.2,0.0,0.0,0.0,25.1,0.0,1,1,1,1,1,1,1,1,1,1,1,1,1,1,1,1,1,1,1,1,1,1,1,1,1,1,1,1,1,1,1.0
2648028,2,01/11/1990,1,50.5,106.3,10.0,4.0,1,1,0,2014.0,1,0.0,10.5,0.0,0.0,0.0,0.0,0.0,0.0,6.7,50.5,0.0,0.0,0.0,0.0,0.0,0.0,0.0,0.0,0.0,0.0,0.0,38.6,0.0,0.0,0.0,0.0,0.0,0.0,0.0,0.0,,1,1,1,1,1,1,1,1,1,1,1,1,1,1,1,1,1,1,1,1,1,1,1,1,1,1,1,1,1,1,0.0
2648028,1,01/11/1990,1,50.5,106.3,10.0,4.0,1,1,0,2014.0,1,0.0,10.5,0.0,0.0,0.0,0.0,0.0,0.0,6.7,50.5,0.0,0.0,0.0,0.0,0.0,0.0,0.0,0.0,0.0,0.0,0.0,38.6,0.0,0.0,0.0,0.0,0.0,0.0,0.0,0.0,,1,1,1,1,1,1,1,1,1,1,1,1,1,1,1,1,1,1,1,1,1,1,1,1,1,1,1,1,1,1,0.0
2648028,2,01/10/1990,1,30.6,131.9,15.0,10.0,1,1,0,2014.0,1,0.0,0.0,0.0,0.0,0.0,0.0,0.0,0.0,0.0,0.0,0.0,7.3,15.5,25.1,30.6,7.2,5.3,9.0,10.5,5.7,0.0,0.0,0.0,0.0,0.0,0.0,0.0,0.0,0.0,0.0,15.7,1,1,1,1,1,1,1,1,1,1,1,1,1,1,1,1,1,1,1,1,1,1,1,1,1,1,1,1,1,1,1.0
2648028,1,01/10/1990,1,30.6,131.9,15.0,10.0,1,1,0,2014.0,1,0.0,0.0,0.0,0.0,0.0,0.0,0.0,0.0,0.0,0.0,0.0,7.3,15.5,25.1,30.6,7.2,5.3,9.0,10.5,5.7,0.0,0.0,0.0,0.0,0.0,0.0,0.0,0.0,0.0,0.0,15.7,1,1,1,1,1,1,1,1,1,1,1,1,1,1,1,1,1,1,1,1,1,1,1,1,1,1,1,1,1,1,1.0
2648028,2,01/09/1990,1,25.2,95.9,3.0,6.0,1,1,0,2014.0,1,0.0,0.0,25.2,8.5,0.0,10.0,0.0,0.0,0.0,0.0,0.0,0.0,0.0,19.0,0.0,0.0,0.0,0.0,0.0,0.0,0.0,0.0,0.0,0.0,25.0,0.0,0.0,8.2,0.0,0.0,,1,1,1,1,1,1,1,1,1,1,1,1,1,1,1,1,1,1,1,1,1,1,1,1,1,1,1,1,1,1,0.0
2648028,1,01/09/1990,1,25.2,95.9,3.0,6.0,1,1,0,2014.0,1,0.0,0.0,25.2,8.5,0.0,10.0,0.0,0.0,0.0,0.0,0.0,0.0,0.0,19.0,0.0,0.0,0.0,0.0,0.0,0.0,0.0,0.0,0.0,0.0,25.0,0.0,0.0,8.2,0.0,0.0,,1,1,1,1,1,1,1,1,1,1,1,1,1,1,1,1,1,1,1,1,1,1,1,1,1,1,1,1,1,1,0.0
2648028,2,01/08/1990,1,175.5,229.1,19.0,4.0,1,1,0,2014.0,1,0.0,0.0,0.0,0.0,0.0,0.0,0.0,0.0,0.0,0.0,0.0,0.0,0.0,0.0,0.0,0.0,0.0,25.0,175.5,0.0,0.0,0.0,0.0,0.0,0.0,8.5,20.1,0.0,0.0,0.0,0.0,1,1,1,1,1,1,1,1,1,1,1,1,1,1,1,1,1,1,1,1,1,1,1,1,1,1,1,1,1,1,1.0
2648028,1,01/08/1990,1,175.5,229.1,19.0,4.0,1,1,0,2014.0,1,0.0,0.0,0.0,0.0,0.0,0.0,0.0,0.0,0.0,0.0,0.0,0.0,0.0,0.0,0.0,0.0,0.0,25.0,175.5,0.0,0.0,0.0,0.0,0.0,0.0,8.5,20.1,0.0,0.0,0.0,0.0,1,1,1,1,1,1,1,1,1,1,1,1,1,1,1,1,1,1,1,1,1,1,1,1,1,1,1,1,1,1,1.0
2648028,2,01/07/1990,1,100.0,214.6,21.0,8.0,1,1,0,2014.0,1,0.0,0.0,0.0,12.5,25.2,0.0,0.0,0.0,0.0,0.0,0.0,0.0,0.0,0.0,0.0,0.0,13.1,0.0,0.0,28.5,100.0,0.0,15.3,5.5,0.0,0.0,0.0,14.5,0.0,0.0,0.0,1,1,1,1,1,1,1,1,1,1,1,1,1,1,1,1,1,1,1,1,1,1,1,1,1,1,1,1,1,1,1.0
2648028,1,01/07/1990,1,100.0,214.6,21.0,8.0,1,1,0,2014.0,1,0.0,0.0,0.0,12.5,25.2,0.0,0.0,0.0,0.0,0.0,0.0,0.0,0.0,0.0,0.0,0.0,13.1,0.0,0.0,28.5,100.0,0.0,15.3,5.5,0.0,0.0,0.0,14.5,0.0,0.0,0.0,1,1,1,1,1,1,1,1,1,1,1,1,1,1,1,1,1,1,1,1,1,1,1,1,1,1,1,1,1,1,1.0
2648028,2,01/06/1990,1,50.1,112.6,3.0,5.0,1,1,0,2014.0,1,0.0,20.5,50.1,0.0,0.0,0.0,0.0,0.0,0.0,0.0,17.2,20.5,0.0,0.0,0.0,0.0,0.0,0.0,0.0,0.0,0.0,0.0,4.3,0.0,0.0,0.0,0.0,0.0,0.0,0.0,,1,1,1,1,1,1,1,1,1,1,1,1,1,1,1,1,1,1,1,1,1,1,1,1,1,1,1,1,1,1,0.0
2648028,1,01/06/1990,1,50.1,112.6,3.0,5.0,1,1,0,2014.0,1,0.0,20.5,50.1,0.0,0.0,0.0,0.0,0.0,0.0,0.0,17.2,20.5,0.0,0.0,0.0,0.0,0.0,0.0,0.0,0.0,0.0,0.0,4.3,0.0,0.0,0.0,0.0,0.0,0.0,0.0,,1,1,1,1,1,1,1,1,1,1,1,1,1,1,1,1,1,1,1,1,1,1,1,1,1,1,1,1,1,1,0.0
2648028,2,01/05/1990,1,35.1,53.5,18.0,3.0,1,1,0,2014.0,1,0.0,0.0,0.0,0.0,0.0,0.0,0.0,0.0,0.0,0.0,0.0,0.0,0.0,0.0,0.0,0.0,10.9,35.1,0.0,0.0,0.0,0.0,0.0,0.0,0.0,0.0,0.0,0.0,0.0,7.5,0.0,1,1,1,1,1,1,1,1,1,1,1,1,1,1,1,1,1,1,1,1,1,1,1,1,1,1,1,1,1,1,1.0
2648028,1,01/05/1990,1,35.1,53.5,18.0,3.0,1,1,0,2014.0,1,0.0,0.0,0.0,0.0,0.0,0.0,0.0,0.0,0.0,0.0,0.0,0.0,0.0,0.0,0.0,0.0,10.9,35.1,0.0,0.0,0.0,0.0,0.0,0.0,0.0,0.0,0.0,0.0,0.0,7.5,0.0,1,1,1,1,1,1,1,1,1,1,1,1,1,1,1,1,1,1,1,1,1,1,1,1,1,1,1,1,1,1,1.0
2648028,2,01/04/1990,1,50.6,202.5,28.0,7.0,1,1,0,2014.0,1,0.0,0.0,8.6,0.0,0.0,0.0,20.6,12.0,0.0,0.0,0.0,0.0,0.0,0.0,0.0,0.0,0.0,0.0,0.0,0.0,30.0,30.2,0.0,0.0,0.0,0.0,0.0,50.6,50.5,0.0,,1,1,1,1,1,1,1,1,1,1,1,1,1,1,1,1,1,1,1,1,1,1,1,1,1,1,1,1,1,1,0.0
2648028,1,01/04/1990,1,50.6,202.5,28.0,7.0,1,1,0,2014.0,1,0.0,0.0,8.6,0.0,0.0,0.0,20.6,12.0,0.0,0.0,0.0,0.0,0.0,0.0,0.0,0.0,0.0,0.0,0.0,0.0,30.0,30.2,0.0,0.0,0.0,0.0,0.0,50.6,50.5,0.0,,1,1,1,1,1,1,1,1,1,1,1,1,1,1,1,1,1,1,1,1,1,1,1,1,1,1,1,1,1,1,0.0
2648028,2,01/03/1990,1,60.6,294.2,6.0,13.0,1,1,0,2014.0,1,0.0,0.0,10.5,0.0,0.0,60.6,0.0,0.0,20.7,40.5,0.0,0.0,16.3,10.5,5.7,0.0,0.0,47.2,0.0,0.0,1.5,8.4,20.5,0.0,0.0,0.0,0.0,0.0,7.1,44.7,0.0,1,1,1,1,1,1,1,1,1,1,1,1,1,1,1,1,1,1,1,1,1,1,1,1,1,1,1,1,1,1,1.0
2648028,1,01/03/1990,1,60.6,294.2,6.0,13.0,1,1,0,2014.0,1,0.0,0.0,10.5,0.0,0.0,60.6,0.0,0.0,20.7,40.5,0.0,0.0,16.3,10.5,5.7,0.0,0.0,47.2,0.0,0.0,1.5,8.4,20.5,0.0,0.0,0.0,0.0,0.0,7.1,44.7,0.0,1,1,1,1,1,1,1,1,1,1,1,1,1,1,1,1,1,1,1,1,1,1,1,1,1,1,1,1,1,1,1.0
2648028,2,01/02/1990,1,27.1,60.1,22.0,5.0,1,1,0,2014.0,1,0.0,0.0,0.0,0.0,0.0,0.0,0.0,0.0,0.0,0.0,0.0,16.5,0.0,0.0,0.0,0.0,0.0,0.0,0.0,0.0,0.0,27.1,5.5,5.7,0.0,5.3,0.0,0.0,,,,1,1,1,1,1,1,1,1,1,1,1,1,1,1,1,1,1,1,1,1,1,1,1,1,1,1,1,1,0,0,0.0
2648028,1,01/02/1990,1,27.1,60.1,22.0,5.0,1,1,0,2014.0,1,0.0,0.0,0.0,0.0,0.0,0.0,0.0,0.0,0.0,0.0,0.0,16.5,0.0,0.0,0.0,0.0,0.0,0.0,0.0,0.0,0.0,27.1,5.5,5.7,0.0,5.3,0.0,0.0,,,,1,1,1,1,1,1,1,1,1,1,1,1,1,1,1,1,1,1,1,1,1,1,1,1,1,1,1,1,0,0,0.0
2648028,2,01/01/1990,1,50.1,276.8,1.0,17.0,1,1,0,2014.0,1,50.1,40.5,17.7,0.0,20.1,0.0,23.3,10.1,14.7,11.1,10.0,0.0,15.5,9.7,5.5,0.0,10.1,9.2,11.5,0.0,0.0,7.5,10.2,0.0,0.0,0.0,0.0,0.0,0.0,0.0,0.0,1,1,1,1,1,1,1,1,1,1,1,1,1,1,1,1,1,1,1,1,1,1,1,1,1,1,1,1,1,1,1.0
2648028,1,01/01/1990,1,50.1,276.8,1.0,17.0,1,1,0,2014.0,1,50.1,40.5,17.7,0.0,20.1,0.0,23.3,10.1,14.7,11.1,10.0,0.0,15.5,9.7,5.5,0.0,10.1,9.2,11.5,0.0,0.0,7.5,10.2,0.0,0.0,0.0,0.0,0.0,0.0,0.0,0.0,1,1,1,1,1,1,1,1,1,1,1,1,1,1,1,1,1,1,1,1,1,1,1,1,1,1,1,1,1,1,1.0
2648028,2,01/12/1989,1,72.5,286.3,27.0,10.0,1,1,0,1960.7,1,10.5,0.0,0.0,0.0,0.0,0.0,0.0,0.0,0.0,4.5,15.1,5.5,0.0,0.0,15.5,0.0,0.0,36.5,45.1,0.0,0.0,0.0,0.0,0.0,0.0,0.0,72.5,70.6,10.5,0.0,0.0,1,1,1,1,1,1,1,1,1,1,1,1,1,1,1,1,1,1,1,1,1,1,1,1,1,1,1,1,1,1,1.0
2648028,1,01/12/1989,1,72.5,286.3,27.0,10.0,1,1,0,1960.7,1,10.5,0.0,0.0,0.0,0.0,0.0,0.0,0.0,0.0,4.5,15.1,5.5,0.0,0.0,15.5,0.0,0.0,36.5,45.1,0.0,0.0,0.0,0.0,0.0,0.0,0.0,72.5,70.6,10.5,0.0,0.0,1,1,1,1,1,1,1,1,1,1,1,1,1,1,1,1,1,1,1,1,1,1,1,1,1,1,1,1,1,1,1.0
2648028,2,01/11/1989,1,27.9,66.8,21.0,7.0,1,1,0,1960.7,1,0.0,0.0,0.0,0.0,0.0,0.0,0.0,0.0,0.0,4.3,0.0,4.0,0.0,0.0,0.0,0.0,0.0,0.0,0.0,0.0,27.9,0.0,7.1,0.0,4.0,0.0,0.0,15.0,4.5,0.0,,1,1,1,1,1,1,1,1,1,1,1,1,1,1,1,1,1,1,1,1,1,1,1,1,1,1,1,1,1,1,0.0
2648028,1,01/11/1989,1,27.9,66.8,21.0,7.0,1,1,0,1960.7,1,0.0,0.0,0.0,0.0,0.0,0.0,0.0,0.0,0.0,4.3,0.0,4.0,0.0,0.0,0.0,0.0,0.0,0.0,0.0,0.0,27.9,0.0,7.1,0.0,4.0,0.0,0.0,15.0,4.5,0.0,,1,1,1,1,1,1,1,1,1,1,1,1,1,1,1,1,1,1,1,1,1,1,1,1,1,1,1,1,1,1,0.0
2648028,2,01/10/1989,1,17.1,67.3,10.0,7.0,1,1,0,1960.7,1,0.0,0.0,0.0,7.7,0.0,0.0,0.0,0.0,5.7,17.1,7.5,0.0,0.0,0.0,0.0,0.0,5.5,0.0,0.0,0.0,0.0,0.0,0.0,0.0,0.0,10.3,13.5,0.0,0.0,0.0,0.0,1,1,1,1,1,1,1,1,1,1,1,1,1,1,1,1,1,1,1,1,1,1,1,1,1,1,1,1,1,1,1.0
2648028,1,01/10/1989,1,17.1,67.3,10.0,7.0,1,1,0,1960.7,1,0.0,0.0,0.0,7.7,0.0,0.0,0.0,0.0,5.7,17.1,7.5,0.0,0.0,0.0,0.0,0.0,5.5,0.0,0.0,0.0,0.0,0.0,0.0,0.0,0.0,10.3,13.5,0.0,0.0,0.0,0.0,1,1,1,1,1,1,1,1,1,1,1,1,1,1,1,1,1,1,1,1,1,1,1,1,1,1,1,1,1,1,1.0
2648028,2,01/09/1989,1,38.2,184.4,12.0,10.0,1,1,0,1960.7,1,0.0,0.0,0.0,0.0,0.0,0.0,9.5,20.7,37.5,5.5,0.0,38.2,27.3,7.0,0.0,0.0,0.0,0.0,0.0,0.0,0.0,0.0,0.0,20.5,12.7,0.0,0.0,0.0,5.5,0.0,,1,1,1,1,1,1,1,1,1,1,1,1,1,1,1,1,1,1,1,1,1,1,1,1,1,1,1,1,1,1,0.0
2648028,1,01/09/1989,1,38.2,184.4,12.0,10.0,1,1,0,1960.7,1,0.0,0.0,0.0,0.0,0.0,0.0,9.5,20.7,37.5,5.5,0.0,38.2,27.3,7.0,0.0,0.0,0.0,0.0,0.0,0.0,0.0,0.0,0.0,20.5,12.7,0.0,0.0,0.0,5.5,0.0,,1,1,1,1,1,1,1,1,1,1,1,1,1,1,1,1,1,1,1,1,1,1,1,1,1,1,1,1,1,1,0.0
2648028,2,01/08/1989,1,10.2,40.9,25.0,6.0,1,1,0,1960.7,1,0.0,0.0,0.0,0.0,5.5,0.0,0.0,0.0,0.0,0.0,0.0,0.0,5.1,0.0,0.0,0.0,0.0,0.0,0.0,0.0,0.0,0.0,6.5,0.0,10.2,5.1,0.0,8.5,0.0,0.0,0.0,1,1,1,1,1,1,1,1,1,1,1,1,1,1,1,1,1,1,1,1,1,1,1,1,1,1,1,1,1,1,1.0
2648028,1,01/08/1989,1,10.2,40.9,25.0,6.0,1,1,0,1960.7,1,0.0,0.0,0.0,0.0,5.5,0.0,0.0,0.0,0.0,0.0,0.0,0.0,5.1,0.0,0.0,0.0,0.0,0.0,0.0,0.0,0.0,0.0,6.5,0.0,10.2,5.1,0.0,8.5,0.0,0.0,0.0,1,1,1,1,1,1,1,1,1,1,1,1,1,1,1,1,1,1,1,1,1,1,1,1,1,1,1,1,1,1,1.0
2648028,2,01/07/1989,1,37.5,118.7,29.0,7.0,1,1,0,1960.7,1,0.0,0.0,5.7,0.0,0.0,4.5,0.0,0.0,0.0,0.0,0.0,0.0,0.0,0.0,0.0,0.0,0.0,0.0,0.0,0.0,0.0,0.0,0.0,1.5,0.0,21.5,11.7,36.3,37.5,0.0,0.0,1,1,1,1,1,1,1,1,1,1,1,1,1,1,1,1,1,1,1,1,1,1,1,1,1,1,1,1,1,1,1.0
2648028,1,01/07/1989,1,37.5,118.7,29.0,7.0,1,1,0,1960.7,1,0.0,0.0,5.7,0.0,0.0,4.5,0.0,0.0,0.0,0.0,0.0,0.0,0.0,0.0,0.0,0.0,0.0,0.0,0.0,0.0,0.0,0.0,0.0,1.5,0.0,21.5,11.7,36.3,37.5,0.0,0.0,1,1,1,1,1,1,1,1,1,1,1,1,1,1,1,1,1,1,1,1,1,1,1,1,1,1,1,1,1,1,1.0
2648028,2,01/06/1989,1,14.1,21.3,16.0,3.0,1,1,0,1960.7,1,0.0,1.5,0.0,0.0,0.0,0.0,0.0,0.0,0.0,0.0,0.0,0.0,0.0,0.0,0.0,14.1,0.0,0.0,0.0,0.0,0.0,0.0,0.0,5.7,0.0,0.0,0.0,0.0,0.0,0.0,,1,1,1,1,1,1,1,1,1,1,1,1,1,1,1,1,1,1,1,1,1,1,1,1,1,1,1,1,1,1,0.0
2648028,1,01/06/1989,1,14.1,21.3,16.0,3.0,1,1,0,1960.7,1,0.0,1.5,0.0,0.0,0.0,0.0,0.0,0.0,0.0,0.0,0.0,0.0,0.0,0.0,0.0,14.1,0.0,0.0,0.0,0.0,0.0,0.0,0.0,5.7,0.0,0.0,0.0,0.0,0.0,0.0,,1,1,1,1,1,1,1,1,1,1,1,1,1,1,1,1,1,1,1,1,1,1,1,1,1,1,1,1,1,1,0.0
2648028,2,01/05/1989,1,36.2,95.4,4.0,5.0,1,1,0,1960.7,1,12.1,6.5,0.0,36.2,15.1,25.5,0.0,0.0,0.0,0.0,0.0,0.0,0.0,0.0,0.0,0.0,0.0,0.0,0.0,0.0,0.0,0.0,0.0,0.0,0.0,0.0,0.0,0.0,0.0,0.0,0.0,1,1,1,1,1,1,1,1,1,1,1,1,1,1,1,1,1,1,1,1,1,1,1,1,1,1,1,1,1,1,1.0
2648028,1,01/05/1989,1,36.2,95.4,4.0,5.0,1,1,0,1960.7,1,12.1,6.5,0.0,36.2,15.1,25.5,0.0,0.0,0.0,0.0,0.0,0.0,0.0,0.0,0.0,0.0,0.0,0.0,0.0,0.0,0.0,0.0,0.0,0.0,0.0,0.0,0.0,0.0,0.0,0.0,0.0,1,1,1,1,1,1,1,1,1,1,1,1,1,1,1,1,1,1,1,1,1,1,1,1,1,1,1,1,1,1,1.0
2648028,2,01/04/1989,1,36.5,143.1,12.0,8.0,1,1,0,1960.7,1,29.5,0.0,0.0,6.0,27.5,0.0,0.0,10.5,0.0,0.0,0.0,36.5,10.1,0.0,0.0,0.0,0.0,0.0,7.5,0.0,0.0,0.0,0.0,0.0,0.0,0.0,0.0,0.0,15.5,0.0,,1,1,1,1,1,1,1,1,1,1,1,1,1,1,1,1,1,1,1,1,1,1,1,1,1,1,1,1,1,1,0.0
2648028,1,01/04/1989,1,36.5,143.1,12.0,8.0,1,1,0,1960.7,1,29.5,0.0,0.0,6.0,27.5,0.0,0.0,10.5,0.0,0.0,0.0,36.5,10.1,0.0,0.0,0.0,0.0,0.0,7.5,0.0,0.0,0.0,0.0,0.0,0.0,0.0,0.0,0.0,15.5,0.0,,1,1,1,1,1,1,1,1,1,1,1,1,1,1,1,1,1,1,1,1,1,1,1,1,1,1,1,1,1,1,0.0
2648028,2,01/03/1989,1,130.5,323.1,20.0,10.0,1,1,0,1960.7,1,56.9,0.0,7.0,5.3,0.0,0.0,0.0,0.0,0.0,0.0,0.0,0.0,46.3,13.5,0.0,0.0,0.0,0.0,0.0,130.5,13.7,37.5,0.0,6.5,0.0,5.9,0.0,0.0,0.0,0.0,0.0,1,1,1,1,1,1,1,1,1,1,1,1,1,1,1,1,1,1,1,1,1,1,1,1,1,1,1,1,1,1,1.0
2648028,1,01/03/1989,1,130.5,323.1,20.0,10.0,1,1,0,1960.7,1,56.9,0.0,7.0,5.3,0.0,0.0,0.0,0.0,0.0,0.0,0.0,0.0,46.3,13.5,0.0,0.0,0.0,0.0,0.0,130.5,13.7,37.5,0.0,6.5,0.0,5.9,0.0,0.0,0.0,0.0,0.0,1,1,1,1,1,1,1,1,1,1,1,1,1,1,1,1,1,1,1,1,1,1,1,1,1,1,1,1,1,1,1.0
2648028,2,01/02/1989,1,96.7,254.1,23.0,9.0,1,1,0,1960.7,1,0.0,61.2,0.0,0.0,0.0,0.0,0.0,0.0,0.0,0.0,0.0,10.1,15.4,0.0,7.5,0.0,19.2,0.0,0.0,0.0,7.2,0.0,96.7,22.1,14.7,0.0,0.0,0.0,,,,1,1,1,1,1,1,1,1,1,1,1,1,1,1,1,1,1,1,1,1,1,1,1,1,1,1,1,1,0,0,0.0
2648028,1,01/02/1989,1,96.7,254.1,23.0,9.0,1,1,0,1960.7,1,0.0,61.2,0.0,0.0,0.0,0.0,0.0,0.0,0.0,0.0,0.0,10.1,15.4,0.0,7.5,0.0,19.2,0.0,0.0,0.0,7.2,0.0,96.7,22.1,14.7,0.0,0.0,0.0,,,,1,1,1,1,1,1,1,1,1,1,1,1,1,1,1,1,1,1,1,1,1,1,1,1,1,1,1,1,0,0,0.0
2648028,2,01/01/1989,1,72.2,359.3,5.0,19.0,1,1,0,1960.7,1,32.1,20.2,17.0,0.0,72.2,23.5,0.0,25.7,10.5,25.0,11.5,5.1,0.0,0.0,5.0,0.0,0.0,0.0,6.2,0.0,6.3,0.0,13.5,36.5,7.7,28.7,3.5,9.1,0.0,0.0,0.0,1,1,1,1,1,1,1,1,1,1,1,1,1,1,1,1,1,1,1,1,1,1,1,1,1,1,1,1,1,1,1.0
2648028,1,01/01/1989,1,72.2,359.3,5.0,19.0,1,1,0,1960.7,1,32.1,20.2,17.0,0.0,72.2,23.5,0.0,25.7,10.5,25.0,11.5,5.1,0.0,0.0,5.0,0.0,0.0,0.0,6.2,0.0,6.3,0.0,13.5,36.5,7.7,28.7,3.5,9.1,0.0,0.0,0.0,1,1,1,1,1,1,1,1,1,1,1,1,1,1,1,1,1,1,1,1,1,1,1,1,1,1,1,1,1,1,1.0
2648028,2,01/12/1988,1,73.5,235.9,29.0,9.0,1,1,0,1406.4,1,0.0,9.5,0.0,0.0,0.0,0.0,0.0,0.0,0.0,0.0,0.0,0.0,0.0,12.7,0.0,0.0,0.0,0.0,10.2,40.0,0.0,0.0,0.0,0.0,47.1,8.6,0.0,0.0,73.5,18.7,15.6,1,1,1,1,1,1,1,1,1,1,1,1,1,1,1,1,1,1,1,1,1,1,1,1,1,1,1,1,1,1,1.0
2648028,1,01/12/1988,1,73.5,235.9,29.0,9.0,1,1,0,1406.4,1,0.0,9.5,0.0,0.0,0.0,0.0,0.0,0.0,0.0,0.0,0.0,0.0,0.0,12.7,0.0,0.0,0.0,0.0,10.2,40.0,0.0,0.0,0.0,0.0,47.1,8.6,0.0,0.0,73.5,18.7,15.6,1,1,1,1,1,1,1,1,1,1,1,1,1,1,1,1,1,1,1,1,1,1,1,1,1,1,1,1,1,1,1.0
2648028,2,01/11/1988,1,14.5,30.0,13.0,4.0,1,1,0,1406.4,1,0.0,0.0,0.0,0.0,0.0,0.0,0.0,0.0,0.0,6.5,0.0,0.0,14.5,0.0,0.0,0.0,0.0,0.0,0.0,0.0,0.0,5.0,0.0,0.0,0.0,0.0,4.0,0.0,0.0,0.0,,1,1,1,1,1,1,1,1,1,1,1,1,1,1,1,1,1,1,1,1,1,1,1,1,1,1,1,1,1,1,0.0
2648028,1,01/11/1988,1,14.5,30.0,13.0,4.0,1,1,0,1406.4,1,0.0,0.0,0.0,0.0,0.0,0.0,0.0,0.0,0.0,6.5,0.0,0.0,14.5,0.0,0.0,0.0,0.0,0.0,0.0,0.0,0.0,5.0,0.0,0.0,0.0,0.0,4.0,0.0,0.0,0.0,,1,1,1,1,1,1,1,1,1,1,1,1,1,1,1,1,1,1,1,1,1,1,1,1,1,1,1,1,1,1,0.0
2648028,2,01/10/1988,1,32.5,95.2,26.0,8.0,1,1,0,1406.4,1,0.0,0.0,0.0,14.2,0.0,0.0,0.0,0.0,0.0,0.0,10.5,0.0,9.1,0.0,0.0,0.0,0.0,4.1,5.5,0.0,0.0,9.0,0.0,0.0,0.0,32.5,10.3,0.0,0.0,0.0,0.0,1,1,1,1,1,1,1,1,1,1,1,1,1,1,1,1,1,1,1,1,1,1,1,1,1,1,1,1,1,1,1.0
2648028,1,01/10/1988,1,32.5,95.2,26.0,8.0,1,1,0,1406.4,1,0.0,0.0,0.0,14.2,0.0,0.0,0.0,0.0,0.0,0.0,10.5,0.0,9.1,0.0,0.0,0.0,0.0,4.1,5.5,0.0,0.0,9.0,0.0,0.0,0.0,32.5,10.3,0.0,0.0,0.0,0.0,1,1,1,1,1,1,1,1,1,1,1,1,1,1,1,1,1,1,1,1,1,1,1,1,1,1,1,1,1,1,1.0
2648028,2,01/09/1988,1,57.3,218.9,14.0,8.0,1,1,0,1406.4,1,0.0,0.0,0.0,0.0,0.0,0.0,0.0,0.0,0.0,0.0,0.0,0.0,0.0,57.3,0.0,0.0,37.5,49.4,6.7,7.2,31.5,22.3,0.0,0.0,0.0,0.0,0.0,7.0,0.0,0.0,,1,1,1,1,1,1,1,1,1,1,1,1,1,1,1,1,1,1,1,1,1,1,1,1,1,1,1,1,1,1,0.0
2648028,1,01/09/1988,1,57.3,218.9,14.0,8.0,1,1,0,1406.4,1,0.0,0.0,0.0,0.0,0.0,0.0,0.0,0.0,0.0,0.0,0.0,0.0,0.0,57.3,0.0,0.0,37.5,49.4,6.7,7.2,31.5,22.3,0.0,0.0,0.0,0.0,0.0,7.0,0.0,0.0,,1,1,1,1,1,1,1,1,1,1,1,1,1,1,1,1,1,1,1,1,1,1,1,1,1,1,1,1,1,1,0.0
2648028,2,01/08/1988,1,6.5,13.0,19.0,2.0,1,1,0,1406.4,1,0.0,0.0,0.0,0.0,0.0,0.0,0.0,0.0,0.0,0.0,0.0,0.0,0.0,0.0,0.0,0.0,0.0,0.0,6.5,0.0,6.5,0.0,0.0,0.0,0.0,0.0,0.0,0.0,0.0,0.0,0.0,1,1,1,1,1,1,1,1,1,1,1,1,1,1,1,1,1,1,1,1,1,1,1,1,1,1,1,1,1,1,1.0
2648028,1,01/08/1988,1,6.5,13.0,19.0,2.0,1,1,0,1406.4,1,0.0,0.0,0.0,0.0,0.0,0.0,0.0,0.0,0.0,0.0,0.0,0.0,0.0,0.0,0.0,0.0,0.0,0.0,6.5,0.0,6.5,0.0,0.0,0.0,0.0,0.0,0.0,0.0,0.0,0.0,0.0,1,1,1,1,1,1,1,1,1,1,1,1,1,1,1,1,1,1,1,1,1,1,1,1,1,1,1,1,1,1,1.0
2648028,2,01/07/1988,1,5.5,10.6,25.0,2.0,1,1,0,1406.4,1,0.0,0.0,0.0,0.0,0.0,0.0,0.0,0.0,0.0,0.0,5.1,0.0,0.0,0.0,0.0,0.0,0.0,0.0,0.0,0.0,0.0,0.0,0.0,0.0,5.5,0.0,0.0,0.0,0.0,0.0,0.0,1,1,1,1,1,1,1,1,1,1,1,1,1,1,1,1,1,1,1,1,1,1,1,1,1,1,1,1,1,1,1.0
2648028,1,01/07/1988,1,5.5,10.6,25.0,2.0,1,1,0,1406.4,1,0.0,0.0,0.0,0.0,0.0,0.0,0.0,0.0,0.0,0.0,5.1,0.0,0.0,0.0,0.0,0.0,0.0,0.0,0.0,0.0,0.0,0.0,0.0,0.0,5.5,0.0,0.0,0.0,0.0,0.0,0.0,1,1,1,1,1,1,1,1,1,1,1,1,1,1,1,1,1,1,1,1,1,1,1,1,1,1,1,1,1,1,1.0
2648028,2,01/06/1988,1,15.5,56.6,24.0,6.0,1,1,0,1406.4,1,0.0,0.0,0.0,12.7,0.0,0.0,0.0,0.0,0.0,0.0,0.0,0.0,0.0,10.5,0.0,0.0,0.0,0.0,4.2,10.5,0.0,0.0,0.0,15.5,3.2,0.0,0.0,0.0,0.0,0.0,,1,1,1,1,1,1,1,1,1,1,1,1,1,1,1,1,1,1,1,1,1,1,1,1,1,1,1,1,1,1,0.0
2648028,1,01/06/1988,1,15.5,56.6,24.0,6.0,1,1,0,1406.4,1,0.0,0.0,0.0,12.7,0.0,0.0,0.0,0.0,0.0,0.0,0.0,0.0,0.0,10.5,0.0,0.0,0.0,0.0,4.2,10.5,0.0,0.0,0.0,15.5,3.2,0.0,0.0,0.0,0.0,0.0,,1,1,1,1,1,1,1,1,1,1,1,1,1,1,1,1,1,1,1,1,1,1,1,1,1,1,1,1,1,1,0.0
2648028,2,01/05/1988,1,56.5,276.7,7.0,15.0,1,1,0,1406.4,1,0.0,10.3,20.7,38.5,12.3,2.7,56.5,0.0,0.0,0.0,0.0,0.0,0.0,2.5,0.0,0.0,35.0,0.0,0.0,0.0,15.2,17.3,30.7,10.2,0.0,0.0,0.0,0.0,7.0,12.5,5.3,1,1,1,1,1,1,1,1,1,1,1,1,1,1,1,1,1,1,1,1,1,1,1,1,1,1,1,1,1,1,1.0
2648028,1,01/05/1988,1,56.5,276.7,7.0,15.0,1,1,0,1406.4,1,0.0,10.3,20.7,38.5,12.3,2.7,56.5,0.0,0.0,0.0,0.0,0.0,0.0,2.5,0.0,0.0,35.0,0.0,0.0,0.0,15.2,17.3,30.7,10.2,0.0,0.0,0.0,0.0,7.0,12.5,5.3,1,1,1,1,1,1,1,1,1,1,1,1,1,1,1,1,1,1,1,1,1,1,1,1,1,1,1,1,1,1,1.0
2648028,2,01/04/1988,1,14.3,63.3,27.0,9.0,1,1,0,1406.4,1,6.0,0.0,0.0,0.0,0.0,0.0,0.0,4.1,9.3,0.0,0.0,0.0,0.0,3.1,0.0,0.0,5.7,0.0,0.0,0.0,0.0,6.1,9.3,0.0,0.0,0.0,14.3,5.4,0.0,0.0,,1,1,1,1,1,1,1,1,1,1,1,1,1,1,1,1,1,1,1,1,1,1,1,1,1,1,1,1,1,1,0.0
2648028,1,01/04/1988,1,14.3,63.3,27.0,9.0,1,1,0,1406.4,1,6.0,0.0,0.0,0.0,0.0,0.0,0.0,4.1,9.3,0.0,0.0,0.0,0.0,3.1,0.0,0.0,5.7,0.0,0.0,0.0,0.0,6.1,9.3,0.0,0.0,0.0,14.3,5.4,0.0,0.0,,1,1,1,1,1,1,1,1,1,1,1,1,1,1,1,1,1,1,1,1,1,1,1,1,1,1,1,1,1,1,0.0
2648028,2,01/03/1988,1,62.5,90.2,1.0,5.0,1,1,0,1406.4,1,62.5,1.6,0.0,0.0,0.0,0.0,0.0,0.0,0.0,5.3,0.0,13.5,7.3,0.0,0.0,0.0,0.0,0.0,0.0,0.0,0.0,0.0,0.0,0.0,0.0,0.0,0.0,0.0,0.0,0.0,0.0,1,1,1,1,1,1,1,1,1,1,1,1,1,1,1,1,1,1,1,1,1,1,1,1,1,1,1,1,1,1,1.0
2648028,1,01/03/1988,1,62.5,90.2,1.0,5.0,1,1,0,1406.4,1,62.5,1.6,0.0,0.0,0.0,0.0,0.0,0.0,0.0,5.3,0.0,13.5,7.3,0.0,0.0,0.0,0.0,0.0,0.0,0.0,0.0,0.0,0.0,0.0,0.0,0.0,0.0,0.0,0.0,0.0,0.0,1,1,1,1,1,1,1,1,1,1,1,1,1,1,1,1,1,1,1,1,1,1,1,1,1,1,1,1,1,1,1.0
2648028,2,01/02/1988,1,36.5,120.9,28.0,11.0,1,1,0,1406.4,1,1.0,0.0,0.0,0.0,0.0,0.0,0.0,5.5,10.2,23.1,0.0,0.0,4.5,5.1,0.0,4.5,13.2,0.0,0.0,0.0,0.0,0.0,0.0,0.0,0.0,7.0,0.0,36.5,10.3,,,1,1,1,1,1,1,1,1,1,1,1,1,1,1,1,1,1,1,1,1,1,1,1,1,1,1,1,1,1,0,0.0
2648028,1,01/02/1988,1,36.5,120.9,28.0,11.0,1,1,0,1406.4,1,1.0,0.0,0.0,0.0,0.0,0.0,0.0,5.5,10.2,23.1,0.0,0.0,4.5,5.1,0.0,4.5,13.2,0.0,0.0,0.0,0.0,0.0,0.0,0.0,0.0,7.0,0.0,36.5,10.3,,,1,1,1,1,1,1,1,1,1,1,1,1,1,1,1,1,1,1,1,1,1,1,1,1,1,1,1,1,1,0,0.0
2648028,2,01/01/1988,1,35.5,195.1,29.0,10.0,1,1,0,1406.4,1,23.0,0.0,0.0,0.0,0.0,0.0,0.0,0.0,0.0,23.9,0.0,0.0,0.0,0.0,9.3,0.0,18.8,0.0,0.0,0.0,0.0,0.0,0.0,8.5,25.1,18.8,0.0,0.0,35.5,18.2,14.0,1,1,1,1,1,1,1,1,1,1,1,1,1,1,1,1,1,1,1,1,1,1,1,1,1,1,1,1,1,1,1.0
2648028,1,01/01/1988,1,35.5,195.1,29.0,10.0,1,1,0,1406.4,1,23.0,0.0,0.0,0.0,0.0,0.0,0.0,0.0,0.0,23.9,0.0,0.0,0.0,0.0,9.3,0.0,18.8,0.0,0.0,0.0,0.0,0.0,0.0,8.5,25.1,18.8,0.0,0.0,35.5,18.2,14.0,1,1,1,1,1,1,1,1,1,1,1,1,1,1,1,1,1,1,1,1,1,1,1,1,1,1,1,1,1,1,1.0
2648028,2,01/12/1987,1,25.5,87.2,9.0,6.0,1,1,0,1615.2,1,0.0,0.0,0.0,5.0,0.0,0.0,0.0,0.0,25.5,0.0,0.0,0.0,0.0,0.0,0.0,0.0,0.0,3.8,0.0,0.0,0.0,0.0,0.0,0.0,0.0,0.0,0.0,0.0,3.8,25.0,24.1,1,1,1,1,1,1,1,1,1,1,1,1,1,1,1,1,1,1,1,1,1,1,1,1,1,1,1,1,1,1,1.0
2648028,1,01/12/1987,1,25.5,87.2,9.0,6.0,1,1,0,1615.2,1,0.0,0.0,0.0,5.0,0.0,0.0,0.0,0.0,25.5,0.0,0.0,0.0,0.0,0.0,0.0,0.0,0.0,3.8,0.0,0.0,0.0,0.0,0.0,0.0,0.0,0.0,0.0,0.0,3.8,25.0,24.1,1,1,1,1,1,1,1,1,1,1,1,1,1,1,1,1,1,1,1,1,1,1,1,1,1,1,1,1,1,1,1.0
2648028,2,01/11/1987,1,11.2,43.8,17.0,6.0,1,1,0,1615.2,1,0.0,0.0,0.0,0.0,0.0,0.0,0.0,0.0,0.0,0.0,0.0,8.1,0.0,0.0,5.0,10.1,11.2,0.0,0.0,0.0,0.0,0.0,4.1,0.0,5.3,0.0,0.0,0.0,0.0,0.0,,1,1,1,1,1,1,1,1,1,1,1,1,1,1,1,1,1,1,1,1,1,1,1,1,1,1,1,1,1,1,0.0
2648028,1,01/11/1987,1,11.2,43.8,17.0,6.0,1,1,0,1615.2,1,0.0,0.0,0.0,0.0,0.0,0.0,0.0,0.0,0.0,0.0,0.0,8.1,0.0,0.0,5.0,10.1,11.2,0.0,0.0,0.0,0.0,0.0,4.1,0.0,5.3,0.0,0.0,0.0,0.0,0.0,,1,1,1,1,1,1,1,1,1,1,1,1,1,1,1,1,1,1,1,1,1,1,1,1,1,1,1,1,1,1,0.0
2648028,2,01/10/1987,1,25.0,114.7,17.0,9.0,1,1,0,1615.2,1,8.5,18.8,0.0,0.0,0.0,15.8,0.0,0.0,0.0,0.0,0.0,0.0,0.0,5.5,10.3,5.5,25.0,0.0,20.2,0.0,0.0,0.0,0.0,0.0,0.0,5.1,0.0,0.0,0.0,0.0,0.0,1,1,1,1,1,1,1,1,1,1,1,1,1,1,1,1,1,1,1,1,1,1,1,1,1,1,1,1,1,1,1.0
2648028,1,01/10/1987,1,25.0,114.7,17.0,9.0,1,1,0,1615.2,1,8.5,18.8,0.0,0.0,0.0,15.8,0.0,0.0,0.0,0.0,0.0,0.0,0.0,5.5,10.3,5.5,25.0,0.0,20.2,0.0,0.0,0.0,0.0,0.0,0.0,5.1,0.0,0.0,0.0,0.0,0.0,1,1,1,1,1,1,1,1,1,1,1,1,1,1,1,1,1,1,1,1,1,1,1,1,1,1,1,1,1,1,1.0
2648028,2,01/09/1987,1,32.2,83.1,11.0,6.0,1,1,0,1615.2,1,8.1,0.0,0.0,0.0,0.0,0.0,0.0,0.0,0.0,0.0,32.2,10.7,0.0,0.0,0.0,22.3,4.7,0.0,0.0,0.0,0.0,0.0,0.0,0.0,0.0,0.0,0.0,5.1,0.0,0.0,,1,1,1,1,1,1,1,1,1,1,1,1,1,1,1,1,1,1,1,1,1,1,1,1,1,1,1,1,1,1,0.0
2648028,1,01/09/1987,1,32.2,83.1,11.0,6.0,1,1,0,1615.2,1,8.1,0.0,0.0,0.0,0.0,0.0,0.0,0.0,0.0,0.0,32.2,10.7,0.0,0.0,0.0,22.3,4.7,0.0,0.0,0.0,0.0,0.0,0.0,0.0,0.0,0.0,0.0,5.1,0.0,0.0,,1,1,1,1,1,1,1,1,1,1,1,1,1,1,1,1,1,1,1,1,1,1,1,1,1,1,1,1,1,1,0.0
2648028,2,01/08/1987,1,60.2,105.4,17.0,6.0,1,1,0,1615.2,1,0.0,0.0,0.0,0.0,0.0,23.5,0.0,0.0,0.0,0.0,0.0,0.0,0.0,0.0,0.0,0.0,60.2,0.0,8.0,5.0,1.0,0.0,0.0,0.0,0.0,0.0,0.0,0.0,0.0,0.0,7.7,1,1,1,1,1,1,1,1,1,1,1,1,1,1,1,1,1,1,1,1,1,1,1,1,1,1,1,1,1,1,1.0
2648028,1,01/08/1987,1,60.2,105.4,17.0,6.0,1,1,0,1615.2,1,0.0,0.0,0.0,0.0,0.0,23.5,0.0,0.0,0.0,0.0,0.0,0.0,0.0,0.0,0.0,0.0,60.2,0.0,8.0,5.0,1.0,0.0,0.0,0.0,0.0,0.0,0.0,0.0,0.0,0.0,7.7,1,1,1,1,1,1,1,1,1,1,1,1,1,1,1,1,1,1,1,1,1,1,1,1,1,1,1,1,1,1,1.0
2648028,2,01/07/1987,1,25.5,55.7,14.0,5.0,1,1,0,1615.2,1,0.0,0.0,0.0,0.0,0.0,0.0,0.0,11.3,0.0,0.0,0.0,1.2,0.0,25.5,0.0,0.0,0.0,0.0,5.2,12.5,0.0,0.0,0.0,0.0,0.0,0.0,0.0,0.0,0.0,0.0,0.0,1,1,1,1,1,1,1,1,1,1,1,1,1,1,1,1,1,1,1,1,1,1,1,1,1,1,1,1,1,1,1.0
2648028,1,01/07/1987,1,25.5,55.7,14.0,5.0,1,1,0,1615.2,1,0.0,0.0,0.0,0.0,0.0,0.0,0.0,11.3,0.0,0.0,0.0,1.2,0.0,25.5,0.0,0.0,0.0,0.0,5.2,12.5,0.0,0.0,0.0,0.0,0.0,0.0,0.0,0.0,0.0,0.0,0.0,1,1,1,1,1,1,1,1,1,1,1,1,1,1,1,1,1,1,1,1,1,1,1,1,1,1,1,1,1,1,1.0
2648028,2,01/06/1987,1,50.3,92.2,14.0,4.0,1,1,0,1615.2,1,0.0,0.0,0.0,0.0,0.0,0.0,0.0,0.0,0.0,0.0,0.0,0.0,7.7,50.3,21.9,0.0,0.0,0.0,0.0,0.0,0.0,0.0,12.3,0.0,0.0,0.0,0.0,0.0,0.0,0.0,,1,1,1,1,1,1,1,1,1,1,1,1,1,1,1,1,1,1,1,1,1,1,1,1,1,1,1,1,1,1,0.0
2648028,1,01/06/1987,1,50.3,92.2,14.0,4.0,1,1,0,1615.2,1,0.0,0.0,0.0,0.0,0.0,0.0,0.0,0.0,0.0,0.0,0.0,0.0,7.7,50.3,21.9,0.0,0.0,0.0,0.0,0.0,0.0,0.0,12.3,0.0,0.0,0.0,0.0,0.0,0.0,0.0,,1,1,1,1,1,1,1,1,1,1,1,1,1,1,1,1,1,1,1,1,1,1,1,1,1,1,1,1,1,1,0.0
2648028,2,01/05/1987,1,39.9,186.2,8.0,10.0,1,1,0,1615.2,1,0.0,0.0,0.0,0.0,0.0,0.0,32.0,39.9,6.5,0.0,0.0,0.5,0.0,0.0,24.5,0.0,0.0,5.0,10.0,38.8,26.2,0.0,0.0,2.8,0.0,0.0,0.0,0.0,0.0,0.0,0.0,1,1,1,1,1,1,1,1,1,1,1,1,1,1,1,1,1,1,1,1,1,1,1,1,1,1,1,1,1,1,1.0
2648028,1,01/05/1987,1,39.9,186.2,8.0,10.0,1,1,0,1615.2,1,0.0,0.0,0.0,0.0,0.0,0.0,32.0,39.9,6.5,0.0,0.0,0.5,0.0,0.0,24.5,0.0,0.0,5.0,10.0,38.8,26.2,0.0,0.0,2.8,0.0,0.0,0.0,0.0,0.0,0.0,0.0,1,1,1,1,1,1,1,1,1,1,1,1,1,1,1,1,1,1,1,1,1,1,1,1,1,1,1,1,1,1,1.0
2648028,2,01/04/1987,1,70.3,153.6,3.0,6.0,1,1,0,1615.2,1,0.0,9.5,70.3,0.0,0.0,0.0,0.0,0.0,0.0,1.0,0.0,0.0,0.0,50.3,0.0,0.0,0.0,0.0,0.0,0.0,0.0,10.0,0.0,0.0,0.0,0.0,0.0,0.0,0.0,12.5,,1,1,1,1,1,1,1,1,1,1,1,1,1,1,1,1,1,1,1,1,1,1,1,1,1,1,1,1,1,1,0.0
2648028,1,01/04/1987,1,70.3,153.6,3.0,6.0,1,1,0,1615.2,1,0.0,9.5,70.3,0.0,0.0,0.0,0.0,0.0,0.0,1.0,0.0,0.0,0.0,50.3,0.0,0.0,0.0,0.0,0.0,0.0,0.0,10.0,0.0,0.0,0.0,0.0,0.0,0.0,0.0,12.5,,1,1,1,1,1,1,1,1,1,1,1,1,1,1,1,1,1,1,1,1,1,1,1,1,1,1,1,1,1,1,0.0
2648028,2,01/03/1987,1,39.7,75.8,7.0,8.0,1,1,0,1615.2,1,0.0,0.0,0.0,0.0,0.0,0.0,39.7,0.0,0.0,11.1,0.0,0.0,0.0,0.0,0.0,0.0,0.0,0.0,0.0,7.0,3.1,0.0,0.0,0.0,0.0,1.0,8.2,5.3,0.4,0.0,0.0,1,1,1,1,1,1,1,1,1,1,1,1,1,1,1,1,1,1,1,1,1,1,1,1,1,1,1,1,1,1,1.0
2648028,1,01/03/1987,1,39.7,75.8,7.0,8.0,1,1,0,1615.2,1,0.0,0.0,0.0,0.0,0.0,0.0,39.7,0.0,0.0,11.1,0.0,0.0,0.0,0.0,0.0,0.0,0.0,0.0,0.0,7.0,3.1,0.0,0.0,0.0,0.0,1.0,8.2,5.3,0.4,0.0,0.0,1,1,1,1,1,1,1,1,1,1,1,1,1,1,1,1,1,1,1,1,1,1,1,1,1,1,1,1,1,1,1.0
2648028,2,01/02/1987,1,165.3,466.8,14.0,11.0,1,1,0,1615.2,1,0.0,15.2,49.3,7.0,0.0,0.0,0.0,0.0,0.0,0.0,5.6,49.5,26.3,165.3,140.6,7.4,0.0,0.0,0.0,0.0,0.2,0.0,0.0,0.0,0.0,0.0,0.0,0.4,,,,1,1,1,1,1,1,1,1,1,1,1,1,1,1,1,1,1,1,1,1,1,1,1,1,1,1,1,1,0,0,0.0
2648028,1,01/02/1987,1,165.3,466.8,14.0,11.0,1,1,0,1615.2,1,0.0,15.2,49.3,7.0,0.0,0.0,0.0,0.0,0.0,0.0,5.6,49.5,26.3,165.3,140.6,7.4,0.0,0.0,0.0,0.0,0.2,0.0,0.0,0.0,0.0,0.0,0.0,0.4,,,,1,1,1,1,1,1,1,1,1,1,1,1,1,1,1,1,1,1,1,1,1,1,1,1,1,1,1,1,0,0,0.0
2648028,2,01/01/1987,1,46.6,150.7,13.0,12.0,1,1,0,1615.2,1,0.0,0.0,0.0,0.0,0.0,0.0,0.0,11.5,2.2,8.3,0.0,9.8,46.6,33.6,21.2,0.0,5.6,3.3,1.3,0.0,0.0,0.0,0.0,0.0,0.0,6.1,0.0,0.0,0.0,0.0,1.2,1,1,1,1,1,1,1,1,1,1,1,1,1,1,1,1,1,1,1,1,1,1,1,1,1,1,1,1,1,1,1.0
2648028,1,01/01/1987,1,46.6,150.7,13.0,12.0,1,1,0,1615.2,1,0.0,0.0,0.0,0.0,0.0,0.0,0.0,11.5,2.2,8.3,0.0,9.8,46.6,33.6,21.2,0.0,5.6,3.3,1.3,0.0,0.0,0.0,0.0,0.0,0.0,6.1,0.0,0.0,0.0,0.0,1.2,1,1,1,1,1,1,1,1,1,1,1,1,1,1,1,1,1,1,1,1,1,1,1,1,1,1,1,1,1,1,1.0
2648028,2,01/12/1986,1,59.0,252.2,14.0,16.0,1,1,0,1392.0,1,13.0,4.5,0.0,4.2,0.0,0.0,0.0,4.5,8.0,0.0,12.0,0.0,0.0,59.0,25.4,0.0,6.2,0.0,28.5,7.2,3.2,0.0,0.0,6.3,0.0,0.0,0.0,15.0,10.0,45.2,0.0,1,1,1,1,1,1,1,1,1,1,1,1,1,1,1,1,1,1,1,1,1,1,1,1,1,1,1,1,1,1,1.0
2648028,1,01/12/1986,1,59.0,252.2,14.0,16.0,1,1,0,1392.0,1,13.0,4.5,0.0,4.2,0.0,0.0,0.0,4.5,8.0,0.0,12.0,0.0,0.0,59.0,25.4,0.0,6.2,0.0,28.5,7.2,3.2,0.0,0.0,6.3,0.0,0.0,0.0,15.0,10.0,45.2,0.0,1,1,1,1,1,1,1,1,1,1,1,1,1,1,1,1,1,1,1,1,1,1,1,1,1,1,1,1,1,1,1.0
2648028,2,01/11/1986,1,16.4,90.0,27.0,6.0,1,1,0,1392.0,1,0.0,0.0,0.0,14.5,0.0,0.0,0.0,0.0,0.0,0.0,16.3,0.0,0.0,0.0,0.0,0.0,0.0,0.0,0.0,0.0,0.0,0.0,14.3,0.0,0.0,15.5,16.4,0.0,0.0,13.0,,1,1,1,1,1,1,1,1,1,1,1,1,1,1,1,1,1,1,1,1,1,1,1,1,1,1,1,1,1,1,0.0
2648028,1,01/11/1986,1,16.4,90.0,27.0,6.0,1,1,0,1392.0,1,0.0,0.0,0.0,14.5,0.0,0.0,0.0,0.0,0.0,0.0,16.3,0.0,0.0,0.0,0.0,0.0,0.0,0.0,0.0,0.0,0.0,0.0,14.3,0.0,0.0,15.5,16.4,0.0,0.0,13.0,,1,1,1,1,1,1,1,1,1,1,1,1,1,1,1,1,1,1,1,1,1,1,1,1,1,1,1,1,1,1,0.0
2648028,2,01/10/1986,1,57.3,96.3,11.0,4.0,1,1,0,1392.0,1,0.0,0.0,0.0,0.0,0.0,0.0,0.0,0.0,0.0,3.4,57.3,0.0,0.0,0.0,0.0,0.0,0.0,14.1,21.5,0.0,0.0,0.0,0.0,0.0,0.0,0.0,0.0,0.0,0.0,0.0,0.0,1,1,1,1,1,1,1,1,1,1,1,1,1,1,1,1,1,1,1,1,1,1,1,1,1,1,1,1,1,1,1.0
2648028,1,01/10/1986,1,57.3,96.3,11.0,4.0,1,1,0,1392.0,1,0.0,0.0,0.0,0.0,0.0,0.0,0.0,0.0,0.0,3.4,57.3,0.0,0.0,0.0,0.0,0.0,0.0,14.1,21.5,0.0,0.0,0.0,0.0,0.0,0.0,0.0,0.0,0.0,0.0,0.0,0.0,1,1,1,1,1,1,1,1,1,1,1,1,1,1,1,1,1,1,1,1,1,1,1,1,1,1,1,1,1,1,1.0
2648028,2,01/09/1986,1,73.3,206.8,19.0,11.0,1,1,0,1392.0,1,2.1,0.0,2.4,0.0,21.8,0.0,0.0,0.0,0.0,0.0,0.0,0.0,0.0,0.0,0.0,5.2,0.0,0.0,73.3,56.3,28.5,2.3,4.3,4.1,0.0,6.5,0.0,0.0,0.0,0.0,,1,1,1,1,1,1,1,1,1,1,1,1,1,1,1,1,1,1,1,1,1,1,1,1,1,1,1,1,1,1,0.0
2648028,1,01/09/1986,1,73.3,206.8,19.0,11.0,1,1,0,1392.0,1,2.1,0.0,2.4,0.0,21.8,0.0,0.0,0.0,0.0,0.0,0.0,0.0,0.0,0.0,0.0,5.2,0.0,0.0,73.3,56.3,28.5,2.3,4.3,4.1,0.0,6.5,0.0,0.0,0.0,0.0,,1,1,1,1,1,1,1,1,1,1,1,1,1,1,1,1,1,1,1,1,1,1,1,1,1,1,1,1,1,1,0.0
2648028,2,01/08/1986,1,27.4,56.3,23.0,4.0,1,1,0,1392.0,1,0.0,0.0,0.0,0.0,0.0,0.0,0.0,0.0,0.0,0.0,0.0,0.0,0.0,21.5,0.0,0.0,5.4,0.0,0.0,0.0,0.0,0.0,27.4,0.0,0.0,0.0,0.0,0.0,0.0,2.0,0.0,1,1,1,1,1,1,1,1,1,1,1,1,1,1,1,1,1,1,1,1,1,1,1,1,1,1,1,1,1,1,1.0
2648028,1,01/08/1986,1,27.4,56.3,23.0,4.0,1,1,0,1392.0,1,0.0,0.0,0.0,0.0,0.0,0.0,0.0,0.0,0.0,0.0,0.0,0.0,0.0,21.5,0.0,0.0,5.4,0.0,0.0,0.0,0.0,0.0,27.4,0.0,0.0,0.0,0.0,0.0,0.0,2.0,0.0,1,1,1,1,1,1,1,1,1,1,1,1,1,1,1,1,1,1,1,1,1,1,1,1,1,1,1,1,1,1,1.0
2648028,2,01/07/1986,1,17.3,49.9,10.0,4.0,1,1,0,1392.0,1,0.0,0.0,0.0,0.0,0.0,0.0,0.0,14.3,0.0,17.3,0.0,0.0,0.0,0.0,0.0,0.0,0.0,0.0,0.0,4.3,14.0,0.0,0.0,0.0,0.0,0.0,0.0,0.0,0.0,0.0,0.0,1,1,1,1,1,1,1,1,1,1,1,1,1,1,1,1,1,1,1,1,1,1,1,1,1,1,1,1,1,1,1.0
2648028,1,01/07/1986,1,17.3,49.9,10.0,4.0,1,1,0,1392.0,1,0.0,0.0,0.0,0.0,0.0,0.0,0.0,14.3,0.0,17.3,0.0,0.0,0.0,0.0,0.0,0.0,0.0,0.0,0.0,4.3,14.0,0.0,0.0,0.0,0.0,0.0,0.0,0.0,0.0,0.0,0.0,1,1,1,1,1,1,1,1,1,1,1,1,1,1,1,1,1,1,1,1,1,1,1,1,1,1,1,1,1,1,1.0
2648028,2,01/06/1986,1,32.3,37.6,16.0,2.0,1,1,0,1392.0,1,0.0,0.0,0.0,0.0,0.0,0.0,0.0,0.0,0.0,0.0,0.0,0.0,0.0,0.0,0.0,32.3,0.0,0.0,0.0,0.0,0.0,0.0,0.0,5.3,0.0,0.0,0.0,0.0,0.0,0.0,,1,1,1,1,1,1,1,1,1,1,1,1,1,1,1,1,1,1,1,1,1,1,1,1,1,1,1,1,1,1,0.0
2648028,1,01/06/1986,1,32.3,37.6,16.0,2.0,1,1,0,1392.0,1,0.0,0.0,0.0,0.0,0.0,0.0,0.0,0.0,0.0,0.0,0.0,0.0,0.0,0.0,0.0,32.3,0.0,0.0,0.0,0.0,0.0,0.0,0.0,5.3,0.0,0.0,0.0,0.0,0.0,0.0,,1,1,1,1,1,1,1,1,1,1,1,1,1,1,1,1,1,1,1,1,1,1,1,1,1,1,1,1,1,1,0.0
2648028,2,01/05/1986,1,13.5,25.9,12.0,3.0,1,1,0,1392.0,1,0.0,0.0,0.0,0.0,0.0,0.0,0.0,0.0,0.0,0.0,0.0,13.5,0.0,0.0,0.0,0.0,0.0,5.1,0.0,0.0,0.0,0.0,0.0,0.0,0.0,0.0,0.0,0.0,7.3,0.0,0.0,1,1,1,1,1,1,1,1,1,1,1,1,1,1,1,1,1,1,1,1,1,1,1,1,1,1,1,1,1,1,1.0
2648028,1,01/05/1986,1,13.5,25.9,12.0,3.0,1,1,0,1392.0,1,0.0,0.0,0.0,0.0,0.0,0.0,0.0,0.0,0.0,0.0,0.0,13.5,0.0,0.0,0.0,0.0,0.0,5.1,0.0,0.0,0.0,0.0,0.0,0.0,0.0,0.0,0.0,0.0,7.3,0.0,0.0,1,1,1,1,1,1,1,1,1,1,1,1,1,1,1,1,1,1,1,1,1,1,1,1,1,1,1,1,1,1,1.0
2648028,2,01/04/1986,1,31.5,113.8,27.0,9.0,1,1,0,1392.0,1,0.0,0.0,0.0,6.2,8.2,25.1,7.3,0.0,0.0,0.0,0.0,0.0,0.0,0.0,16.6,0.0,9.2,3.5,0.0,0.0,0.0,0.0,0.0,6.2,0.0,0.0,31.5,0.0,0.0,0.0,,1,1,1,1,1,1,1,1,1,1,1,1,1,1,1,1,1,1,1,1,1,1,1,1,1,1,1,1,1,1,0.0
2648028,1,01/04/1986,1,31.5,113.8,27.0,9.0,1,1,0,1392.0,1,0.0,0.0,0.0,6.2,8.2,25.1,7.3,0.0,0.0,0.0,0.0,0.0,0.0,0.0,16.6,0.0,9.2,3.5,0.0,0.0,0.0,0.0,0.0,6.2,0.0,0.0,31.5,0.0,0.0,0.0,,1,1,1,1,1,1,1,1,1,1,1,1,1,1,1,1,1,1,1,1,1,1,1,1,1,1,1,1,1,1,0.0
2648028,2,01/03/1986,1,35.2,116.3,1.0,8.0,1,1,0,1392.0,1,35.2,0.0,0.0,0.0,0.0,0.0,0.0,0.0,0.0,0.0,20.0,26.2,2.2,0.0,4.1,0.0,0.0,0.0,1.3,0.0,0.0,0.0,0.0,6.3,21.0,0.0,0.0,0.0,0.0,0.0,0.0,1,1,1,1,1,1,1,1,1,1,1,1,1,1,1,1,1,1,1,1,1,1,1,1,1,1,1,1,1,1,1.0
2648028,1,01/03/1986,1,35.2,116.3,1.0,8.0,1,1,0,1392.0,1,35.2,0.0,0.0,0.0,0.0,0.0,0.0,0.0,0.0,0.0,20.0,26.2,2.2,0.0,4.1,0.0,0.0,0.0,1.3,0.0,0.0,0.0,0.0,6.3,21.0,0.0,0.0,0.0,0.0,0.0,0.0,1,1,1,1,1,1,1,1,1,1,1,1,1,1,1,1,1,1,1,1,1,1,1,1,1,1,1,1,1,1,1.0
2648028,2,01/02/1986,1,60.2,201.2,27.0,8.0,1,1,0,1392.0,1,0.0,0.0,0.0,0.0,0.0,0.0,0.0,0.0,0.0,0.0,19.3,21.4,0.0,5.3,0.0,21.3,40.2,0.0,0.0,32.2,0.0,0.0,0.0,0.0,0.0,0.0,60.2,1.3,,,,1,1,1,1,1,1,1,1,1,1,1,1,1,1,1,1,1,1,1,1,1,1,1,1,1,1,1,1,0,0,0.0
2648028,1,01/02/1986,1,60.2,201.2,27.0,8.0,1,1,0,1392.0,1,0.0,0.0,0.0,0.0,0.0,0.0,0.0,0.0,0.0,0.0,19.3,21.4,0.0,5.3,0.0,21.3,40.2,0.0,0.0,32.2,0.0,0.0,0.0,0.0,0.0,0.0,60.2,1.3,,,,1,1,1,1,1,1,1,1,1,1,1,1,1,1,1,1,1,1,1,1,1,1,1,1,1,1,1,1,0,0,0.0
2648028,2,01/01/1986,1,35.5,145.7,23.0,12.0,1,1,0,1392.0,1,5.6,4.3,7.2,0.0,0.0,0.0,0.0,0.0,0.0,4.2,7.2,0.0,0.0,10.4,0.0,0.0,0.0,0.0,17.2,25.0,0.0,7.4,35.5,2.3,0.0,0.0,0.0,0.0,0.0,0.0,19.4,1,1,1,1,1,1,1,1,1,1,1,1,1,1,1,1,1,1,1,1,1,1,1,1,1,1,1,1,1,1,1.0
2648028,1,01/01/1986,1,35.5,145.7,23.0,12.0,1,1,0,1392.0,1,5.6,4.3,7.2,0.0,0.0,0.0,0.0,0.0,0.0,4.2,7.2,0.0,0.0,10.4,0.0,0.0,0.0,0.0,17.2,25.0,0.0,7.4,35.5,2.3,0.0,0.0,0.0,0.0,0.0,0.0,19.4,1,1,1,1,1,1,1,1,1,1,1,1,1,1,1,1,1,1,1,1,1,1,1,1,1,1,1,1,1,1,1.0
2648028,2,01/12/1985,1,,88.0,,,0,2,0,1299.6,2,,,,,,,,,,,,,,,,,,,,,0.0,0.0,0.0,0.0,0.0,0.0,30.2,0.0,0.0,0.0,0.0,0,0,0,0,0,0,0,0,0,0,0,0,0,0,0,0,0,0,0,0,1,1,1,1,1,1,1,1,1,1,1.0
2648028,1,01/12/1985,1,30.2,30.2,27.0,1.0,1,1,0,1211.8,1,0.0,0.0,0.0,0.0,0.0,0.0,0.0,0.0,0.0,0.0,0.0,0.0,0.0,0.0,0.0,0.0,0.0,0.0,0.0,0.0,0.0,0.0,0.0,0.0,0.0,0.0,30.2,0.0,0.0,0.0,0.0,1,1,1,1,1,1,1,1,1,1,1,1,1,1,1,1,1,1,1,1,1,1,1,1,1,1,1,1,1,1,1.0
2648028,2,01/11/1985,1,50.3,175.7,21.0,7.0,1,1,0,1299.6,2,0.0,17.2,25.5,50.0,7.4,0.0,0.0,0.0,0.0,0.0,0.0,0.0,0.0,0.0,0.0,0.0,0.0,0.0,2.3,0.0,50.3,23.0,0.0,0.0,0.0,0.0,0.0,0.0,0.0,0.0,,1,1,1,1,1,1,1,1,1,1,1,1,1,1,1,1,1,1,1,1,1,1,1,1,1,1,1,1,1,1,0.0
2648028,1,01/11/1985,1,50.3,175.7,21.0,7.0,1,1,0,1211.8,1,0.0,17.2,25.5,50.0,7.4,0.0,0.0,0.0,0.0,0.0,0.0,0.0,0.0,0.0,0.0,0.0,0.0,0.0,2.3,0.0,50.3,23.0,0.0,0.0,0.0,0.0,0.0,0.0,0.0,0.0,,1,1,1,1,1,1,1,1,1,1,1,1,1,1,1,1,1,1,1,1,1,1,1,1,1,1,1,1,1,1,0.0
2648028,2,01/10/1985,1,67.4,200.4,29.0,9.0,1,1,0,1299.6,2,0.0,0.0,0.0,0.0,0.0,0.0,49.0,0.0,5.2,0.0,0.0,0.0,0.0,0.0,0.0,0.0,0.0,15.4,3.2,9.4,10.3,0.0,0.0,0.0,2.3,0.0,0.0,0.0,67.4,38.2,0.0,1,1,1,1,1,1,1,1,1,1,1,1,1,1,1,1,1,1,1,1,1,1,1,1,1,1,1,1,1,1,1.0
2648028,1,01/10/1985,1,67.4,200.4,29.0,9.0,1,1,0,1211.8,1,0.0,0.0,0.0,0.0,0.0,0.0,49.0,0.0,5.2,0.0,0.0,0.0,0.0,0.0,0.0,0.0,0.0,15.4,3.2,9.4,10.3,0.0,0.0,0.0,2.3,0.0,0.0,0.0,67.4,38.2,0.0,1,1,1,1,1,1,1,1,1,1,1,1,1,1,1,1,1,1,1,1,1,1,1,1,1,1,1,1,1,1,1.0
2648028,2,01/09/1985,1,54.6,125.5,1.0,7.0,1,1,0,1299.6,2,54.6,10.4,3.4,0.0,0.0,0.0,0.0,0.0,8.4,9.2,0.0,0.0,0.0,0.0,0.0,0.0,0.0,0.0,0.0,13.2,0.0,0.0,0.0,0.0,0.0,0.0,0.0,0.0,26.3,0.0,,1,1,1,1,1,1,1,1,1,1,1,1,1,1,1,1,1,1,1,1,1,1,1,1,1,1,1,1,1,1,0.0
2648028,1,01/09/1985,1,54.6,125.5,1.0,7.0,1,1,0,1211.8,1,54.6,10.4,3.4,0.0,0.0,0.0,0.0,0.0,8.4,9.2,0.0,0.0,0.0,0.0,0.0,0.0,0.0,0.0,0.0,13.2,0.0,0.0,0.0,0.0,0.0,0.0,0.0,0.0,26.3,0.0,,1,1,1,1,1,1,1,1,1,1,1,1,1,1,1,1,1,1,1,1,1,1,1,1,1,1,1,1,1,1,0.0
2648028,2,01/08/1985,1,0.0,0.0,1.0,,1,1,0,1299.6,2,0.0,0.0,0.0,0.0,0.0,0.0,0.0,0.0,0.0,0.0,0.0,0.0,0.0,0.0,0.0,0.0,0.0,0.0,0.0,0.0,0.0,0.0,0.0,0.0,0.0,0.0,0.0,0.0,0.0,0.0,0.0,1,1,1,1,1,1,1,1,1,1,1,1,1,1,1,1,1,1,1,1,1,1,1,1,1,1,1,1,1,1,1.0
2648028,1,01/08/1985,1,0.0,0.0,1.0,,1,1,0,1211.8,1,0.0,0.0,0.0,0.0,0.0,0.0,0.0,0.0,0.0,0.0,0.0,0.0,0.0,0.0,0.0,0.0,0.0,0.0,0.0,0.0,0.0,0.0,0.0,0.0,0.0,0.0,0.0,0.0,0.0,0.0,0.0,1,1,1,1,1,1,1,1,1,1,1,1,1,1,1,1,1,1,1,1,1,1,1,1,1,1,1,1,1,1,1.0
2648028,2,01/07/1985,1,19.3,54.9,2.0,6.0,1,1,0,1299.6,2,0.0,19.3,0.0,0.0,0.0,19.2,4.3,0.0,0.0,0.0,0.0,0.0,0.0,0.0,0.0,0.0,0.0,0.0,0.0,0.0,0.0,0.0,0.0,2.7,4.2,0.0,0.0,0.0,0.0,5.2,0.0,1,1,1,1,1,1,1,1,1,1,1,1,1,1,1,1,1,1,1,1,1,1,1,1,1,1,1,1,1,1,1.0
2648028,1,01/07/1985,1,19.3,54.9,2.0,6.0,1,1,0,1211.8,1,0.0,19.3,0.0,0.0,0.0,19.2,4.3,0.0,0.0,0.0,0.0,0.0,0.0,0.0,0.0,0.0,0.0,0.0,0.0,0.0,0.0,0.0,0.0,2.7,4.2,0.0,0.0,0.0,0.0,5.2,0.0,1,1,1,1,1,1,1,1,1,1,1,1,1,1,1,1,1,1,1,1,1,1,1,1,1,1,1,1,1,1,1.0
2648028,2,01/06/1985,1,18.2,29.4,3.0,2.0,1,1,0,1299.6,2,0.0,11.2,18.2,0.0,0.0,0.0,0.0,0.0,0.0,0.0,0.0,0.0,0.0,0.0,0.0,0.0,0.0,0.0,0.0,0.0,0.0,0.0,0.0,0.0,0.0,0.0,0.0,0.0,0.0,0.0,,1,1,1,1,1,1,1,1,1,1,1,1,1,1,1,1,1,1,1,1,1,1,1,1,1,1,1,1,1,1,0.0
2648028,1,01/06/1985,1,18.2,29.4,3.0,2.0,1,1,0,1211.8,1,0.0,11.2,18.2,0.0,0.0,0.0,0.0,0.0,0.0,0.0,0.0,0.0,0.0,0.0,0.0,0.0,0.0,0.0,0.0,0.0,0.0,0.0,0.0,0.0,0.0,0.0,0.0,0.0,0.0,0.0,,1,1,1,1,1,1,1,1,1,1,1,1,1,1,1,1,1,1,1,1,1,1,1,1,1,1,1,1,1,1,0.0
2648028,2,01/05/1985,1,,30.0,,,0,2,0,1299.6,2,0.0,0.0,0.0,0.0,0.0,0.0,0.0,0.0,0.0,0.0,,,,,,,,,,,,,,,,,,,,,,1,1,1,1,1,1,1,1,1,1,0,0,0,0,0,0,0,0,0,0,0,0,0,0,0,0,0,0,0,0,0.0
2648028,1,01/05/1985,1,0.0,0.0,1.0,,1,1,0,1211.8,1,0.0,0.0,0.0,0.0,0.0,0.0,0.0,0.0,0.0,0.0,0.0,0.0,0.0,0.0,0.0,0.0,0.0,0.0,0.0,0.0,0.0,0.0,0.0,0.0,0.0,0.0,0.0,0.0,0.0,0.0,0.0,1,1,1,1,1,1,1,1,1,1,1,1,1,1,1,1,1,1,1,1,1,1,1,1,1,1,1,1,1,1,1.0
2648028,2,01/04/1985,1,34.2,114.3,5.0,6.0,1,1,0,1299.6,2,0.0,0.0,0.0,0.0,34.2,30.0,0.0,0.0,0.0,0.0,0.0,0.0,0.0,0.0,0.0,23.3,0.0,2.5,0.0,0.0,0.0,0.0,0.0,0.0,0.0,10.1,0.0,0.0,0.0,14.2,,1,1,1,1,1,1,1,1,1,1,1,1,1,1,1,1,1,1,1,1,1,1,1,1,1,1,1,1,1,1,0.0
2648028,1,01/04/1985,1,34.2,114.3,5.0,6.0,1,1,0,1211.8,1,0.0,0.0,0.0,0.0,34.2,30.0,0.0,0.0,0.0,0.0,0.0,0.0,0.0,0.0,0.0,23.3,0.0,2.5,0.0,0.0,0.0,0.0,0.0,0.0,0.0,10.1,0.0,0.0,0.0,14.2,,1,1,1,1,1,1,1,1,1,1,1,1,1,1,1,1,1,1,1,1,1,1,1,1,1,1,1,1,1,1,0.0
2648028,2,01/03/1985,1,29.4,123.6,5.0,9.0,1,1,0,1299.6,2,0.0,0.0,0.0,0.0,29.4,23.0,0.0,0.0,0.0,0.0,16.0,0.0,0.0,0.0,0.0,0.0,0.0,14.0,6.4,0.0,0.0,5.2,12.4,0.0,0.0,0.0,10.2,0.0,0.0,7.0,0.0,1,1,1,1,1,1,1,1,1,1,1,1,1,1,1,1,1,1,1,1,1,1,1,1,1,1,1,1,1,1,1.0
2648028,1,01/03/1985,1,29.4,123.6,5.0,9.0,1,1,0,1211.8,1,0.0,0.0,0.0,0.0,29.4,23.0,0.0,0.0,0.0,0.0,16.0,0.0,0.0,0.0,0.0,0.0,0.0,14.0,6.4,0.0,0.0,5.2,12.4,0.0,0.0,0.0,10.2,0.0,0.0,7.0,0.0,1,1,1,1,1,1,1,1,1,1,1,1,1,1,1,1,1,1,1,1,1,1,1,1,1,1,1,1,1,1,1.0
2648028,2,01/02/1985,1,30.0,187.8,21.0,9.0,1,1,0,1299.6,2,0.0,0.0,0.0,0.0,26.2,0.0,0.0,0.0,0.0,0.0,10.4,29.2,28.0,19.3,21.2,3.3,0.0,0.0,0.0,0.0,30.0,0.0,0.0,0.0,0.0,0.0,20.2,0.0,,,,1,1,1,1,1,1,1,1,1,1,1,1,1,1,1,1,1,1,1,1,1,1,1,1,1,1,1,1,0,0,0.0
2648028,1,01/02/1985,1,30.0,187.8,21.0,9.0,1,1,0,1211.8,1,0.0,0.0,0.0,0.0,26.2,0.0,0.0,0.0,0.0,0.0,10.4,29.2,28.0,19.3,21.2,3.3,0.0,0.0,0.0,0.0,30.0,0.0,0.0,0.0,0.0,0.0,20.2,0.0,,,,1,1,1,1,1,1,1,1,1,1,1,1,1,1,1,1,1,1,1,1,1,1,1,1,1,1,1,1,0,0,0.0
2648028,2,01/01/1985,1,89.2,170.0,30.0,8.0,1,1,0,1299.6,2,2.4,21.2,0.0,0.0,0.0,8.4,0.0,0.0,0.0,0.0,0.0,0.0,0.0,0.0,14.1,0.0,24.0,0.0,0.0,0.0,1.4,0.0,0.0,0.0,0.0,0.0,9.3,0.0,0.0,89.2,0.0,1,1,1,1,1,1,1,1,1,1,1,1,1,1,1,1,1,1,1,1,1,1,1,1,1,1,1,1,1,1,1.0
2648028,1,01/01/1985,1,89.2,170.0,30.0,8.0,1,1,0,1211.8,1,2.4,21.2,0.0,0.0,0.0,8.4,0.0,0.0,0.0,0.0,0.0,0.0,0.0,0.0,14.1,0.0,24.0,0.0,0.0,0.0,1.4,0.0,0.0,0.0,0.0,0.0,9.3,0.0,0.0,89.2,0.0,1,1,1,1,1,1,1,1,1,1,1,1,1,1,1,1,1,1,1,1,1,1,1,1,1,1,1,1,1,1,1.0
2648028,2,01/12/1984,1,50.0,114.0,13.0,9.0,1,1,0,1636.8,1,0.0,5.0,0.0,0.0,0.0,0.0,1.4,9.4,0.0,0.0,18.3,0.0,50.0,0.0,0.0,0.0,0.0,23.2,0.0,0.0,0.0,0.0,0.0,0.0,1.4,4.1,1.2,0.0,0.0,0.0,0.0,1,1,1,1,1,1,1,1,1,1,1,1,1,1,1,1,1,1,1,1,1,1,1,1,1,1,1,1,1,1,1.0
2648028,1,01/12/1984,1,50.0,114.0,13.0,9.0,1,1,0,1636.8,1,0.0,5.0,0.0,0.0,0.0,0.0,1.4,9.4,0.0,0.0,18.3,0.0,50.0,0.0,0.0,0.0,0.0,23.2,0.0,0.0,0.0,0.0,0.0,0.0,1.4,4.1,1.2,0.0,0.0,0.0,0.0,1,1,1,1,1,1,1,1,1,1,1,1,1,1,1,1,1,1,1,1,1,1,1,1,1,1,1,1,1,1,1.0
2648028,2,01/11/1984,1,35.2,142.6,4.0,9.0,1,1,0,1636.8,1,0.0,23.4,25.2,35.2,0.0,0.0,0.0,0.0,0.0,0.0,0.0,30.2,0.0,0.0,0.0,4.0,0.0,0.0,2.7,0.0,0.0,0.0,0.0,0.0,9.2,7.2,0.0,0.0,5.5,0.0,,1,1,1,1,1,1,1,1,1,1,1,1,1,1,1,1,1,1,1,1,1,1,1,1,1,1,1,1,1,1,0.0
2648028,1,01/11/1984,1,35.2,142.6,4.0,9.0,1,1,0,1636.8,1,0.0,23.4,25.2,35.2,0.0,0.0,0.0,0.0,0.0,0.0,0.0,30.2,0.0,0.0,0.0,4.0,0.0,0.0,2.7,0.0,0.0,0.0,0.0,0.0,9.2,7.2,0.0,0.0,5.5,0.0,,1,1,1,1,1,1,1,1,1,1,1,1,1,1,1,1,1,1,1,1,1,1,1,1,1,1,1,1,1,1,0.0
2648028,2,01/10/1984,1,18.2,41.9,25.0,3.0,1,1,0,1636.8,1,0.0,0.0,0.0,0.0,0.0,0.0,17.3,0.0,0.0,0.0,0.0,0.0,0.0,0.0,0.0,0.0,0.0,0.0,0.0,0.0,0.0,0.0,0.0,6.4,18.2,0.0,0.0,0.0,0.0,0.0,0.0,1,1,1,1,1,1,1,1,1,1,1,1,1,1,1,1,1,1,1,1,1,1,1,1,1,1,1,1,1,1,1.0
2648028,1,01/10/1984,1,18.2,41.9,25.0,3.0,1,1,0,1636.8,1,0.0,0.0,0.0,0.0,0.0,0.0,17.3,0.0,0.0,0.0,0.0,0.0,0.0,0.0,0.0,0.0,0.0,0.0,0.0,0.0,0.0,0.0,0.0,6.4,18.2,0.0,0.0,0.0,0.0,0.0,0.0,1,1,1,1,1,1,1,1,1,1,1,1,1,1,1,1,1,1,1,1,1,1,1,1,1,1,1,1,1,1,1.0
2648028,2,01/09/1984,1,47.3,109.5,26.0,6.0,1,1,0,1636.8,1,0.0,0.0,0.0,0.0,0.0,0.0,0.0,13.4,0.0,0.0,0.0,0.0,3.3,0.0,0.0,0.0,0.0,0.0,0.0,21.4,0.0,0.0,0.0,0.0,19.0,47.3,0.0,5.1,0.0,0.0,,1,1,1,1,1,1,1,1,1,1,1,1,1,1,1,1,1,1,1,1,1,1,1,1,1,1,1,1,1,1,0.0
2648028,1,01/09/1984,1,47.3,109.5,26.0,6.0,1,1,0,1636.8,1,0.0,0.0,0.0,0.0,0.0,0.0,0.0,13.4,0.0,0.0,0.0,0.0,3.3,0.0,0.0,0.0,0.0,0.0,0.0,21.4,0.0,0.0,0.0,0.0,19.0,47.3,0.0,5.1,0.0,0.0,,1,1,1,1,1,1,1,1,1,1,1,1,1,1,1,1,1,1,1,1,1,1,1,1,1,1,1,1,1,1,0.0
2648028,2,01/08/1984,1,55.0,304.8,7.0,18.0,1,1,0,1636.8,1,0.0,10.0,19.3,0.0,0.0,50.0,55.0,45.0,25.0,0.0,0.0,4.2,9.0,2.2,0.0,14.2,5.0,0.0,14.3,0.0,0.0,5.5,8.6,0.0,19.5,5.3,0.0,0.0,5.4,7.3,0.0,1,1,1,1,1,1,1,1,1,1,1,1,1,1,1,1,1,1,1,1,1,1,1,1,1,1,1,1,1,1,1.0
2648028,1,01/08/1984,1,55.0,304.8,7.0,18.0,1,1,0,1636.8,1,0.0,10.0,19.3,0.0,0.0,50.0,55.0,45.0,25.0,0.0,0.0,4.2,9.0,2.2,0.0,14.2,5.0,0.0,14.3,0.0,0.0,5.5,8.6,0.0,19.5,5.3,0.0,0.0,5.4,7.3,0.0,1,1,1,1,1,1,1,1,1,1,1,1,1,1,1,1,1,1,1,1,1,1,1,1,1,1,1,1,1,1,1.0
2648028,2,01/07/1984,1,23.0,64.4,4.0,4.0,1,1,0,1636.8,1,0.0,0.0,0.0,23.0,0.0,0.0,19.4,0.0,0.0,0.0,0.0,0.0,0.0,17.1,0.0,0.0,0.0,0.0,0.0,0.0,4.9,0.0,0.0,0.0,0.0,0.0,0.0,0.0,0.0,0.0,0.0,1,1,1,1,1,1,1,1,1,1,1,1,1,1,1,1,1,1,1,1,1,1,1,1,1,1,1,1,1,1,1.0
2648028,1,01/07/1984,1,23.0,64.4,4.0,4.0,1,1,0,1636.8,1,0.0,0.0,0.0,23.0,0.0,0.0,19.4,0.0,0.0,0.0,0.0,0.0,0.0,17.1,0.0,0.0,0.0,0.0,0.0,0.0,4.9,0.0,0.0,0.0,0.0,0.0,0.0,0.0,0.0,0.0,0.0,1,1,1,1,1,1,1,1,1,1,1,1,1,1,1,1,1,1,1,1,1,1,1,1,1,1,1,1,1,1,1.0
2648028,2,01/06/1984,1,45.2,99.5,15.0,7.0,1,1,0,1636.8,1,0.0,0.0,0.0,0.0,0.0,0.0,1.9,0.0,0.0,0.0,0.0,0.0,30.2,4.2,45.2,1.4,14.3,0.0,0.0,0.0,0.0,0.0,0.0,0.0,0.0,0.0,2.3,0.0,0.0,0.0,,1,1,1,1,1,1,1,1,1,1,1,1,1,1,1,1,1,1,1,1,1,1,1,1,1,1,1,1,1,1,0.0
2648028,1,01/06/1984,1,45.2,99.5,15.0,7.0,1,1,0,1636.8,1,0.0,0.0,0.0,0.0,0.0,0.0,1.9,0.0,0.0,0.0,0.0,0.0,30.2,4.2,45.2,1.4,14.3,0.0,0.0,0.0,0.0,0.0,0.0,0.0,0.0,0.0,2.3,0.0,0.0,0.0,,1,1,1,1,1,1,1,1,1,1,1,1,1,1,1,1,1,1,1,1,1,1,1,1,1,1,1,1,1,1,0.0
2648028,2,01/05/1984,1,24.0,81.1,14.0,8.0,1,1,0,1636.8,1,10.0,3.0,0.0,0.0,0.0,0.0,0.0,0.0,0.0,2.2,2.0,14.2,0.0,24.0,0.0,0.0,0.0,19.3,0.0,6.4,0.0,0.0,0.0,0.0,0.0,0.0,0.0,0.0,0.0,0.0,0.0,1,1,1,1,1,1,1,1,1,1,1,1,1,1,1,1,1,1,1,1,1,1,1,1,1,1,1,1,1,1,1.0
2648028,1,01/05/1984,1,24.0,81.1,14.0,8.0,1,1,0,1636.8,1,10.0,3.0,0.0,0.0,0.0,0.0,0.0,0.0,0.0,2.2,2.0,14.2,0.0,24.0,0.0,0.0,0.0,19.3,0.0,6.4,0.0,0.0,0.0,0.0,0.0,0.0,0.0,0.0,0.0,0.0,0.0,1,1,1,1,1,1,1,1,1,1,1,1,1,1,1,1,1,1,1,1,1,1,1,1,1,1,1,1,1,1,1.0
2648028,2,01/04/1984,1,36.6,161.4,9.0,14.0,1,1,0,1636.8,1,0.0,0.0,0.0,7.0,0.0,0.0,0.0,2.4,36.6,7.8,3.6,13.0,6.0,1.6,26.0,0.0,0.0,21.6,8.0,3.8,0.0,0.0,0.0,19.3,0.0,0.0,0.0,0.0,0.0,4.7,,1,1,1,1,1,1,1,1,1,1,1,1,1,1,1,1,1,1,1,1,1,1,1,1,1,1,1,1,1,1,0.0
2648028,1,01/04/1984,1,36.6,161.4,9.0,14.0,1,1,0,1636.8,1,0.0,0.0,0.0,7.0,0.0,0.0,0.0,2.4,36.6,7.8,3.6,13.0,6.0,1.6,26.0,0.0,0.0,21.6,8.0,3.8,0.0,0.0,0.0,19.3,0.0,0.0,0.0,0.0,0.0,4.7,,1,1,1,1,1,1,1,1,1,1,1,1,1,1,1,1,1,1,1,1,1,1,1,1,1,1,1,1,1,1,0.0
2648028,2,01/03/1984,1,35.0,160.9,20.0,13.0,1,1,0,1636.8,1,0.0,4.5,0.0,0.0,12.8,0.0,5.4,14.0,0.0,28.6,0.0,0.0,8.0,0.0,0.0,0.0,0.0,0.0,1.0,35.0,20.0,5.2,0.0,0.0,0.0,0.0,0.0,14.0,5.8,6.6,0.0,1,1,1,1,1,1,1,1,1,1,1,1,1,1,1,1,1,1,1,1,1,1,1,1,1,1,1,1,1,1,1.0
2648028,1,01/03/1984,1,35.0,160.9,20.0,13.0,1,1,0,1636.8,1,0.0,4.5,0.0,0.0,12.8,0.0,5.4,14.0,0.0,28.6,0.0,0.0,8.0,0.0,0.0,0.0,0.0,0.0,1.0,35.0,20.0,5.2,0.0,0.0,0.0,0.0,0.0,14.0,5.8,6.6,0.0,1,1,1,1,1,1,1,1,1,1,1,1,1,1,1,1,1,1,1,1,1,1,1,1,1,1,1,1,1,1,1.0
2648028,2,01/02/1984,1,32.4,146.2,2.0,10.0,1,1,0,1636.8,1,0.0,32.4,30.2,0.0,0.0,18.6,0.0,8.0,3.0,5.0,7.0,0.0,0.0,0.0,0.0,0.0,0.0,0.0,26.4,10.6,0.0,0.0,0.0,0.0,0.0,0.0,5.0,0.0,0.0,,,1,1,1,1,1,1,1,1,1,1,1,1,1,1,1,1,1,1,1,1,1,1,1,1,1,1,1,1,1,0,0.0
2648028,1,01/02/1984,1,32.4,146.2,2.0,10.0,1,1,0,1636.8,1,0.0,32.4,30.2,0.0,0.0,18.6,0.0,8.0,3.0,5.0,7.0,0.0,0.0,0.0,0.0,0.0,0.0,0.0,26.4,10.6,0.0,0.0,0.0,0.0,0.0,0.0,5.0,0.0,0.0,,,1,1,1,1,1,1,1,1,1,1,1,1,1,1,1,1,1,1,1,1,1,1,1,1,1,1,1,1,1,0,0.0
2648028,2,01/01/1984,1,35.0,210.5,4.0,17.0,1,1,0,1636.8,1,0.0,0.0,0.0,35.0,0.0,0.0,4.4,0.0,0.0,0.0,0.0,1.6,8.0,10.0,7.6,0.0,29.4,0.0,0.0,17.0,2.7,7.5,1.5,2.5,13.6,8.4,25.6,8.2,0.0,0.0,27.5,1,1,1,1,1,1,1,1,1,1,1,1,1,1,1,1,1,1,1,1,1,1,1,1,1,1,1,1,1,1,1.0
2648028,1,01/01/1984,1,35.0,210.5,4.0,17.0,1,1,0,1636.8,1,0.0,0.0,0.0,35.0,0.0,0.0,4.4,0.0,0.0,0.0,0.0,1.6,8.0,10.0,7.6,0.0,29.4,0.0,0.0,17.0,2.7,7.5,1.5,2.5,13.6,8.4,25.6,8.2,0.0,0.0,27.5,1,1,1,1,1,1,1,1,1,1,1,1,1,1,1,1,1,1,1,1,1,1,1,1,1,1,1,1,1,1,1.0
2648028,2,01/12/1983,1,56.7,304.6,20.0,17.0,1,1,0,2899.8,1,0.0,0.0,1.5,20.2,17.4,0.0,0.0,0.0,0.0,0.0,0.0,44.0,1.1,9.0,6.6,3.0,28.0,2.7,0.0,56.7,20.0,3.5,44.0,0.0,0.0,0.0,0.0,6.9,14.0,26.0,0.0,1,1,1,1,1,1,1,1,1,1,1,1,1,1,1,1,1,1,1,1,1,1,1,1,1,1,1,1,1,1,1.0
2648028,1,01/12/1983,1,56.7,304.6,20.0,17.0,1,1,0,2899.8,1,0.0,0.0,1.5,20.2,17.4,0.0,0.0,0.0,0.0,0.0,0.0,44.0,1.1,9.0,6.6,3.0,28.0,2.7,0.0,56.7,20.0,3.5,44.0,0.0,0.0,0.0,0.0,6.9,14.0,26.0,0.0,1,1,1,1,1,1,1,1,1,1,1,1,1,1,1,1,1,1,1,1,1,1,1,1,1,1,1,1,1,1,1.0
2648028,2,01/11/1983,1,70.4,281.4,4.0,16.0,1,1,0,2899.8,1,5.0,3.0,13.0,70.4,10.6,1.4,0.0,0.0,0.0,0.0,12.4,38.0,4.2,0.0,8.2,22.0,0.0,0.0,0.0,18.6,0.0,7.6,0.0,0.0,0.0,0.0,0.0,34.0,28.0,5.0,,1,1,1,1,1,1,1,1,1,1,1,1,1,1,1,1,1,1,1,1,1,1,1,1,1,1,1,1,1,1,0.0
2648028,1,01/11/1983,1,70.4,281.4,4.0,16.0,1,1,0,2899.8,1,5.0,3.0,13.0,70.4,10.6,1.4,0.0,0.0,0.0,0.0,12.4,38.0,4.2,0.0,8.2,22.0,0.0,0.0,0.0,18.6,0.0,7.6,0.0,0.0,0.0,0.0,0.0,34.0,28.0,5.0,,1,1,1,1,1,1,1,1,1,1,1,1,1,1,1,1,1,1,1,1,1,1,1,1,1,1,1,1,1,1,0.0
2648028,2,01/10/1983,1,61.0,202.1,18.0,16.0,1,1,0,2899.8,1,2.0,3.0,0.0,0.0,0.0,0.0,0.0,0.0,0.0,0.0,7.0,18.4,15.0,9.5,7.0,0.0,0.0,61.0,5.2,0.0,0.0,24.0,0.0,2.0,0.0,8.0,1.0,8.0,5.0,26.0,0.0,1,1,1,1,1,1,1,1,1,1,1,1,1,1,1,1,1,1,1,1,1,1,1,1,1,1,1,1,1,1,1.0
2648028,1,01/10/1983,1,61.0,202.1,18.0,16.0,1,1,0,2899.8,1,2.0,3.0,0.0,0.0,0.0,0.0,0.0,0.0,0.0,0.0,7.0,18.4,15.0,9.5,7.0,0.0,0.0,61.0,5.2,0.0,0.0,24.0,0.0,2.0,0.0,8.0,1.0,8.0,5.0,26.0,0.0,1,1,1,1,1,1,1,1,1,1,1,1,1,1,1,1,1,1,1,1,1,1,1,1,1,1,1,1,1,1,1.0
2648028,2,01/09/1983,1,68.0,198.5,23.0,15.0,1,1,0,2899.8,1,10.0,0.0,0.0,0.0,14.5,3.0,0.0,6.5,0.0,0.0,0.0,3.4,7.0,3.6,2.1,33.0,0.0,12.0,7.4,0.0,0.0,0.0,68.0,18.0,0.0,1.0,9.0,0.0,0.0,0.0,,1,1,1,1,1,1,1,1,1,1,1,1,1,1,1,1,1,1,1,1,1,1,1,1,1,1,1,1,1,1,0.0
2648028,1,01/09/1983,1,68.0,198.5,23.0,15.0,1,1,0,2899.8,1,10.0,0.0,0.0,0.0,14.5,3.0,0.0,6.5,0.0,0.0,0.0,3.4,7.0,3.6,2.1,33.0,0.0,12.0,7.4,0.0,0.0,0.0,68.0,18.0,0.0,1.0,9.0,0.0,0.0,0.0,,1,1,1,1,1,1,1,1,1,1,1,1,1,1,1,1,1,1,1,1,1,1,1,1,1,1,1,1,1,1,0.0
2648028,2,01/08/1983,1,25.2,67.3,1.0,7.0,1,1,0,2899.8,1,25.2,25.0,0.0,0.0,0.0,0.0,0.0,0.0,0.0,0.0,0.0,0.0,0.0,6.4,0.0,0.0,4.0,5.0,0.2,0.0,0.0,1.5,0.0,0.0,0.0,0.0,0.0,0.0,0.0,0.0,0.0,1,1,1,1,1,1,1,1,1,1,1,1,1,1,1,1,1,1,1,1,1,1,1,1,1,1,1,1,1,1,1.0
2648028,1,01/08/1983,1,25.2,67.3,1.0,7.0,1,1,0,2899.8,1,25.2,25.0,0.0,0.0,0.0,0.0,0.0,0.0,0.0,0.0,0.0,0.0,0.0,6.4,0.0,0.0,4.0,5.0,0.2,0.0,0.0,1.5,0.0,0.0,0.0,0.0,0.0,0.0,0.0,0.0,0.0,1,1,1,1,1,1,1,1,1,1,1,1,1,1,1,1,1,1,1,1,1,1,1,1,1,1,1,1,1,1,1.0
2648028,2,01/07/1983,1,71.2,458.9,10.0,18.0,1,1,0,2899.8,1,0.0,0.0,1.0,0.0,0.0,28.3,38.0,41.0,50.2,71.2,21.0,50.2,8.0,4.2,0.0,0.0,31.0,1.0,0.0,0.0,0.0,0.0,0.0,0.0,11.0,33.0,45.0,20.0,3.2,0.0,1.6,1,1,1,1,1,1,1,1,1,1,1,1,1,1,1,1,1,1,1,1,1,1,1,1,1,1,1,1,1,1,1.0
2648028,1,01/07/1983,1,71.2,458.9,10.0,18.0,1,1,0,2899.8,1,0.0,0.0,1.0,0.0,0.0,28.3,38.0,41.0,50.2,71.2,21.0,50.2,8.0,4.2,0.0,0.0,31.0,1.0,0.0,0.0,0.0,0.0,0.0,0.0,11.0,33.0,45.0,20.0,3.2,0.0,1.6,1,1,1,1,1,1,1,1,1,1,1,1,1,1,1,1,1,1,1,1,1,1,1,1,1,1,1,1,1,1,1.0
2648028,2,01/06/1983,1,50.1,227.9,24.0,16.0,1,1,0,2899.8,1,0.0,0.0,0.0,3.0,0.0,0.0,2.5,0.0,8.0,10.0,3.0,38.2,10.2,15.4,0.0,0.0,0.0,0.0,0.0,0.1,0.0,0.0,40.0,50.1,4.2,14.2,17.0,7.0,0.0,5.0,,1,1,1,1,1,1,1,1,1,1,1,1,1,1,1,1,1,1,1,1,1,1,1,1,1,1,1,1,1,1,0.0
2648028,1,01/06/1983,1,50.1,227.9,24.0,16.0,1,1,0,2899.8,1,0.0,0.0,0.0,3.0,0.0,0.0,2.5,0.0,8.0,10.0,3.0,38.2,10.2,15.4,0.0,0.0,0.0,0.0,0.0,0.1,0.0,0.0,40.0,50.1,4.2,14.2,17.0,7.0,0.0,5.0,,1,1,1,1,1,1,1,1,1,1,1,1,1,1,1,1,1,1,1,1,1,1,1,1,1,1,1,1,1,1,0.0
2648028,2,01/05/1983,1,62.0,287.1,20.0,19.0,1,1,0,2899.8,1,0.0,14.0,7.5,15.0,0.0,0.0,3.0,4.5,0.0,20.2,13.1,0.0,0.0,5.2,14.0,0.0,8.2,0.0,29.1,62.0,10.0,6.0,2.1,7.0,0.0,0.0,0.0,50.2,7.0,0.0,9.0,1,1,1,1,1,1,1,1,1,1,1,1,1,1,1,1,1,1,1,1,1,1,1,1,1,1,1,1,1,1,1.0
2648028,1,01/05/1983,1,62.0,287.1,20.0,19.0,1,1,0,2899.8,1,0.0,14.0,7.5,15.0,0.0,0.0,3.0,4.5,0.0,20.2,13.1,0.0,0.0,5.2,14.0,0.0,8.2,0.0,29.1,62.0,10.0,6.0,2.1,7.0,0.0,0.0,0.0,50.2,7.0,0.0,9.0,1,1,1,1,1,1,1,1,1,1,1,1,1,1,1,1,1,1,1,1,1,1,1,1,1,1,1,1,1,1,1.0
2648028,2,01/04/1983,1,40.1,165.0,6.0,20.0,1,1,0,2899.8,1,7.4,2.5,13.1,0.4,6.2,40.1,1.2,0.0,0.0,0.0,7.5,3.4,0.0,0.0,9.0,2.0,1.5,31.2,11.4,1.5,4.2,0.1,0.0,8.2,12.0,0.0,0.0,0.0,0.0,2.1,,1,1,1,1,1,1,1,1,1,1,1,1,1,1,1,1,1,1,1,1,1,1,1,1,1,1,1,1,1,1,0.0
2648028,1,01/04/1983,1,40.1,165.0,6.0,20.0,1,1,0,2899.8,1,7.4,2.5,13.1,0.4,6.2,40.1,1.2,0.0,0.0,0.0,7.5,3.4,0.0,0.0,9.0,2.0,1.5,31.2,11.4,1.5,4.2,0.1,0.0,8.2,12.0,0.0,0.0,0.0,0.0,2.1,,1,1,1,1,1,1,1,1,1,1,1,1,1,1,1,1,1,1,1,1,1,1,1,1,1,1,1,1,1,1,0.0
2648028,2,01/03/1983,1,40.0,160.3,19.0,14.0,1,1,0,2899.8,1,2.0,4.1,28.0,17.2,1.4,9.0,15.0,0.0,0.0,0.0,0.0,6.2,3.0,0.0,0.0,7.0,0.0,0.0,40.0,0.0,0.0,0.0,14.0,3.4,10.0,0.0,0.0,0.0,0.0,0.0,0.0,1,1,1,1,1,1,1,1,1,1,1,1,1,1,1,1,1,1,1,1,1,1,1,1,1,1,1,1,1,1,1.0
2648028,1,01/03/1983,1,40.0,160.3,19.0,14.0,1,1,0,2899.8,1,2.0,4.1,28.0,17.2,1.4,9.0,15.0,0.0,0.0,0.0,0.0,6.2,3.0,0.0,0.0,7.0,0.0,0.0,40.0,0.0,0.0,0.0,14.0,3.4,10.0,0.0,0.0,0.0,0.0,0.0,0.0,1,1,1,1,1,1,1,1,1,1,1,1,1,1,1,1,1,1,1,1,1,1,1,1,1,1,1,1,1,1,1.0
2648028,2,01/02/1983,1,79.0,306.3,7.0,19.0,1,1,0,2899.8,1,2.0,0.0,0.0,0.0,0.2,12.0,79.0,34.0,27.0,16.0,5.0,0.6,22.4,10.0,5.5,0.0,0.0,7.0,9.0,0.0,0.0,0.0,2.0,0.0,6.2,50.8,5.6,12.0,,,,1,1,1,1,1,1,1,1,1,1,1,1,1,1,1,1,1,1,1,1,1,1,1,1,1,1,1,1,0,0,0.0
2648028,1,01/02/1983,1,79.0,306.3,7.0,19.0,1,1,0,2899.8,1,2.0,0.0,0.0,0.0,0.2,12.0,79.0,34.0,27.0,16.0,5.0,0.6,22.4,10.0,5.5,0.0,0.0,7.0,9.0,0.0,0.0,0.0,2.0,0.0,6.2,50.8,5.6,12.0,,,,1,1,1,1,1,1,1,1,1,1,1,1,1,1,1,1,1,1,1,1,1,1,1,1,1,1,1,1,0,0,0.0
2648028,2,01/01/1983,1,62.0,240.4,6.0,15.0,1,1,0,2899.8,1,0.0,4.0,0.0,0.0,5.0,62.0,15.0,1.2,0.2,0.0,0.0,0.0,0.0,0.0,21.0,0.0,0.0,0.0,5.4,50.8,4.0,0.0,0.0,4.2,0.2,0.0,0.0,0.0,31.4,15.0,21.0,1,1,1,1,1,1,1,1,1,1,1,1,1,1,1,1,1,1,1,1,1,1,1,1,1,1,1,1,1,1,1.0
2648028,1,01/01/1983,1,62.0,240.4,6.0,15.0,1,1,0,2899.8,1,0.0,4.0,0.0,0.0,5.0,62.0,15.0,1.2,0.2,0.0,0.0,0.0,0.0,0.0,21.0,0.0,0.0,0.0,5.4,50.8,4.0,0.0,0.0,4.2,0.2,0.0,0.0,0.0,31.4,15.0,21.0,1,1,1,1,1,1,1,1,1,1,1,1,1,1,1,1,1,1,1,1,1,1,1,1,1,1,1,1,1,1,1.0
2648028,2,01/12/1982,1,30.0,157.8,28.0,15.0,1,1,0,1841.7,1,0.0,5.0,25.0,0.0,0.0,0.0,0.0,0.0,0.0,0.0,12.0,0.0,0.0,1.0,9.6,0.6,0.0,4.0,7.0,26.0,0.6,7.0,2.8,27.0,0.0,0.0,0.0,30.0,0.2,0.0,0.0,1,1,1,1,1,1,1,1,1,1,1,1,1,1,1,1,1,1,1,1,1,1,1,1,1,1,1,1,1,1,1.0
2648028,1,01/12/1982,1,30.0,157.8,28.0,15.0,1,1,0,1841.7,1,0.0,5.0,25.0,0.0,0.0,0.0,0.0,0.0,0.0,0.0,12.0,0.0,0.0,1.0,9.6,0.6,0.0,4.0,7.0,26.0,0.6,7.0,2.8,27.0,0.0,0.0,0.0,30.0,0.2,0.0,0.0,1,1,1,1,1,1,1,1,1,1,1,1,1,1,1,1,1,1,1,1,1,1,1,1,1,1,1,1,1,1,1.0
2648028,2,01/11/1982,1,45.0,266.7,15.0,19.0,1,1,0,1841.7,1,0.0,0.0,2.0,5.2,30.1,2.0,4.0,0.0,0.0,0.0,10.0,27.0,2.4,35.0,45.0,4.0,0.0,0.0,0.0,0.0,38.0,4.0,10.0,7.0,5.0,0.0,20.0,5.0,11.0,0.0,,1,1,1,1,1,1,1,1,1,1,1,1,1,1,1,1,1,1,1,1,1,1,1,1,1,1,1,1,1,1,0.0
2648028,1,01/11/1982,1,45.0,266.7,15.0,19.0,1,1,0,1841.7,1,0.0,0.0,2.0,5.2,30.1,2.0,4.0,0.0,0.0,0.0,10.0,27.0,2.4,35.0,45.0,4.0,0.0,0.0,0.0,0.0,38.0,4.0,10.0,7.0,5.0,0.0,20.0,5.0,11.0,0.0,,1,1,1,1,1,1,1,1,1,1,1,1,1,1,1,1,1,1,1,1,1,1,1,1,1,1,1,1,1,1,0.0
2648028,2,01/10/1982,1,35.0,197.1,8.0,15.0,1,1,0,1841.7,1,4.2,31.0,0.0,0.0,0.0,0.1,25.0,35.0,20.0,5.0,17.2,0.0,5.0,0.0,0.0,0.0,0.0,10.0,0.0,0.0,0.0,22.0,12.0,9.0,0.0,0.0,1.4,0.2,0.0,0.0,0.0,1,1,1,1,1,1,1,1,1,1,1,1,1,1,1,1,1,1,1,1,1,1,1,1,1,1,1,1,1,1,1.0
2648028,1,01/10/1982,1,35.0,197.1,8.0,15.0,1,1,0,1841.7,1,4.2,31.0,0.0,0.0,0.0,0.1,25.0,35.0,20.0,5.0,17.2,0.0,5.0,0.0,0.0,0.0,0.0,10.0,0.0,0.0,0.0,22.0,12.0,9.0,0.0,0.0,1.4,0.2,0.0,0.0,0.0,1,1,1,1,1,1,1,1,1,1,1,1,1,1,1,1,1,1,1,1,1,1,1,1,1,1,1,1,1,1,1.0
2648028,2,01/09/1982,1,14.0,32.4,1.0,9.0,1,1,0,1841.7,1,14.0,0.8,0.0,0.0,0.0,0.0,5.0,0.4,0.0,0.0,0.0,0.0,0.0,0.0,0.0,0.0,0.0,7.0,0.0,0.0,1.0,0.2,0.0,0.0,0.0,0.0,0.0,3.0,0.0,1.0,,1,1,1,1,1,1,1,1,1,1,1,1,1,1,1,1,1,1,1,1,1,1,1,1,1,1,1,1,1,1,0.0
2648028,1,01/09/1982,1,14.0,32.4,1.0,9.0,1,1,0,1841.7,1,14.0,0.8,0.0,0.0,0.0,0.0,5.0,0.4,0.0,0.0,0.0,0.0,0.0,0.0,0.0,0.0,0.0,7.0,0.0,0.0,1.0,0.2,0.0,0.0,0.0,0.0,0.0,3.0,0.0,1.0,,1,1,1,1,1,1,1,1,1,1,1,1,1,1,1,1,1,1,1,1,1,1,1,1,1,1,1,1,1,1,0.0
2648028,2,01/08/1982,1,14.0,61.2,2.0,9.0,1,1,0,1841.7,1,0.0,14.0,7.0,0.0,0.0,0.0,0.0,0.0,6.0,1.4,0.0,0.0,0.0,0.0,0.0,0.4,0.0,3.0,6.4,0.0,0.0,0.0,0.0,14.0,0.0,0.0,0.0,0.0,0.0,0.0,9.0,1,1,1,1,1,1,1,1,1,1,1,1,1,1,1,1,1,1,1,1,1,1,1,1,1,1,1,1,1,1,1.0
2648028,1,01/08/1982,1,14.0,61.2,2.0,9.0,1,1,0,1841.7,1,0.0,14.0,7.0,0.0,0.0,0.0,0.0,0.0,6.0,1.4,0.0,0.0,0.0,0.0,0.0,0.4,0.0,3.0,6.4,0.0,0.0,0.0,0.0,14.0,0.0,0.0,0.0,0.0,0.0,0.0,9.0,1,1,1,1,1,1,1,1,1,1,1,1,1,1,1,1,1,1,1,1,1,1,1,1,1,1,1,1,1,1,1.0
2648028,2,01/07/1982,1,31.0,110.2,13.0,10.0,1,1,0,1841.7,1,0.0,0.0,0.0,0.0,1.0,0.0,0.0,0.6,16.0,6.2,20.4,14.0,31.0,0.0,0.0,0.0,2.0,10.0,0.0,0.0,0.0,0.0,0.0,0.0,0.0,0.0,0.0,0.0,0.0,9.0,0.0,1,1,1,1,1,1,1,1,1,1,1,1,1,1,1,1,1,1,1,1,1,1,1,1,1,1,1,1,1,1,1.0
2648028,1,01/07/1982,1,31.0,110.2,13.0,10.0,1,1,0,1841.7,1,0.0,0.0,0.0,0.0,1.0,0.0,0.0,0.6,16.0,6.2,20.4,14.0,31.0,0.0,0.0,0.0,2.0,10.0,0.0,0.0,0.0,0.0,0.0,0.0,0.0,0.0,0.0,0.0,0.0,9.0,0.0,1,1,1,1,1,1,1,1,1,1,1,1,1,1,1,1,1,1,1,1,1,1,1,1,1,1,1,1,1,1,1.0
2648028,2,01/06/1982,1,50.2,142.4,24.0,15.0,1,1,0,1841.7,1,0.0,0.0,0.0,0.0,0.0,0.0,0.0,0.0,0.0,0.2,6.0,1.0,1.3,0.0,0.0,16.0,0.1,2.1,2.0,0.0,0.0,5.4,0.1,50.2,21.0,16.0,5.0,0.0,16.0,0.0,,1,1,1,1,1,1,1,1,1,1,1,1,1,1,1,1,1,1,1,1,1,1,1,1,1,1,1,1,1,1,0.0
2648028,1,01/06/1982,1,50.2,142.4,24.0,15.0,1,1,0,1841.7,1,0.0,0.0,0.0,0.0,0.0,0.0,0.0,0.0,0.0,0.2,6.0,1.0,1.3,0.0,0.0,16.0,0.1,2.1,2.0,0.0,0.0,5.4,0.1,50.2,21.0,16.0,5.0,0.0,16.0,0.0,,1,1,1,1,1,1,1,1,1,1,1,1,1,1,1,1,1,1,1,1,1,1,1,1,1,1,1,1,1,1,0.0
2648028,2,01/05/1982,1,60.8,115.9,25.0,12.0,1,1,0,1841.7,1,1.0,0.0,0.0,0.6,8.0,0.2,0.0,0.0,0.0,0.0,6.4,0.2,0.0,0.0,0.0,1.0,0.0,0.0,4.6,0.0,0.0,0.1,0.0,5.0,60.8,28.0,0.0,0.0,0.0,0.0,0.0,1,1,1,1,1,1,1,1,1,1,1,1,1,1,1,1,1,1,1,1,1,1,1,1,1,1,1,1,1,1,1.0
2648028,1,01/05/1982,1,60.8,115.9,25.0,12.0,1,1,0,1841.7,1,1.0,0.0,0.0,0.6,8.0,0.2,0.0,0.0,0.0,0.0,6.4,0.2,0.0,0.0,0.0,1.0,0.0,0.0,4.6,0.0,0.0,0.1,0.0,5.0,60.8,28.0,0.0,0.0,0.0,0.0,0.0,1,1,1,1,1,1,1,1,1,1,1,1,1,1,1,1,1,1,1,1,1,1,1,1,1,1,1,1,1,1,1.0
2648028,2,01/04/1982,1,25.6,121.8,5.0,14.0,1,1,0,1841.7,1,0.2,0.0,0.0,0.0,25.6,9.0,0.0,0.0,0.0,0.0,3.0,1.0,0.0,0.8,5.4,0.0,0.0,0.0,3.9,25.0,0.0,0.0,0.0,0.5,0.0,0.0,4.0,25.4,3.0,15.0,,1,1,1,1,1,1,1,1,1,1,1,1,1,1,1,1,1,1,1,1,1,1,1,1,1,1,1,1,1,1,0.0
2648028,1,01/04/1982,1,25.6,121.8,5.0,14.0,1,1,0,1841.7,1,0.2,0.0,0.0,0.0,25.6,9.0,0.0,0.0,0.0,0.0,3.0,1.0,0.0,0.8,5.4,0.0,0.0,0.0,3.9,25.0,0.0,0.0,0.0,0.5,0.0,0.0,4.0,25.4,3.0,15.0,,1,1,1,1,1,1,1,1,1,1,1,1,1,1,1,1,1,1,1,1,1,1,1,1,1,1,1,1,1,1,0.0
2648028,2,01/03/1982,1,78.0,376.3,25.0,24.0,1,1,0,1841.7,1,0.0,15.3,10.0,0.4,2.0,3.0,5.2,0.0,18.0,4.8,2.0,0.0,2.0,0.6,5.0,3.6,0.0,0.0,56.0,0.0,0.0,0.5,53.4,34.0,78.0,16.0,38.0,7.0,6.0,15.0,0.5,1,1,1,1,1,1,1,1,1,1,1,1,1,1,1,1,1,1,1,1,1,1,1,1,1,1,1,1,1,1,1.0
2648028,1,01/03/1982,1,78.0,376.3,25.0,24.0,1,1,0,1841.7,1,0.0,15.3,10.0,0.4,2.0,3.0,5.2,0.0,18.0,4.8,2.0,0.0,2.0,0.6,5.0,3.6,0.0,0.0,56.0,0.0,0.0,0.5,53.4,34.0,78.0,16.0,38.0,7.0,6.0,15.0,0.5,1,1,1,1,1,1,1,1,1,1,1,1,1,1,1,1,1,1,1,1,1,1,1,1,1,1,1,1,1,1,1.0
2648028,2,01/02/1982,1,73.0,183.4,5.0,14.0,1,1,0,1841.7,1,1.0,0.0,0.0,20.0,73.0,7.0,3.2,0.1,0.0,1.5,0.0,4.3,0.5,0.0,0.0,0.0,4.3,0.0,0.0,14.4,0.0,0.0,15.4,21.4,17.3,0.0,0.0,0.0,,,,1,1,1,1,1,1,1,1,1,1,1,1,1,1,1,1,1,1,1,1,1,1,1,1,1,1,1,1,0,0,0.0
2648028,1,01/02/1982,1,73.0,183.4,5.0,14.0,1,1,0,1841.7,1,1.0,0.0,0.0,20.0,73.0,7.0,3.2,0.1,0.0,1.5,0.0,4.3,0.5,0.0,0.0,0.0,4.3,0.0,0.0,14.4,0.0,0.0,15.4,21.4,17.3,0.0,0.0,0.0,,,,1,1,1,1,1,1,1,1,1,1,1,1,1,1,1,1,1,1,1,1,1,1,1,1,1,1,1,1,0,0,0.0
2648028,2,01/01/1982,1,28.0,76.5,30.0,14.0,1,1,0,1841.7,1,0.0,4.0,0.4,5.4,1.0,0.0,0.0,0.0,1.2,0.0,1.8,9.5,0.0,0.0,0.0,1.2,1.8,0.0,0.0,0.0,4.5,0.0,5.7,0.0,0.0,0.0,0.0,0.0,6.5,28.0,5.5,1,1,1,1,1,1,1,1,1,1,1,1,1,1,1,1,1,1,1,1,1,1,1,1,1,1,1,1,1,1,1.0
2648028,1,01/01/1982,1,28.0,76.5,30.0,14.0,1,1,0,1841.7,1,0.0,4.0,0.4,5.4,1.0,0.0,0.0,0.0,1.2,0.0,1.8,9.5,0.0,0.0,0.0,1.2,1.8,0.0,0.0,0.0,4.5,0.0,5.7,0.0,0.0,0.0,0.0,0.0,6.5,28.0,5.5,1,1,1,1,1,1,1,1,1,1,1,1,1,1,1,1,1,1,1,1,1,1,1,1,1,1,1,1,1,1,1.0
2648028,2,01/12/1981,1,85.0,212.6,22.0,18.0,1,1,0,1323.8,1,3.3,10.0,0.0,0.0,1.8,25.0,2.0,0.0,18.0,4.0,0.0,13.4,1.5,0.0,0.0,0.0,0.0,0.0,0.0,0.0,0.0,85.0,14.8,1.7,0.0,2.4,10.0,2.3,3.0,9.0,5.4,1,1,1,1,1,1,1,1,1,1,1,1,1,1,1,1,1,1,1,1,1,1,1,1,1,1,1,1,1,1,1.0
2648028,1,01/12/1981,1,85.0,212.6,22.0,18.0,1,1,0,1323.8,1,3.3,10.0,0.0,0.0,1.8,25.0,2.0,0.0,18.0,4.0,0.0,13.4,1.5,0.0,0.0,0.0,0.0,0.0,0.0,0.0,0.0,85.0,14.8,1.7,0.0,2.4,10.0,2.3,3.0,9.0,5.4,1,1,1,1,1,1,1,1,1,1,1,1,1,1,1,1,1,1,1,1,1,1,1,1,1,1,1,1,1,1,1.0
2648028,2,01/11/1981,1,32.0,144.1,10.0,17.0,1,1,0,1323.8,1,0.2,0.5,0.0,20.8,0.0,1.5,11.0,0.0,14.0,32.0,0.0,7.0,0.0,7.5,0.0,0.0,0.1,0.0,9.0,17.0,0.0,0.0,0.0,0.3,0.0,0.7,0.0,0.3,12.8,9.4,,1,1,1,1,1,1,1,1,1,1,1,1,1,1,1,1,1,1,1,1,1,1,1,1,1,1,1,1,1,1,0.0
2648028,1,01/11/1981,1,32.0,144.1,10.0,17.0,1,1,0,1323.8,1,0.2,0.5,0.0,20.8,0.0,1.5,11.0,0.0,14.0,32.0,0.0,7.0,0.0,7.5,0.0,0.0,0.1,0.0,9.0,17.0,0.0,0.0,0.0,0.3,0.0,0.7,0.0,0.3,12.8,9.4,,1,1,1,1,1,1,1,1,1,1,1,1,1,1,1,1,1,1,1,1,1,1,1,1,1,1,1,1,1,1,0.0
2648028,2,01/10/1981,1,67.0,209.2,28.0,18.0,1,1,0,1323.8,1,0.0,0.5,0.0,14.0,3.0,0.0,7.0,2.6,2.3,0.0,1.4,0.0,4.1,0.0,1.3,3.6,0.0,0.0,1.0,34.0,4.0,0.0,0.0,0.0,0.0,0.0,30.0,67.0,14.0,14.0,5.4,1,1,1,1,1,1,1,1,1,1,1,1,1,1,1,1,1,1,1,1,1,1,1,1,1,1,1,1,1,1,1.0
2648028,1,01/10/1981,1,67.0,209.2,28.0,18.0,1,1,0,1323.8,1,0.0,0.5,0.0,14.0,3.0,0.0,7.0,2.6,2.3,0.0,1.4,0.0,4.1,0.0,1.3,3.6,0.0,0.0,1.0,34.0,4.0,0.0,0.0,0.0,0.0,0.0,30.0,67.0,14.0,14.0,5.4,1,1,1,1,1,1,1,1,1,1,1,1,1,1,1,1,1,1,1,1,1,1,1,1,1,1,1,1,1,1,1.0
2648028,2,01/09/1981,1,12.0,38.1,30.0,8.0,1,1,0,1323.8,1,0.0,1.4,0.0,0.0,0.0,0.0,0.0,0.0,0.0,0.0,0.0,0.0,0.0,0.0,0.0,0.0,0.0,0.0,0.0,0.0,2.4,3.0,5.4,2.5,1.4,10.0,0.0,0.0,0.0,12.0,,1,1,1,1,1,1,1,1,1,1,1,1,1,1,1,1,1,1,1,1,1,1,1,1,1,1,1,1,1,1,0.0
2648028,1,01/09/1981,1,12.0,38.1,30.0,8.0,1,1,0,1323.8,1,0.0,1.4,0.0,0.0,0.0,0.0,0.0,0.0,0.0,0.0,0.0,0.0,0.0,0.0,0.0,0.0,0.0,0.0,0.0,0.0,2.4,3.0,5.4,2.5,1.4,10.0,0.0,0.0,0.0,12.0,,1,1,1,1,1,1,1,1,1,1,1,1,1,1,1,1,1,1,1,1,1,1,1,1,1,1,1,1,1,1,0.0
2648028,2,01/08/1981,1,18.2,54.3,28.0,8.0,1,1,0,1323.8,1,0.0,0.0,0.0,0.0,0.0,0.0,0.0,0.0,12.0,0.0,0.0,0.0,12.3,0.0,0.0,0.0,0.0,0.0,0.0,0.0,0.0,0.0,0.0,0.0,4.0,1.0,0.0,18.2,3.4,3.0,0.4,1,1,1,1,1,1,1,1,1,1,1,1,1,1,1,1,1,1,1,1,1,1,1,1,1,1,1,1,1,1,1.0
2648028,1,01/08/1981,1,18.2,54.3,28.0,8.0,1,1,0,1323.8,1,0.0,0.0,0.0,0.0,0.0,0.0,0.0,0.0,12.0,0.0,0.0,0.0,12.3,0.0,0.0,0.0,0.0,0.0,0.0,0.0,0.0,0.0,0.0,0.0,4.0,1.0,0.0,18.2,3.4,3.0,0.4,1,1,1,1,1,1,1,1,1,1,1,1,1,1,1,1,1,1,1,1,1,1,1,1,1,1,1,1,1,1,1.0
2648028,2,01/07/1981,1,53.0,133.8,25.0,12.0,1,1,0,1323.8,1,0.0,16.0,0.3,0.0,27.0,8.0,1.0,11.6,1.4,0.0,0.2,0.0,0.0,0.0,0.0,0.0,0.0,0.0,0.0,1.4,0.0,0.0,1.5,0.0,53.0,12.4,0.0,0.0,0.0,0.0,0.0,1,1,1,1,1,1,1,1,1,1,1,1,1,1,1,1,1,1,1,1,1,1,1,1,1,1,1,1,1,1,1.0
2648028,1,01/07/1981,1,53.0,133.8,25.0,12.0,1,1,0,1323.8,1,0.0,16.0,0.3,0.0,27.0,8.0,1.0,11.6,1.4,0.0,0.2,0.0,0.0,0.0,0.0,0.0,0.0,0.0,0.0,1.4,0.0,0.0,1.5,0.0,53.0,12.4,0.0,0.0,0.0,0.0,0.0,1,1,1,1,1,1,1,1,1,1,1,1,1,1,1,1,1,1,1,1,1,1,1,1,1,1,1,1,1,1,1.0
2648028,2,01/06/1981,1,7.0,16.7,6.0,7.0,1,1,0,1323.8,1,0.0,0.0,4.2,0.3,0.0,7.0,0.0,0.0,0.0,0.0,0.0,0.0,0.0,0.0,1.5,3.2,0.0,0.0,0.0,0.0,0.0,0.0,0.0,0.0,0.0,0.0,0.3,0.2,0.0,0.0,,1,1,1,1,1,1,1,1,1,1,1,1,1,1,1,1,1,1,1,1,1,1,1,1,1,1,1,1,1,1,0.0
2648028,1,01/06/1981,1,7.0,16.7,6.0,7.0,1,1,0,1323.8,1,0.0,0.0,4.2,0.3,0.0,7.0,0.0,0.0,0.0,0.0,0.0,0.0,0.0,0.0,1.5,3.2,0.0,0.0,0.0,0.0,0.0,0.0,0.0,0.0,0.0,0.0,0.3,0.2,0.0,0.0,,1,1,1,1,1,1,1,1,1,1,1,1,1,1,1,1,1,1,1,1,1,1,1,1,1,1,1,1,1,1,0.0
2648028,2,01/05/1981,1,14.6,34.7,19.0,8.0,1,1,0,1323.8,1,0.0,0.0,0.0,3.6,0.0,0.0,0.0,0.0,0.0,0.0,0.0,0.0,0.0,0.0,0.0,0.0,2.0,7.2,14.6,0.0,0.0,3.4,0.0,0.0,0.0,0.0,0.4,3.0,0.5,0.0,0.0,1,1,1,1,1,1,1,1,1,1,1,1,1,1,1,1,1,1,1,1,1,1,1,1,1,1,1,1,1,1,1.0
2648028,1,01/05/1981,1,14.6,34.7,19.0,8.0,1,1,0,1323.8,1,0.0,0.0,0.0,3.6,0.0,0.0,0.0,0.0,0.0,0.0,0.0,0.0,0.0,0.0,0.0,0.0,2.0,7.2,14.6,0.0,0.0,3.4,0.0,0.0,0.0,0.0,0.4,3.0,0.5,0.0,0.0,1,1,1,1,1,1,1,1,1,1,1,1,1,1,1,1,1,1,1,1,1,1,1,1,1,1,1,1,1,1,1.0
2648028,2,01/04/1981,1,25.0,81.5,25.0,11.0,1,1,0,1323.8,1,1.5,0.4,0.0,0.0,0.0,0.0,0.0,0.0,0.0,4.2,0.0,0.0,0.0,0.0,0.0,14.8,7.2,5.6,2.3,0.0,0.0,0.0,0.0,0.0,25.0,3.8,14.2,0.0,2.5,0.0,,1,1,1,1,1,1,1,1,1,1,1,1,1,1,1,1,1,1,1,1,1,1,1,1,1,1,1,1,1,1,0.0
2648028,1,01/04/1981,1,25.0,81.5,25.0,11.0,1,1,0,1323.8,1,1.5,0.4,0.0,0.0,0.0,0.0,0.0,0.0,0.0,4.2,0.0,0.0,0.0,0.0,0.0,14.8,7.2,5.6,2.3,0.0,0.0,0.0,0.0,0.0,25.0,3.8,14.2,0.0,2.5,0.0,,1,1,1,1,1,1,1,1,1,1,1,1,1,1,1,1,1,1,1,1,1,1,1,1,1,1,1,1,1,1,0.0
2648028,2,01/03/1981,1,52.6,157.4,27.0,13.0,1,1,0,1323.8,1,0.0,3.0,0.0,4.2,8.4,0.0,0.1,0.0,7.2,0.0,0.0,0.0,0.0,0.0,0.0,0.0,13.0,0.0,0.3,0.0,0.0,0.0,0.0,0.0,1.0,1.2,52.6,35.0,25.0,0.0,6.4,1,1,1,1,1,1,1,1,1,1,1,1,1,1,1,1,1,1,1,1,1,1,1,1,1,1,1,1,1,1,1.0
2648028,1,01/03/1981,1,52.6,157.4,27.0,13.0,1,1,0,1323.8,1,0.0,3.0,0.0,4.2,8.4,0.0,0.1,0.0,7.2,0.0,0.0,0.0,0.0,0.0,0.0,0.0,13.0,0.0,0.3,0.0,0.0,0.0,0.0,0.0,1.0,1.2,52.6,35.0,25.0,0.0,6.4,1,1,1,1,1,1,1,1,1,1,1,1,1,1,1,1,1,1,1,1,1,1,1,1,1,1,1,1,1,1,1.0
2648028,2,01/02/1981,1,22.4,74.4,21.0,9.0,1,1,0,1323.8,1,0.0,0.0,0.0,14.4,9.4,8.2,0.0,0.0,0.0,0.0,0.0,0.0,2.5,0.0,0.0,0.0,0.0,0.0,0.0,0.0,22.4,3.9,3.5,2.7,7.4,0.0,0.0,0.0,,,,1,1,1,1,1,1,1,1,1,1,1,1,1,1,1,1,1,1,1,1,1,1,1,1,1,1,1,1,0,0,0.0
2648028,1,01/02/1981,1,22.4,74.4,21.0,9.0,1,1,0,1323.8,1,0.0,0.0,0.0,14.4,9.4,8.2,0.0,0.0,0.0,0.0,0.0,0.0,2.5,0.0,0.0,0.0,0.0,0.0,0.0,0.0,22.4,3.9,3.5,2.7,7.4,0.0,0.0,0.0,,,,1,1,1,1,1,1,1,1,1,1,1,1,1,1,1,1,1,1,1,1,1,1,1,1,1,1,1,1,0,0,0.0
2648028,2,01/01/1981,1,27.0,167.0,14.0,21.0,1,1,0,1323.8,1,0.0,0.0,0.0,0.3,0.0,14.5,14.3,2.6,4.2,0.3,2.1,1.3,0.0,27.0,5.3,7.2,13.4,0.0,14.4,16.4,18.4,0.0,0.0,6.4,3.4,2.4,1.3,0.0,6.4,5.4,0.0,1,1,1,1,1,1,1,1,1,1,1,1,1,1,1,1,1,1,1,1,1,1,1,1,1,1,1,1,1,1,1.0
2648028,1,01/01/1981,1,27.0,167.0,14.0,21.0,1,1,0,1323.8,1,0.0,0.0,0.0,0.3,0.0,14.5,14.3,2.6,4.2,0.3,2.1,1.3,0.0,27.0,5.3,7.2,13.4,0.0,14.4,16.4,18.4,0.0,0.0,6.4,3.4,2.4,1.3,0.0,6.4,5.4,0.0,1,1,1,1,1,1,1,1,1,1,1,1,1,1,1,1,1,1,1,1,1,1,1,1,1,1,1,1,1,1,1.0
2648028,2,01/12/1980,1,57.0,308.8,20.0,17.0,1,1,0,1860.9,1,0.0,8.4,7.0,0.1,0.0,14.0,1.4,0.0,0.0,0.0,0.0,5.1,12.4,0.0,0.0,0.0,0.0,0.0,33.4,57.0,29.0,34.0,0.0,12.0,14.0,0.0,0.0,53.6,17.0,2.4,8.0,1,1,1,1,1,1,1,1,1,1,1,1,1,1,1,1,1,1,1,1,1,1,1,1,1,1,1,1,1,1,1.0
2648028,1,01/12/1980,1,57.0,308.8,20.0,17.0,1,1,0,1860.9,1,0.0,8.4,7.0,0.1,0.0,14.0,1.4,0.0,0.0,0.0,0.0,5.1,12.4,0.0,0.0,0.0,0.0,0.0,33.4,57.0,29.0,34.0,0.0,12.0,14.0,0.0,0.0,53.6,17.0,2.4,8.0,1,1,1,1,1,1,1,1,1,1,1,1,1,1,1,1,1,1,1,1,1,1,1,1,1,1,1,1,1,1,1.0
2648028,2,01/11/1980,1,14.6,48.6,7.0,8.0,1,1,0,1860.9,1,0.0,0.0,0.0,0.0,0.0,0.0,14.6,0.0,12.0,2.0,0.0,0.0,3.0,0.0,0.0,0.0,0.0,0.0,0.0,0.0,0.0,0.0,4.3,9.6,0.0,0.0,0.0,0.0,0.1,3.0,,1,1,1,1,1,1,1,1,1,1,1,1,1,1,1,1,1,1,1,1,1,1,1,1,1,1,1,1,1,1,0.0
2648028,1,01/11/1980,1,14.6,48.6,7.0,8.0,1,1,0,1860.9,1,0.0,0.0,0.0,0.0,0.0,0.0,14.6,0.0,12.0,2.0,0.0,0.0,3.0,0.0,0.0,0.0,0.0,0.0,0.0,0.0,0.0,0.0,4.3,9.6,0.0,0.0,0.0,0.0,0.1,3.0,,1,1,1,1,1,1,1,1,1,1,1,1,1,1,1,1,1,1,1,1,1,1,1,1,1,1,1,1,1,1,0.0
2648028,2,01/10/1980,1,38.0,186.2,23.0,18.0,1,1,0,1860.9,1,0.0,0.3,0.0,0.0,0.0,0.0,0.0,21.0,8.4,0.2,7.0,9.0,11.0,2.0,1.2,2.6,0.4,0.0,31.4,0.0,8.6,16.5,38.0,0.0,2.4,0.0,0.0,20.2,0.0,0.0,6.0,1,1,1,1,1,1,1,1,1,1,1,1,1,1,1,1,1,1,1,1,1,1,1,1,1,1,1,1,1,1,1.0
2648028,1,01/10/1980,1,38.0,186.2,23.0,18.0,1,1,0,1860.9,1,0.0,0.3,0.0,0.0,0.0,0.0,0.0,21.0,8.4,0.2,7.0,9.0,11.0,2.0,1.2,2.6,0.4,0.0,31.4,0.0,8.6,16.5,38.0,0.0,2.4,0.0,0.0,20.2,0.0,0.0,6.0,1,1,1,1,1,1,1,1,1,1,1,1,1,1,1,1,1,1,1,1,1,1,1,1,1,1,1,1,1,1,1.0
2648028,2,01/09/1980,1,37.0,179.7,16.0,16.0,1,1,0,1860.9,1,3.4,20.0,10.6,0.0,0.0,0.0,0.0,0.0,9.0,11.0,0.0,0.0,0.4,2.5,3.4,37.0,0.0,2.4,10.8,23.4,4.2,14.6,0.0,0.0,0.0,0.0,0.0,19.0,8.0,0.0,,1,1,1,1,1,1,1,1,1,1,1,1,1,1,1,1,1,1,1,1,1,1,1,1,1,1,1,1,1,1,0.0
2648028,1,01/09/1980,1,37.0,179.7,16.0,16.0,1,1,0,1860.9,1,3.4,20.0,10.6,0.0,0.0,0.0,0.0,0.0,9.0,11.0,0.0,0.0,0.4,2.5,3.4,37.0,0.0,2.4,10.8,23.4,4.2,14.6,0.0,0.0,0.0,0.0,0.0,19.0,8.0,0.0,,1,1,1,1,1,1,1,1,1,1,1,1,1,1,1,1,1,1,1,1,1,1,1,1,1,1,1,1,1,1,0.0
2648028,2,01/08/1980,1,53.4,145.4,26.0,9.0,1,1,0,1860.9,1,0.0,0.0,0.0,0.0,0.0,0.0,0.0,0.0,0.4,0.0,0.0,0.0,0.0,0.0,0.0,0.0,0.0,9.2,6.4,0.0,17.2,14.6,8.0,0.0,36.0,53.4,0.0,0.0,0.0,0.2,0.0,1,1,1,1,1,1,1,1,1,1,1,1,1,1,1,1,1,1,1,1,1,1,1,1,1,1,1,1,1,1,1.0
2648028,1,01/08/1980,1,53.4,145.4,26.0,9.0,1,1,0,1860.9,1,0.0,0.0,0.0,0.0,0.0,0.0,0.0,0.0,0.4,0.0,0.0,0.0,0.0,0.0,0.0,0.0,0.0,9.2,6.4,0.0,17.2,14.6,8.0,0.0,36.0,53.4,0.0,0.0,0.0,0.2,0.0,1,1,1,1,1,1,1,1,1,1,1,1,1,1,1,1,1,1,1,1,1,1,1,1,1,1,1,1,1,1,1.0
2648028,2,01/07/1980,1,42.0,184.9,31.0,13.0,1,1,0,1860.9,1,6.0,32.0,21.4,10.2,1.5,0.0,0.0,0.0,8.0,15.4,8.2,3.6,0.2,0.0,0.0,0.0,0.0,0.0,0.0,0.0,0.4,0.0,0.0,0.0,0.0,0.0,0.0,0.0,0.0,36.0,42.0,1,1,1,1,1,1,1,1,1,1,1,1,1,1,1,1,1,1,1,1,1,1,1,1,1,1,1,1,1,1,1.0
2648028,1,01/07/1980,1,42.0,184.9,31.0,13.0,1,1,0,1860.9,1,6.0,32.0,21.4,10.2,1.5,0.0,0.0,0.0,8.0,15.4,8.2,3.6,0.2,0.0,0.0,0.0,0.0,0.0,0.0,0.0,0.4,0.0,0.0,0.0,0.0,0.0,0.0,0.0,0.0,36.0,42.0,1,1,1,1,1,1,1,1,1,1,1,1,1,1,1,1,1,1,1,1,1,1,1,1,1,1,1,1,1,1,1.0
2648028,2,01/06/1980,1,33.0,106.6,26.0,10.0,1,1,0,1860.9,1,0.0,24.0,0.0,0.0,0.0,0.0,0.0,0.0,0.0,0.0,0.0,0.0,0.0,0.0,3.0,0.0,0.0,0.0,0.0,5.0,11.4,18.0,0.0,0.6,9.1,33.0,2.4,0.0,0.0,0.1,,1,1,1,1,1,1,1,1,1,1,1,1,1,1,1,1,1,1,1,1,1,1,1,1,1,1,1,1,1,1,0.0
2648028,1,01/06/1980,1,33.0,106.6,26.0,10.0,1,1,0,1860.9,1,0.0,24.0,0.0,0.0,0.0,0.0,0.0,0.0,0.0,0.0,0.0,0.0,0.0,0.0,3.0,0.0,0.0,0.0,0.0,5.0,11.4,18.0,0.0,0.6,9.1,33.0,2.4,0.0,0.0,0.1,,1,1,1,1,1,1,1,1,1,1,1,1,1,1,1,1,1,1,1,1,1,1,1,1,1,1,1,1,1,1,0.0
2648028,2,01/05/1980,1,17.0,55.2,2.0,10.0,1,1,0,1860.9,1,0.0,17.0,3.4,7.2,0.0,0.0,0.0,7.4,12.0,0.0,0.0,0.0,0.0,0.3,0.0,0.0,0.0,0.4,2.0,0.0,2.1,3.4,0.0,0.0,0.0,0.0,0.0,0.0,0.0,0.0,0.0,1,1,1,1,1,1,1,1,1,1,1,1,1,1,1,1,1,1,1,1,1,1,1,1,1,1,1,1,1,1,1.0
2648028,1,01/05/1980,1,17.0,55.2,2.0,10.0,1,1,0,1860.9,1,0.0,17.0,3.4,7.2,0.0,0.0,0.0,7.4,12.0,0.0,0.0,0.0,0.0,0.3,0.0,0.0,0.0,0.4,2.0,0.0,2.1,3.4,0.0,0.0,0.0,0.0,0.0,0.0,0.0,0.0,0.0,1,1,1,1,1,1,1,1,1,1,1,1,1,1,1,1,1,1,1,1,1,1,1,1,1,1,1,1,1,1,1.0
2648028,2,01/04/1980,1,25.0,77.0,15.0,11.0,1,1,0,1860.9,1,0.0,0.0,0.0,1.2,0.0,0.0,9.0,3.6,0.0,1.0,0.0,0.0,11.4,10.6,25.0,0.0,0.0,1.0,0.0,0.0,0.0,0.0,0.0,0.0,9.4,2.3,2.5,0.0,0.0,0.0,,1,1,1,1,1,1,1,1,1,1,1,1,1,1,1,1,1,1,1,1,1,1,1,1,1,1,1,1,1,1,0.0
2648028,1,01/04/1980,1,25.0,77.0,15.0,11.0,1,1,0,1860.9,1,0.0,0.0,0.0,1.2,0.0,0.0,9.0,3.6,0.0,1.0,0.0,0.0,11.4,10.6,25.0,0.0,0.0,1.0,0.0,0.0,0.0,0.0,0.0,0.0,9.4,2.3,2.5,0.0,0.0,0.0,,1,1,1,1,1,1,1,1,1,1,1,1,1,1,1,1,1,1,1,1,1,1,1,1,1,1,1,1,1,1,0.0
2648028,2,01/03/1980,1,30.6,150.3,1.0,16.0,1,1,0,1860.9,1,30.6,0.0,0.0,0.4,0.0,0.0,0.0,15.6,11.4,0.9,0.0,4.1,14.8,10.0,3.0,17.2,29.0,0.1,0.0,0.0,0.0,0.0,0.0,0.0,0.0,0.0,0.0,1.0,5.0,4.8,2.4,1,1,1,1,1,1,1,1,1,1,1,1,1,1,1,1,1,1,1,1,1,1,1,1,1,1,1,1,1,1,1.0
2648028,1,01/03/1980,1,30.6,150.3,1.0,16.0,1,1,0,1860.9,1,30.6,0.0,0.0,0.4,0.0,0.0,0.0,15.6,11.4,0.9,0.0,4.1,14.8,10.0,3.0,17.2,29.0,0.1,0.0,0.0,0.0,0.0,0.0,0.0,0.0,0.0,0.0,1.0,5.0,4.8,2.4,1,1,1,1,1,1,1,1,1,1,1,1,1,1,1,1,1,1,1,1,1,1,1,1,1,1,1,1,1,1,1.0
2648028,2,01/02/1980,1,57.0,161.4,12.0,19.0,1,1,0,1860.9,1,4.5,8.0,3.4,0.0,0.7,0.0,1.2,17.0,0.4,0.0,6.6,57.0,0.0,0.0,0.0,0.0,0.0,5.0,3.8,0.2,0.0,0.0,0.6,1.5,10.0,3.6,4.4,5.5,28.0,,,1,1,1,1,1,1,1,1,1,1,1,1,1,1,1,1,1,1,1,1,1,1,1,1,1,1,1,1,1,0,0.0
2648028,1,01/02/1980,1,57.0,161.4,12.0,19.0,1,1,0,1860.9,1,4.5,8.0,3.4,0.0,0.7,0.0,1.2,17.0,0.4,0.0,6.6,57.0,0.0,0.0,0.0,0.0,0.0,5.0,3.8,0.2,0.0,0.0,0.6,1.5,10.0,3.6,4.4,5.5,28.0,,,1,1,1,1,1,1,1,1,1,1,1,1,1,1,1,1,1,1,1,1,1,1,1,1,1,1,1,1,1,0,0.0
2648028,2,01/01/1980,1,35.8,256.8,17.0,19.0,1,1,0,1860.9,1,0.0,0.0,0.0,0.0,0.0,0.0,21.0,4.4,7.0,30.0,34.0,0.6,0.0,0.4,5.2,2.4,35.8,19.2,1.0,1.3,18.0,0.0,0.0,9.0,21.0,14.0,0.5,0.0,32.0,0.0,0.0,1,1,1,1,1,1,1,1,1,1,1,1,1,1,1,1,1,1,1,1,1,1,1,1,1,1,1,1,1,1,1.0
2648028,1,01/01/1980,1,35.8,256.8,17.0,19.0,1,1,0,1860.9,1,0.0,0.0,0.0,0.0,0.0,0.0,21.0,4.4,7.0,30.0,34.0,0.6,0.0,0.4,5.2,2.4,35.8,19.2,1.0,1.3,18.0,0.0,0.0,9.0,21.0,14.0,0.5,0.0,32.0,0.0,0.0,1,1,1,1,1,1,1,1,1,1,1,1,1,1,1,1,1,1,1,1,1,1,1,1,1,1,1,1,1,1,1.0
2648028,2,01/12/1979,1,25.1,108.0,15.0,17.0,1,1,0,1421.1,1,9.0,0.0,0.5,2.2,20.0,0.0,0.0,0.0,0.0,7.0,0.0,0.0,0.0,9.0,25.1,5.4,2.7,0.0,0.0,3.4,2.6,0.0,0.5,1.4,0.6,0.0,2.5,0.1,0.0,0.0,16.0,1,1,1,1,1,1,1,1,1,1,1,1,1,1,1,1,1,1,1,1,1,1,1,1,1,1,1,1,1,1,1.0
2648028,1,01/12/1979,1,25.1,108.0,15.0,17.0,1,1,0,1421.1,1,9.0,0.0,0.5,2.2,20.0,0.0,0.0,0.0,0.0,7.0,0.0,0.0,0.0,9.0,25.1,5.4,2.7,0.0,0.0,3.4,2.6,0.0,0.5,1.4,0.6,0.0,2.5,0.1,0.0,0.0,16.0,1,1,1,1,1,1,1,1,1,1,1,1,1,1,1,1,1,1,1,1,1,1,1,1,1,1,1,1,1,1,1.0
2648028,2,01/11/1979,1,40.0,167.2,8.0,17.0,1,1,0,1421.1,1,0.1,7.0,1.3,0.0,0.0,0.2,0.0,40.0,5.4,24.0,30.0,0.3,0.0,0.0,1.1,2.5,0.6,4.0,0.0,0.0,3.4,16.8,0.5,0.0,30.0,0.0,0.0,0.0,0.0,0.0,,1,1,1,1,1,1,1,1,1,1,1,1,1,1,1,1,1,1,1,1,1,1,1,1,1,1,1,1,1,1,0.0
2648028,1,01/11/1979,1,40.0,167.2,8.0,17.0,1,1,0,1421.1,1,0.1,7.0,1.3,0.0,0.0,0.2,0.0,40.0,5.4,24.0,30.0,0.3,0.0,0.0,1.1,2.5,0.6,4.0,0.0,0.0,3.4,16.8,0.5,0.0,30.0,0.0,0.0,0.0,0.0,0.0,,1,1,1,1,1,1,1,1,1,1,1,1,1,1,1,1,1,1,1,1,1,1,1,1,1,1,1,1,1,1,0.0
2648028,2,01/10/1979,1,62.4,172.9,14.0,19.0,1,1,0,1421.1,1,3.5,10.0,24.2,0.0,0.0,6.4,2.0,4.5,2.4,0.0,0.0,0.0,9.2,62.4,0.6,0.1,0.0,0.0,0.0,5.8,10.0,0.0,0.0,0.3,27.0,0.0,0.0,0.4,1.8,1.3,1.0,1,1,1,1,1,1,1,1,1,1,1,1,1,1,1,1,1,1,1,1,1,1,1,1,1,1,1,1,1,1,1.0
2648028,1,01/10/1979,1,62.4,172.9,14.0,19.0,1,1,0,1421.1,1,3.5,10.0,24.2,0.0,0.0,6.4,2.0,4.5,2.4,0.0,0.0,0.0,9.2,62.4,0.6,0.1,0.0,0.0,0.0,5.8,10.0,0.0,0.0,0.3,27.0,0.0,0.0,0.4,1.8,1.3,1.0,1,1,1,1,1,1,1,1,1,1,1,1,1,1,1,1,1,1,1,1,1,1,1,1,1,1,1,1,1,1,1.0
2648028,2,01/09/1979,1,25.0,105.4,11.0,18.0,1,1,0,1421.1,1,0.0,0.2,14.4,4.3,0.0,0.0,0.3,0.0,0.3,6.1,25.0,8.0,0.1,9.4,0.4,6.0,0.0,2.1,2.3,0.0,0.0,0.0,19.6,0.0,0.0,4.0,0.0,0.3,0.0,2.6,,1,1,1,1,1,1,1,1,1,1,1,1,1,1,1,1,1,1,1,1,1,1,1,1,1,1,1,1,1,1,0.0
2648028,1,01/09/1979,1,25.0,105.4,11.0,18.0,1,1,0,1421.1,1,0.0,0.2,14.4,4.3,0.0,0.0,0.3,0.0,0.3,6.1,25.0,8.0,0.1,9.4,0.4,6.0,0.0,2.1,2.3,0.0,0.0,0.0,19.6,0.0,0.0,4.0,0.0,0.3,0.0,2.6,,1,1,1,1,1,1,1,1,1,1,1,1,1,1,1,1,1,1,1,1,1,1,1,1,1,1,1,1,1,1,0.0
2648028,2,01/08/1979,1,7.5,22.4,15.0,11.0,1,1,0,1421.1,1,0.1,0.0,0.0,0.0,0.0,0.0,0.0,0.2,0.0,0.0,0.1,0.0,2.0,0.0,7.5,0.0,7.4,3.0,0.1,0.3,0.0,0.0,0.1,0.0,0.0,1.6,0.0,0.0,0.0,0.0,0.0,1,1,1,1,1,1,1,1,1,1,1,1,1,1,1,1,1,1,1,1,1,1,1,1,1,1,1,1,1,1,1.0
2648028,1,01/08/1979,1,7.5,22.4,15.0,11.0,1,1,0,1421.1,1,0.1,0.0,0.0,0.0,0.0,0.0,0.0,0.2,0.0,0.0,0.1,0.0,2.0,0.0,7.5,0.0,7.4,3.0,0.1,0.3,0.0,0.0,0.1,0.0,0.0,1.6,0.0,0.0,0.0,0.0,0.0,1,1,1,1,1,1,1,1,1,1,1,1,1,1,1,1,1,1,1,1,1,1,1,1,1,1,1,1,1,1,1.0
2648028,2,01/07/1979,1,18.4,67.3,9.0,13.0,1,1,0,1421.1,1,0.0,0.0,12.0,0.0,0.0,0.0,7.0,1.7,18.4,6.0,0.0,1.2,0.0,0.0,0.0,1.4,0.0,0.0,0.0,5.7,0.4,0.0,0.0,0.0,0.0,12.6,0.0,0.0,0.4,0.2,0.3,1,1,1,1,1,1,1,1,1,1,1,1,1,1,1,1,1,1,1,1,1,1,1,1,1,1,1,1,1,1,1.0
2648028,1,01/07/1979,1,18.4,67.3,9.0,13.0,1,1,0,1421.1,1,0.0,0.0,12.0,0.0,0.0,0.0,7.0,1.7,18.4,6.0,0.0,1.2,0.0,0.0,0.0,1.4,0.0,0.0,0.0,5.7,0.4,0.0,0.0,0.0,0.0,12.6,0.0,0.0,0.4,0.2,0.3,1,1,1,1,1,1,1,1,1,1,1,1,1,1,1,1,1,1,1,1,1,1,1,1,1,1,1,1,1,1,1.0
2648028,2,01/06/1979,1,23.4,44.7,25.0,9.0,1,1,0,1421.1,1,0.0,0.0,0.0,0.0,0.0,1.7,0.5,9.8,1.3,0.0,0.0,0.0,0.0,4.2,0.0,0.0,0.0,0.0,0.0,0.0,0.0,0.0,0.0,0.0,23.4,2.1,1.4,0.3,0.0,0.0,,1,1,1,1,1,1,1,1,1,1,1,1,1,1,1,1,1,1,1,1,1,1,1,1,1,1,1,1,1,1,0.0
2648028,1,01/06/1979,1,23.4,44.7,25.0,9.0,1,1,0,1421.1,1,0.0,0.0,0.0,0.0,0.0,1.7,0.5,9.8,1.3,0.0,0.0,0.0,0.0,4.2,0.0,0.0,0.0,0.0,0.0,0.0,0.0,0.0,0.0,0.0,23.4,2.1,1.4,0.3,0.0,0.0,,1,1,1,1,1,1,1,1,1,1,1,1,1,1,1,1,1,1,1,1,1,1,1,1,1,1,1,1,1,1,0.0
2648028,2,01/05/1979,1,51.6,134.7,9.0,14.0,1,1,0,1421.1,1,0.0,0.0,0.0,24.2,0.0,0.0,2.4,5.2,51.6,2.7,0.2,2.0,3.6,27.4,3.6,0.0,0.0,0.0,0.0,2.1,0.0,0.0,0.1,8.4,0.0,0.0,0.0,0.0,0.0,1.2,0.0,1,1,1,1,1,1,1,1,1,1,1,1,1,1,1,1,1,1,1,1,1,1,1,1,1,1,1,1,1,1,1.0
2648028,1,01/05/1979,1,51.6,134.7,9.0,14.0,1,1,0,1421.1,1,0.0,0.0,0.0,24.2,0.0,0.0,2.4,5.2,51.6,2.7,0.2,2.0,3.6,27.4,3.6,0.0,0.0,0.0,0.0,2.1,0.0,0.0,0.1,8.4,0.0,0.0,0.0,0.0,0.0,1.2,0.0,1,1,1,1,1,1,1,1,1,1,1,1,1,1,1,1,1,1,1,1,1,1,1,1,1,1,1,1,1,1,1.0
2648028,2,01/04/1979,1,40.2,153.1,14.0,14.0,1,1,0,1421.1,1,0.0,0.0,0.0,38.0,5.4,12.2,0.0,0.0,0.0,0.0,0.0,0.0,2.4,40.2,7.0,2.4,0.0,31.2,0.0,0.0,0.0,0.0,1.2,0.7,2.6,0.7,3.4,0.0,0.0,5.7,,1,1,1,1,1,1,1,1,1,1,1,1,1,1,1,1,1,1,1,1,1,1,1,1,1,1,1,1,1,1,0.0
2648028,1,01/04/1979,1,40.2,153.1,14.0,14.0,1,1,0,1421.1,1,0.0,0.0,0.0,38.0,5.4,12.2,0.0,0.0,0.0,0.0,0.0,0.0,2.4,40.2,7.0,2.4,0.0,31.2,0.0,0.0,0.0,0.0,1.2,0.7,2.6,0.7,3.4,0.0,0.0,5.7,,1,1,1,1,1,1,1,1,1,1,1,1,1,1,1,1,1,1,1,1,1,1,1,1,1,1,1,1,1,1,0.0
2648028,2,01/03/1979,1,50.0,149.2,11.0,14.0,1,1,0,1421.1,1,35.0,0.0,1.0,0.0,0.0,1.1,0.6,0.0,0.0,0.0,50.0,2.2,6.6,35.4,4.0,0.0,4.8,4.8,1.8,0.0,0.0,0.0,0.0,0.0,0.5,0.0,0.0,0.0,1.4,0.0,0.0,1,1,1,1,1,1,1,1,1,1,1,1,1,1,1,1,1,1,1,1,1,1,1,1,1,1,1,1,1,1,1.0
2648028,1,01/03/1979,1,50.0,149.2,11.0,14.0,1,1,0,1421.1,1,35.0,0.0,1.0,0.0,0.0,1.1,0.6,0.0,0.0,0.0,50.0,2.2,6.6,35.4,4.0,0.0,4.8,4.8,1.8,0.0,0.0,0.0,0.0,0.0,0.5,0.0,0.0,0.0,1.4,0.0,0.0,1,1,1,1,1,1,1,1,1,1,1,1,1,1,1,1,1,1,1,1,1,1,1,1,1,1,1,1,1,1,1.0
2648028,2,01/02/1979,1,56.8,135.9,24.0,15.0,1,1,0,1421.1,1,2.5,0.0,7.4,0.0,16.8,3.4,0.0,4.2,0.5,0.0,0.0,2.4,0.6,7.9,0.0,0.0,0.0,0.0,0.0,7.8,0.0,0.0,1.6,56.8,19.4,4.4,0.2,0.0,,,,1,1,1,1,1,1,1,1,1,1,1,1,1,1,1,1,1,1,1,1,1,1,1,1,1,1,1,1,0,0,0.0
2648028,1,01/02/1979,1,56.8,135.9,24.0,15.0,1,1,0,1421.1,1,2.5,0.0,7.4,0.0,16.8,3.4,0.0,4.2,0.5,0.0,0.0,2.4,0.6,7.9,0.0,0.0,0.0,0.0,0.0,7.8,0.0,0.0,1.6,56.8,19.4,4.4,0.2,0.0,,,,1,1,1,1,1,1,1,1,1,1,1,1,1,1,1,1,1,1,1,1,1,1,1,1,1,1,1,1,0,0,0.0
2648028,2,01/01/1979,1,69.0,160.3,1.0,19.0,1,1,0,1421.1,1,69.0,24.0,2.1,7.4,0.8,0.2,12.0,2.6,7.6,0.1,0.0,0.0,0.0,1.6,0.0,0.4,2.2,0.0,0.2,1.1,0.0,2.3,9.1,0.0,0.0,0.0,0.4,0.0,17.2,0.0,0.0,1,1,1,1,1,1,1,1,1,1,1,1,1,1,1,1,1,1,1,1,1,1,1,1,1,1,1,1,1,1,1.0
2648028,1,01/01/1979,1,69.0,160.3,1.0,19.0,1,1,0,1421.1,1,69.0,24.0,2.1,7.4,0.8,0.2,12.0,2.6,7.6,0.1,0.0,0.0,0.0,1.6,0.0,0.4,2.2,0.0,0.2,1.1,0.0,2.3,9.1,0.0,0.0,0.0,0.4,0.0,17.2,0.0,0.0,1,1,1,1,1,1,1,1,1,1,1,1,1,1,1,1,1,1,1,1,1,1,1,1,1,1,1,1,1,1,1.0
2648028,2,01/12/1978,1,42.0,171.7,17.0,16.0,1,1,0,1253.0,3,0.0,0.0,0.0,0.0,0.0,5.4,23.6,0.4,1.2,14.6,7.2,0.0,1.0,5.6,7.0,11.0,42.0,7.1,34.8,0.0,0.0,0.0,1.5,0.0,1.3,8.0,0.0,0.0,0.0,0.0,0.0,1,1,1,1,1,1,1,1,1,1,1,1,1,1,1,1,1,1,1,1,1,1,1,1,1,1,1,1,1,1,1.0
2648028,1,01/12/1978,1,42.0,171.7,17.0,16.0,1,1,0,,0,0.0,0.0,0.0,0.0,0.0,5.4,23.6,0.4,1.2,14.6,7.2,0.0,1.0,5.6,7.0,11.0,42.0,7.1,34.8,0.0,0.0,0.0,1.5,0.0,1.3,8.0,0.0,0.0,0.0,0.0,0.0,1,1,1,1,1,1,1,1,1,1,1,1,1,1,1,1,1,1,1,1,1,1,1,1,1,1,1,1,1,1,1.0
2648028,2,01/11/1978,1,30.4,144.3,22.0,20.0,1,1,0,1253.0,3,14.7,0.0,0.5,10.4,18.0,0.6,0.0,1.7,0.0,3.8,0.1,0.2,0.0,0.0,0.0,1.5,17.4,2.2,14.5,14.0,0.2,30.4,0.5,5.6,0.4,0.0,0.0,7.6,0.0,0.0,,1,1,1,1,1,1,1,1,1,1,1,1,1,1,1,1,1,1,1,1,1,1,1,1,1,1,1,1,1,1,0.0
2648028,1,01/11/1978,1,30.4,144.3,22.0,20.0,1,1,0,,0,14.7,0.0,0.5,10.4,18.0,0.6,0.0,1.7,0.0,3.8,0.1,0.2,0.0,0.0,0.0,1.5,17.4,2.2,14.5,14.0,0.2,30.4,0.5,5.6,0.4,0.0,0.0,7.6,0.0,0.0,,1,1,1,1,1,1,1,1,1,1,1,1,1,1,1,1,1,1,1,1,1,1,1,1,1,1,1,1,1,1,0.0
2648028,2,01/10/1978,1,106.0,155.4,19.0,11.0,1,1,0,1253.0,3,0.0,0.0,0.0,0.0,0.0,0.0,0.0,1.6,0.0,1.2,4.6,0.0,0.0,2.4,0.0,7.2,0.3,0.0,106.0,21.7,5.3,0.0,0.0,0.0,0.0,0.0,1.6,0.0,0.0,3.5,0.0,1,1,1,1,1,1,1,1,1,1,1,1,1,1,1,1,1,1,1,1,1,1,1,1,1,1,1,1,1,1,1.0
2648028,1,01/10/1978,1,106.0,155.4,19.0,11.0,1,1,0,,0,0.0,0.0,0.0,0.0,0.0,0.0,0.0,1.6,0.0,1.2,4.6,0.0,0.0,2.4,0.0,7.2,0.3,0.0,106.0,21.7,5.3,0.0,0.0,0.0,0.0,0.0,1.6,0.0,0.0,3.5,0.0,1,1,1,1,1,1,1,1,1,1,1,1,1,1,1,1,1,1,1,1,1,1,1,1,1,1,1,1,1,1,1.0
2648028,2,01/09/1978,1,39.0,141.8,15.0,16.0,1,1,0,1253.0,3,0.0,0.0,34.6,27.8,1.4,0.0,0.0,4.4,25.0,0.0,0.0,0.0,0.0,0.0,39.0,0.2,0.0,0.3,0.4,1.0,0.0,0.0,0.3,0.0,0.5,0.1,1.5,0.7,0.0,4.6,,1,1,1,1,1,1,1,1,1,1,1,1,1,1,1,1,1,1,1,1,1,1,1,1,1,1,1,1,1,1,0.0
2648028,1,01/09/1978,1,39.0,141.8,15.0,16.0,1,1,0,,0,0.0,0.0,34.6,27.8,1.4,0.0,0.0,4.4,25.0,0.0,0.0,0.0,0.0,0.0,39.0,0.2,0.0,0.3,0.4,1.0,0.0,0.0,0.3,0.0,0.5,0.1,1.5,0.7,0.0,4.6,,1,1,1,1,1,1,1,1,1,1,1,1,1,1,1,1,1,1,1,1,1,1,1,1,1,1,1,1,1,1,0.0
2648028,2,01/08/1978,1,48.0,104.8,12.0,9.0,1,1,0,1253.0,3,0.0,5.0,0.0,0.0,0.0,0.0,0.0,0.0,0.0,0.0,12.4,48.0,0.0,0.0,0.0,0.0,0.0,0.0,0.0,4.6,8.0,11.4,1.6,0.0,2.4,0.0,0.0,0.0,0.0,0.0,11.4,1,1,1,1,1,1,1,1,1,1,1,1,1,1,1,1,1,1,1,1,1,1,1,1,1,1,1,1,1,1,1.0
2648028,1,01/08/1978,1,48.0,104.8,12.0,9.0,1,1,0,,0,0.0,5.0,0.0,0.0,0.0,0.0,0.0,0.0,0.0,0.0,12.4,48.0,0.0,0.0,0.0,0.0,0.0,0.0,0.0,4.6,8.0,11.4,1.6,0.0,2.4,0.0,0.0,0.0,0.0,0.0,11.4,1,1,1,1,1,1,1,1,1,1,1,1,1,1,1,1,1,1,1,1,1,1,1,1,1,1,1,1,1,1,1.0
2648028,2,01/07/1978,1,15.4,57.6,18.0,10.0,1,1,0,1253.0,3,0.0,0.2,0.0,0.0,0.0,0.0,0.0,0.0,0.0,0.0,0.0,0.0,0.0,0.0,0.0,3.2,0.0,15.4,0.0,7.2,2.0,6.8,3.2,9.4,1.0,0.0,0.0,9.2,0.0,0.0,0.0,1,1,1,1,1,1,1,1,1,1,1,1,1,1,1,1,1,1,1,1,1,1,1,1,1,1,1,1,1,1,1.0
2648028,1,01/07/1978,1,15.4,57.6,18.0,10.0,1,1,0,,0,0.0,0.2,0.0,0.0,0.0,0.0,0.0,0.0,0.0,0.0,0.0,0.0,0.0,0.0,0.0,3.2,0.0,15.4,0.0,7.2,2.0,6.8,3.2,9.4,1.0,0.0,0.0,9.2,0.0,0.0,0.0,1,1,1,1,1,1,1,1,1,1,1,1,1,1,1,1,1,1,1,1,1,1,1,1,1,1,1,1,1,1,1.0
2648028,2,01/06/1978,1,30.8,92.9,21.0,8.0,1,1,0,1253.0,3,0.0,0.0,0.0,0.0,0.0,0.0,0.0,25.8,21.2,0.0,0.0,0.0,0.0,0.0,0.0,0.0,0.0,0.0,0.0,0.2,30.8,6.4,1.0,0.0,0.0,7.4,0.0,0.0,0.1,0.0,,1,1,1,1,1,1,1,1,1,1,1,1,1,1,1,1,1,1,1,1,1,1,1,1,1,1,1,1,1,1,0.0
2648028,1,01/06/1978,1,30.8,92.9,21.0,8.0,1,1,0,,0,0.0,0.0,0.0,0.0,0.0,0.0,0.0,25.8,21.2,0.0,0.0,0.0,0.0,0.0,0.0,0.0,0.0,0.0,0.0,0.2,30.8,6.4,1.0,0.0,0.0,7.4,0.0,0.0,0.1,0.0,,1,1,1,1,1,1,1,1,1,1,1,1,1,1,1,1,1,1,1,1,1,1,1,1,1,1,1,1,1,1,0.0
2648028,2,01/05/1978,1,,42.0,,,0,2,0,1253.0,3,,,,,,,,,,,,0.0,0.0,0.0,0.0,21.4,8.2,0.0,0.0,0.0,0.0,0.0,0.0,0.0,0.0,0.0,0.0,0.0,0.0,0.0,0.0,0,0,0,0,0,0,0,0,0,0,0,1,1,1,1,1,1,1,1,1,1,1,1,1,1,1,1,1,1,1,1.0
2648028,1,01/05/1978,1,,,,,0,0,0,,0,,,,,,,,,,,,0.0,0.0,0.0,0.0,21.4,8.2,0.0,0.0,0.0,0.0,0.0,0.0,0.0,0.0,0.0,0.0,0.0,0.0,0.0,0.0,0,0,0,0,0,0,0,0,0,0,0,1,1,1,1,1,1,1,1,1,1,1,1,1,1,1,1,1,1,1,1.0
2648028,2,01/04/1978,1,4.8,18.1,4.0,10.0,1,1,0,1253.0,3,0.0,2.4,0.0,4.8,1.0,0.0,0.0,2.4,0.0,0.0,1.0,0.0,0.0,2.4,0.0,0.0,0.0,0.0,0.0,2.8,1.0,0.0,0.0,0.0,0.0,0.2,0.0,0.1,0.0,0.0,,1,1,1,1,1,1,1,1,1,1,1,1,1,1,1,1,1,1,1,1,1,1,1,1,1,1,1,1,1,1,0.0
2648028,1,01/04/1978,1,4.8,18.1,4.0,10.0,1,1,0,,0,0.0,2.4,0.0,4.8,1.0,0.0,0.0,2.4,0.0,0.0,1.0,0.0,0.0,2.4,0.0,0.0,0.0,0.0,0.0,2.8,1.0,0.0,0.0,0.0,0.0,0.2,0.0,0.1,0.0,0.0,,1,1,1,1,1,1,1,1,1,1,1,1,1,1,1,1,1,1,1,1,1,1,1,1,1,1,1,1,1,1,0.0
2648028,2,01/03/1978,1,75.2,143.6,4.0,11.0,1,1,0,1253.0,3,0.0,2.6,2.1,75.2,2.1,0.0,0.0,0.0,0.0,0.0,41.6,1.9,0.0,0.0,0.0,0.0,2.1,0.0,0.0,0.0,2.4,5.2,0.0,0.0,0.0,2.4,6.0,0.0,0.0,0.0,0.0,1,1,1,1,1,1,1,1,1,1,1,1,1,1,1,1,1,1,1,1,1,1,1,1,1,1,1,1,1,1,1.0
2648028,1,01/03/1978,1,75.2,143.6,4.0,11.0,1,1,0,,0,0.0,2.6,2.1,75.2,2.1,0.0,0.0,0.0,0.0,0.0,41.6,1.9,0.0,0.0,0.0,0.0,2.1,0.0,0.0,0.0,2.4,5.2,0.0,0.0,0.0,2.4,6.0,0.0,0.0,0.0,0.0,1,1,1,1,1,1,1,1,1,1,1,1,1,1,1,1,1,1,1,1,1,1,1,1,1,1,1,1,1,1,1.0
2648028,2,01/02/1978,1,25.8,118.6,20.0,19.0,1,1,0,1253.0,3,0.0,4.0,0.0,5.8,1.5,4.8,2.4,0.1,0.0,2.4,1.0,16.8,0.0,0.0,0.0,3.6,2.1,0.0,0.0,25.8,9.6,9.0,4.0,0.0,0.1,0.8,9.0,15.8,,,,1,1,1,1,1,1,1,1,1,1,1,1,1,1,1,1,1,1,1,1,1,1,1,1,1,1,1,1,0,0,0.0
2648028,1,01/02/1978,1,25.8,118.6,20.0,19.0,1,1,0,,0,0.0,4.0,0.0,5.8,1.5,4.8,2.4,0.1,0.0,2.4,1.0,16.8,0.0,0.0,0.0,3.6,2.1,0.0,0.0,25.8,9.6,9.0,4.0,0.0,0.1,0.8,9.0,15.8,,,,1,1,1,1,1,1,1,1,1,1,1,1,1,1,1,1,1,1,1,1,1,1,1,1,1,1,1,1,0,0,0.0
2648028,2,01/01/1978,1,15.0,62.2,18.0,22.0,1,3,0,1253.0,3,2.2,1.0,0.0,0.0,0.0,2.1,8.0,0.0,0.1,2.0,1.0,2.0,4.0,1.0,2.5,1.5,3.8,15.0,3.4,2.5,2.4,1.0,1.0,0.0,0.0,1.5,2.4,1.8,0.0,0.0,0.0,1,1,1,1,1,1,1,1,1,1,1,1,1,1,1,1,1,1,1,1,1,1,1,1,1,1,1,1,1,1,1.0
2648028,1,01/01/1978,1,15.0,62.2,18.0,22.0,1,1,0,,0,2.2,1.0,0.0,0.0,0.0,2.1,8.0,0.0,0.1,2.0,1.0,2.0,4.0,1.0,2.5,1.5,3.8,15.0,3.4,2.5,2.4,1.0,1.0,0.0,0.0,1.5,2.4,1.8,0.0,0.0,0.0,1,1,1,1,1,1,1,1,1,1,1,1,1,1,1,1,1,1,1,1,1,1,1,1,1,1,1,1,1,1,1.0
2648028,2,01/12/1977,1,65.0,235.0,12.0,21.0,1,1,0,,0,15.0,20.0,26.0,0.1,2.0,1.0,4.0,0.0,1.0,0.0,0.0,65.0,0.0,0.0,9.4,7.0,1.4,1.2,6.0,0.0,0.0,40.0,15.0,10.0,2.0,0.0,1.8,2.1,0.0,0.0,5.0,1,1,1,1,1,1,1,1,1,1,1,1,1,1,1,1,1,1,1,1,1,1,1,1,1,1,1,1,1,1,1.0
2648028,1,01/12/1977,1,65.0,235.0,12.0,21.0,1,1,0,,0,15.0,20.0,26.0,0.1,2.0,1.0,4.0,0.0,1.0,0.0,0.0,65.0,0.0,0.0,9.4,7.0,1.4,1.2,6.0,0.0,0.0,40.0,15.0,10.0,2.0,0.0,1.8,2.1,0.0,0.0,5.0,1,1,1,1,1,1,1,1,1,1,1,1,1,1,1,1,1,1,1,1,1,1,1,1,1,1,1,1,1,1,1.0
2648028,2,01/11/1977,1,37.0,186.6,11.0,20.0,1,1,0,,0,15.0,5.8,0.0,5.8,4.0,3.0,0.4,8.6,12.0,0.1,37.0,35.0,0.0,0.0,0.1,0.0,0.0,1.0,0.0,0.0,0.0,0.0,1.0,0.0,2.2,10.6,15.0,20.0,5.8,4.2,,1,1,1,1,1,1,1,1,1,1,1,1,1,1,1,1,1,1,1,1,1,1,1,1,1,1,1,1,1,1,0.0
2648028,1,01/11/1977,1,37.0,186.6,11.0,20.0,1,1,0,,0,15.0,5.8,0.0,5.8,4.0,3.0,0.4,8.6,12.0,0.1,37.0,35.0,0.0,0.0,0.1,0.0,0.0,1.0,0.0,0.0,0.0,0.0,1.0,0.0,2.2,10.6,15.0,20.0,5.8,4.2,,1,1,1,1,1,1,1,1,1,1,1,1,1,1,1,1,1,1,1,1,1,1,1,1,1,1,1,1,1,1,0.0
2648028,2,01/10/1977,1,65.0,312.7,2.0,22.0,1,1,0,,0,56.0,65.0,10.8,8.4,4.2,15.6,1.0,2.4,1.0,0.0,0.0,6.1,50.0,14.2,4.3,15.6,40.2,3.8,2.4,0.0,0.0,1.0,0.0,0.1,0.0,2.8,6.4,0.0,0.0,1.4,0.0,1,1,1,1,1,1,1,1,1,1,1,1,1,1,1,1,1,1,1,1,1,1,1,1,1,1,1,1,1,1,1.0
2648028,1,01/10/1977,1,65.0,312.7,2.0,22.0,1,1,0,,0,56.0,65.0,10.8,8.4,4.2,15.6,1.0,2.4,1.0,0.0,0.0,6.1,50.0,14.2,4.3,15.6,40.2,3.8,2.4,0.0,0.0,1.0,0.0,0.1,0.0,2.8,6.4,0.0,0.0,1.4,0.0,1,1,1,1,1,1,1,1,1,1,1,1,1,1,1,1,1,1,1,1,1,1,1,1,1,1,1,1,1,1,1.0
2648028,2,01/09/1977,1,120.0,176.6,7.0,15.0,1,1,0,,0,0.0,1.8,0.0,0.0,2.8,2.6,120.0,2.6,0.0,0.0,0.0,0.0,0.0,0.0,0.0,12.0,5.8,1.4,9.8,3.4,8.0,1.4,0.0,2.8,0.0,0.0,0.0,0.0,0.8,1.4,,1,1,1,1,1,1,1,1,1,1,1,1,1,1,1,1,1,1,1,1,1,1,1,1,1,1,1,1,1,1,0.0
2648028,1,01/09/1977,1,120.0,176.6,7.0,15.0,1,1,0,,0,0.0,1.8,0.0,0.0,2.8,2.6,120.0,2.6,0.0,0.0,0.0,0.0,0.0,0.0,0.0,12.0,5.8,1.4,9.8,3.4,8.0,1.4,0.0,2.8,0.0,0.0,0.0,0.0,0.8,1.4,,1,1,1,1,1,1,1,1,1,1,1,1,1,1,1,1,1,1,1,1,1,1,1,1,1,1,1,1,1,1,0.0
2648028,2,01/08/1977,1,14.2,103.8,18.0,16.0,1,1,0,,0,4.2,7.0,0.0,4.8,0.0,0.0,0.0,0.0,2.4,1.8,0.0,0.0,0.0,13.8,3.8,11.4,10.0,14.2,0.0,1.8,1.0,0.0,0.8,0.0,11.6,0.0,0.0,0.0,0.0,8.2,7.0,1,1,1,1,1,1,1,1,1,1,1,1,1,1,1,1,1,1,1,1,1,1,1,1,1,1,1,1,1,1,1.0
2648028,1,01/08/1977,1,14.2,103.8,18.0,16.0,1,1,0,,0,4.2,7.0,0.0,4.8,0.0,0.0,0.0,0.0,2.4,1.8,0.0,0.0,0.0,13.8,3.8,11.4,10.0,14.2,0.0,1.8,1.0,0.0,0.8,0.0,11.6,0.0,0.0,0.0,0.0,8.2,7.0,1,1,1,1,1,1,1,1,1,1,1,1,1,1,1,1,1,1,1,1,1,1,1,1,1,1,1,1,1,1,1.0
2648028,2,01/07/1977,1,22.8,48.2,25.0,10.0,1,1,0,,0,1.0,0.0,0.0,0.0,0.1,0.0,0.0,0.0,0.1,1.4,0.0,1.4,0.0,0.0,0.0,7.8,0.0,0.0,0.0,0.0,0.0,4.8,8.4,0.4,22.8,0.0,0.0,0.0,0.0,0.0,0.0,1,1,1,1,1,1,1,1,1,1,1,1,1,1,1,1,1,1,1,1,1,1,1,1,1,1,1,1,1,1,1.0
2648028,1,01/07/1977,1,22.8,48.2,25.0,10.0,1,1,0,,0,1.0,0.0,0.0,0.0,0.1,0.0,0.0,0.0,0.1,1.4,0.0,1.4,0.0,0.0,0.0,7.8,0.0,0.0,0.0,0.0,0.0,4.8,8.4,0.4,22.8,0.0,0.0,0.0,0.0,0.0,0.0,1,1,1,1,1,1,1,1,1,1,1,1,1,1,1,1,1,1,1,1,1,1,1,1,1,1,1,1,1,1,1.0
2648028,2,01/06/1977,1,26.0,48.0,25.0,12.0,1,1,0,,0,0.0,0.0,0.0,0.0,1.4,0.4,0.0,2.4,1.0,0.0,0.0,0.0,0.0,1.0,0.0,1.4,1.0,0.0,0.0,0.0,1.4,7.0,4.0,0.0,26.0,1.0,0.0,0.0,0.0,0.0,,1,1,1,1,1,1,1,1,1,1,1,1,1,1,1,1,1,1,1,1,1,1,1,1,1,1,1,1,1,1,0.0
2648028,1,01/06/1977,1,26.0,48.0,25.0,12.0,1,1,0,,0,0.0,0.0,0.0,0.0,1.4,0.4,0.0,2.4,1.0,0.0,0.0,0.0,0.0,1.0,0.0,1.4,1.0,0.0,0.0,0.0,1.4,7.0,4.0,0.0,26.0,1.0,0.0,0.0,0.0,0.0,,1,1,1,1,1,1,1,1,1,1,1,1,1,1,1,1,1,1,1,1,1,1,1,1,1,1,1,1,1,1,0.0
2648028,2,01/05/1977,1,9.0,21.4,16.0,9.0,1,1,0,,0,4.0,1.0,0.0,0.0,2.0,0.0,0.0,0.0,0.0,0.0,0.0,0.0,0.0,0.0,0.0,9.0,0.0,0.0,0.0,0.0,0.0,0.0,0.0,0.0,0.0,2.0,1.0,0.0,1.0,1.0,0.4,1,1,1,1,1,1,1,1,1,1,1,1,1,1,1,1,1,1,1,1,1,1,1,1,1,1,1,1,1,1,1.0
2648028,1,01/05/1977,1,9.0,21.4,16.0,9.0,1,1,0,,0,4.0,1.0,0.0,0.0,2.0,0.0,0.0,0.0,0.0,0.0,0.0,0.0,0.0,0.0,0.0,9.0,0.0,0.0,0.0,0.0,0.0,0.0,0.0,0.0,0.0,2.0,1.0,0.0,1.0,1.0,0.4,1,1,1,1,1,1,1,1,1,1,1,1,1,1,1,1,1,1,1,1,1,1,1,1,1,1,1,1,1,1,1.0
