EstacaoCodigo,NivelConsistencia,Data,TipoMedicaoChuvas,Maxima,Total,DiaMaxima,NumDiasDeChuva,MaximaStatus,TotalStatus,NumDiasDeChuvaStatus,TotalAnual,TotalAnualStatus,Chuva01,Chuva02,Chuva03,Chuva04,Chuva05,Chuva06,Chuva07,Chuva08,Chuva09,Chuva10,Chuva11,Chuva12,Chuva13,Chuva14,Chuva15,Chuva16,Chuva17,Chuva18,Chuva19,Chuva20,Chuva21,Chuva22,Chuva23,Chuva24,Chuva25,Chuva26,Chuva27,Chuva28,Chuva29,Chuva30,Chuva31,Chuva01Status,Chuva02Status,Chuva03Status,Chuva04Status,Chuva05Status,Chuva06Status,Chuva07Status,Chuva08Status,Chuva09Status,Chuva10Status,Chuva11Status,Chuva12Status,Chuva13Status,Chuva14Status,Chuva15Status,Chuva16Status,Chuva17Status,Chuva18Status,Chuva19Status,Chuva20Status,Chuva21Status,Chuva22Status,Chuva23Status,Chuva24Status,Chuva25Status,Chuva26Status,Chuva27Status,Chuva28Status,Chuva29Status,Chuva30Status,Chuva31Status
2648014,1,01/11/2024,1,47.0,225.8,5.0,18.0,1.0,1,1.0,,0.0,0.0,0.0,2.0,2.5,47.0,0.0,27.5,20.0,0.0,0.0,0.0,1.5,6.5,0.0,5.7,6.0,0.0,0.0,0.0,0.0,8.6,27.7,30.0,9.5,10.0,0.0,0.6,2.0,17.7,1.0,,1.0,1.0,1.0,1.0,1.0,1.0,1.0,1.0,1.0,1.0,1.0,1.0,1.0,1.0,1.0,1.0,1.0,1.0,1.0,1.0,1.0,1.0,1.0,1.0,1.0,1.0,1.0,1.0,1.0,1.0,0.0
2648014,1,01/10/2024,1,55.0,161.9,10.0,15.0,1.0,1,1.0,,0.0,0.0,10.0,16.0,0.0,0.0,0.0,0.0,0.3,4.0,55.0,7.2,10.0,0.0,0.0,0.0,0.0,0.0,0.0,1.7,5.0,10.0,20.0,0.0,0.0,6.3,1.0,1.0,0.0,0.0,0.0,14.4,1.0,1.0,1.0,1.0,1.0,1.0,1.0,1.0,1.0,1.0,1.0,1.0,1.0,1.0,1.0,1.0,1.0,1.0,1.0,1.0,1.0,1.0,1.0,1.0,1.0,1.0,1.0,1.0,1.0,1.0,1.0
2648014,1,01/09/2024,1,70.0,166.0,16.0,8.0,1.0,1,1.0,,0.0,0.0,0.0,0.0,0.0,6.5,0.5,0.0,0.0,0.0,0.0,0.0,0.0,0.0,9.7,49.0,70.0,0.0,0.0,0.0,3.0,20.0,0.0,0.0,0.0,0.0,0.0,7.3,0.0,0.0,0.0,,1.0,1.0,1.0,1.0,1.0,1.0,1.0,1.0,1.0,1.0,1.0,1.0,1.0,1.0,1.0,1.0,1.0,1.0,1.0,1.0,1.0,1.0,1.0,1.0,1.0,1.0,1.0,1.0,1.0,1.0,0.0
2648014,1,01/08/2024,1,18.0,37.9,24.0,9.0,1.0,1,1.0,,0.0,0.2,0.0,0.0,0.0,1.0,0.0,0.0,2.0,0.0,0.0,1.0,0.0,0.0,1.0,2.7,0.0,0.0,0.0,0.0,0.0,0.0,0.0,11.6,18.0,0.4,0.0,0.0,0.0,0.0,0.0,0.0,1.0,1.0,1.0,1.0,1.0,1.0,1.0,1.0,1.0,1.0,1.0,1.0,1.0,1.0,1.0,1.0,1.0,1.0,1.0,1.0,1.0,1.0,1.0,1.0,1.0,1.0,1.0,1.0,1.0,1.0,1.0
2648014,1,01/07/2024,1,47.0,238.2,17.0,14.0,1.0,1,1.0,,0.0,0.0,0.0,0.0,0.0,0.0,0.0,8.0,12.0,10.0,31.0,15.0,19.0,11.0,18.0,20.0,29.0,47.0,0.0,0.0,0.0,0.0,0.0,0.0,0.0,0.0,0.0,0.0,0.0,5.7,11.5,1.0,1.0,1.0,1.0,1.0,1.0,1.0,1.0,1.0,1.0,1.0,1.0,1.0,1.0,1.0,1.0,1.0,1.0,1.0,1.0,1.0,1.0,1.0,1.0,1.0,1.0,1.0,1.0,1.0,1.0,1.0,1.0
2648014,1,01/06/2024,1,20.0,65.2,24.0,10.0,1.0,1,1.0,,0.0,0.0,0.0,0.0,0.0,0.0,0.0,0.0,0.0,0.0,0.0,0.0,0.0,0.0,0.0,0.0,5.0,4.0,0.0,2.0,2.0,0.0,5.0,10.0,20.0,15.0,2.0,0.2,0.0,0.0,0.0,,1.0,1.0,1.0,1.0,1.0,1.0,1.0,1.0,1.0,1.0,1.0,1.0,1.0,1.0,1.0,1.0,1.0,1.0,1.0,1.0,1.0,1.0,1.0,1.0,1.0,1.0,1.0,1.0,1.0,1.0,0.0
2648014,1,01/05/2024,1,39.5,135.6,14.0,13.0,1.0,1,1.0,,0.0,0.0,0.0,0.0,0.0,2.5,0.0,0.0,0.0,0.0,3.2,4.0,0.0,0.0,39.5,1.8,0.4,4.0,5.0,0.2,0.0,0.0,0.0,6.0,7.3,0.0,30.0,31.7,0.0,0.0,0.0,0.0,1.0,1.0,1.0,1.0,1.0,1.0,1.0,1.0,1.0,1.0,1.0,1.0,1.0,1.0,1.0,1.0,1.0,1.0,1.0,1.0,1.0,1.0,1.0,1.0,1.0,1.0,1.0,1.0,1.0,1.0,1.0
2648014,1,01/04/2024,1,100.0,383.7,14.0,20.0,1.0,1,1.0,,0.0,0.0,0.0,0.0,0.0,0.0,2.5,3.0,2.0,3.0,5.0,30.0,24.0,30.0,100.0,3.0,75.5,3.0,2.0,0.0,5.0,0.0,0.0,0.0,1.0,2.0,0.0,10.0,12.0,70.0,0.7,,1.0,1.0,1.0,1.0,1.0,1.0,1.0,1.0,1.0,1.0,1.0,1.0,1.0,1.0,1.0,1.0,1.0,1.0,1.0,1.0,1.0,1.0,1.0,1.0,1.0,1.0,1.0,1.0,1.0,1.0,0.0
2648014,1,01/03/2024,1,26.0,130.7,1.0,19.0,1.0,1,1.0,,0.0,26.0,4.3,0.0,0.0,4.0,12.5,4.3,11.2,3.0,3.0,3.0,5.0,0.0,0.0,10.0,5.0,12.0,15.0,0.0,3.0,0.0,0.1,2.0,4.3,3.0,0.0,0.0,0.0,0.0,0.0,0.0,1.0,1.0,1.0,1.0,1.0,1.0,1.0,1.0,1.0,1.0,1.0,1.0,1.0,1.0,1.0,1.0,1.0,1.0,1.0,1.0,1.0,1.0,1.0,1.0,1.0,1.0,1.0,1.0,1.0,1.0,1.0
2648014,1,01/02/2024,1,80.0,273.0,26.0,17.0,1.0,1,1.0,,0.0,0.0,0.0,0.0,0.0,2.0,1.0,0.0,0.0,0.0,0.0,0.0,0.0,0.0,0.0,1.0,1.0,3.0,4.0,9.0,14.0,8.0,6.0,34.0,50.0,40.0,80.0,10.0,8.0,2.0,,,1.0,1.0,1.0,1.0,1.0,1.0,1.0,1.0,1.0,1.0,1.0,1.0,1.0,1.0,1.0,1.0,1.0,1.0,1.0,1.0,1.0,1.0,1.0,1.0,1.0,1.0,1.0,1.0,1.0,0.0,0.0
2648014,1,01/01/2024,1,100.0,401.7,23.0,25.0,1.0,1,1.0,,0.0,0.0,7.0,15.0,2.5,0.0,0.0,9.0,10.0,30.0,8.0,12.0,20.0,2.0,1.9,5.0,4.0,2.0,10.0,5.0,0.0,15.0,70.0,100.0,10.0,8.0,17.3,12.0,6.0,20.0,0.0,0.0,1.0,1.0,1.0,1.0,1.0,1.0,1.0,1.0,1.0,1.0,1.0,1.0,1.0,1.0,1.0,1.0,1.0,1.0,1.0,1.0,1.0,1.0,1.0,1.0,1.0,1.0,1.0,1.0,1.0,1.0,1.0
2648014,1,01/12/2023,1,20.0,95.6,6.0,24.0,1.0,1,1.0,,0.0,7.0,10.0,2.0,15.0,5.0,20.0,3.0,1.0,1.6,0.0,1.0,0.0,0.0,1.0,2.0,0.0,2.0,2.0,1.0,1.0,1.0,1.0,1.0,2.0,1.0,10.0,0.0,0.0,0.0,2.0,3.0,1.0,1.0,1.0,1.0,1.0,1.0,1.0,1.0,1.0,1.0,1.0,1.0,1.0,1.0,1.0,1.0,1.0,1.0,1.0,1.0,1.0,1.0,1.0,1.0,1.0,1.0,1.0,1.0,1.0,1.0,1.0
2648014,1,01/11/2023,1,82.0,220.7,3.0,18.0,1.0,1,1.0,,0.0,8.0,8.9,82.0,2.0,0.0,0.0,0.0,0.0,0.0,1.0,0.9,0.0,0.0,12.5,4.5,0.0,16.5,5.0,0.0,0.0,0.0,0.4,30.0,2.0,1.0,0.8,1.0,28.7,15.5,0.0,,1.0,1.0,1.0,1.0,1.0,1.0,1.0,1.0,1.0,1.0,1.0,1.0,1.0,1.0,1.0,1.0,1.0,1.0,1.0,1.0,1.0,1.0,1.0,1.0,1.0,1.0,1.0,1.0,1.0,1.0,0.0
2648014,1,01/10/2023,1,60.0,470.1,9.0,28.0,1.0,1,1.0,,0.0,10.0,15.0,20.0,30.0,40.0,11.0,13.0,30.0,60.0,40.0,10.0,7.0,20.0,5.0,5.0,10.0,30.0,0.7,0.2,6.0,0.7,0.0,0.0,0.0,6.0,7.0,5.0,20.0,25.0,10.0,33.5,1.0,1.0,1.0,1.0,1.0,1.0,1.0,1.0,1.0,1.0,1.0,1.0,1.0,1.0,1.0,1.0,1.0,1.0,1.0,1.0,1.0,1.0,1.0,1.0,1.0,1.0,1.0,1.0,1.0,1.0,1.0
2648014,1,01/09/2023,1,36.5,99.8,27.0,12.0,1.0,1,1.0,,0.0,0.0,1.0,0.0,0.0,2.0,1.0,2.0,0.0,0.0,0.0,0.0,0.0,0.0,0.0,0.0,0.0,0.0,0.0,3.0,8.3,2.0,0.0,0.0,0.0,4.0,30.0,36.5,4.0,6.0,0.0,,1.0,1.0,1.0,1.0,1.0,1.0,1.0,1.0,1.0,1.0,1.0,1.0,1.0,1.0,1.0,1.0,1.0,1.0,1.0,1.0,1.0,1.0,1.0,1.0,1.0,1.0,1.0,1.0,1.0,1.0,0.0
2648014,1,01/08/2023,1,20.0,130.0,9.0,14.0,1.0,1,1.0,,0.0,0.0,0.0,0.0,0.0,0.0,0.0,7.0,5.0,20.0,15.0,17.0,13.0,10.0,2.0,15.0,0.0,0.0,8.0,0.0,0.0,5.0,2.0,7.0,4.0,0.0,0.0,0.0,0.0,0.0,0.0,0.0,1.0,1.0,1.0,1.0,1.0,1.0,1.0,1.0,1.0,1.0,1.0,1.0,1.0,1.0,1.0,1.0,1.0,1.0,1.0,1.0,1.0,1.0,1.0,1.0,1.0,1.0,1.0,1.0,1.0,1.0,1.0
2648014,1,01/07/2023,1,45.5,91.0,13.0,10.0,1.0,1,1.0,,0.0,0.0,0.0,0.0,0.0,0.0,0.0,0.0,0.0,0.0,0.0,0.0,21.0,45.5,1.5,0.0,0.0,0.0,7.0,2.0,0.0,4.0,0.0,0.0,3.0,2.0,2.0,3.0,0.0,0.0,0.0,0.0,1.0,1.0,1.0,1.0,1.0,1.0,1.0,1.0,1.0,1.0,1.0,1.0,1.0,1.0,1.0,1.0,1.0,1.0,1.0,1.0,1.0,1.0,1.0,1.0,1.0,1.0,1.0,1.0,1.0,1.0,1.0
2648014,1,01/06/2023,1,50.0,131.0,11.0,5.0,1.0,1,1.0,,0.0,0.0,0.0,0.0,0.0,0.0,0.0,0.0,0.0,0.0,0.0,50.0,10.0,11.0,20.0,40.0,0.0,0.0,0.0,0.0,0.0,0.0,0.0,0.0,0.0,0.0,0.0,0.0,0.0,0.0,0.0,,1.0,1.0,1.0,1.0,1.0,1.0,1.0,1.0,1.0,1.0,1.0,1.0,1.0,1.0,1.0,1.0,1.0,1.0,1.0,1.0,1.0,1.0,1.0,1.0,1.0,1.0,1.0,1.0,1.0,1.0,0.0
2648014,1,01/05/2023,1,7.0,15.0,23.0,4.0,1.0,1,1.0,,0.0,0.0,0.0,0.0,0.0,0.0,0.0,0.0,0.0,0.0,0.0,0.0,0.0,0.0,0.0,0.0,0.0,0.0,0.0,0.0,0.0,0.0,0.0,7.0,5.0,2.0,1.0,0.0,0.0,0.0,0.0,0.0,1.0,1.0,1.0,1.0,1.0,1.0,1.0,1.0,1.0,1.0,1.0,1.0,1.0,1.0,1.0,1.0,1.0,1.0,1.0,1.0,1.0,1.0,1.0,1.0,1.0,1.0,1.0,1.0,1.0,1.0,1.0
2648014,1,01/04/2023,1,37.5,188.5,19.0,22.0,1.0,1,1.0,,0.0,4.0,5.0,7.0,4.0,3.0,0.0,0.0,6.0,2.0,8.0,6.0,7.0,5.0,10.0,30.0,2.0,0.0,23.5,37.5,2.0,0.0,0.0,0.0,22.0,2.0,1.0,1.0,0.5,0.0,0.0,,1.0,1.0,1.0,1.0,1.0,1.0,1.0,1.0,1.0,1.0,1.0,1.0,1.0,1.0,1.0,1.0,1.0,1.0,1.0,1.0,1.0,1.0,1.0,1.0,1.0,1.0,1.0,1.0,1.0,1.0,0.0
2648014,1,01/03/2023,1,51.0,190.0,14.0,25.0,1.0,1,1.0,,0.0,1.0,2.0,8.0,15.0,10.0,5.0,4.6,1.6,2.0,7.0,12.0,3.0,10.0,51.0,15.0,1.0,3.0,0.0,0.0,0.0,0.0,0.0,0.0,7.0,8.0,6.0,12.0,0.5,0.2,5.0,0.1,1.0,1.0,1.0,1.0,1.0,1.0,1.0,1.0,1.0,1.0,1.0,1.0,1.0,1.0,1.0,1.0,1.0,1.0,1.0,1.0,1.0,1.0,1.0,1.0,1.0,1.0,1.0,1.0,1.0,1.0,1.0
2648014,1,01/02/2023,1,27.0,275.8,2.0,22.0,1.0,1,1.0,,0.0,0.0,27.0,3.5,0.0,0.0,12.0,10.0,10.0,15.0,25.0,2.0,0.0,0.0,0.0,15.0,18.0,16.5,11.0,18.0,10.0,5.6,15.0,16.2,6.0,12.7,2.0,25.0,0.3,,,,1.0,1.0,1.0,1.0,1.0,1.0,1.0,1.0,1.0,1.0,1.0,1.0,1.0,1.0,1.0,1.0,1.0,1.0,1.0,1.0,1.0,1.0,1.0,1.0,1.0,1.0,1.0,1.0,0.0,0.0,0.0
2648014,1,01/01/2023,1,40.0,236.4,4.0,16.0,1.0,1,1.0,,0.0,0.0,0.0,20.0,40.0,10.0,5.0,0.0,0.0,0.0,0.0,0.0,0.0,19.0,7.0,18.0,40.0,0.0,3.4,15.0,22.0,0.0,0.0,0.0,16.0,3.0,0.0,0.0,3.0,5.0,10.0,0.0,1.0,1.0,1.0,1.0,1.0,1.0,1.0,1.0,1.0,1.0,1.0,1.0,1.0,1.0,1.0,1.0,1.0,1.0,1.0,1.0,1.0,1.0,1.0,1.0,1.0,1.0,1.0,1.0,1.0,1.0,1.0
2648014,1,01/12/2022,1,100.0,303.7,20.0,22.0,1.0,1,1.0,,0.0,20.0,0.0,0.0,1.0,3.0,17.7,2.0,0.0,1.0,0.0,0.0,10.0,14.0,10.0,0.0,2.0,8.0,4.0,6.0,100.0,63.0,5.0,1.0,0.0,1.0,1.4,0.0,18.6,14.0,1.0,0.0,1.0,1.0,1.0,1.0,1.0,1.0,1.0,1.0,1.0,1.0,1.0,1.0,1.0,1.0,1.0,1.0,1.0,1.0,1.0,1.0,1.0,1.0,1.0,1.0,1.0,1.0,1.0,1.0,1.0,1.0,1.0
2648014,1,01/11/2022,1,65.0,327.2,26.0,14.0,1.0,1,1.0,,0.0,3.0,5.0,2.0,1.6,5.0,0.0,0.0,0.0,3.5,0.0,0.0,0.0,0.0,0.0,0.0,0.0,0.0,0.0,0.0,0.0,0.1,0.0,0.0,20.0,10.0,65.0,50.0,40.0,60.0,62.0,,1.0,1.0,1.0,1.0,1.0,1.0,1.0,1.0,1.0,1.0,1.0,1.0,1.0,1.0,1.0,1.0,1.0,1.0,1.0,1.0,1.0,1.0,1.0,1.0,1.0,1.0,1.0,1.0,1.0,1.0,0.0
2648014,1,01/10/2022,1,20.0,154.0,15.0,27.0,1.0,1,1.0,,0.0,3.0,2.0,1.0,1.0,1.0,0.0,2.0,0.0,0.0,1.0,2.0,1.0,2.0,8.0,20.0,5.0,10.0,20.0,10.0,5.0,5.0,7.0,8.0,10.0,5.0,1.0,0.0,12.0,5.0,2.0,5.0,1.0,1.0,1.0,1.0,1.0,1.0,1.0,1.0,1.0,1.0,1.0,1.0,1.0,1.0,1.0,1.0,1.0,1.0,1.0,1.0,1.0,1.0,1.0,1.0,1.0,1.0,1.0,1.0,1.0,1.0,1.0
2648014,1,01/09/2022,1,40.0,151.9,10.0,18.0,1.0,1,1.0,,0.0,0.0,2.0,3.0,1.0,0.0,8.6,25.0,10.0,30.0,40.0,0.0,0.0,0.0,0.0,0.0,0.0,0.0,0.0,0.0,3.0,2.0,2.0,2.0,1.0,5.0,15.0,1.0,0.0,1.0,0.3,,1.0,1.0,1.0,1.0,1.0,1.0,1.0,1.0,1.0,1.0,1.0,1.0,1.0,1.0,1.0,1.0,1.0,1.0,1.0,1.0,1.0,1.0,1.0,1.0,1.0,1.0,1.0,1.0,1.0,1.0,0.0
2648014,1,01/08/2022,1,100.0,296.6,10.0,14.0,1.0,1,1.0,,0.0,0.0,0.0,0.0,0.0,0.0,4.0,20.0,70.0,14.6,100.0,34.0,7.2,0.0,0.0,0.0,2.0,5.8,30.0,7.0,0.0,0.0,0.2,0.0,0.0,0.0,0.0,0.0,0.8,1.0,0.0,0.0,1.0,1.0,1.0,1.0,1.0,1.0,1.0,1.0,1.0,1.0,1.0,1.0,1.0,1.0,1.0,1.0,1.0,1.0,1.0,1.0,1.0,1.0,1.0,1.0,1.0,1.0,1.0,1.0,1.0,1.0,1.0
2648014,1,01/07/2022,1,5.0,16.2,13.0,6.0,1.0,1,1.0,,0.0,0.0,0.0,0.0,0.0,0.0,0.0,0.0,0.0,3.5,0.0,0.0,3.0,5.0,2.0,1.0,0.0,0.0,0.0,0.0,0.0,0.0,0.0,0.0,0.0,0.0,0.0,0.0,0.0,0.0,1.7,0.0,1.0,1.0,1.0,1.0,1.0,1.0,1.0,1.0,1.0,1.0,1.0,1.0,1.0,1.0,1.0,1.0,1.0,1.0,1.0,1.0,1.0,1.0,1.0,1.0,1.0,1.0,1.0,1.0,1.0,1.0,1.0
2648014,1,01/06/2022,1,50.0,107.0,6.0,12.0,1.0,1,1.0,,0.0,0.0,0.0,0.0,0.0,0.0,50.0,41.0,1.0,0.0,2.0,1.0,0.0,0.0,3.0,1.0,0.0,2.0,1.0,2.0,2.0,1.0,0.0,0.0,0.0,0.0,0.0,0.0,0.0,0.0,0.0,,1.0,1.0,1.0,1.0,1.0,1.0,1.0,1.0,1.0,1.0,1.0,1.0,1.0,1.0,1.0,1.0,1.0,1.0,1.0,1.0,1.0,1.0,1.0,1.0,1.0,1.0,1.0,1.0,1.0,1.0,0.0
2648014,1,01/05/2022,1,30.0,182.8,3.0,16.0,1.0,1,1.0,,0.0,0.0,0.0,30.0,20.0,25.0,30.0,15.0,8.0,6.0,1.0,0.0,0.0,0.0,0.8,0.0,0.0,0.0,0.0,0.0,0.0,0.0,0.0,2.0,5.0,7.0,5.0,10.0,0.0,0.0,10.0,8.0,1.0,1.0,1.0,1.0,1.0,1.0,1.0,1.0,1.0,1.0,1.0,1.0,1.0,1.0,1.0,1.0,1.0,1.0,1.0,1.0,1.0,1.0,1.0,1.0,1.0,1.0,1.0,1.0,1.0,1.0,1.0
2648014,1,01/04/2022,1,15.0,112.2,9.0,21.0,1.0,1,1.0,,0.0,0.0,10.0,10.0,8.0,4.0,6.0,7.0,2.0,15.0,5.0,10.0,5.0,0.0,2.0,0.0,0.0,1.0,2.0,0.0,5.0,10.0,2.0,5.0,0.0,0.0,1.0,1.0,0.0,1.2,0.0,,1.0,1.0,1.0,1.0,1.0,1.0,1.0,1.0,1.0,1.0,1.0,1.0,1.0,1.0,1.0,1.0,1.0,1.0,1.0,1.0,1.0,1.0,1.0,1.0,1.0,1.0,1.0,1.0,1.0,1.0,0.0
2648014,1,01/03/2022,1,40.0,226.2,3.0,21.0,1.0,1,1.0,,0.0,8.0,30.0,40.0,1.0,2.0,1.0,0.0,1.0,0.0,0.0,0.0,1.0,2.0,2.0,1.0,2.0,10.0,5.0,20.0,5.0,10.0,25.0,0.2,0.0,20.0,0.0,0.0,0.0,0.0,0.0,40.0,1.0,1.0,1.0,1.0,1.0,1.0,1.0,1.0,1.0,1.0,1.0,1.0,1.0,1.0,1.0,1.0,1.0,1.0,1.0,1.0,1.0,1.0,1.0,1.0,1.0,1.0,1.0,1.0,1.0,1.0,1.0
2648014,1,01/02/2022,1,20.0,107.6,18.0,17.0,1.0,1,1.0,,0.0,5.0,10.0,7.0,0.0,5.0,15.0,5.0,0.0,0.0,2.0,0.0,0.0,0.0,15.0,0.0,6.0,5.0,20.0,1.0,0.0,0.0,1.0,3.0,4.0,2.3,0.0,0.0,1.3,,,,1.0,1.0,1.0,1.0,1.0,1.0,1.0,1.0,1.0,1.0,1.0,1.0,1.0,1.0,1.0,1.0,1.0,1.0,1.0,1.0,1.0,1.0,1.0,1.0,1.0,1.0,1.0,1.0,0.0,0.0,0.0
2648014,1,01/01/2022,1,50.0,274.0,10.0,17.0,1.0,1,1.0,,0.0,0.0,0.0,4.0,16.0,30.0,5.0,5.0,10.0,20.0,50.0,20.0,25.0,5.0,0.0,10.0,4.0,10.0,0.0,0.0,0.0,0.0,0.0,10.0,0.0,0.0,0.0,20.0,30.0,0.0,0.0,0.0,1.0,1.0,1.0,1.0,1.0,1.0,1.0,1.0,1.0,1.0,1.0,1.0,1.0,1.0,1.0,1.0,1.0,1.0,1.0,1.0,1.0,1.0,1.0,1.0,1.0,1.0,1.0,1.0,1.0,1.0,1.0
2648014,1,01/12/2021,1,30.0,172.7,27.0,21.0,1.0,1,1.0,,0.0,0.0,7.7,4.0,0.0,10.0,5.0,2.0,8.0,6.0,10.0,8.0,0.0,0.0,3.0,2.0,5.0,4.0,5.0,0.0,0.0,3.0,5.0,2.0,8.0,0.0,0.0,30.0,0.0,0.0,25.0,20.0,1.0,1.0,1.0,1.0,1.0,1.0,1.0,1.0,1.0,1.0,1.0,1.0,1.0,1.0,1.0,1.0,1.0,1.0,1.0,1.0,1.0,1.0,1.0,1.0,1.0,1.0,1.0,1.0,1.0,1.0,1.0
2648014,1,01/11/2021,1,94.0,187.6,1.0,16.0,1.0,1,1.0,,0.0,94.0,5.0,1.0,4.0,6.0,0.0,0.0,5.0,3.0,2.0,4.0,5.0,3.0,3.7,1.0,0.0,0.0,19.6,23.0,0.0,0.0,0.0,8.3,0.0,0.0,0.0,0.0,0.0,0.0,0.0,,1.0,1.0,1.0,1.0,1.0,1.0,1.0,1.0,1.0,1.0,1.0,1.0,1.0,1.0,1.0,1.0,1.0,1.0,1.0,1.0,1.0,1.0,1.0,1.0,1.0,1.0,1.0,1.0,1.0,1.0,0.0
2648014,1,01/10/2021,1,40.0,200.0,31.0,20.0,1.0,1,1.0,,0.0,20.0,10.0,2.0,20.0,5.0,0.0,0.0,20.0,10.0,0.0,0.0,1.0,2.0,5.0,10.0,5.0,10.0,20.0,10.0,1.0,2.0,5.0,2.0,0.0,0.0,0.0,0.0,0.0,0.0,0.0,40.0,1.0,1.0,1.0,1.0,1.0,1.0,1.0,1.0,1.0,1.0,1.0,1.0,1.0,1.0,1.0,1.0,1.0,1.0,1.0,1.0,1.0,1.0,1.0,1.0,1.0,1.0,1.0,1.0,1.0,1.0,1.0
2648014,1,01/09/2021,1,25.0,104.7,15.0,17.0,1.0,1,1.0,,0.0,1.7,0.0,2.0,3.0,3.0,2.0,0.0,0.0,0.0,0.0,0.0,0.0,0.0,2.0,25.0,10.0,20.0,15.0,5.0,2.0,1.0,2.0,1.0,0.0,0.0,0.0,0.0,2.0,8.0,0.0,,1.0,1.0,1.0,1.0,1.0,1.0,1.0,1.0,1.0,1.0,1.0,1.0,1.0,1.0,1.0,1.0,1.0,1.0,1.0,1.0,1.0,1.0,1.0,1.0,1.0,1.0,1.0,1.0,1.0,1.0,0.0
2648014,1,01/08/2021,1,15.0,81.0,27.0,13.0,1.0,1,1.0,,0.0,5.0,2.0,0.0,8.0,0.0,0.0,10.0,5.0,0.0,12.0,3.0,5.0,0.0,0.0,0.0,0.0,0.0,0.0,0.0,0.0,0.0,0.0,0.0,0.0,0.0,5.0,15.0,3.0,3.0,5.0,0.0,1.0,1.0,1.0,1.0,1.0,1.0,1.0,1.0,1.0,1.0,1.0,1.0,1.0,1.0,1.0,1.0,1.0,1.0,1.0,1.0,1.0,1.0,1.0,1.0,1.0,1.0,1.0,1.0,1.0,1.0,1.0
2648014,1,01/07/2021,1,10.0,39.0,4.0,5.0,1.0,1,1.0,,0.0,0.0,0.0,0.0,10.0,0.0,0.0,0.0,0.0,5.0,0.0,0.0,0.0,10.0,0.0,0.0,0.0,0.0,5.0,0.0,0.0,0.0,0.0,0.0,0.0,0.0,0.0,9.0,0.0,0.0,0.0,0.0,1.0,1.0,1.0,1.0,1.0,1.0,1.0,1.0,1.0,1.0,1.0,1.0,1.0,1.0,1.0,1.0,1.0,1.0,1.0,1.0,1.0,1.0,1.0,1.0,1.0,1.0,1.0,1.0,1.0,1.0,1.0
2648014,1,01/06/2021,1,15.0,92.0,19.0,11.0,1.0,1,1.0,,0.0,0.0,0.0,0.0,10.0,5.0,0.0,0.0,12.0,5.0,10.0,2.0,0.0,0.0,0.0,0.0,0.0,0.0,10.0,15.0,0.0,0.0,0.0,3.0,0.0,5.0,15.0,0.0,0.0,0.0,0.0,,1.0,1.0,1.0,1.0,1.0,1.0,1.0,1.0,1.0,1.0,1.0,1.0,1.0,1.0,1.0,1.0,1.0,1.0,1.0,1.0,1.0,1.0,1.0,1.0,1.0,1.0,1.0,1.0,1.0,1.0,0.0
2648014,1,01/05/2021,1,10.0,48.1,9.0,11.0,1.0,1,1.0,,0.0,1.0,0.0,0.0,0.0,0.0,5.0,0.0,0.0,10.0,2.0,0.0,8.0,0.0,5.0,3.0,0.0,0.0,0.0,0.0,0.0,0.0,9.6,0.0,0.0,0.0,1.0,0.0,1.5,2.0,0.0,0.0,1.0,1.0,1.0,1.0,1.0,1.0,1.0,1.0,1.0,1.0,1.0,1.0,1.0,1.0,1.0,1.0,1.0,1.0,1.0,1.0,1.0,1.0,1.0,1.0,1.0,1.0,1.0,1.0,1.0,1.0,1.0
2648014,1,01/04/2021,1,10.0,72.2,9.0,18.0,1.0,1,1.0,,0.0,0.0,0.0,0.0,5.0,4.0,0.0,0.0,0.0,10.0,5.0,2.0,4.0,3.0,10.0,2.0,5.0,4.0,2.0,4.0,0.2,9.0,0.0,0.0,0.0,0.0,1.5,0.0,0.5,0.0,1.0,,1.0,1.0,1.0,1.0,1.0,1.0,1.0,1.0,1.0,1.0,1.0,1.0,1.0,1.0,1.0,1.0,1.0,1.0,1.0,1.0,1.0,1.0,1.0,1.0,1.0,1.0,1.0,1.0,1.0,1.0,0.0
2648014,1,01/03/2021,1,40.0,288.8,15.0,25.0,1.0,1,1.0,,0.0,23.5,3.3,4.3,5.0,30.0,10.0,0.0,4.0,0.0,0.0,10.0,5.0,20.0,7.0,40.0,15.0,0.5,35.7,0.9,0.0,4.0,3.8,5.6,7.8,4.9,13.5,0.0,10.0,5.0,20.0,0.0,1.0,1.0,1.0,1.0,1.0,1.0,1.0,1.0,1.0,1.0,1.0,1.0,1.0,1.0,1.0,1.0,1.0,1.0,1.0,1.0,1.0,1.0,1.0,1.0,1.0,1.0,1.0,1.0,1.0,1.0,1.0
2648014,1,01/02/2021,1,68.0,299.0,27.0,20.0,1.0,1,1.0,,0.0,10.0,9.0,0.0,8.0,2.0,0.0,0.0,2.0,3.0,0.0,5.0,15.0,14.0,20.0,23.0,2.0,8.0,0.0,1.0,0.0,0.0,0.0,5.0,5.0,10.0,25.0,68.0,64.0,,,,1.0,1.0,1.0,1.0,1.0,1.0,1.0,1.0,1.0,1.0,1.0,1.0,1.0,1.0,1.0,1.0,1.0,1.0,1.0,1.0,1.0,1.0,1.0,1.0,1.0,1.0,1.0,1.0,0.0,0.0,0.0
2648014,1,01/01/2021,1,100.0,417.6,1.0,27.0,1.0,1,1.0,,0.0,100.0,4.0,1.0,10.0,0.0,10.0,60.0,20.0,0.0,0.0,13.0,10.0,8.0,12.0,0.0,5.0,10.0,20.0,50.0,40.0,13.0,7.0,2.0,1.0,2.0,3.0,4.0,4.6,5.0,1.0,2.0,1.0,1.0,1.0,1.0,1.0,1.0,1.0,1.0,1.0,1.0,1.0,1.0,1.0,1.0,1.0,1.0,1.0,1.0,1.0,1.0,1.0,1.0,1.0,1.0,1.0,1.0,1.0,1.0,1.0,1.0,1.0
2648014,1,01/12/2020,1,50.0,321.7,7.0,24.0,1.0,1,1.0,,0.0,11.0,0.1,17.0,10.0,26.0,40.0,50.0,5.0,3.0,2.0,0.0,0.0,0.0,0.0,34.4,7.0,3.5,5.0,2.0,0.0,15.0,10.0,5.0,0.0,5.0,0.0,5.0,2.0,50.0,7.4,6.3,1.0,1.0,1.0,1.0,1.0,1.0,1.0,1.0,1.0,1.0,1.0,1.0,1.0,1.0,1.0,1.0,1.0,1.0,1.0,1.0,1.0,1.0,1.0,1.0,1.0,1.0,1.0,1.0,1.0,1.0,1.0
2648014,1,01/11/2020,1,27.0,127.7,19.0,15.0,1.0,1,1.0,,0.0,0.0,2.0,0.0,0.0,0.0,0.0,0.0,0.0,0.0,15.0,7.0,0.3,7.7,0.0,0.0,8.7,13.0,15.0,27.0,5.0,0.0,0.0,4.0,0.0,1.0,3.0,9.0,10.0,0.0,0.0,,1.0,1.0,1.0,1.0,1.0,1.0,1.0,1.0,1.0,1.0,1.0,1.0,1.0,1.0,1.0,1.0,1.0,1.0,1.0,1.0,1.0,1.0,1.0,1.0,1.0,1.0,1.0,1.0,1.0,1.0,0.0
2648014,1,01/10/2020,1,25.0,70.0,5.0,6.0,1.0,1,1.0,,0.0,0.0,0.0,0.0,20.0,25.0,0.0,0.0,0.0,0.0,0.0,0.0,0.0,0.0,0.0,1.0,0.0,0.0,0.0,0.0,0.0,0.0,0.0,0.0,0.0,0.0,0.0,2.0,1.0,0.0,21.0,0.0,1.0,1.0,1.0,1.0,1.0,1.0,1.0,1.0,1.0,1.0,1.0,1.0,1.0,1.0,1.0,1.0,1.0,1.0,1.0,1.0,1.0,1.0,1.0,1.0,1.0,1.0,1.0,1.0,1.0,1.0,1.0
2648014,1,01/09/2020,1,20.0,96.4,3.0,10.0,1.0,1,1.0,,0.0,0.0,0.0,20.0,17.4,0.0,0.0,0.0,0.0,0.0,0.0,0.0,5.0,2.0,0.0,0.0,0.0,10.0,5.0,2.0,0.0,10.0,20.0,5.0,0.0,0.0,0.0,0.0,0.0,0.0,0.0,,1.0,1.0,1.0,1.0,1.0,1.0,1.0,1.0,1.0,1.0,1.0,1.0,1.0,1.0,1.0,1.0,1.0,1.0,1.0,1.0,1.0,1.0,1.0,1.0,1.0,1.0,1.0,1.0,1.0,1.0,0.0
2648014,1,01/08/2020,1,15.0,95.0,11.0,13.0,1.0,1,1.0,,0.0,0.0,0.0,0.0,0.0,0.0,5.0,0.0,2.0,10.0,10.0,15.0,7.0,5.0,0.0,0.0,0.0,1.0,9.0,5.0,0.0,0.0,0.0,0.0,0.0,9.0,0.0,0.0,0.0,0.0,5.0,12.0,1.0,1.0,1.0,1.0,1.0,1.0,1.0,1.0,1.0,1.0,1.0,1.0,1.0,1.0,1.0,1.0,1.0,1.0,1.0,1.0,1.0,1.0,1.0,1.0,1.0,1.0,1.0,1.0,1.0,1.0,1.0
2648014,1,01/07/2020,1,22.0,77.6,28.0,7.0,1.0,1,1.0,,0.0,0.0,0.0,0.0,0.0,0.0,14.6,17.0,5.0,8.0,3.0,0.0,0.0,0.0,0.0,0.0,0.0,8.0,0.0,0.0,0.0,0.0,0.0,0.0,0.0,0.0,0.0,0.0,22.0,0.0,0.0,0.0,1.0,1.0,1.0,1.0,1.0,1.0,1.0,1.0,1.0,1.0,1.0,1.0,1.0,1.0,1.0,1.0,1.0,1.0,1.0,1.0,1.0,1.0,1.0,1.0,1.0,1.0,1.0,1.0,1.0,1.0,1.0
2648014,1,01/06/2020,1,30.0,113.0,5.0,11.0,1.0,1,1.0,,0.0,0.0,0.0,0.0,0.0,30.0,0.0,0.0,20.0,10.0,2.0,5.0,5.0,0.0,6.0,4.0,2.0,9.0,0.0,0.0,0.0,0.0,0.0,0.0,0.0,0.0,20.0,0.0,0.0,0.0,0.0,,1.0,1.0,1.0,1.0,1.0,1.0,1.0,1.0,1.0,1.0,1.0,1.0,1.0,1.0,1.0,1.0,1.0,1.0,1.0,1.0,1.0,1.0,1.0,1.0,1.0,1.0,1.0,1.0,1.0,1.0,0.0
2648014,1,01/05/2020,1,20.0,42.0,14.0,8.0,1.0,1,1.0,,0.0,0.0,5.0,2.0,0.0,0.0,0.0,0.0,4.0,2.0,0.0,0.0,2.0,4.0,20.0,3.0,0.0,0.0,0.0,0.0,0.0,0.0,0.0,0.0,0.0,0.0,0.0,0.0,0.0,0.0,0.0,0.0,1.0,1.0,1.0,1.0,1.0,1.0,1.0,1.0,1.0,1.0,1.0,1.0,1.0,1.0,1.0,1.0,1.0,1.0,1.0,1.0,1.0,1.0,1.0,1.0,1.0,1.0,1.0,1.0,1.0,1.0,1.0
2648014,1,01/04/2020,1,15.0,21.0,13.0,2.0,1.0,1,1.0,,0.0,0.0,0.0,0.0,0.0,0.0,0.0,0.0,0.0,0.0,0.0,0.0,0.0,15.0,0.0,0.0,0.0,0.0,0.0,0.0,0.0,0.0,0.0,0.0,0.0,0.0,0.0,6.0,0.0,0.0,0.0,,1.0,1.0,1.0,1.0,1.0,1.0,1.0,1.0,1.0,1.0,1.0,1.0,1.0,1.0,1.0,1.0,1.0,1.0,1.0,1.0,1.0,1.0,1.0,1.0,1.0,1.0,1.0,1.0,1.0,1.0,0.0
2648014,1,01/03/2020,1,20.0,48.6,2.0,7.0,1.0,1,1.0,,0.0,11.6,20.0,2.0,0.0,0.0,5.0,0.0,0.0,0.0,0.0,0.0,0.0,0.0,0.0,0.0,0.0,0.0,0.0,0.0,0.0,0.0,3.0,4.0,0.0,0.0,0.0,3.0,0.0,0.0,0.0,0.0,1.0,1.0,1.0,1.0,1.0,1.0,1.0,1.0,1.0,1.0,1.0,1.0,1.0,1.0,1.0,1.0,1.0,1.0,1.0,1.0,1.0,1.0,1.0,1.0,1.0,1.0,1.0,1.0,1.0,1.0,1.0
2648014,1,01/02/2020,1,94.0,427.4,26.0,19.0,1.0,1,1.0,,0.0,5.0,10.0,15.0,35.0,20.0,20.0,85.0,5.0,10.0,80.0,4.8,1.0,16.8,1.0,0.0,0.0,0.0,0.0,0.0,0.0,1.0,0.8,0.0,0.0,2.0,94.0,21.0,0.0,0.0,,,1.0,1.0,1.0,1.0,1.0,1.0,1.0,1.0,1.0,1.0,1.0,1.0,1.0,1.0,1.0,1.0,1.0,1.0,1.0,1.0,1.0,1.0,1.0,1.0,1.0,1.0,1.0,1.0,1.0,0.0,0.0
2648014,1,01/01/2020,1,164.0,252.0,5.0,17.0,1.0,1,1.0,,0.0,0.0,20.0,1.0,0.0,164.0,0.0,0.0,0.0,2.0,0.0,3.0,1.0,2.0,1.0,0.0,0.0,1.0,2.0,0.0,5.0,3.0,0.0,2.0,7.0,0.0,0.0,0.0,0.0,4.0,14.0,20.0,1.0,1.0,1.0,1.0,1.0,1.0,1.0,1.0,1.0,1.0,1.0,1.0,1.0,1.0,1.0,1.0,1.0,1.0,1.0,1.0,1.0,1.0,1.0,1.0,1.0,1.0,1.0,1.0,1.0,1.0,1.0
2648014,1,01/12/2019,1,25.0,115.0,10.0,9.0,1.0,1,1.0,,0.0,0.0,10.0,5.0,0.0,20.0,15.0,0.0,0.0,0.0,25.0,5.0,0.0,0.0,0.0,20.0,10.0,0.0,0.0,5.0,0.0,0.0,0.0,0.0,0.0,0.0,0.0,0.0,0.0,0.0,0.0,0.0,1.0,1.0,1.0,1.0,1.0,1.0,1.0,1.0,1.0,1.0,1.0,1.0,1.0,1.0,1.0,1.0,1.0,1.0,1.0,1.0,1.0,1.0,1.0,1.0,1.0,1.0,1.0,1.0,1.0,1.0,1.0
2648014,1,01/11/2019,1,60.0,238.5,11.0,17.0,1.0,1,1.0,,0.0,0.0,0.0,5.0,15.0,5.0,5.0,10.0,0.0,20.0,10.0,60.0,26.0,10.0,3.0,0.0,0.0,7.5,0.0,0.0,0.0,0.0,10.0,2.0,0.0,0.0,20.0,25.0,5.0,0.0,0.0,,1.0,1.0,1.0,1.0,1.0,1.0,1.0,1.0,1.0,1.0,1.0,1.0,1.0,1.0,1.0,1.0,1.0,1.0,1.0,1.0,1.0,1.0,1.0,1.0,1.0,1.0,1.0,1.0,1.0,1.0,0.0
2648014,1,01/10/2019,1,30.0,125.0,11.0,9.0,1.0,1,1.0,,0.0,0.0,0.0,0.0,0.0,20.0,10.0,0.0,0.0,0.0,0.0,30.0,5.0,0.0,0.0,20.0,0.0,15.0,10.0,5.0,0.0,0.0,0.0,0.0,0.0,0.0,0.0,0.0,10.0,0.0,0.0,0.0,1.0,1.0,1.0,1.0,1.0,1.0,1.0,1.0,1.0,1.0,1.0,1.0,1.0,1.0,1.0,1.0,1.0,1.0,1.0,1.0,1.0,1.0,1.0,1.0,1.0,1.0,1.0,1.0,1.0,1.0,1.0
2648014,1,01/09/2019,1,60.0,183.6,20.0,8.0,1.0,1,1.0,,0.0,2.0,51.0,0.0,0.0,0.0,0.0,0.0,0.0,0.0,0.0,0.0,7.0,10.0,0.0,0.0,0.0,6.6,0.0,30.0,60.0,17.0,0.0,0.0,0.0,0.0,0.0,0.0,0.0,0.0,0.0,,1.0,1.0,1.0,1.0,1.0,1.0,1.0,1.0,1.0,1.0,1.0,1.0,1.0,1.0,1.0,1.0,1.0,1.0,1.0,1.0,1.0,1.0,1.0,1.0,1.0,1.0,1.0,1.0,1.0,1.0,0.0
2648014,1,01/08/2019,1,7.0,34.0,12.0,9.0,1.0,1,1.0,,0.0,0.0,0.0,4.5,0.0,0.0,0.0,0.0,0.0,2.0,2.0,0.0,7.0,0.0,4.0,5.0,0.0,0.0,0.0,5.0,2.0,0.0,0.0,0.0,0.0,0.0,0.0,2.5,0.0,0.0,0.0,0.0,1.0,1.0,1.0,1.0,1.0,1.0,1.0,1.0,1.0,1.0,1.0,1.0,1.0,1.0,1.0,1.0,1.0,1.0,1.0,1.0,1.0,1.0,1.0,1.0,1.0,1.0,1.0,1.0,1.0,1.0,1.0
2648014,1,01/07/2019,1,10.0,20.0,25.0,3.0,1.0,1,1.0,,0.0,0.0,0.0,0.0,0.0,0.0,0.0,0.0,0.0,0.0,0.0,0.0,0.0,0.0,0.0,0.0,0.0,0.0,0.0,0.0,0.0,0.0,0.0,0.0,5.0,10.0,5.0,0.0,0.0,0.0,0.0,0.0,1.0,1.0,1.0,1.0,1.0,1.0,1.0,1.0,1.0,1.0,1.0,1.0,1.0,1.0,1.0,1.0,1.0,1.0,1.0,1.0,1.0,1.0,1.0,1.0,1.0,1.0,1.0,1.0,1.0,1.0,1.0
2648014,1,01/06/2019,1,40.0,78.0,1.0,3.0,1.0,1,1.0,,0.0,40.0,0.0,0.0,0.0,23.0,15.0,0.0,0.0,0.0,0.0,0.0,0.0,0.0,0.0,0.0,0.0,0.0,0.0,0.0,0.0,0.0,0.0,0.0,0.0,0.0,0.0,0.0,0.0,0.0,0.0,,1.0,1.0,1.0,1.0,1.0,1.0,1.0,1.0,1.0,1.0,1.0,1.0,1.0,1.0,1.0,1.0,1.0,1.0,1.0,1.0,1.0,1.0,1.0,1.0,1.0,1.0,1.0,1.0,1.0,1.0,0.0
2648014,1,01/05/2019,1,65.0,353.0,31.0,17.0,1.0,1,1.0,,0.0,0.0,0.0,0.0,0.0,0.0,5.0,2.0,3.0,5.0,10.0,0.0,0.0,0.0,5.0,20.0,10.0,20.0,0.0,0.0,5.0,0.0,0.0,60.0,38.0,0.0,0.0,38.0,2.0,5.0,60.0,65.0,1.0,1.0,1.0,1.0,1.0,1.0,1.0,1.0,1.0,1.0,1.0,1.0,1.0,1.0,1.0,1.0,1.0,1.0,1.0,1.0,1.0,1.0,1.0,1.0,1.0,1.0,1.0,1.0,1.0,1.0,1.0
2648014,1,01/04/2019,1,40.0,150.0,12.0,10.0,1.0,1,1.0,,0.0,0.0,0.0,0.0,0.0,0.0,0.0,0.0,0.0,0.0,0.0,3.0,40.0,15.0,10.0,0.0,0.0,0.0,0.0,0.0,0.0,0.0,10.0,12.0,20.0,30.0,5.0,5.0,0.0,0.0,0.0,,1.0,1.0,1.0,1.0,1.0,1.0,1.0,1.0,1.0,1.0,1.0,1.0,1.0,1.0,1.0,1.0,1.0,1.0,1.0,1.0,1.0,1.0,1.0,1.0,1.0,1.0,1.0,1.0,1.0,1.0,0.0
2648014,1,01/03/2019,1,197.0,307.9,15.0,10.0,1.0,1,1.0,,0.0,1.0,0.0,0.0,0.0,0.0,0.0,6.9,0.0,0.0,0.0,0.0,2.0,10.0,80.0,197.0,5.0,0.0,0.0,0.0,2.0,3.0,1.0,0.0,0.0,0.0,0.0,0.0,0.0,0.0,0.0,0.0,1.0,1.0,1.0,1.0,1.0,1.0,1.0,1.0,1.0,1.0,1.0,1.0,1.0,1.0,1.0,1.0,1.0,1.0,1.0,1.0,1.0,1.0,1.0,1.0,1.0,1.0,1.0,1.0,1.0,1.0,1.0
2648014,1,01/02/2019,1,120.0,334.8,18.0,16.0,1.0,1,1.0,,0.0,0.0,0.0,0.0,1.5,3.0,0.0,0.0,0.0,0.0,1.0,10.0,2.0,2.0,0.0,5.0,15.0,60.0,120.0,0.0,0.0,32.0,50.0,4.0,0.0,3.0,0.0,1.3,25.0,,,,1.0,1.0,1.0,1.0,1.0,1.0,1.0,1.0,1.0,1.0,1.0,1.0,1.0,1.0,1.0,1.0,1.0,1.0,1.0,1.0,1.0,1.0,1.0,1.0,1.0,1.0,1.0,1.0,0.0,0.0,0.0
2648014,1,01/01/2019,1,50.0,237.5,10.0,21.0,1.0,1,1.0,,0.0,0.0,5.0,10.0,2.0,0.0,8.0,3.0,2.0,1.0,50.0,8.5,1.0,2.0,0.0,0.0,10.0,12.0,0.0,0.0,18.0,8.0,15.0,12.0,20.0,10.0,0.0,20.0,0.0,0.0,20.0,0.0,1.0,1.0,1.0,1.0,1.0,1.0,1.0,1.0,1.0,1.0,1.0,1.0,1.0,1.0,1.0,1.0,1.0,1.0,1.0,1.0,1.0,1.0,1.0,1.0,1.0,1.0,1.0,1.0,1.0,1.0,1.0
2648014,1,01/12/2018,1,60.0,179.0,22.0,21.0,1.0,1,1.0,,0.0,0.0,7.0,4.0,3.0,5.0,2.0,10.0,3.0,5.0,2.0,12.0,5.0,0.0,0.0,0.0,8.0,3.0,10.0,5.0,4.0,5.0,60.0,5.0,1.0,20.0,0.0,0.0,0.0,0.0,0.0,0.0,1.0,1.0,1.0,1.0,1.0,1.0,1.0,1.0,1.0,1.0,1.0,1.0,1.0,1.0,1.0,1.0,1.0,1.0,1.0,1.0,1.0,1.0,1.0,1.0,1.0,1.0,1.0,1.0,1.0,1.0,1.0
2648014,1,01/11/2018,1,20.0,82.9,1.0,12.0,1.0,1,1.0,,0.0,20.0,5.0,5.0,0.0,20.0,2.0,0.0,10.0,0.0,0.0,0.0,0.0,0.0,0.0,0.0,0.0,0.0,2.0,1.0,0.0,11.0,0.0,0.0,0.0,0.0,1.0,2.0,0.0,0.0,3.9,,1.0,1.0,1.0,1.0,1.0,1.0,1.0,1.0,1.0,1.0,1.0,1.0,1.0,1.0,1.0,1.0,1.0,1.0,1.0,1.0,1.0,1.0,1.0,1.0,1.0,1.0,1.0,1.0,1.0,1.0,0.0
2648014,1,01/10/2018,1,45.0,287.2,15.0,22.0,1.0,1,1.0,,0.0,0.0,0.0,2.0,40.0,10.0,3.0,12.0,10.0,8.0,10.0,15.0,2.0,1.0,7.0,45.0,3.0,3.2,0.0,0.0,0.0,0.0,0.0,20.0,30.0,34.0,20.0,5.0,0.0,0.0,5.0,2.0,1.0,1.0,1.0,1.0,1.0,1.0,1.0,1.0,1.0,1.0,1.0,1.0,1.0,1.0,1.0,1.0,1.0,1.0,1.0,1.0,1.0,1.0,1.0,1.0,1.0,1.0,1.0,1.0,1.0,1.0,1.0
2648014,1,01/09/2018,1,71.0,115.4,3.0,13.0,1.0,1,1.0,,0.0,0.0,3.0,71.0,5.6,0.0,0.0,0.0,0.0,0.0,2.0,5.0,6.0,8.0,6.8,0.0,0.0,0.0,0.0,0.0,0.0,0.0,0.0,0.0,2.0,2.0,1.0,1.0,2.0,0.0,0.0,,1.0,1.0,1.0,1.0,1.0,1.0,1.0,1.0,1.0,1.0,1.0,1.0,1.0,1.0,1.0,1.0,1.0,1.0,1.0,1.0,1.0,1.0,1.0,1.0,1.0,1.0,1.0,1.0,1.0,1.0,0.0
2648014,1,01/08/2018,1,18.8,44.0,26.0,6.0,1.0,1,1.0,,0.0,0.0,10.0,13.0,0.0,0.0,0.0,0.0,0.0,0.0,0.0,0.0,0.3,0.0,0.0,0.0,0.0,0.0,0.0,0.0,0.1,1.8,0.0,0.0,0.0,0.0,18.8,0.0,0.0,0.0,0.0,0.0,1.0,1.0,1.0,1.0,1.0,1.0,1.0,1.0,1.0,1.0,1.0,1.0,1.0,1.0,1.0,1.0,1.0,1.0,1.0,1.0,1.0,1.0,1.0,1.0,1.0,1.0,1.0,1.0,1.0,1.0,1.0
2648014,1,01/07/2018,1,10.0,40.4,24.0,12.0,1.0,1,1.0,,0.0,0.0,0.0,2.0,1.0,1.4,0.0,0.0,0.0,0.0,0.0,0.0,0.0,0.0,0.0,5.0,2.0,0.0,0.0,0.0,0.0,0.0,1.0,2.0,10.0,2.0,0.0,0.0,5.0,0.0,8.0,1.0,1.0,1.0,1.0,1.0,1.0,1.0,1.0,1.0,1.0,1.0,1.0,1.0,1.0,1.0,1.0,1.0,1.0,1.0,1.0,1.0,1.0,1.0,1.0,1.0,1.0,1.0,1.0,1.0,1.0,1.0,1.0
2648014,1,01/06/2018,1,20.0,33.0,18.0,8.0,1.0,1,1.0,,0.0,0.0,0.0,0.0,0.0,0.0,0.0,2.0,1.0,0.0,0.0,0.0,1.0,0.0,0.0,0.0,1.0,2.0,20.0,4.0,0.0,0.0,0.0,0.0,0.0,2.0,0.0,0.0,0.0,0.0,0.0,,1.0,1.0,1.0,1.0,1.0,1.0,1.0,1.0,1.0,1.0,1.0,1.0,1.0,1.0,1.0,1.0,1.0,1.0,1.0,1.0,1.0,1.0,1.0,1.0,1.0,1.0,1.0,1.0,1.0,1.0,0.0
2648014,1,01/05/2018,1,105.0,170.0,4.0,3.0,1.0,1,1.0,,0.0,0.0,0.0,0.0,105.0,0.0,0.0,30.0,35.0,0.0,0.0,0.0,0.0,0.0,0.0,0.0,0.0,0.0,0.0,0.0,0.0,0.0,0.0,0.0,0.0,0.0,0.0,0.0,0.0,0.0,0.0,0.0,1.0,1.0,1.0,1.0,1.0,1.0,1.0,1.0,1.0,1.0,1.0,1.0,1.0,1.0,1.0,1.0,1.0,1.0,1.0,1.0,1.0,1.0,1.0,1.0,1.0,1.0,1.0,1.0,1.0,1.0,1.0
2648014,1,01/04/2018,1,100.0,127.3,5.0,4.0,1.0,1,1.0,,0.0,0.0,0.0,0.0,0.3,100.0,0.0,0.0,0.0,0.0,0.0,0.0,0.0,0.0,0.0,0.0,17.0,10.0,0.0,0.0,0.0,0.0,0.0,0.0,0.0,0.0,0.0,0.0,0.0,0.0,0.0,,1.0,1.0,1.0,1.0,1.0,1.0,1.0,1.0,1.0,1.0,1.0,1.0,1.0,1.0,1.0,1.0,1.0,1.0,1.0,1.0,1.0,1.0,1.0,1.0,1.0,1.0,1.0,1.0,1.0,1.0,0.0
2648014,1,01/03/2018,1,20.0,81.3,5.0,13.0,1.0,1,1.0,,0.0,4.7,0.0,10.0,15.0,20.0,8.3,8.0,6.0,0.0,0.0,0.0,0.0,0.0,0.0,0.0,0.0,0.0,1.0,3.9,0.0,0.0,0.0,0.0,0.0,0.4,1.0,1.0,2.0,0.0,0.0,0.0,1.0,1.0,1.0,1.0,1.0,1.0,1.0,1.0,1.0,1.0,1.0,1.0,1.0,1.0,1.0,1.0,1.0,1.0,1.0,1.0,1.0,1.0,1.0,1.0,1.0,1.0,1.0,1.0,1.0,1.0,1.0
2648014,1,01/02/2018,1,39.0,152.0,22.0,19.0,1.0,1,1.0,,0.0,1.0,2.6,0.0,0.0,0.1,0.0,0.0,0.0,5.0,8.0,10.0,20.0,14.5,1.0,1.0,0.0,3.0,2.0,2.0,0.0,32.5,39.0,2.0,0.0,3.0,1.0,0.0,4.3,,,,1.0,1.0,1.0,1.0,1.0,1.0,1.0,1.0,1.0,1.0,1.0,1.0,1.0,1.0,1.0,1.0,1.0,1.0,1.0,1.0,1.0,1.0,1.0,1.0,1.0,1.0,1.0,1.0,0.0,0.0,0.0
2648014,1,01/01/2018,1,76.0,371.3,18.0,26.0,1.0,1,1.0,,0.0,0.0,3.0,2.0,2.0,0.0,0.0,1.0,0.7,0.0,10.0,21.0,40.0,7.9,20.0,50.0,22.5,30.0,76.0,7.5,5.7,6.0,8.0,4.0,10.0,15.0,4.0,3.0,9.0,12.0,1.0,0.0,1.0,1.0,1.0,1.0,1.0,1.0,1.0,1.0,1.0,1.0,1.0,1.0,1.0,1.0,1.0,1.0,1.0,1.0,1.0,1.0,1.0,1.0,1.0,1.0,1.0,1.0,1.0,1.0,1.0,1.0,1.0
2648014,1,01/12/2017,1,140.0,248.0,25.0,9.0,1.0,1,1.0,,0.0,0.0,0.0,0.0,0.0,0.0,0.0,0.0,0.0,0.0,0.0,0.0,0.0,0.0,0.0,0.0,0.0,0.0,68.0,6.0,0.0,0.0,0.0,0.0,20.0,140.0,1.0,0.0,8.0,2.0,1.0,2.0,1.0,1.0,1.0,1.0,1.0,1.0,1.0,1.0,1.0,1.0,1.0,1.0,1.0,1.0,1.0,1.0,1.0,1.0,1.0,1.0,1.0,1.0,1.0,1.0,1.0,1.0,1.0,1.0,1.0,1.0,1.0
2648014,1,01/11/2017,1,30.0,140.9,19.0,12.0,1.0,1,1.0,,0.0,0.0,0.0,0.0,22.0,0.0,0.0,5.9,4.0,4.4,20.0,20.0,0.0,0.0,0.0,0.0,0.0,23.5,2.7,30.0,0.0,4.0,3.0,1.4,0.0,0.0,0.0,0.0,0.0,0.0,0.0,,1.0,1.0,1.0,1.0,1.0,1.0,1.0,1.0,1.0,1.0,1.0,1.0,1.0,1.0,1.0,1.0,1.0,1.0,1.0,1.0,1.0,1.0,1.0,1.0,1.0,1.0,1.0,1.0,1.0,1.0,0.0
2648014,1,01/10/2017,1,100.0,146.9,6.0,9.0,1.0,1,1.0,,0.0,0.0,0.0,0.0,0.0,0.0,100.0,6.0,0.0,2.0,1.0,0.0,0.0,0.0,14.4,0.0,0.0,0.0,18.5,0.0,0.0,0.0,0.0,0.0,1.0,2.0,0.0,0.0,2.0,0.0,0.0,0.0,1.0,1.0,1.0,1.0,1.0,1.0,1.0,1.0,1.0,1.0,1.0,1.0,1.0,1.0,1.0,1.0,1.0,1.0,1.0,1.0,1.0,1.0,1.0,1.0,1.0,1.0,1.0,1.0,1.0,1.0,1.0
2648014,1,01/09/2017,1,163.0,169.5,30.0,6.0,1.0,1,1.0,,0.0,0.0,0.0,0.0,0.0,0.0,0.0,0.0,0.0,0.0,0.0,0.0,0.0,0.0,0.0,0.0,0.0,0.0,0.0,0.0,1.0,0.0,0.5,1.0,1.0,3.0,0.0,0.0,0.0,0.0,163.0,,1.0,1.0,1.0,1.0,1.0,1.0,1.0,1.0,1.0,1.0,1.0,1.0,1.0,1.0,1.0,1.0,1.0,1.0,1.0,1.0,1.0,1.0,1.0,1.0,1.0,1.0,1.0,1.0,1.0,1.0,0.0
2648014,1,01/08/2017,1,40.0,64.5,21.0,6.0,1.0,1,1.0,,0.0,0.0,0.0,0.0,0.0,0.0,0.0,0.0,0.0,0.0,8.0,0.0,0.0,13.0,0.7,0.0,0.0,0.0,2.7,0.0,0.0,40.0,0.0,0.0,0.0,0.0,0.0,0.0,0.0,0.0,0.0,0.1,1.0,1.0,1.0,1.0,1.0,1.0,1.0,1.0,1.0,1.0,1.0,1.0,1.0,1.0,1.0,1.0,1.0,1.0,1.0,1.0,1.0,1.0,1.0,1.0,1.0,1.0,1.0,1.0,1.0,1.0,1.0
2648014,1,01/07/2017,1,3.0,18.4,4.0,10.0,1.0,1,1.0,,0.0,0.0,0.0,0.0,3.0,0.0,0.0,0.0,0.0,1.0,0.0,2.4,1.0,0.0,1.0,1.0,2.0,3.0,2.0,2.0,0.0,0.0,0.0,0.0,0.0,0.0,0.0,0.0,0.0,0.0,0.0,0.0,1.0,1.0,1.0,1.0,1.0,1.0,1.0,1.0,1.0,1.0,1.0,1.0,1.0,1.0,1.0,1.0,1.0,1.0,1.0,1.0,1.0,1.0,1.0,1.0,1.0,1.0,1.0,1.0,1.0,1.0,1.0
2648014,1,01/06/2017,1,29.0,74.0,5.0,14.0,1.0,1,1.0,,0.0,2.0,0.0,5.0,0.0,29.0,10.0,10.0,6.0,1.0,0.0,0.0,0.0,2.0,1.0,2.0,2.0,3.0,0.0,0.0,0.0,0.0,0.0,0.0,0.0,0.0,0.0,0.0,0.0,0.5,0.5,,1.0,1.0,1.0,1.0,1.0,1.0,1.0,1.0,1.0,1.0,1.0,1.0,1.0,1.0,1.0,1.0,1.0,1.0,1.0,1.0,1.0,1.0,1.0,1.0,1.0,1.0,1.0,1.0,1.0,1.0,0.0
2648014,1,01/05/2017,1,100.0,364.9,20.0,15.0,1.0,1,1.0,,0.0,0.0,0.0,1.0,0.3,1.0,1.0,0.0,2.0,0.0,0.0,2.0,1.6,0.0,0.0,0.0,0.0,0.0,0.0,80.0,100.0,0.0,0.0,0.0,0.0,0.0,15.0,10.0,5.0,50.0,31.0,65.0,1.0,1.0,1.0,1.0,1.0,1.0,1.0,1.0,1.0,1.0,1.0,1.0,1.0,1.0,1.0,1.0,1.0,1.0,1.0,1.0,1.0,1.0,1.0,1.0,1.0,1.0,1.0,1.0,1.0,1.0,1.0
2648014,1,01/04/2017,1,40.0,150.7,9.0,18.0,1.0,1,1.0,,0.0,7.0,3.0,4.0,0.0,5.0,2.7,0.0,10.0,40.0,30.0,2.0,1.0,0.0,0.0,0.0,5.0,6.0,3.0,2.9,6.1,0.0,0.0,0.0,4.0,3.0,16.0,0.0,0.0,0.0,0.0,,1.0,1.0,1.0,1.0,1.0,1.0,1.0,1.0,1.0,1.0,1.0,1.0,1.0,1.0,1.0,1.0,1.0,1.0,1.0,1.0,1.0,1.0,1.0,1.0,1.0,1.0,1.0,1.0,1.0,1.0,0.0
2648014,1,01/03/2017,1,76.0,282.1,6.0,21.0,1.0,1,1.0,,0.0,7.0,0.0,0.0,0.0,3.0,76.0,0.2,2.0,2.5,0.0,0.0,0.0,9.9,0.0,0.7,10.0,10.0,4.0,5.9,15.0,20.0,9.0,10.0,0.0,0.0,0.0,17.6,50.0,17.0,5.7,6.6,1.0,1.0,1.0,1.0,1.0,1.0,1.0,1.0,1.0,1.0,1.0,1.0,1.0,1.0,1.0,1.0,1.0,1.0,1.0,1.0,1.0,1.0,1.0,1.0,1.0,1.0,1.0,1.0,1.0,1.0,1.0
2648014,1,01/02/2017,1,96.0,271.1,24.0,13.0,1.0,1,1.0,,0.0,41.7,14.0,38.5,0.0,0.0,0.0,0.0,4.7,20.0,10.0,40.0,0.0,0.0,1.7,0.3,0.0,0.0,0.0,0.0,0.0,0.0,0.0,0.0,96.0,1.2,0.0,1.0,2.0,,,,1.0,1.0,1.0,1.0,1.0,1.0,1.0,1.0,1.0,1.0,1.0,1.0,1.0,1.0,1.0,1.0,1.0,1.0,1.0,1.0,1.0,1.0,1.0,1.0,1.0,1.0,1.0,1.0,0.0,0.0,0.0
2648014,1,01/01/2017,1,130.0,412.1,31.0,17.0,1.0,1,1.0,,0.0,4.0,14.0,0.0,7.0,10.0,6.3,5.0,0.0,0.0,5.0,0.0,2.1,0.0,0.0,0.0,0.0,0.0,0.0,109.0,0.0,0.0,0.0,0.0,3.0,5.0,12.0,52.0,37.0,3.0,7.7,130.0,1.0,1.0,1.0,1.0,1.0,1.0,1.0,1.0,1.0,1.0,1.0,1.0,1.0,1.0,1.0,1.0,1.0,1.0,1.0,1.0,1.0,1.0,1.0,1.0,1.0,1.0,1.0,1.0,1.0,1.0,1.0
2648014,1,01/12/2016,1,21.7,143.8,22.0,16.0,1.0,1,1.0,,0.0,0.0,0.9,0.0,0.0,5.0,5.0,4.0,5.0,10.0,5.0,7.7,1.0,0.0,0.0,0.0,0.0,0.0,0.0,20.0,10.0,20.0,21.7,0.0,5.7,0.0,0.0,19.5,0.0,0.0,3.3,0.0,1.0,1.0,1.0,1.0,1.0,1.0,1.0,1.0,1.0,1.0,1.0,1.0,1.0,1.0,1.0,1.0,1.0,1.0,1.0,1.0,1.0,1.0,1.0,1.0,1.0,1.0,1.0,1.0,1.0,1.0,1.0
2648014,1,01/11/2016,1,28.0,92.6,17.0,11.0,1.0,1,1.0,,0.0,0.0,0.0,0.0,0.0,0.0,0.5,1.0,0.0,2.0,0.0,1.0,0.0,0.0,0.0,5.0,7.0,28.0,0.0,0.0,0.0,6.3,5.7,0.0,0.0,0.0,0.0,0.0,0.0,28.0,8.1,,1.0,1.0,1.0,1.0,1.0,1.0,1.0,1.0,1.0,1.0,1.0,1.0,1.0,1.0,1.0,1.0,1.0,1.0,1.0,1.0,1.0,1.0,1.0,1.0,1.0,1.0,1.0,1.0,1.0,1.0,0.0
2648014,1,01/10/2016,1,39.0,231.5,6.0,19.0,1.0,1,1.0,,0.0,0.0,0.0,3.3,1.7,9.7,39.0,13.0,0.0,0.0,0.0,0.3,5.1,29.0,13.2,0.2,0.0,8.0,0.0,7.0,32.0,2.0,0.0,5.0,10.0,15.0,30.0,8.0,0.0,0.0,0.0,0.0,1.0,1.0,1.0,1.0,1.0,1.0,1.0,1.0,1.0,1.0,1.0,1.0,1.0,1.0,1.0,1.0,1.0,1.0,1.0,1.0,1.0,1.0,1.0,1.0,1.0,1.0,1.0,1.0,1.0,1.0,1.0
2648014,1,01/09/2016,1,10.0,25.7,8.0,7.0,1.0,1,1.0,,0.0,0.0,0.0,5.0,0.0,0.0,5.0,0.0,10.0,0.0,0.0,0.0,0.0,0.0,2.5,0.0,0.0,0.0,0.0,0.0,0.0,0.0,0.3,1.0,0.0,0.0,1.9,0.0,0.0,0.0,0.0,,1.0,1.0,1.0,1.0,1.0,1.0,1.0,1.0,1.0,1.0,1.0,1.0,1.0,1.0,1.0,1.0,1.0,1.0,1.0,1.0,1.0,1.0,1.0,1.0,1.0,1.0,1.0,1.0,1.0,1.0,0.0
2648014,1,01/08/2016,1,70.0,159.0,19.0,10.0,1.0,1,1.0,,0.0,0.0,0.0,0.0,20.0,0.0,0.0,0.0,4.0,2.6,0.0,0.0,10.0,10.0,10.0,0.0,0.0,0.0,20.0,70.0,10.0,0.0,0.0,0.0,0.0,0.0,0.0,0.0,0.0,2.4,0.0,0.0,1.0,1.0,1.0,1.0,1.0,1.0,1.0,1.0,1.0,1.0,1.0,1.0,1.0,1.0,1.0,1.0,1.0,1.0,1.0,1.0,1.0,1.0,1.0,1.0,1.0,1.0,1.0,1.0,1.0,1.0,1.0
2648014,1,01/07/2016,1,30.0,48.5,16.0,6.0,1.0,1,1.0,,0.0,0.0,0.0,0.0,0.0,0.0,0.0,0.0,0.0,0.0,0.0,0.0,0.0,7.0,5.5,5.0,30.0,0.0,0.0,0.0,0.0,0.0,0.0,0.0,0.0,0.2,0.0,0.0,0.0,0.8,0.0,0.0,1.0,1.0,1.0,1.0,1.0,1.0,1.0,1.0,1.0,1.0,1.0,1.0,1.0,1.0,1.0,1.0,1.0,1.0,1.0,1.0,1.0,1.0,1.0,1.0,1.0,1.0,1.0,1.0,1.0,1.0,1.0
2648014,1,01/06/2016,1,20.0,70.0,22.0,8.0,1.0,1,1.0,,0.0,0.0,0.0,0.0,0.0,3.0,4.0,6.0,0.0,0.0,0.0,0.0,0.0,7.0,0.0,0.0,5.0,6.0,0.0,0.0,0.0,19.0,20.0,0.0,0.0,0.0,0.0,0.0,0.0,0.0,0.0,,1.0,1.0,1.0,1.0,1.0,1.0,1.0,1.0,1.0,1.0,1.0,1.0,1.0,1.0,1.0,1.0,1.0,1.0,1.0,1.0,1.0,1.0,1.0,1.0,1.0,1.0,1.0,1.0,1.0,1.0,0.0
2648014,1,01/05/2016,1,25.0,143.2,24.0,16.0,1.0,1,1.0,,0.0,0.0,0.0,0.0,0.0,0.0,0.0,0.0,0.0,0.4,0.8,8.7,0.0,0.0,0.0,0.0,20.0,10.0,5.0,15.0,2.0,15.0,0.0,10.0,25.0,0.0,0.0,5.0,10.0,10.0,6.0,0.3,1.0,1.0,1.0,1.0,1.0,1.0,1.0,1.0,1.0,1.0,1.0,1.0,1.0,1.0,1.0,1.0,1.0,1.0,1.0,1.0,1.0,1.0,1.0,1.0,1.0,1.0,1.0,1.0,1.0,1.0,1.0
2648014,1,01/04/2016,1,84.8,172.6,13.0,9.0,1.0,1,1.0,,0.0,0.0,0.0,0.0,0.0,0.0,0.0,0.0,0.0,5.0,10.0,15.0,23.0,84.8,1.8,0.0,0.0,0.0,0.0,0.0,0.0,0.0,0.0,0.0,0.0,0.0,15.0,10.0,8.0,0.0,0.0,,1.0,1.0,1.0,1.0,1.0,1.0,1.0,1.0,1.0,1.0,1.0,1.0,1.0,1.0,1.0,1.0,1.0,1.0,1.0,1.0,1.0,1.0,1.0,1.0,1.0,1.0,1.0,1.0,1.0,1.0,0.0
2648014,1,01/03/2016,1,30.0,128.3,3.0,11.0,1.0,1,1.0,,0.0,10.0,0.0,30.0,2.0,0.0,0.0,30.0,0.0,0.0,6.3,0.0,0.0,0.0,0.0,4.0,5.0,0.0,0.0,0.0,0.0,2.0,5.0,0.0,14.0,20.0,0.0,0.0,0.0,0.0,0.0,0.0,1.0,1.0,1.0,1.0,1.0,1.0,1.0,1.0,1.0,1.0,1.0,1.0,1.0,1.0,1.0,1.0,1.0,1.0,1.0,1.0,1.0,1.0,1.0,1.0,1.0,1.0,1.0,1.0,1.0,1.0,1.0
2648014,1,01/02/2016,1,70.0,248.6,26.0,17.0,1.0,1,1.0,,0.0,1.9,27.0,18.5,15.0,20.0,5.0,0.0,0.0,0.0,0.0,5.0,0.0,0.0,0.0,0.0,0.0,4.0,0.2,0.0,0.0,10.0,15.0,20.0,10.0,0.0,70.0,5.0,5.0,17.0,,,1.0,1.0,1.0,1.0,1.0,1.0,1.0,1.0,1.0,1.0,1.0,1.0,1.0,1.0,1.0,1.0,1.0,1.0,1.0,1.0,1.0,1.0,1.0,1.0,1.0,1.0,1.0,1.0,1.0,0.0,0.0
2648014,1,01/01/2016,1,29.0,142.6,29.0,14.0,1.0,1,1.0,,0.0,5.0,10.0,0.0,5.0,3.0,0.0,25.0,20.0,5.0,5.0,10.0,16.9,0.0,0.0,0.0,0.0,0.0,0.0,0.0,0.0,0.0,4.3,0.0,0.0,0.0,0.0,2.4,2.0,29.0,0.0,0.0,1.0,1.0,1.0,1.0,1.0,1.0,1.0,1.0,1.0,1.0,1.0,1.0,1.0,1.0,1.0,1.0,1.0,1.0,1.0,1.0,1.0,1.0,1.0,1.0,1.0,1.0,1.0,1.0,1.0,1.0,1.0
2648014,1,01/12/2015,1,80.0,347.1,28.0,21.0,1.0,1,1.0,,0.0,5.0,2.0,15.0,15.0,5.0,0.0,11.0,4.9,2.0,7.2,0.0,0.0,7.0,20.0,10.0,3.0,0.0,30.0,10.0,0.0,25.0,20.0,10.0,0.0,25.0,0.0,0.0,80.0,40.0,0.0,0.0,1.0,1.0,1.0,1.0,1.0,1.0,1.0,1.0,1.0,1.0,1.0,1.0,1.0,1.0,1.0,1.0,1.0,1.0,1.0,1.0,1.0,1.0,1.0,1.0,1.0,1.0,1.0,1.0,1.0,1.0,1.0
2648014,1,01/11/2015,1,35.0,288.0,4.0,24.0,1.0,1,1.0,,0.0,10.0,10.0,10.0,35.0,30.0,20.0,10.0,10.0,5.0,0.0,0.0,5.0,0.0,5.0,0.0,1.0,2.0,0.0,20.0,30.0,20.0,5.0,0.0,3.0,2.0,10.0,20.0,15.0,2.0,8.0,,1.0,1.0,1.0,1.0,1.0,1.0,1.0,1.0,1.0,1.0,1.0,1.0,1.0,1.0,1.0,1.0,1.0,1.0,1.0,1.0,1.0,1.0,1.0,1.0,1.0,1.0,1.0,1.0,1.0,1.0,0.0
2648014,1,01/10/2015,1,114.0,359.5,22.0,24.0,1.0,1,1.0,,0.0,0.0,0.0,20.0,0.0,0.0,0.0,0.3,20.0,20.0,20.0,10.0,13.3,7.0,10.0,12.0,5.0,10.0,3.0,2.0,1.0,6.4,114.0,5.0,0.0,0.0,5.0,7.0,10.0,8.5,20.0,30.0,1.0,1.0,1.0,1.0,1.0,1.0,1.0,1.0,1.0,1.0,1.0,1.0,1.0,1.0,1.0,1.0,1.0,1.0,1.0,1.0,1.0,1.0,1.0,1.0,1.0,1.0,1.0,1.0,1.0,1.0,1.0
2648014,1,01/09/2015,1,30.0,235.3,7.0,19.0,1.0,1,1.0,,0.0,10.0,5.0,0.0,10.0,0.0,10.0,30.0,10.0,0.0,20.0,10.0,0.0,5.0,0.0,0.0,0.0,22.0,20.0,10.0,5.0,7.0,0.0,0.0,0.0,5.0,25.0,10.0,20.0,0.0,1.3,,1.0,1.0,1.0,1.0,1.0,1.0,1.0,1.0,1.0,1.0,1.0,1.0,1.0,1.0,1.0,1.0,1.0,1.0,1.0,1.0,1.0,1.0,1.0,1.0,1.0,1.0,1.0,1.0,1.0,1.0,0.0
2648014,1,01/08/2015,1,1.5,2.5,24.0,2.0,1.0,1,1.0,,0.0,0.0,0.0,0.0,0.0,0.0,0.0,0.0,0.0,0.0,0.0,0.0,0.0,0.0,0.0,0.0,0.0,0.0,0.0,0.0,0.0,0.0,0.0,1.0,1.5,0.0,0.0,0.0,0.0,0.0,0.0,0.0,1.0,1.0,1.0,1.0,1.0,1.0,1.0,1.0,1.0,1.0,1.0,1.0,1.0,1.0,1.0,1.0,1.0,1.0,1.0,1.0,1.0,1.0,1.0,1.0,1.0,1.0,1.0,1.0,1.0,1.0,1.0
2648014,1,01/07/2015,1,14.0,105.5,15.0,15.0,1.0,1,1.0,,0.0,1.0,10.0,5.0,0.0,5.0,5.0,0.0,0.0,5.0,0.0,0.0,0.0,10.0,5.0,14.0,6.0,7.0,0.0,0.0,10.0,10.0,0.0,0.0,8.5,4.0,0.0,0.0,0.0,0.0,0.0,0.0,1.0,1.0,1.0,1.0,1.0,1.0,1.0,1.0,1.0,1.0,1.0,1.0,1.0,1.0,1.0,1.0,1.0,1.0,1.0,1.0,1.0,1.0,1.0,1.0,1.0,1.0,1.0,1.0,1.0,1.0,1.0
2648014,1,01/06/2015,1,10.0,42.3,12.0,9.0,1.0,1,1.0,,0.0,0.0,0.0,0.0,0.0,0.0,0.0,0.0,0.0,0.0,0.0,0.0,10.0,10.0,5.0,5.0,0.0,5.0,2.0,0.0,0.0,0.0,0.0,0.0,0.0,2.0,2.3,1.0,0.0,0.0,0.0,,1.0,1.0,1.0,1.0,1.0,1.0,1.0,1.0,1.0,1.0,1.0,1.0,1.0,1.0,1.0,1.0,1.0,1.0,1.0,1.0,1.0,1.0,1.0,1.0,1.0,1.0,1.0,1.0,1.0,1.0,0.0
2648014,1,01/05/2015,1,26.6,144.0,22.0,17.0,1.0,1,1.0,,0.0,2.0,0.0,0.0,2.0,1.0,3.0,4.0,0.0,0.0,0.0,2.0,2.0,1.0,2.0,0.0,0.0,0.0,4.0,19.4,1.0,0.0,26.6,0.0,0.0,22.0,25.0,25.0,2.0,0.0,0.0,0.0,1.0,1.0,1.0,1.0,1.0,1.0,1.0,1.0,1.0,1.0,1.0,1.0,1.0,1.0,1.0,1.0,1.0,1.0,1.0,1.0,1.0,1.0,1.0,1.0,1.0,1.0,1.0,1.0,1.0,1.0,1.0
2648014,1,01/04/2015,1,30.0,158.3,21.0,12.0,1.0,1,1.0,,0.0,0.0,0.0,0.0,7.0,0.0,10.0,0.0,0.0,0.0,0.0,0.0,0.0,0.0,20.0,0.0,0.0,10.0,10.0,5.0,5.0,30.0,20.0,20.0,11.3,0.0,0.0,0.0,0.0,10.0,0.0,,1.0,1.0,1.0,1.0,1.0,1.0,1.0,1.0,1.0,1.0,1.0,1.0,1.0,1.0,1.0,1.0,1.0,1.0,1.0,1.0,1.0,1.0,1.0,1.0,1.0,1.0,1.0,1.0,1.0,1.0,
2648014,1,01/03/2015,1,60.0,197.5,13.0,13.0,1.0,1,1.0,,0.0,0.0,0.0,0.0,0.0,0.0,0.0,0.0,0.0,10.0,0.0,20.0,10.0,60.0,2.5,5.0,0.0,0.0,0.0,0.0,0.0,0.0,0.0,5.0,2.5,0.0,2.5,20.0,20.0,10.0,30.0,0.0,1.0,1.0,1.0,1.0,1.0,1.0,1.0,1.0,1.0,1.0,1.0,1.0,1.0,1.0,1.0,1.0,1.0,1.0,1.0,1.0,1.0,1.0,1.0,1.0,1.0,1.0,1.0,1.0,1.0,1.0,1.0
2648014,1,01/02/2015,1,61.0,289.8,24.0,14.0,1.0,1,1.0,,0.0,0.0,0.3,13.5,14.0,50.0,0.0,0.0,0.0,5.0,0.0,0.0,0.0,37.7,40.0,5.0,11.0,15.0,20.0,10.0,0.0,0.0,0.0,0.0,61.0,7.3,0.0,0.0,0.0,,,,1.0,1.0,1.0,1.0,1.0,1.0,1.0,1.0,1.0,1.0,1.0,1.0,1.0,1.0,1.0,1.0,1.0,1.0,1.0,1.0,1.0,1.0,1.0,1.0,1.0,1.0,1.0,1.0,0.0,0.0,0.0
2648014,1,01/01/2015,1,25.0,185.8,10.0,21.0,1.0,1,1.0,,0.0,1.7,0.0,0.0,0.0,2.0,2.0,5.0,10.0,10.0,25.0,0.0,0.0,10.0,15.0,20.0,10.0,6.0,0.0,0.0,23.0,17.0,7.0,0.0,10.0,5.7,0.0,0.0,1.0,1.5,1.9,2.0,1.0,1.0,1.0,1.0,1.0,1.0,1.0,1.0,1.0,1.0,1.0,1.0,1.0,1.0,1.0,1.0,1.0,1.0,1.0,1.0,1.0,1.0,1.0,1.0,1.0,1.0,1.0,1.0,1.0,1.0,1.0
2648014,1,01/12/2014,1,28.0,199.7,30.0,22.0,1.0,1,1.0,,0.0,2.0,0.0,1.0,16.0,6.0,0.0,0.0,0.0,2.0,0.0,5.0,13.0,5.0,0.0,0.0,5.0,10.0,5.0,0.0,20.0,5.0,10.0,15.0,5.0,5.0,0.0,10.0,10.0,20.0,28.0,1.7,1.0,1.0,1.0,1.0,1.0,1.0,1.0,1.0,1.0,1.0,1.0,1.0,1.0,1.0,1.0,1.0,1.0,1.0,1.0,1.0,1.0,1.0,1.0,1.0,1.0,1.0,1.0,1.0,1.0,1.0,1.0
2648014,1,01/11/2014,1,23.0,62.8,26.0,,1.0,1,0.0,,0.0,0.0,0.0,0.0,0.0,7.0,0.0,0.0,0.0,0.0,0.0,0.0,0.0,0.0,0.0,,0.0,0.0,0.0,0.0,4.5,0.0,14.5,0.0,5.8,2.0,23.0,3.0,3.0,0.0,0.0,,1.0,1.0,1.0,1.0,1.0,1.0,1.0,1.0,1.0,1.0,1.0,1.0,1.0,1.0,0.0,4.0,1.0,1.0,1.0,1.0,1.0,1.0,1.0,1.0,1.0,1.0,1.0,1.0,1.0,1.0,0.0
2648014,1,01/10/2014,1,23.0,37.0,1.0,2.0,1.0,1,1.0,,0.0,23.0,0.0,0.0,0.0,0.0,0.0,0.0,0.0,0.0,0.0,0.0,0.0,0.0,0.0,0.0,0.0,0.0,0.0,0.0,0.0,0.0,0.0,0.0,0.0,0.0,0.0,0.0,0.0,14.0,0.0,0.0,1.0,1.0,1.0,1.0,1.0,1.0,1.0,1.0,1.0,1.0,1.0,1.0,1.0,1.0,1.0,1.0,1.0,1.0,1.0,1.0,1.0,1.0,1.0,1.0,1.0,1.0,1.0,1.0,1.0,1.0,1.0
2648014,1,01/09/2014,1,34.0,101.3,19.0,10.0,1.0,1,1.0,,0.0,0.0,0.0,21.0,3.4,0.0,0.0,0.0,0.0,0.0,0.0,0.0,4.1,0.0,0.0,0.0,0.0,0.0,0.0,34.0,0.0,0.0,0.0,0.0,15.5,1.0,2.3,0.0,5.0,10.0,5.0,,1.0,1.0,1.0,1.0,1.0,1.0,1.0,1.0,1.0,1.0,1.0,1.0,1.0,1.0,1.0,1.0,1.0,1.0,1.0,1.0,1.0,1.0,1.0,1.0,1.0,1.0,1.0,1.0,1.0,1.0,0.0
2648014,1,01/08/2014,1,48.0,114.0,16.0,6.0,1.0,1,1.0,,0.0,0.0,0.0,2.0,4.0,0.0,0.0,0.0,0.0,0.0,0.0,0.0,0.0,37.0,0.0,0.0,48.0,3.0,0.0,0.0,0.0,0.0,0.0,0.0,0.0,0.0,0.0,0.0,0.0,0.0,0.0,20.0,1.0,1.0,1.0,1.0,1.0,1.0,1.0,1.0,1.0,1.0,1.0,1.0,1.0,1.0,1.0,1.0,1.0,1.0,1.0,1.0,1.0,1.0,1.0,1.0,1.0,1.0,1.0,1.0,1.0,1.0,1.0
2648014,1,01/07/2014,1,8.0,32.1,29.0,10.0,1.0,1,1.0,,0.0,0.0,0.0,0.0,0.0,0.0,0.0,1.0,6.9,3.0,0.0,3.2,3.0,0.0,1.0,2.0,0.0,0.0,0.0,0.0,0.0,0.0,0.0,0.0,0.0,0.0,0.0,0.0,2.0,8.0,2.0,0.0,1.0,1.0,1.0,1.0,1.0,1.0,1.0,1.0,1.0,1.0,1.0,1.0,1.0,1.0,1.0,1.0,1.0,1.0,1.0,1.0,1.0,1.0,1.0,1.0,1.0,1.0,1.0,1.0,1.0,1.0,1.0
2648014,1,01/06/2014,1,100.0,332.1,5.0,14.0,1.0,1,1.0,,0.0,0.0,0.0,0.0,0.0,100.0,100.0,30.0,10.0,5.0,0.0,5.0,5.0,6.0,0.0,0.0,5.0,10.0,25.0,0.0,0.0,0.0,0.0,0.0,0.0,0.0,5.1,4.6,21.4,0.0,0.0,,1.0,1.0,1.0,1.0,1.0,1.0,1.0,1.0,1.0,1.0,1.0,1.0,1.0,1.0,1.0,1.0,1.0,1.0,1.0,1.0,1.0,1.0,1.0,1.0,1.0,1.0,1.0,1.0,1.0,1.0,0.0
2648014,1,01/05/2014,1,30.0,92.3,22.0,7.0,1.0,1,1.0,,0.0,0.0,0.0,0.0,0.0,0.0,0.0,0.0,0.0,0.0,15.3,0.0,0.0,0.0,0.0,0.0,0.0,10.0,0.0,0.0,10.0,10.0,30.0,10.0,7.0,0.0,0.0,0.0,0.0,0.0,0.0,0.0,1.0,1.0,1.0,1.0,1.0,1.0,1.0,1.0,1.0,1.0,1.0,1.0,1.0,1.0,1.0,1.0,1.0,1.0,1.0,1.0,1.0,1.0,1.0,1.0,1.0,1.0,1.0,1.0,1.0,1.0,1.0
2648014,1,01/04/2014,1,37.3,48.3,23.0,4.0,1.0,1,1.0,,0.0,0.0,0.0,0.0,0.0,5.6,0.0,0.0,0.0,0.0,0.0,0.0,0.6,0.0,0.0,0.0,0.0,0.0,0.0,0.0,0.0,0.0,0.0,37.3,4.8,0.0,0.0,0.0,0.0,0.0,0.0,,1.0,1.0,1.0,1.0,1.0,1.0,1.0,1.0,1.0,1.0,1.0,1.0,1.0,1.0,1.0,1.0,1.0,1.0,1.0,1.0,1.0,1.0,1.0,1.0,1.0,1.0,1.0,1.0,1.0,1.0,0.0
2648014,1,01/03/2014,1,85.0,212.3,5.0,14.0,1.0,1,1.0,,0.0,21.0,0.0,0.0,0.0,85.0,6.8,0.0,10.0,2.0,30.0,35.0,1.0,0.0,0.0,0.0,0.0,0.0,4.0,10.0,1.0,0.0,0.0,0.0,1.5,0.0,0.0,0.0,0.0,0.0,1.0,4.0,1.0,1.0,1.0,1.0,1.0,1.0,1.0,1.0,1.0,1.0,1.0,1.0,1.0,1.0,1.0,1.0,1.0,1.0,1.0,1.0,1.0,1.0,1.0,1.0,1.0,1.0,1.0,1.0,1.0,1.0,1.0
2648014,1,01/02/2014,1,18.0,52.5,17.0,8.0,1.0,1,1.0,,0.0,0.0,0.0,0.0,0.0,0.0,0.0,0.0,0.0,0.0,0.0,0.0,0.0,4.1,0.0,0.0,0.0,18.0,5.0,0.0,0.0,2.0,0.0,0.0,2.4,1.0,0.0,10.0,10.0,,,,1.0,1.0,1.0,1.0,1.0,1.0,1.0,1.0,1.0,1.0,1.0,1.0,1.0,1.0,1.0,1.0,1.0,1.0,1.0,1.0,1.0,1.0,1.0,1.0,1.0,1.0,1.0,1.0,0.0,0.0,0.0
2648014,1,01/01/2014,1,78.6,269.4,4.0,12.0,1.0,1,1.0,,0.0,53.4,18.0,0.0,78.6,0.0,10.7,0.0,0.0,0.0,0.0,0.0,6.6,10.0,34.4,5.0,3.0,8.0,0.0,0.0,0.0,0.0,0.0,0.0,38.0,0.0,0.0,3.7,0.0,0.0,0.0,0.0,1.0,1.0,1.0,1.0,1.0,1.0,1.0,1.0,1.0,1.0,1.0,1.0,1.0,1.0,1.0,1.0,1.0,1.0,1.0,1.0,1.0,1.0,1.0,1.0,1.0,1.0,1.0,1.0,1.0,1.0,1.0
2648014,1,01/12/2013,1,77.0,140.0,11.0,15.0,1.0,1,1.0,,0.0,2.0,0.0,0.0,0.0,0.0,0.0,0.0,0.0,10.0,3.0,77.0,5.0,2.0,1.0,0.0,2.0,1.0,3.0,2.0,7.0,2.0,3.0,20.0,0.0,0.0,0.0,0.0,0.0,0.0,0.0,0.0,1.0,1.0,1.0,1.0,1.0,1.0,1.0,1.0,1.0,1.0,1.0,1.0,1.0,1.0,1.0,1.0,1.0,1.0,1.0,1.0,1.0,1.0,1.0,1.0,1.0,1.0,1.0,1.0,1.0,1.0,1.0
2648014,1,01/11/2013,1,32.7,116.6,25.0,19.0,1.0,1,1.0,,0.0,2.0,0.0,0.0,19.5,0.0,0.0,1.0,0.0,0.0,2.0,3.0,2.9,0.0,0.0,5.0,1.0,2.0,3.2,0.0,0.0,5.0,14.5,2.0,2.0,32.7,3.0,3.7,0.0,7.6,4.5,,1.0,1.0,1.0,1.0,1.0,1.0,1.0,1.0,1.0,1.0,1.0,1.0,1.0,1.0,1.0,1.0,1.0,1.0,1.0,1.0,1.0,1.0,1.0,1.0,1.0,1.0,1.0,1.0,1.0,1.0,0.0
2648014,1,01/10/2013,1,21.0,78.4,3.0,11.0,1.0,1,1.0,,0.0,2.9,0.0,21.0,6.5,0.0,10.0,0.0,0.3,0.0,0.0,1.0,0.0,0.0,0.0,0.0,4.0,4.4,1.0,0.0,0.0,0.0,0.0,0.0,0.0,18.0,9.3,0.0,0.0,0.0,0.0,0.0,1.0,1.0,1.0,1.0,1.0,1.0,1.0,1.0,1.0,1.0,1.0,1.0,1.0,1.0,1.0,1.0,1.0,1.0,1.0,1.0,1.0,1.0,1.0,1.0,1.0,1.0,1.0,1.0,1.0,1.0,1.0
2648014,1,01/09/2013,1,65.2,188.3,22.0,10.0,1.0,1,1.0,,0.0,0.0,5.7,0.7,0.0,0.0,0.0,0.0,0.0,0.0,0.0,0.0,0.0,0.0,0.0,0.0,40.0,10.0,0.0,2.5,3.4,36.1,65.2,24.0,0.0,0.0,0.0,0.7,0.0,0.0,0.0,,1.0,1.0,1.0,1.0,1.0,1.0,1.0,1.0,1.0,1.0,1.0,1.0,1.0,1.0,1.0,1.0,1.0,1.0,1.0,1.0,1.0,1.0,1.0,1.0,1.0,1.0,1.0,1.0,1.0,1.0,0.0
2648014,1,01/08/2013,1,31.8,127.8,27.0,11.0,1.0,1,1.0,,0.0,0.0,0.0,0.0,0.0,2.7,25.0,10.9,0.0,0.0,0.0,0.0,0.0,0.0,19.4,0.0,4.0,5.0,5.4,1.0,3.6,0.0,0.0,0.0,0.0,0.0,19.0,31.8,0.0,0.0,0.0,0.0,1.0,1.0,1.0,1.0,1.0,1.0,1.0,1.0,1.0,1.0,1.0,1.0,1.0,1.0,1.0,1.0,1.0,1.0,1.0,1.0,1.0,1.0,1.0,1.0,1.0,1.0,1.0,1.0,1.0,1.0,1.0
2648014,1,01/07/2013,1,82.0,113.4,22.0,10.0,1.0,1,1.0,,0.0,3.7,0.0,0.0,0.0,0.0,0.0,0.0,0.0,0.7,2.0,0.0,0.0,0.0,0.0,2.3,0.0,13.9,1.0,0.0,0.0,5.0,82.0,1.7,0.0,1.1,0.0,0.0,0.0,0.0,0.0,0.0,1.0,1.0,1.0,1.0,1.0,1.0,1.0,1.0,1.0,1.0,1.0,1.0,1.0,1.0,1.0,1.0,1.0,1.0,1.0,1.0,1.0,1.0,1.0,1.0,1.0,1.0,1.0,1.0,1.0,1.0,1.0
2648014,1,01/06/2013,1,69.8,212.1,21.0,11.0,1.0,1,1.0,,0.0,0.0,0.0,0.0,0.0,0.0,0.0,0.0,0.0,0.2,0.0,0.0,0.0,0.0,0.0,0.0,10.0,14.0,0.0,14.6,38.0,69.8,0.0,0.0,27.0,11.8,1.7,0.0,0.0,24.0,1.0,,1.0,1.0,1.0,1.0,1.0,1.0,1.0,1.0,1.0,1.0,1.0,1.0,1.0,1.0,1.0,1.0,1.0,1.0,1.0,1.0,1.0,1.0,1.0,1.0,1.0,1.0,1.0,1.0,1.0,1.0,0.0
2648014,1,01/05/2013,1,51.0,130.9,15.0,9.0,1.0,1,1.0,,0.0,0.0,0.7,0.0,0.0,0.0,0.0,0.0,0.0,0.0,0.0,0.0,0.0,0.0,0.0,51.0,0.0,0.0,3.1,0.0,0.0,0.0,3.4,0.0,47.7,2.0,0.0,10.0,3.5,0.0,9.5,0.0,1.0,1.0,1.0,1.0,1.0,1.0,1.0,1.0,1.0,1.0,1.0,1.0,1.0,1.0,1.0,1.0,1.0,1.0,1.0,1.0,1.0,1.0,1.0,1.0,1.0,1.0,1.0,1.0,1.0,1.0,1.0
2648014,1,01/04/2013,1,47.6,101.9,3.0,6.0,1.0,1,1.0,,0.0,5.0,0.0,47.6,0.0,0.0,0.0,0.0,0.0,0.0,0.0,1.0,0.0,41.0,1.7,0.0,0.0,0.0,0.0,0.0,0.0,0.0,0.0,0.0,5.6,0.0,0.0,0.0,0.0,0.0,0.0,,1.0,1.0,1.0,1.0,1.0,1.0,1.0,1.0,1.0,1.0,1.0,1.0,1.0,1.0,1.0,1.0,1.0,1.0,1.0,1.0,1.0,1.0,1.0,1.0,1.0,1.0,1.0,1.0,1.0,1.0,0.0
2648014,1,01/03/2013,1,34.0,196.8,17.0,14.0,1.0,1,1.0,,0.0,0.0,0.0,0.0,0.0,17.0,23.7,2.0,30.0,0.0,20.0,2.0,0.0,0.0,0.5,3.1,20.0,34.0,0.0,2.5,20.0,0.0,0.0,0.0,19.5,0.0,0.0,2.5,0.0,0.0,0.0,0.0,1.0,1.0,1.0,1.0,1.0,1.0,1.0,1.0,1.0,1.0,1.0,1.0,1.0,1.0,1.0,1.0,1.0,1.0,1.0,1.0,1.0,1.0,1.0,1.0,1.0,1.0,1.0,1.0,1.0,1.0,1.0
2648014,1,01/02/2013,1,74.0,267.6,26.0,17.0,1.0,1,1.0,,0.0,1.7,2.0,1.0,5.7,0.0,0.0,54.6,8.4,1.0,10.0,0.0,0.6,11.4,37.4,13.7,0.0,37.7,0.0,0.0,0.0,0.0,0.0,0.0,1.0,0.0,74.0,7.0,0.4,,,,1.0,1.0,1.0,1.0,1.0,1.0,1.0,1.0,1.0,1.0,1.0,1.0,1.0,1.0,1.0,1.0,1.0,1.0,1.0,1.0,1.0,1.0,1.0,1.0,1.0,1.0,1.0,1.0,0.0,0.0,0.0
2648014,1,01/01/2013,1,35.7,128.7,19.0,19.0,1.0,1,1.0,,0.0,15.6,4.0,0.4,2.3,8.0,1.0,0.0,1.5,1.0,1.0,0.9,0.0,1.0,3.4,31.3,0.1,0.0,0.0,35.7,0.0,10.0,0.0,7.9,1.9,0.0,0.0,0.0,0.0,0.0,0.0,1.7,1.0,1.0,1.0,1.0,1.0,1.0,1.0,1.0,1.0,1.0,1.0,1.0,1.0,1.0,1.0,1.0,1.0,1.0,1.0,1.0,1.0,1.0,1.0,1.0,1.0,1.0,1.0,1.0,1.0,1.0,1.0
2648014,1,01/12/2012,1,47.0,171.2,30.0,12.0,1.0,1,1.0,,0.0,0.0,0.0,10.0,10.0,0.0,0.0,0.0,0.0,0.0,0.0,0.0,0.0,0.0,22.6,0.0,0.0,0.0,0.0,4.0,5.5,40.0,16.0,0.0,0.0,0.0,0.0,2.0,7.7,3.4,47.0,3.0,1.0,1.0,1.0,1.0,1.0,1.0,1.0,1.0,1.0,1.0,1.0,1.0,1.0,1.0,1.0,1.0,1.0,1.0,1.0,1.0,1.0,1.0,1.0,1.0,1.0,1.0,1.0,1.0,1.0,1.0,1.0
2648014,1,01/11/2012,1,60.0,132.9,10.0,8.0,1.0,1,1.0,,0.0,0.0,0.0,0.0,0.0,0.0,0.0,0.0,0.0,9.5,60.0,0.0,0.0,12.5,0.0,7.9,22.0,0.0,0.0,0.0,0.0,0.0,0.0,0.0,12.3,0.0,0.0,0.0,8.6,0.0,0.1,,1.0,1.0,1.0,1.0,1.0,1.0,1.0,1.0,1.0,1.0,1.0,1.0,1.0,1.0,1.0,1.0,1.0,1.0,1.0,1.0,1.0,1.0,1.0,1.0,1.0,1.0,1.0,1.0,1.0,1.0,0.0
2648014,1,01/10/2012,1,56.0,165.1,23.0,10.0,1.0,1,1.0,,0.0,11.5,0.0,0.0,0.0,0.0,0.0,0.0,0.0,0.0,0.0,15.3,15.0,2.0,0.0,0.0,0.0,0.0,0.0,0.0,0.0,0.0,13.0,56.0,8.0,6.3,0.0,20.0,0.0,18.0,0.0,0.0,1.0,1.0,1.0,1.0,1.0,1.0,1.0,1.0,1.0,1.0,1.0,1.0,1.0,1.0,1.0,1.0,1.0,1.0,1.0,1.0,1.0,1.0,1.0,1.0,1.0,1.0,1.0,1.0,1.0,1.0,1.0
2648014,1,01/09/2012,1,30.5,77.1,12.0,7.0,1.0,1,1.0,,0.0,0.0,0.0,0.0,0.0,0.0,0.0,0.0,0.0,0.0,0.0,13.9,30.5,3.0,0.0,0.0,0.0,0.0,0.0,0.0,0.0,0.0,19.0,0.0,0.0,0.0,7.7,1.0,2.0,0.0,0.0,,1.0,1.0,1.0,1.0,1.0,1.0,1.0,1.0,1.0,1.0,1.0,1.0,1.0,1.0,1.0,1.0,1.0,1.0,1.0,1.0,1.0,1.0,1.0,1.0,1.0,1.0,1.0,1.0,1.0,1.0,0.0
2648014,1,01/08/2012,1,,,,,0.0,0,0.0,,0.0,15.3,0.0,0.0,0.0,0.0,0.0,0.0,0.0,0.0,0.0,0.0,0.0,0.0,0.0,0.0,0.0,0.0,0.0,0.0,0.0,0.0,0.0,0.0,0.0,0.0,0.0,0.0,4.4,1.0,10.0,,1.0,1.0,1.0,1.0,1.0,1.0,1.0,1.0,1.0,1.0,1.0,1.0,1.0,1.0,1.0,1.0,1.0,1.0,1.0,1.0,1.0,1.0,1.0,1.0,1.0,1.0,1.0,1.0,1.0,1.0,0.0
2648014,1,01/07/2012,1,90.0,193.0,27.0,10.0,1.0,1,1.0,,0.0,0.0,0.0,0.0,0.0,3.0,5.0,15.0,0.0,0.0,0.0,0.0,0.0,0.0,16.0,0.0,0.0,23.0,0.0,0.0,0.0,0.0,0.0,0.0,0.0,0.0,8.0,90.0,4.4,0.0,10.0,18.6,1.0,1.0,1.0,1.0,1.0,1.0,1.0,1.0,1.0,1.0,1.0,1.0,1.0,1.0,1.0,1.0,1.0,1.0,1.0,1.0,1.0,1.0,1.0,1.0,1.0,1.0,1.0,1.0,1.0,1.0,1.0
2648014,1,01/06/2012,1,81.0,236.0,5.0,12.0,1.0,1,1.0,,0.0,4.2,0.0,0.0,54.0,81.0,3.0,0.0,0.0,0.0,6.0,30.0,0.0,0.0,0.0,0.0,0.0,1.0,11.0,3.3,30.0,2.5,10.0,0.0,0.0,0.0,0.0,0.0,0.0,0.0,0.0,,1.0,1.0,1.0,1.0,1.0,1.0,1.0,1.0,1.0,1.0,1.0,1.0,1.0,1.0,1.0,1.0,1.0,1.0,1.0,1.0,1.0,1.0,1.0,1.0,1.0,1.0,1.0,1.0,1.0,1.0,0.0
2648014,1,01/05/2012,1,38.8,96.2,25.0,11.0,1.0,1,1.0,,0.0,0.0,0.0,2.0,14.0,10.0,0.0,0.0,0.0,0.0,0.0,2.0,0.0,0.0,0.0,0.0,2.0,6.4,8.7,0.5,0.0,0.0,4.3,0.0,0.0,38.8,0.0,0.0,0.0,0.0,0.0,7.5,1.0,1.0,1.0,1.0,1.0,1.0,1.0,1.0,1.0,1.0,1.0,1.0,1.0,1.0,1.0,1.0,1.0,1.0,1.0,1.0,1.0,1.0,1.0,1.0,1.0,1.0,1.0,1.0,1.0,1.0,1.0
2648014,1,01/04/2012,1,100.0,232.2,26.0,14.0,1.0,1,1.0,,0.0,0.0,0.0,0.0,0.0,0.0,14.0,0.0,0.0,0.0,6.0,15.0,4.5,0.0,0.0,17.4,0.8,0.1,0.0,2.0,2.0,0.4,0.0,0.0,0.0,2.0,100.0,28.0,40.0,0.0,0.0,,1.0,1.0,1.0,1.0,1.0,1.0,1.0,1.0,1.0,1.0,1.0,1.0,1.0,1.0,1.0,1.0,1.0,1.0,1.0,1.0,1.0,1.0,1.0,1.0,1.0,1.0,1.0,1.0,1.0,1.0,0.0
2648014,1,01/03/2012,1,11.6,40.7,2.0,8.0,1.0,1,1.0,,0.0,6.8,11.6,0.0,0.0,0.0,0.0,0.0,0.0,0.0,0.0,0.0,0.0,0.0,0.0,0.7,0.5,2.1,0.0,2.4,0.0,0.0,0.0,11.2,0.0,0.0,0.0,5.4,0.0,0.0,0.0,0.0,1.0,1.0,1.0,1.0,1.0,1.0,1.0,1.0,1.0,1.0,1.0,1.0,1.0,1.0,1.0,1.0,1.0,1.0,1.0,1.0,1.0,1.0,1.0,1.0,1.0,1.0,1.0,1.0,1.0,1.0,1.0
2648014,1,01/02/2012,1,66.0,145.0,10.0,8.0,1.0,1,1.0,,0.0,0.0,0.0,0.0,0.0,0.0,0.0,0.0,2.0,0.0,66.0,0.9,0.0,0.0,1.6,0.0,0.0,0.0,0.0,0.0,0.0,0.0,0.0,31.0,0.0,21.5,0.0,0.0,4.0,18.0,,,1.0,1.0,1.0,1.0,1.0,1.0,1.0,1.0,1.0,1.0,1.0,1.0,1.0,1.0,1.0,1.0,1.0,1.0,1.0,1.0,1.0,1.0,1.0,1.0,1.0,1.0,1.0,1.0,1.0,0.0,0.0
2648014,1,01/01/2012,1,60.0,217.7,1.0,20.0,1.0,1,1.0,,0.0,60.0,8.7,0.0,0.0,0.0,0.0,0.0,36.8,2.5,18.6,8.6,0.0,3.0,10.0,2.0,12.6,7.4,0.7,6.0,4.4,6.0,2.0,0.0,2.0,0.0,21.2,3.4,1.8,0.0,0.0,0.0,1.0,1.0,1.0,1.0,1.0,1.0,1.0,1.0,1.0,1.0,1.0,1.0,1.0,1.0,1.0,1.0,1.0,1.0,1.0,1.0,1.0,1.0,1.0,1.0,1.0,1.0,1.0,1.0,1.0,1.0,1.0
2648014,1,01/12/2011,1,59.3,192.2,14.0,13.0,1.0,1,1.0,,0.0,0.0,0.0,0.0,1.0,1.0,0.0,0.0,1.0,10.7,14.4,0.0,0.0,15.7,59.3,15.2,13.0,0.0,0.0,0.0,0.0,0.0,0.0,0.0,0.0,5.0,26.6,0.0,13.0,0.0,0.0,16.3,1.0,1.0,1.0,1.0,1.0,1.0,1.0,1.0,1.0,1.0,1.0,1.0,1.0,1.0,1.0,1.0,1.0,1.0,1.0,1.0,1.0,1.0,1.0,1.0,1.0,1.0,1.0,1.0,1.0,1.0,1.0
2648014,1,01/11/2011,1,46.0,117.1,15.0,17.0,1.0,1,1.0,,0.0,0.1,0.3,0.0,0.0,0.0,0.0,0.0,0.5,0.0,4.0,10.0,1.5,0.0,15.0,46.0,13.0,0.0,1.2,4.9,0.0,0.0,5.3,0.0,0.0,1.3,0.0,2.0,4.3,6.1,1.6,,1.0,1.0,1.0,1.0,1.0,1.0,1.0,1.0,1.0,1.0,1.0,1.0,1.0,1.0,1.0,1.0,1.0,1.0,1.0,1.0,1.0,1.0,1.0,1.0,1.0,1.0,1.0,1.0,1.0,1.0,0.0
2648014,1,01/10/2011,1,64.5,179.4,13.0,12.0,1.0,1,1.0,,0.0,14.5,0.0,0.0,0.0,0.0,0.0,0.0,0.0,16.5,0.0,0.0,2.5,64.5,28.5,3.4,22.5,0.0,0.0,1.7,0.0,0.0,0.0,0.0,0.0,12.0,0.0,3.3,0.0,0.0,9.0,1.0,1.0,1.0,1.0,1.0,1.0,1.0,1.0,1.0,1.0,1.0,1.0,1.0,1.0,1.0,1.0,1.0,1.0,1.0,1.0,1.0,1.0,1.0,1.0,1.0,1.0,1.0,1.0,1.0,1.0,1.0,1.0
2648014,1,01/09/2011,1,101.0,304.9,7.0,9.0,1.0,1,1.0,,0.0,0.0,0.0,0.0,0.0,0.0,85.0,101.0,70.0,31.0,0.0,0.0,0.0,0.0,0.0,1.0,6.7,0.0,0.0,0.0,4.0,4.2,0.0,2.0,0.0,0.0,0.0,0.0,0.0,0.0,0.0,,1.0,1.0,1.0,1.0,1.0,1.0,1.0,1.0,1.0,1.0,1.0,1.0,1.0,1.0,1.0,1.0,1.0,1.0,1.0,1.0,1.0,1.0,1.0,1.0,1.0,1.0,1.0,1.0,1.0,1.0,0.0
2648014,1,01/08/2011,1,54.8,277.2,1.0,17.0,1.0,1,1.0,,0.0,54.8,52.0,0.0,0.0,0.0,0.0,0.0,4.2,50.0,14.3,2.4,0.0,0.0,0.0,3.2,0.0,0.0,1.5,15.5,2.0,0.0,9.0,36.0,13.0,4.0,4.3,1.0,0.0,0.0,10.0,0.0,1.0,1.0,1.0,1.0,1.0,1.0,1.0,1.0,1.0,1.0,1.0,1.0,1.0,1.0,1.0,1.0,1.0,1.0,1.0,1.0,1.0,1.0,1.0,1.0,1.0,1.0,1.0,1.0,1.0,1.0,1.0
2648014,1,01/07/2011,1,26.0,131.8,18.0,11.0,1.0,1,1.0,,0.0,25.3,10.0,24.0,10.3,0.0,0.0,0.0,0.0,0.0,0.0,0.0,0.0,0.0,0.0,0.0,0.0,0.0,26.0,0.0,2.5,2.0,18.0,0.0,0.0,2.0,0.0,0.0,0.0,0.0,2.8,8.9,1.0,1.0,1.0,1.0,1.0,1.0,1.0,1.0,1.0,1.0,1.0,1.0,1.0,1.0,1.0,1.0,1.0,1.0,1.0,1.0,1.0,1.0,1.0,1.0,1.0,1.0,1.0,1.0,1.0,1.0,1.0
2648014,1,01/06/2011,1,61.0,96.7,26.0,6.0,1.0,1,1.0,,0.0,0.0,0.0,0.0,0.0,5.0,10.0,0.0,0.0,4.7,0.0,0.0,0.0,0.0,0.0,0.0,0.0,0.0,0.0,0.0,0.0,0.0,0.0,5.7,0.0,0.0,61.0,0.0,0.0,0.0,10.3,,1.0,1.0,1.0,1.0,1.0,1.0,1.0,1.0,1.0,1.0,1.0,1.0,1.0,1.0,1.0,1.0,1.0,1.0,1.0,1.0,1.0,1.0,1.0,1.0,1.0,1.0,1.0,1.0,1.0,1.0,0.0
2648014,1,01/05/2011,1,13.0,39.2,15.0,8.0,1.0,1,1.0,,0.0,0.0,1.0,0.0,0.0,0.0,0.0,0.0,0.0,0.0,0.5,0.0,0.0,0.0,0.0,13.0,2.5,0.0,0.0,0.0,9.9,10.0,0.0,0.0,1.0,0.0,0.0,0.0,1.3,0.0,0.0,0.0,1.0,1.0,1.0,1.0,1.0,1.0,1.0,1.0,1.0,1.0,1.0,1.0,1.0,1.0,1.0,1.0,1.0,1.0,1.0,1.0,1.0,1.0,1.0,1.0,1.0,1.0,1.0,1.0,1.0,1.0,1.0
2648014,1,01/04/2011,1,20.6,72.3,15.0,8.0,1.0,1,1.0,,0.0,6.5,0.0,0.0,0.0,0.0,0.0,0.0,0.0,0.0,6.4,0.0,0.0,0.0,0.0,20.6,0.0,0.0,0.0,0.0,0.0,9.3,0.1,0.0,11.0,0.0,0.0,12.7,0.0,0.0,5.7,,1.0,1.0,1.0,1.0,1.0,1.0,1.0,1.0,1.0,1.0,1.0,1.0,1.0,1.0,1.0,1.0,1.0,1.0,1.0,1.0,1.0,1.0,1.0,1.0,1.0,1.0,1.0,1.0,1.0,1.0,0.0
2648014,1,01/03/2011,1,76.0,388.2,11.0,22.0,1.0,1,1.0,,0.0,0.0,0.0,10.0,0.0,0.0,10.0,23.0,1.0,0.0,10.0,76.0,34.0,50.0,15.3,0.0,0.0,0.0,3.0,4.0,5.0,10.0,19.0,13.3,4.3,10.0,0.0,4.0,15.0,16.3,35.0,20.0,1.0,1.0,1.0,1.0,1.0,1.0,1.0,1.0,1.0,1.0,1.0,1.0,1.0,1.0,1.0,1.0,1.0,1.0,1.0,1.0,1.0,1.0,1.0,1.0,1.0,1.0,1.0,1.0,1.0,1.0,1.0
2648014,1,01/02/2011,1,90.0,403.4,14.0,18.0,1.0,1,1.0,,0.0,0.0,2.2,5.8,5.3,0.0,8.0,80.0,0.5,0.0,8.3,10.0,20.0,10.0,90.0,48.0,13.7,33.0,2.8,0.0,0.0,0.0,17.7,39.0,9.1,0.0,0.0,0.0,0.0,,,,1.0,1.0,1.0,1.0,1.0,1.0,1.0,1.0,1.0,1.0,1.0,1.0,1.0,1.0,1.0,1.0,1.0,1.0,1.0,1.0,1.0,1.0,1.0,1.0,1.0,1.0,1.0,1.0,0.0,0.0,0.0
2648014,1,01/01/2011,1,95.0,783.3,21.0,22.0,1.0,1,1.0,,0.0,17.0,15.0,8.0,0.0,0.0,58.7,54.7,0.0,0.0,24.7,90.5,6.0,0.0,90.0,14.0,20.0,70.0,60.0,38.0,10.5,95.0,31.0,10.0,5.9,0.0,0.0,0.0,0.0,30.0,25.0,9.3,1.0,1.0,1.0,1.0,1.0,1.0,1.0,1.0,1.0,1.0,1.0,1.0,1.0,1.0,1.0,1.0,1.0,1.0,1.0,1.0,1.0,1.0,1.0,1.0,1.0,1.0,1.0,1.0,1.0,1.0,1.0
2648014,1,01/12/2010,1,54.0,232.1,14.0,18.0,1.0,1,1.0,,0.0,7.0,4.2,28.4,7.0,10.0,11.0,0.0,0.0,0.0,0.0,0.0,7.0,9.4,54.0,2.7,4.8,10.0,0.0,0.0,0.0,2.3,22.3,4.0,14.0,22.5,0.0,0.0,0.0,0.0,0.0,11.5,1.0,1.0,1.0,1.0,1.0,1.0,1.0,1.0,1.0,1.0,1.0,1.0,1.0,1.0,1.0,1.0,1.0,1.0,1.0,1.0,1.0,1.0,1.0,1.0,1.0,1.0,1.0,1.0,1.0,1.0,1.0
2648014,1,01/11/2010,1,32.5,207.4,17.0,14.0,1.0,1,1.0,,0.0,0.0,0.0,0.0,0.0,0.0,16.9,0.0,0.0,0.0,0.0,10.0,2.9,11.5,0.0,2.0,15.0,32.5,17.0,0.0,0.0,0.0,31.5,18.0,1.6,12.5,0.0,0.0,0.0,28.0,8.0,,1.0,1.0,1.0,1.0,1.0,1.0,1.0,1.0,1.0,1.0,1.0,1.0,1.0,1.0,1.0,1.0,1.0,1.0,1.0,1.0,1.0,1.0,1.0,1.0,1.0,1.0,1.0,1.0,1.0,1.0,0.0
2648014,1,01/10/2010,1,57.0,192.1,30.0,15.0,1.0,1,1.0,,0.0,5.0,30.0,1.0,3.4,22.0,0.0,10.0,0.0,0.0,0.0,0.4,0.0,0.0,0.0,8.7,10.0,6.1,22.5,0.0,0.0,0.0,0.0,7.0,0.0,0.0,8.9,0.0,0.0,0.0,57.0,0.1,1.0,1.0,1.0,1.0,1.0,1.0,1.0,1.0,1.0,1.0,1.0,1.0,1.0,1.0,1.0,1.0,1.0,1.0,1.0,1.0,1.0,1.0,1.0,1.0,1.0,1.0,1.0,1.0,1.0,1.0,1.0
2648014,1,01/09/2010,1,11.9,46.1,24.0,8.0,1.0,1,1.0,,0.0,0.0,0.0,0.0,0.0,0.0,0.0,0.0,0.0,0.0,0.0,0.0,0.0,0.0,0.0,0.0,0.0,0.0,0.0,0.0,4.3,0.0,6.3,8.0,11.9,1.0,0.0,2.7,9.7,2.2,0.0,,1.0,1.0,1.0,1.0,1.0,1.0,1.0,1.0,1.0,1.0,1.0,1.0,1.0,1.0,1.0,1.0,1.0,1.0,1.0,1.0,1.0,1.0,1.0,1.0,1.0,1.0,1.0,1.0,1.0,1.0,0.0
2648014,1,01/08/2010,1,29.5,88.2,5.0,8.0,1.0,1,1.0,,0.0,5.0,25.0,10.7,14.0,29.5,3.5,0.0,0.0,0.0,0.0,0.0,0.0,0.3,0.0,0.0,0.0,0.2,0.0,0.0,0.0,0.0,0.0,0.0,0.0,0.0,0.0,0.0,0.0,0.0,0.0,0.0,1.0,1.0,1.0,1.0,1.0,1.0,1.0,1.0,1.0,1.0,1.0,1.0,1.0,1.0,1.0,1.0,1.0,1.0,1.0,1.0,1.0,1.0,1.0,1.0,1.0,1.0,1.0,1.0,1.0,1.0,1.0
2648014,1,01/07/2010,1,35.0,183.9,16.0,12.0,1.0,1,1.0,,0.0,0.0,0.0,0.0,0.0,0.0,0.0,0.0,0.0,0.0,0.0,9.0,3.0,32.5,0.9,0.0,35.0,15.0,20.0,30.0,3.2,0.0,0.0,32.5,2.7,0.0,0.1,0.0,0.0,0.0,0.0,0.0,1.0,1.0,1.0,1.0,1.0,1.0,1.0,1.0,1.0,1.0,1.0,1.0,1.0,1.0,1.0,1.0,1.0,1.0,1.0,1.0,1.0,1.0,1.0,1.0,1.0,1.0,1.0,1.0,1.0,1.0,1.0
2648014,1,01/06/2010,1,36.0,151.5,4.0,10.0,1.0,1,1.0,,0.0,1.0,1.0,25.0,36.0,21.6,0.0,0.0,0.0,0.0,0.0,7.0,0.7,0.0,0.0,0.0,0.0,0.0,0.0,0.0,16.5,10.0,32.7,0.0,0.0,0.0,0.0,0.0,0.0,0.0,0.0,,1.0,1.0,1.0,1.0,1.0,1.0,1.0,1.0,1.0,1.0,1.0,1.0,1.0,1.0,1.0,1.0,1.0,1.0,1.0,1.0,1.0,1.0,1.0,1.0,1.0,1.0,1.0,1.0,1.0,1.0,0.0
2648014,1,01/05/2010,1,49.0,146.4,7.0,16.0,1.0,1,1.0,,0.0,0.0,0.0,0.0,0.0,0.0,0.0,49.0,1.0,0.0,0.0,13.0,3.0,0.0,0.0,0.0,0.0,5.0,18.0,18.7,0.0,16.0,10.0,2.0,5.0,0.4,0.0,0.0,1.4,3.3,0.1,0.5,1.0,1.0,1.0,1.0,1.0,1.0,1.0,1.0,1.0,1.0,1.0,1.0,1.0,1.0,1.0,1.0,1.0,1.0,1.0,1.0,1.0,1.0,1.0,1.0,1.0,1.0,1.0,1.0,1.0,1.0,1.0
2648014,1,01/04/2010,1,110.0,365.07,26.0,11.0,1.0,1,1.0,,0.0,0.0,0.0,0.0,2.0,0.0,12.07,7.5,0.0,0.0,0.0,0.0,0.0,1.5,0.0,0.0,0.0,0.0,0.0,0.0,0.0,0.0,40.0,20.0,70.0,90.0,110.0,10.0,0.0,0.0,2.0,,1.0,1.0,1.0,1.0,1.0,1.0,1.0,1.0,1.0,1.0,1.0,1.0,1.0,1.0,1.0,1.0,1.0,1.0,1.0,1.0,1.0,1.0,1.0,1.0,1.0,1.0,1.0,1.0,1.0,1.0,0.0
2648014,1,01/03/2010,1,80.0,418.1,6.0,20.0,3.0,3,3.0,,0.0,1.0,7.5,3.8,40.0,70.0,80.0,10.0,2.4,0.0,0.0,7.0,8.0,0.0,0.0,12.0,0.0,0.0,2.0,0.0,10.0,0.0,0.0,0.0,18.0,31.8,2.3,50.0,35.0,27.0,0.0,0.3,1.0,1.0,1.0,1.0,1.0,1.0,1.0,1.0,1.0,1.0,1.0,1.0,1.0,1.0,1.0,1.0,1.0,1.0,1.0,1.0,1.0,1.0,1.0,1.0,3.0,1.0,1.0,1.0,1.0,1.0,1.0
2648014,1,01/02/2010,1,36.0,188.6,9.0,19.0,1.0,1,1.0,,0.0,2.5,1.0,0.0,0.0,0.0,0.0,0.0,0.0,36.0,25.8,3.0,8.0,3.0,0.0,6.0,21.5,5.0,14.0,20.0,8.0,0.0,1.8,9.0,5.0,3.0,0.0,10.0,6.0,,,,1.0,1.0,1.0,1.0,1.0,1.0,1.0,1.0,1.0,1.0,1.0,1.0,1.0,1.0,1.0,1.0,1.0,1.0,1.0,1.0,1.0,1.0,1.0,1.0,1.0,1.0,1.0,1.0,0.0,0.0,0.0
2648014,1,01/01/2010,1,85.7,417.7,14.0,25.0,1.0,1,1.0,,0.0,0.0,0.0,1.0,0.0,14.2,32.5,10.0,20.0,10.0,46.0,0.3,4.0,45.0,85.7,8.0,5.0,9.0,15.0,0.0,2.0,25.0,14.5,42.0,19.5,3.0,1.7,1.0,1.0,2.3,0.0,0.0,1.0,1.0,1.0,1.0,1.0,1.0,1.0,1.0,1.0,1.0,1.0,1.0,1.0,1.0,1.0,1.0,1.0,1.0,1.0,1.0,1.0,1.0,1.0,1.0,1.0,1.0,1.0,1.0,1.0,1.0,1.0
2648014,1,01/12/2009,1,16.5,79.7,11.0,15.0,1.0,1,1.0,,0.0,0.0,0.0,0.0,6.5,7.0,3.7,0.0,4.0,1.0,2.0,16.5,0.5,0.0,0.0,0.0,0.0,11.0,0.0,6.0,0.0,0.0,0.0,0.0,0.0,6.3,0.2,4.0,4.0,0.0,0.0,7.0,1.0,1.0,1.0,1.0,1.0,1.0,1.0,1.0,1.0,1.0,1.0,1.0,1.0,1.0,1.0,1.0,1.0,1.0,1.0,1.0,1.0,1.0,1.0,1.0,1.0,1.0,1.0,1.0,1.0,1.0,1.0
2648014,1,01/11/2009,1,43.3,123.7,9.0,13.0,1.0,1,1.0,,0.0,0.0,0.0,0.0,0.0,0.0,0.0,15.0,0.0,43.3,0.9,2.0,0.5,0.0,0.0,0.0,14.0,0.0,0.0,0.0,0.0,5.0,9.0,4.0,1.0,0.0,0.0,1.0,16.0,12.0,0.0,,1.0,1.0,1.0,1.0,1.0,1.0,1.0,1.0,1.0,1.0,1.0,1.0,1.0,1.0,1.0,1.0,1.0,1.0,1.0,1.0,1.0,1.0,1.0,1.0,1.0,1.0,1.0,1.0,1.0,1.0,0.0
2648014,1,01/10/2009,1,41.0,132.2,22.0,13.0,1.0,1,1.0,,0.0,3.6,0.0,3.0,0.0,0.0,5.3,0.0,0.0,0.0,0.0,0.0,13.0,12.0,0.0,17.0,5.0,20.0,0.0,5.8,0.0,0.0,41.0,0.0,4.0,2.0,0.0,0.0,0.5,0.0,0.0,0.0,1.0,1.0,1.0,1.0,1.0,1.0,1.0,1.0,1.0,1.0,1.0,1.0,1.0,1.0,1.0,1.0,1.0,1.0,1.0,1.0,1.0,1.0,1.0,1.0,1.0,1.0,1.0,1.0,1.0,1.0,1.0
2648014,1,01/09/2009,1,52.0,278.3,28.0,16.0,1.0,1,1.0,,0.0,0.0,0.0,0.0,14.0,2.2,0.0,0.0,30.0,40.0,26.2,11.0,6.0,0.0,0.0,0.0,0.0,0.0,0.0,27.0,0.0,3.8,8.0,39.5,0.3,0.0,0.0,8.0,52.0,10.0,0.3,,1.0,1.0,1.0,1.0,1.0,1.0,1.0,1.0,1.0,1.0,1.0,1.0,1.0,1.0,1.0,1.0,1.0,1.0,1.0,1.0,1.0,1.0,1.0,1.0,1.0,1.0,1.0,1.0,1.0,1.0,0.0
2648014,1,01/08/2009,1,46.0,170.5,1.0,12.0,3.0,3,3.0,,0.0,46.0,3.0,0.0,0.0,0.0,0.0,8.0,0.0,0.7,0.3,0.0,0.0,0.0,0.0,0.0,0.0,0.0,8.3,16.6,30.0,9.7,0.0,1.6,3.0,43.3,0.0,0.0,0.0,0.0,0.0,0.0,1.0,1.0,1.0,1.0,1.0,1.0,1.0,1.0,1.0,1.0,1.0,1.0,1.0,1.0,1.0,1.0,1.0,1.0,1.0,1.0,1.0,1.0,1.0,3.0,1.0,1.0,1.0,1.0,1.0,1.0,1.0
2648014,1,01/07/2009,1,40.0,181.9,11.0,16.0,1.0,1,1.0,,0.0,0.0,1.3,1.0,0.0,0.0,9.0,0.0,0.0,12.0,18.0,40.0,24.5,0.0,0.0,0.0,0.0,9.0,0.0,0.0,0.0,0.0,0.0,9.6,12.0,4.0,0.0,3.0,11.0,16.1,6.0,5.4,1.0,1.0,1.0,1.0,1.0,1.0,1.0,1.0,1.0,1.0,1.0,1.0,1.0,1.0,1.0,1.0,1.0,1.0,1.0,1.0,1.0,1.0,1.0,1.0,1.0,1.0,1.0,1.0,1.0,1.0,1.0
2648014,1,01/06/2009,1,11.9,60.7,16.0,10.0,1.0,1,1.0,,0.0,2.0,0.0,0.0,0.0,0.0,0.0,0.0,0.0,0.0,7.3,0.0,5.7,0.0,0.0,0.0,11.9,0.0,0.0,0.0,0.0,0.0,0.0,0.0,8.0,0.0,2.0,8.0,10.0,4.8,1.0,,1.0,1.0,1.0,1.0,1.0,1.0,1.0,1.0,1.0,1.0,1.0,1.0,1.0,1.0,1.0,1.0,1.0,1.0,1.0,1.0,1.0,1.0,1.0,1.0,1.0,1.0,1.0,1.0,1.0,1.0,0.0
2648014,1,01/05/2009,1,10.0,40.3,2.0,7.0,1.0,1,1.0,,0.0,4.9,10.0,0.0,0.0,7.2,0.0,0.0,0.0,9.7,0.0,0.0,0.0,0.0,0.0,0.5,0.0,0.0,0.0,0.0,0.0,0.0,0.0,0.0,0.0,1.0,0.0,0.0,7.0,0.0,0.0,0.0,1.0,1.0,1.0,1.0,1.0,1.0,1.0,1.0,1.0,1.0,1.0,1.0,1.0,1.0,1.0,1.0,1.0,1.0,1.0,1.0,1.0,1.0,1.0,1.0,1.0,1.0,1.0,1.0,1.0,1.0,1.0
2648014,1,01/04/2009,1,6.0,28.1,23.0,12.0,1.0,1,1.0,,0.0,0.0,0.0,0.0,3.0,0.0,3.0,2.0,0.0,1.3,0.0,0.0,0.0,0.0,0.0,0.5,0.4,0.0,0.0,0.0,0.0,0.0,0.0,6.0,2.0,5.0,1.0,2.0,0.0,0.0,1.9,,1.0,1.0,1.0,1.0,1.0,1.0,1.0,1.0,1.0,1.0,1.0,1.0,1.0,1.0,1.0,1.0,1.0,1.0,1.0,1.0,1.0,1.0,1.0,1.0,1.0,1.0,1.0,1.0,1.0,1.0,0.0
2648014,1,01/03/2009,1,111.0,190.4,11.0,12.0,1.0,1,1.0,,0.0,0.0,0.0,13.0,0.0,0.0,0.0,8.0,4.0,10.0,0.0,111.0,4.5,7.7,0.0,0.0,0.0,0.5,6.9,0.6,0.0,0.0,0.0,0.0,0.0,8.0,16.2,0.0,0.0,0.0,0.0,0.0,1.0,1.0,1.0,1.0,1.0,1.0,1.0,1.0,1.0,1.0,1.0,1.0,1.0,1.0,1.0,1.0,1.0,1.0,1.0,1.0,1.0,1.0,1.0,1.0,1.0,1.0,1.0,1.0,1.0,1.0,1.0
2648014,1,01/02/2009,1,108.0,258.1,11.0,17.0,1.0,1,1.0,,0.0,0.0,0.0,0.0,22.0,2.7,0.0,0.0,8.4,0.8,6.2,108.0,22.2,0.0,0.0,11.0,1.3,18.0,2.0,0.0,0.0,0.0,12.3,0.0,14.9,6.1,3.3,6.0,12.9,,,,1.0,1.0,1.0,1.0,1.0,1.0,1.0,1.0,1.0,1.0,1.0,1.0,1.0,1.0,1.0,1.0,1.0,1.0,1.0,1.0,1.0,1.0,1.0,1.0,1.0,1.0,1.0,1.0,0.0,0.0,0.0
2648014,1,01/01/2009,1,76.6,300.6,11.0,15.0,1.0,1,1.0,,0.0,0.0,16.6,37.3,0.0,0.5,0.0,0.0,0.0,0.0,6.1,76.6,0.0,0.0,13.6,9.5,0.0,0.0,39.0,0.0,24.0,0.0,0.0,0.0,0.2,9.0,5.0,0.0,17.3,32.2,13.7,0.0,1.0,1.0,1.0,1.0,1.0,1.0,1.0,1.0,1.0,1.0,1.0,1.0,1.0,1.0,1.0,1.0,1.0,1.0,1.0,1.0,1.0,1.0,1.0,1.0,1.0,1.0,1.0,1.0,1.0,1.0,1.0
2648014,1,01/12/2008,1,166.0,261.8,16.0,8.0,1.0,1,1.0,,0.0,0.0,10.0,13.0,0.0,4.5,0.0,0.0,0.0,0.0,0.0,4.6,4.0,0.0,0.0,0.0,166.0,31.0,0.0,0.0,0.0,0.0,0.0,0.0,0.0,28.7,0.0,0.0,0.0,0.0,0.0,0.0,1.0,1.0,1.0,1.0,1.0,1.0,1.0,1.0,1.0,1.0,1.0,1.0,1.0,1.0,1.0,1.0,1.0,1.0,1.0,1.0,1.0,1.0,1.0,1.0,1.0,1.0,1.0,1.0,1.0,1.0,1.0
2648014,1,01/11/2008,1,172.0,606.9,22.0,25.0,1.0,1,1.0,,0.0,2.0,28.0,2.0,0.0,0.2,7.4,0.0,2.0,1.0,9.0,27.7,87.0,15.5,0.0,0.0,1.0,3.5,5.0,9.0,20.0,85.7,172.0,35.0,18.6,20.0,13.9,18.0,2.7,20.7,0.0,,1.0,1.0,1.0,1.0,1.0,1.0,1.0,1.0,1.0,1.0,1.0,1.0,1.0,1.0,1.0,1.0,1.0,1.0,1.0,1.0,1.0,1.0,1.0,1.0,1.0,1.0,1.0,1.0,1.0,1.0,0.0
2648014,1,01/10/2008,1,61.3,345.4,4.0,18.0,1.0,1,1.0,,0.0,16.0,0.0,13.0,61.3,12.9,0.0,0.0,0.0,0.3,3.0,3.5,0.0,0.0,0.0,6.8,12.3,53.3,49.0,38.5,8.3,9.0,0.0,0.0,8.3,0.0,11.6,0.0,0.0,37.3,1.0,0.0,1.0,1.0,1.0,1.0,1.0,1.0,1.0,1.0,1.0,1.0,1.0,1.0,1.0,1.0,1.0,1.0,1.0,1.0,1.0,1.0,1.0,1.0,1.0,1.0,1.0,1.0,1.0,1.0,1.0,1.0,1.0
2648014,1,01/09/2008,1,23.4,117.1,9.0,19.0,1.0,1,1.0,,0.0,0.1,0.0,0.0,0.0,5.0,1.7,0.0,0.0,23.4,0.7,0.5,7.0,19.0,0.0,0.0,0.3,0.0,0.0,1.7,1.3,12.2,0.0,0.1,0.0,3.0,8.9,7.7,3.0,18.7,2.8,,1.0,1.0,1.0,1.0,1.0,1.0,1.0,1.0,1.0,1.0,1.0,1.0,1.0,1.0,1.0,1.0,1.0,1.0,1.0,1.0,1.0,1.0,1.0,1.0,1.0,1.0,1.0,1.0,1.0,1.0,0.0
2648014,1,01/08/2008,1,37.0,119.7,13.0,16.0,1.0,1,1.0,,0.0,2.4,3.7,3.0,10.0,1.0,0.3,17.0,0.0,10.7,12.0,4.7,0.0,37.0,5.9,4.1,1.6,0.0,0.0,0.0,0.0,0.0,5.3,0.0,0.0,0.0,0.0,0.0,0.0,0.0,1.0,0.0,1.0,1.0,1.0,1.0,1.0,1.0,1.0,1.0,1.0,1.0,1.0,1.0,1.0,1.0,1.0,1.0,1.0,1.0,1.0,1.0,1.0,1.0,1.0,1.0,1.0,1.0,1.0,1.0,1.0,1.0,1.0
2648014,1,01/07/2008,1,18.0,23.1,24.0,6.0,1.0,1,1.0,,0.0,0.0,0.0,2.0,0.0,0.0,0.0,0.0,0.0,1.0,0.0,0.0,0.0,0.0,0.0,1.0,0.0,0.0,0.0,0.0,0.0,0.0,0.0,1.0,18.0,0.0,0.0,0.0,0.0,0.0,0.0,0.1,1.0,1.0,1.0,1.0,1.0,1.0,1.0,1.0,1.0,1.0,1.0,1.0,1.0,1.0,1.0,1.0,1.0,1.0,1.0,1.0,1.0,1.0,1.0,1.0,1.0,1.0,1.0,1.0,1.0,1.0,1.0
2648014,1,01/06/2008,2,21.7,88.6,4.0,12.0,1.0,1,1.0,,0.0,5.3,0.0,0.5,21.7,0.0,0.0,0.0,0.0,0.0,10.0,0.0,0.2,8.7,3.5,2.0,0.0,0.0,0.0,0.0,0.0,13.3,0.0,0.0,0.0,0.0,2.0,13.5,0.0,7.9,0.0,,1.0,1.0,1.0,1.0,1.0,1.0,1.0,1.0,1.0,1.0,1.0,1.0,1.0,1.0,1.0,1.0,1.0,1.0,1.0,1.0,1.0,1.0,1.0,1.0,1.0,1.0,1.0,1.0,1.0,1.0,0.0
2648014,1,01/05/2008,1,37.5,100.2,2.0,6.0,1.0,1,1.0,,0.0,0.0,37.5,35.5,0.0,0.0,0.0,0.0,0.5,0.0,0.0,0.0,0.0,0.0,0.0,0.0,0.0,0.0,0.0,0.0,0.0,0.0,0.0,0.0,0.0,0.0,0.0,2.0,0.0,1.7,23.0,0.0,1.0,1.0,1.0,1.0,1.0,1.0,1.0,1.0,1.0,1.0,1.0,1.0,1.0,1.0,1.0,1.0,1.0,1.0,1.0,1.0,1.0,1.0,1.0,1.0,1.0,1.0,1.0,1.0,1.0,1.0,1.0
2648014,1,01/04/2008,1,51.0,173.9,29.0,11.0,1.0,1,1.0,,0.0,0.0,0.0,21.9,0.0,0.0,0.0,0.0,0.0,0.0,0.0,15.0,0.9,0.0,31.6,3.3,2.5,3.3,0.0,0.0,3.2,40.7,0.5,0.0,0.0,0.0,0.0,0.0,0.0,51.0,0.0,,1.0,1.0,1.0,1.0,1.0,1.0,1.0,1.0,1.0,1.0,1.0,1.0,1.0,1.0,1.0,1.0,1.0,1.0,1.0,1.0,1.0,1.0,1.0,1.0,1.0,1.0,1.0,1.0,1.0,1.0,0.0
2648014,1,01/03/2008,1,50.0,204.3,17.0,18.0,1.0,1,1.0,,0.0,3.8,7.1,0.0,0.0,0.0,0.0,0.0,9.0,0.0,0.0,0.2,15.5,2.0,4.0,24.0,26.0,50.0,15.0,0.0,0.0,1.7,0.7,0.0,16.0,11.0,0.5,0.0,0.0,0.1,0.0,17.7,1.0,1.0,1.0,1.0,1.0,1.0,1.0,1.0,1.0,1.0,1.0,1.0,1.0,1.0,1.0,1.0,1.0,1.0,1.0,1.0,1.0,1.0,1.0,1.0,1.0,1.0,1.0,1.0,1.0,1.0,1.0
2648014,1,01/02/2008,1,116.1,350.2,27.0,24.0,1.0,1,1.0,,0.0,17.7,3.0,7.0,0.0,1.0,0.0,8.4,21.0,4.5,0.0,50.9,6.0,19.0,0.0,11.3,1.0,2.0,0.1,1.0,0.0,0.2,0.5,0.2,40.0,7.0,14.4,116.1,14.6,3.3,,,1.0,1.0,1.0,1.0,1.0,1.0,1.0,1.0,1.0,1.0,1.0,1.0,1.0,1.0,1.0,1.0,1.0,1.0,1.0,1.0,1.0,1.0,3.0,1.0,1.0,1.0,1.0,1.0,1.0,0.0,0.0
2648014,1,01/01/2008,1,60.0,337.4,30.0,20.0,1.0,1,1.0,,0.0,12.5,7.2,0.0,0.0,18.0,0.0,0.0,0.0,0.0,0.0,0.0,47.2,1.0,21.0,7.0,0.0,11.0,11.0,7.0,0.0,0.0,4.1,15.5,7.6,2.7,11.7,6.7,2.6,38.1,60.0,45.5,1.0,1.0,1.0,1.0,1.0,1.0,1.0,1.0,1.0,1.0,1.0,1.0,1.0,1.0,1.0,1.0,1.0,1.0,1.0,1.0,1.0,1.0,1.0,1.0,1.0,1.0,1.0,1.0,1.0,1.0,1.0
2648014,1,01/12/2007,1,105.0,197.2,6.0,12.0,1.0,1,1.0,,0.0,0.0,0.0,0.0,0.0,3.7,105.0,3.5,0.0,0.0,2.2,14.0,21.0,0.0,0.0,0.0,0.0,0.0,17.7,9.7,2.0,2.0,0.0,0.0,0.0,0.0,8.0,0.0,0.0,0.0,0.0,8.4,1.0,1.0,1.0,1.0,1.0,1.0,1.0,1.0,1.0,1.0,1.0,1.0,1.0,1.0,1.0,1.0,1.0,1.0,1.0,1.0,1.0,1.0,1.0,1.0,1.0,1.0,1.0,1.0,1.0,1.0,1.0
2648014,1,01/11/2007,1,61.0,151.3,3.0,11.0,1.0,1,1.0,,0.0,2.8,25.0,61.0,0.0,0.0,0.0,6.9,0.0,0.0,9.7,25.6,0.0,4.7,4.0,0.0,1.3,9.0,1.3,0.0,0.0,0.0,0.0,0.0,0.0,0.0,0.0,0.0,0.0,0.0,0.0,,1.0,1.0,1.0,1.0,1.0,1.0,1.0,1.0,1.0,1.0,1.0,1.0,1.0,1.0,1.0,1.0,1.0,1.0,1.0,1.0,1.0,1.0,1.0,1.0,1.0,1.0,1.0,1.0,1.0,1.0,0.0
2648014,1,01/10/2007,1,18.6,144.4,16.0,22.0,1.0,1,1.0,,0.0,0.0,0.0,0.0,0.0,0.0,0.0,0.0,0.0,7.0,8.0,2.0,2.0,9.0,8.0,8.0,18.6,11.9,4.0,4.0,8.0,2.0,2.0,1.0,2.0,15.0,1.9,4.0,7.0,0.0,12.0,7.0,1.0,1.0,1.0,1.0,1.0,1.0,1.0,1.0,1.0,1.0,1.0,1.0,1.0,1.0,1.0,1.0,1.0,1.0,1.0,1.0,1.0,1.0,1.0,1.0,1.0,1.0,1.0,1.0,1.0,1.0,1.0
2648014,1,01/09/2007,1,28.3,109.8,21.0,9.0,1.0,1,1.0,,0.0,26.0,6.0,0.0,5.1,0.0,0.0,0.0,0.0,0.0,0.0,0.0,0.0,0.0,0.0,0.0,0.0,1.0,9.7,0.0,0.0,28.3,23.5,0.0,0.0,0.0,0.0,8.7,1.5,0.0,0.0,,1.0,1.0,1.0,1.0,1.0,1.0,1.0,1.0,1.0,1.0,1.0,1.0,1.0,1.0,1.0,1.0,1.0,1.0,1.0,1.0,1.0,1.0,1.0,1.0,1.0,1.0,1.0,1.0,1.0,1.0,0.0
2648014,1,01/08/2007,1,19.3,44.1,31.0,4.0,1.0,1,1.0,,0.0,0.0,0.0,0.0,0.0,0.0,2.5,0.0,0.0,0.0,0.0,0.0,0.0,0.0,0.0,0.0,0.0,0.0,0.0,0.0,0.0,0.0,0.0,0.0,0.0,0.0,0.0,0.0,0.0,10.3,12.0,19.3,1.0,1.0,1.0,1.0,1.0,1.0,1.0,1.0,1.0,1.0,1.0,1.0,1.0,1.0,1.0,1.0,1.0,1.0,1.0,1.0,1.0,1.0,1.0,1.0,1.0,1.0,1.0,1.0,3.0,1.0,1.0
2648014,1,01/07/2007,1,21.7,68.0,25.0,9.0,1.0,1,1.0,,0.0,0.0,0.0,0.0,0.0,0.0,0.0,0.0,0.0,0.0,0.0,0.0,7.5,2.2,6.0,1.3,0.0,0.0,4.7,0.0,0.0,0.0,0.0,21.0,0.0,21.7,0.0,0.0,0.0,0.0,0.3,3.3,1.0,1.0,1.0,1.0,1.0,1.0,1.0,1.0,1.0,1.0,1.0,1.0,1.0,1.0,1.0,1.0,1.0,1.0,1.0,1.0,1.0,1.0,1.0,1.0,1.0,1.0,1.0,1.0,1.0,1.0,1.0
2648014,1,01/06/2007,1,5.8,11.2,2.0,3.0,1.0,1,1.0,,0.0,5.0,5.8,0.0,0.0,0.0,0.0,0.0,0.0,0.0,0.0,0.0,0.0,0.0,0.0,0.0,0.0,0.0,0.0,0.0,0.0,0.0,0.0,0.0,0.0,0.4,0.0,0.0,0.0,0.0,0.0,,1.0,1.0,1.0,1.0,1.0,1.0,1.0,1.0,1.0,1.0,1.0,1.0,1.0,1.0,1.0,1.0,1.0,1.0,1.0,1.0,1.0,1.0,1.0,1.0,1.0,1.0,1.0,1.0,1.0,1.0,0.0
2648014,1,01/05/2007,1,55.0,202.6,13.0,13.0,1.0,1,1.0,,0.0,0.0,0.0,0.0,1.0,1.0,0.0,0.0,43.0,6.0,0.0,2.0,0.0,55.0,1.3,0.0,0.0,0.0,25.0,18.5,2.0,16.0,28.5,0.0,0.0,0.0,0.0,0.0,0.0,0.0,0.0,3.3,1.0,1.0,1.0,1.0,1.0,1.0,1.0,1.0,1.0,1.0,1.0,1.0,1.0,1.0,1.0,1.0,1.0,1.0,1.0,1.0,1.0,1.0,1.0,1.0,1.0,1.0,1.0,1.0,1.0,1.0,1.0
2648014,1,01/04/2007,1,24.0,72.5,26.0,12.0,1.0,1,1.0,,0.0,3.0,0.0,0.0,12.4,0.0,0.0,5.5,4.0,4.0,0.0,0.0,0.0,3.0,0.0,0.0,0.3,0.0,0.0,0.0,6.5,0.0,0.0,0.0,0.0,2.0,24.0,6.8,0.0,0.0,1.0,,1.0,1.0,1.0,1.0,1.0,1.0,1.0,1.0,1.0,1.0,1.0,1.0,1.0,1.0,1.0,1.0,1.0,1.0,1.0,1.0,1.0,1.0,1.0,1.0,1.0,1.0,1.0,1.0,1.0,1.0,0.0
2648014,1,01/03/2007,1,33.0,144.0,14.0,11.0,1.0,1,1.0,,0.0,0.0,0.0,2.7,0.0,0.0,0.0,0.0,0.0,0.0,25.6,18.0,13.5,11.0,33.0,1.0,32.0,0.4,0.0,3.4,0.0,0.0,0.0,0.0,0.0,0.0,3.4,0.0,0.0,0.0,0.0,0.0,1.0,1.0,1.0,1.0,1.0,1.0,1.0,1.0,1.0,1.0,1.0,1.0,1.0,1.0,1.0,1.0,1.0,1.0,1.0,1.0,1.0,1.0,1.0,1.0,1.0,1.0,1.0,1.0,1.0,1.0,1.0
2648014,1,01/02/2007,1,34.6,233.8,19.0,18.0,1.0,1,1.0,,0.0,0.0,15.0,0.0,0.0,0.0,8.2,13.0,4.0,8.0,4.3,0.3,24.0,12.0,2.9,23.0,0.0,0.0,5.6,34.6,1.6,6.2,17.5,0.0,0.0,22.6,0.0,0.0,31.0,,,,1.0,1.0,1.0,1.0,1.0,1.0,1.0,1.0,1.0,1.0,1.0,1.0,3.0,1.0,1.0,1.0,1.0,1.0,1.0,1.0,1.0,1.0,1.0,1.0,1.0,1.0,1.0,1.0,0.0,0.0,0.0
2648014,1,01/01/2007,1,73.0,202.7,29.0,20.0,1.0,1,1.0,,0.0,7.0,6.0,6.6,0.4,0.0,6.4,4.0,9.0,23.0,0.0,0.0,5.3,11.5,0.0,6.7,0.0,1.0,5.0,15.5,6.9,0.0,2.0,1.7,0.0,0.0,0.0,7.2,0.0,73.0,4.5,0.0,1.0,1.0,1.0,1.0,1.0,1.0,1.0,1.0,1.0,1.0,1.0,1.0,1.0,1.0,1.0,1.0,1.0,1.0,1.0,1.0,1.0,1.0,1.0,1.0,1.0,1.0,1.0,1.0,1.0,1.0,1.0
2648014,2,01/12/2006,1,20.0,86.6,7.0,13.0,1.0,1,1.0,,0.0,0.0,0.0,0.0,0.0,0.0,0.0,20.0,0.0,0.0,0.0,4.7,0.0,2.0,7.9,0.0,0.0,0.0,0.0,0.0,3.0,7.0,8.5,6.0,10.5,7.5,1.0,0.0,0.0,0.0,5.5,3.0,1.0,1.0,1.0,1.0,1.0,1.0,1.0,1.0,1.0,1.0,3.0,1.0,1.0,1.0,1.0,1.0,1.0,1.0,1.0,1.0,1.0,1.0,1.0,1.0,1.0,1.0,1.0,1.0,1.0,1.0,1.0
2648014,1,01/12/2006,1,20.0,86.6,7.0,13.0,1.0,1,1.0,,0.0,0.0,0.0,0.0,0.0,0.0,0.0,20.0,0.0,0.0,0.0,4.7,0.0,2.0,7.9,0.0,0.0,0.0,0.0,0.0,3.0,7.0,8.5,6.0,10.5,7.5,1.0,0.0,0.0,0.0,5.5,3.0,1.0,1.0,1.0,1.0,1.0,1.0,1.0,1.0,1.0,1.0,3.0,1.0,1.0,1.0,1.0,1.0,1.0,1.0,1.0,1.0,1.0,1.0,1.0,1.0,1.0,1.0,1.0,1.0,1.0,1.0,1.0
2648014,2,01/11/2006,1,70.0,315.1,28.0,15.0,1.0,1,1.0,,0.0,8.1,4.0,0.0,0.0,20.0,10.0,0.0,0.0,0.0,0.0,0.0,0.0,15.0,5.0,0.0,0.0,0.0,10.0,20.0,30.0,0.0,0.0,0.0,0.0,2.0,1.0,60.0,70.0,30.0,30.0,,1.0,1.0,1.0,1.0,1.0,1.0,1.0,1.0,1.0,1.0,1.0,1.0,1.0,1.0,1.0,1.0,1.0,1.0,1.0,1.0,1.0,1.0,1.0,1.0,1.0,1.0,1.0,1.0,1.0,1.0,0.0
2648014,1,01/11/2006,1,70.0,315.1,28.0,15.0,1.0,1,1.0,,0.0,8.1,4.0,0.0,0.0,20.0,10.0,0.0,0.0,0.0,0.0,0.0,0.0,15.0,5.0,0.0,0.0,0.0,10.0,20.0,30.0,0.0,0.0,0.0,0.0,2.0,1.0,60.0,70.0,30.0,30.0,,1.0,1.0,1.0,1.0,1.0,1.0,1.0,1.0,1.0,1.0,1.0,1.0,1.0,1.0,1.0,1.0,1.0,1.0,1.0,1.0,1.0,1.0,1.0,1.0,1.0,1.0,1.0,1.0,1.0,1.0,0.0
2648014,2,01/10/2006,1,26.0,75.2,2.0,9.0,1.0,1,1.0,,0.0,7.0,26.0,10.0,0.0,0.0,0.0,0.0,0.2,0.5,0.0,0.0,0.0,8.0,0.0,0.5,3.0,0.0,0.0,0.0,0.0,0.0,20.0,0.0,0.0,0.0,0.0,0.0,0.0,0.0,0.0,0.0,1.0,1.0,1.0,1.0,1.0,1.0,1.0,1.0,1.0,1.0,1.0,1.0,1.0,1.0,1.0,1.0,1.0,1.0,1.0,1.0,1.0,1.0,1.0,1.0,1.0,1.0,1.0,1.0,1.0,1.0,1.0
2648014,1,01/10/2006,1,20.0,69.2,2.0,9.0,1.0,1,1.0,,0.0,7.0,20.0,10.0,0.0,0.0,0.0,0.0,0.2,0.5,0.0,0.0,0.0,8.0,0.0,0.5,3.0,0.0,0.0,0.0,0.0,0.0,20.0,0.0,0.0,0.0,0.0,0.0,0.0,0.0,0.0,0.0,1.0,1.0,1.0,1.0,1.0,1.0,1.0,1.0,1.0,1.0,1.0,1.0,1.0,1.0,1.0,1.0,1.0,1.0,1.0,1.0,1.0,1.0,1.0,1.0,1.0,1.0,1.0,1.0,1.0,1.0,1.0
2648014,2,01/09/2006,1,20.0,45.1,20.0,9.0,1.0,1,1.0,,0.0,7.0,0.0,0.0,0.0,0.0,0.0,0.0,0.0,0.0,0.0,0.0,0.0,0.5,0.1,0.0,2.0,0.0,0.0,8.0,20.0,0.5,0.0,0.0,0.0,0.0,0.0,0.0,0.0,5.0,2.0,,1.0,1.0,1.0,1.0,1.0,1.0,1.0,1.0,1.0,1.0,1.0,1.0,1.0,1.0,1.0,1.0,1.0,1.0,1.0,1.0,1.0,1.0,1.0,1.0,1.0,1.0,1.0,1.0,1.0,1.0,0.0
2648014,1,01/09/2006,1,20.0,45.1,20.0,9.0,1.0,1,1.0,,0.0,7.0,0.0,0.0,0.0,0.0,0.0,0.0,0.0,0.0,0.0,0.0,0.0,0.5,0.1,0.0,2.0,0.0,0.0,8.0,20.0,0.5,0.0,0.0,0.0,0.0,0.0,0.0,0.0,5.0,2.0,,1.0,1.0,1.0,1.0,1.0,1.0,1.0,1.0,1.0,1.0,1.0,1.0,1.0,1.0,1.0,1.0,1.0,1.0,1.0,1.0,1.0,1.0,1.0,1.0,1.0,1.0,1.0,1.0,1.0,1.0,0.0
2648014,2,01/08/2006,1,,35.0,,,0.0,2,0.0,,0.0,,,,,,,,,,,,,,,,,,,,,,,,,,,,,,,,0.0,0.0,0.0,0.0,0.0,0.0,0.0,0.0,0.0,0.0,0.0,0.0,0.0,0.0,0.0,0.0,0.0,0.0,0.0,0.0,0.0,0.0,0.0,0.0,0.0,0.0,0.0,0.0,0.0,0.0,0.0
2648014,1,01/08/2006,1,3.0,3.6,2.0,4.0,1.0,1,1.0,,0.0,0.0,3.0,0.0,0.0,0.0,0.0,0.0,0.0,0.0,0.0,0.0,0.0,0.0,0.0,0.0,0.0,0.3,0.0,0.0,0.0,0.0,0.0,0.0,0.0,0.0,0.0,0.2,0.0,0.0,0.1,0.0,1.0,1.0,1.0,1.0,1.0,1.0,1.0,1.0,1.0,1.0,1.0,1.0,1.0,1.0,1.0,1.0,1.0,1.0,1.0,1.0,1.0,1.0,1.0,1.0,1.0,1.0,1.0,1.0,1.0,1.0,1.0
2648014,2,01/07/2006,1,12.0,31.0,10.0,3.0,1.0,1,1.0,,0.0,0.0,0.0,0.0,0.0,0.0,0.0,0.0,0.0,0.0,12.0,0.0,0.0,0.0,0.0,0.0,0.0,0.0,0.0,0.0,0.0,0.0,0.0,0.0,0.0,10.0,9.0,0.0,0.0,0.0,0.0,0.0,1.0,1.0,1.0,1.0,1.0,1.0,1.0,1.0,1.0,1.0,1.0,1.0,1.0,1.0,1.0,1.0,1.0,1.0,1.0,1.0,1.0,1.0,1.0,1.0,1.0,1.0,1.0,1.0,1.0,1.0,1.0
2648014,1,01/07/2006,1,12.0,31.0,10.0,3.0,1.0,1,1.0,,0.0,0.0,0.0,0.0,0.0,0.0,0.0,0.0,0.0,0.0,12.0,0.0,0.0,0.0,0.0,0.0,0.0,0.0,0.0,0.0,0.0,0.0,0.0,0.0,0.0,10.0,9.0,0.0,0.0,0.0,0.0,0.0,1.0,1.0,1.0,1.0,1.0,1.0,1.0,1.0,1.0,1.0,1.0,1.0,1.0,1.0,1.0,1.0,1.0,1.0,1.0,1.0,1.0,1.0,1.0,1.0,1.0,1.0,1.0,1.0,1.0,1.0,1.0
2648014,2,01/06/2006,1,11.0,30.8,29.0,6.0,1.0,1,1.0,,0.0,0.0,0.0,0.0,0.5,0.0,0.0,0.0,0.0,0.0,0.5,0.0,0.0,0.0,0.0,0.0,0.0,0.0,0.0,0.0,0.0,0.0,0.0,0.0,0.0,0.0,0.5,0.0,8.3,11.0,10.0,,1.0,1.0,1.0,1.0,1.0,1.0,1.0,1.0,1.0,1.0,1.0,1.0,1.0,1.0,1.0,1.0,1.0,1.0,1.0,1.0,1.0,1.0,1.0,1.0,1.0,1.0,1.0,1.0,1.0,1.0,0.0
2648014,1,01/06/2006,1,11.0,30.8,29.0,6.0,1.0,1,1.0,,0.0,0.0,0.0,0.0,0.5,0.0,0.0,0.0,0.0,0.0,0.5,0.0,0.0,0.0,0.0,0.0,0.0,0.0,0.0,0.0,0.0,0.0,0.0,0.0,0.0,0.0,0.5,0.0,8.3,11.0,10.0,,1.0,1.0,1.0,1.0,1.0,1.0,1.0,1.0,1.0,1.0,1.0,1.0,1.0,1.0,1.0,1.0,1.0,1.0,1.0,1.0,1.0,1.0,1.0,1.0,1.0,1.0,1.0,1.0,1.0,1.0,0.0
2648014,2,01/05/2006,1,5.5,11.5,23.0,3.0,3.0,1,3.0,,0.0,0.0,0.0,0.0,0.0,0.0,0.0,0.0,0.0,0.0,0.0,0.0,0.0,0.0,0.0,0.0,0.0,0.0,0.0,0.0,0.0,4.0,2.0,5.5,0.0,0.0,0.0,0.0,0.0,0.0,0.0,0.0,1.0,1.0,1.0,1.0,1.0,1.0,1.0,1.0,1.0,1.0,1.0,1.0,1.0,1.0,1.0,1.0,1.0,1.0,1.0,1.0,1.0,1.0,1.0,1.0,1.0,1.0,1.0,1.0,1.0,1.0,1.0
2648014,1,01/05/2006,1,5.5,11.5,23.0,3.0,3.0,3,3.0,,0.0,0.0,0.0,0.0,0.0,0.0,0.0,0.0,0.0,0.0,0.0,0.0,0.0,0.0,0.0,0.0,0.0,0.0,0.0,0.0,0.0,4.0,2.0,5.5,0.0,0.0,0.0,0.0,0.0,0.0,0.0,0.0,1.0,1.0,1.0,1.0,1.0,1.0,1.0,1.0,1.0,1.0,1.0,1.0,1.0,1.0,1.0,1.0,1.0,1.0,1.0,1.0,1.0,1.0,1.0,1.0,1.0,1.0,3.0,1.0,1.0,1.0,1.0
2648014,2,01/04/2006,1,24.7,54.6,10.0,8.0,1.0,1,1.0,,0.0,0.0,0.0,11.0,2.0,0.0,3.8,4.5,2.7,0.0,24.7,0.0,0.0,0.0,0.0,0.0,0.0,4.5,0.0,0.0,1.4,0.0,0.0,0.0,0.0,0.0,0.0,0.0,0.0,0.0,0.0,,1.0,1.0,1.0,1.0,1.0,1.0,1.0,1.0,1.0,1.0,1.0,1.0,1.0,1.0,1.0,1.0,1.0,1.0,1.0,1.0,1.0,1.0,1.0,1.0,1.0,1.0,1.0,1.0,1.0,1.0,0.0
2648014,1,01/04/2006,1,24.7,54.6,10.0,8.0,1.0,1,1.0,,0.0,0.0,0.0,11.0,2.0,0.0,3.8,4.5,2.7,0.0,24.7,0.0,0.0,0.0,0.0,0.0,0.0,4.5,0.0,0.0,1.4,0.0,0.0,0.0,0.0,0.0,0.0,0.0,0.0,0.0,0.0,,1.0,1.0,1.0,1.0,1.0,1.0,1.0,1.0,1.0,1.0,1.0,1.0,1.0,1.0,1.0,1.0,1.0,1.0,1.0,1.0,1.0,1.0,1.0,1.0,1.0,1.0,1.0,1.0,1.0,1.0,0.0
2648014,2,01/03/2006,1,40.0,142.7,25.0,11.0,1.0,1,1.0,,0.0,0.0,0.0,0.0,34.0,0.0,0.0,0.0,0.0,0.0,0.0,19.9,0.0,0.7,0.0,0.0,0.0,0.0,0.0,0.0,0.6,6.3,0.0,0.0,8.0,40.0,1.0,0.0,0.7,28.0,0.0,3.5,1.0,1.0,1.0,1.0,1.0,1.0,1.0,1.0,1.0,1.0,1.0,1.0,1.0,1.0,1.0,1.0,1.0,1.0,1.0,1.0,1.0,1.0,1.0,1.0,1.0,1.0,1.0,1.0,1.0,1.0,1.0
2648014,1,01/03/2006,1,40.0,132.7,25.0,11.0,1.0,1,1.0,,0.0,0.0,0.0,0.0,34.0,0.0,0.0,0.0,0.0,0.0,9.9,0.0,0.7,0.0,0.0,0.0,0.0,0.0,0.0,0.0,0.6,6.3,0.0,0.0,8.0,40.0,1.0,0.0,0.7,28.0,0.0,3.5,1.0,1.0,1.0,1.0,1.0,1.0,1.0,1.0,1.0,1.0,1.0,1.0,1.0,1.0,1.0,1.0,1.0,1.0,1.0,1.0,1.0,1.0,1.0,1.0,1.0,1.0,1.0,1.0,1.0,1.0,1.0
2648014,2,01/02/2006,1,36.4,202.2,21.0,14.0,1.0,1,1.0,,0.0,0.0,0.0,0.0,0.0,0.0,10.0,1.0,5.2,0.1,5.7,27.5,0.0,0.0,0.0,0.0,10.0,18.0,21.5,23.0,1.0,36.4,32.0,0.0,10.8,0.0,0.0,0.0,0.0,,,,1.0,1.0,1.0,1.0,1.0,1.0,1.0,1.0,1.0,1.0,1.0,1.0,1.0,1.0,1.0,1.0,1.0,1.0,1.0,1.0,1.0,1.0,1.0,1.0,1.0,1.0,1.0,1.0,0.0,0.0,0.0
2648014,1,01/02/2006,1,36.4,202.2,21.0,14.0,1.0,1,1.0,,0.0,0.0,0.0,0.0,0.0,0.0,10.0,1.0,5.2,0.1,5.7,27.5,0.0,0.0,0.0,0.0,10.0,18.0,21.5,23.0,1.0,36.4,32.0,0.0,10.8,0.0,0.0,0.0,0.0,,,,1.0,1.0,1.0,1.0,1.0,1.0,1.0,1.0,1.0,1.0,1.0,1.0,1.0,1.0,1.0,1.0,1.0,1.0,1.0,1.0,1.0,1.0,1.0,1.0,1.0,1.0,1.0,1.0,0.0,0.0,0.0
2648014,2,01/01/2006,1,,127.6,,,0.0,2,0.0,,0.0,,,,,,,,,,,,,,,,,,,,,,,,,,,,,,,,0.0,0.0,0.0,0.0,0.0,0.0,0.0,0.0,0.0,0.0,0.0,0.0,0.0,0.0,0.0,0.0,0.0,0.0,0.0,0.0,0.0,0.0,0.0,0.0,0.0,0.0,0.0,0.0,0.0,0.0,0.0
2648014,1,01/01/2006,1,5.0,14.0,25.0,5.0,1.0,1,1.0,,0.0,3.0,0.0,0.0,0.0,0.0,0.0,0.0,0.0,0.0,0.0,0.0,0.0,0.0,0.0,0.0,2.0,0.0,0.0,0.0,0.0,0.0,0.0,2.0,0.0,5.0,2.0,0.0,0.0,0.0,0.0,0.0,1.0,1.0,1.0,1.0,1.0,1.0,1.0,1.0,1.0,1.0,1.0,1.0,1.0,1.0,1.0,1.0,1.0,1.0,1.0,1.0,1.0,1.0,1.0,1.0,1.0,1.0,1.0,1.0,1.0,1.0,1.0
2648014,1,01/12/2005,1,9.0,26.0,31.0,8.0,1.0,1,1.0,,0.0,0.0,0.0,0.0,2.0,0.0,0.0,0.0,2.0,0.0,0.0,0.0,2.0,1.0,0.0,0.0,0.0,0.0,0.0,0.0,3.0,0.0,2.0,0.0,0.0,0.0,0.0,0.0,0.0,0.0,5.0,9.0,1.0,1.0,1.0,1.0,1.0,1.0,1.0,1.0,1.0,1.0,1.0,1.0,1.0,1.0,1.0,1.0,1.0,1.0,1.0,1.0,1.0,1.0,1.0,1.0,1.0,1.0,1.0,1.0,1.0,1.0,1.0
2648014,1,01/11/2005,1,20.0,50.0,8.0,9.0,1.0,1,1.0,,0.0,0.0,0.0,0.0,0.0,0.0,0.0,5.1,20.0,5.0,0.2,0.7,0.0,0.0,0.0,0.0,2.0,10.0,5.0,0.0,0.0,0.0,0.0,0.0,0.0,2.0,0.0,0.0,0.0,0.0,0.0,,1.0,1.0,1.0,1.0,1.0,1.0,1.0,1.0,1.0,1.0,1.0,1.0,1.0,1.0,1.0,1.0,1.0,1.0,1.0,1.0,1.0,1.0,1.0,1.0,1.0,1.0,1.0,1.0,1.0,1.0,0.0
2648014,1,01/10/2005,1,81.0,149.4,31.0,12.0,1.0,1,1.0,,0.0,0.0,0.2,0.0,0.0,40.5,4.1,5.0,1.0,0.0,0.0,0.0,0.0,1.0,0.3,0.0,0.0,0.0,0.0,0.0,0.0,0.3,0.0,0.0,0.0,0.0,0.0,3.0,10.0,0.0,3.0,81.0,1.0,1.0,1.0,1.0,1.0,1.0,1.0,1.0,1.0,1.0,1.0,1.0,1.0,1.0,1.0,1.0,1.0,1.0,1.0,1.0,1.0,1.0,1.0,1.0,1.0,1.0,1.0,1.0,1.0,1.0,1.0
2648014,1,01/09/2005,1,57.1,164.7,4.0,12.0,1.0,1,1.0,,0.0,37.1,0.0,0.0,57.1,0.0,0.0,0.0,0.0,0.0,0.0,28.4,19.0,4.5,0.0,0.6,0.1,0.0,2.2,0.0,0.0,0.0,0.0,0.0,0.0,10.3,0.0,0.0,0.7,3.8,0.9,,1.0,1.0,1.0,1.0,1.0,1.0,1.0,1.0,1.0,1.0,1.0,1.0,1.0,1.0,1.0,1.0,1.0,1.0,1.0,1.0,1.0,1.0,1.0,1.0,1.0,1.0,1.0,1.0,1.0,1.0,0.0
2648014,1,01/08/2005,1,55.4,124.6,31.0,5.0,1.0,1,1.0,,0.0,0.0,0.0,0.0,0.0,0.0,0.0,0.0,0.0,20.4,47.5,0.0,0.0,0.0,0.0,0.0,0.0,0.0,0.0,0.0,0.0,0.3,0.0,0.0,0.0,1.0,0.0,0.0,0.0,0.0,0.0,55.4,1.0,1.0,1.0,1.0,1.0,3.0,1.0,1.0,1.0,1.0,1.0,1.0,1.0,1.0,1.0,1.0,1.0,1.0,1.0,1.0,1.0,1.0,1.0,1.0,1.0,1.0,1.0,1.0,1.0,1.0,1.0
2648014,2,01/12/2004,1,,156.1,,,,2,,,,,,,,,,,,,,,,,,,,,,,,,,,,,,,,,,,,,,,,,,,,,,,,,,,,,,,,,,,,,,,,,
2648014,2,01/11/2004,1,,82.0,,,,2,,,,,,,,,,,,,,,,,,,,,,,,,,,,,,,,,,,,,,,,,,,,,,,,,,,,,,,,,,,,,,,,,
2648014,2,01/10/2004,1,,89.4,,,,2,,,,,,,,,,,,,,,,,,,,,,,,,,,,,,,,,,,,,,,,,,,,,,,,,,,,,,,,,,,,,,,,,
2648014,2,01/09/2004,1,,116.7,,,,2,,,,,,,,,,,,,,,,,,,,,,,,,,,,,,,,,,,,,,,,,,,,,,,,,,,,,,,,,,,,,,,,,
2648014,2,01/08/2004,1,,37.0,,,,2,,,,,,,,,,,,,,,,,,,,,,,,,,,,,,,,,,,,,,,,,,,,,,,,,,,,,,,,,,,,,,,,,
2648014,2,01/07/2004,1,,114.9,,,,2,,,,,,,,,,,,,,,,,,,,,,,,,,,,,,,,,,,,,,,,,,,,,,,,,,,,,,,,,,,,,,,,,
2648014,2,01/06/2004,1,,32.9,,,,2,,,,,,,,,,,,,,,,,,,,,,,,,,,,,,,,,,,,,,,,,,,,,,,,,,,,,,,,,,,,,,,,,
2648014,1,01/03/2003,1,122.1,303.3,8.0,14.0,1.0,1,1.0,,0.0,0.0,0.0,51.0,10.0,20.0,0.0,23.0,122.1,22.0,9.0,5.0,0.0,4.0,0.0,0.0,0.0,0.0,0.0,0.0,16.0,0.0,0.0,4.1,2.5,0.0,14.3,0.3,0.0,0.0,0.0,0.0,1.0,1.0,1.0,1.0,1.0,1.0,1.0,1.0,1.0,1.0,1.0,1.0,1.0,1.0,1.0,1.0,1.0,1.0,1.0,1.0,1.0,1.0,1.0,1.0,1.0,1.0,1.0,1.0,1.0,1.0,1.0
2648014,1,01/02/2003,1,43.0,119.0,25.0,10.0,1.0,1,1.0,,0.0,0.0,0.0,0.0,2.1,0.0,11.1,0.0,1.1,0.0,0.0,0.0,0.0,0.0,25.3,0.0,3.1,24.0,3.0,0.0,0.0,0.0,4.0,2.3,0.0,43.0,0.0,0.0,0.0,,,,1.0,1.0,1.0,1.0,1.0,1.0,1.0,1.0,1.0,1.0,1.0,1.0,1.0,1.0,1.0,1.0,1.0,1.0,1.0,1.0,1.0,1.0,1.0,1.0,1.0,1.0,1.0,1.0,0.0,0.0,0.0
2648014,1,01/01/2003,1,70.0,296.1,26.0,16.0,1.0,1,1.0,,0.0,0.0,2.0,40.1,0.0,0.0,0.0,0.0,0.0,0.0,30.0,5.3,1.0,14.0,5.0,0.0,3.0,0.0,0.0,0.0,16.1,13.0,12.3,0.0,25.0,14.0,70.0,40.1,0.0,5.2,0.0,0.0,1.0,1.0,1.0,1.0,1.0,1.0,1.0,1.0,1.0,1.0,1.0,1.0,1.0,1.0,1.0,1.0,1.0,1.0,1.0,1.0,1.0,1.0,1.0,1.0,1.0,1.0,1.0,1.0,1.0,1.0,1.0
2648014,1,01/12/2002,1,30.0,150.2,8.0,20.0,1.0,1,1.0,,0.0,0.0,0.0,1.4,2.4,0.0,8.1,2.1,30.0,3.1,7.2,4.0,7.2,0.0,1.3,5.3,3.2,0.4,0.0,0.5,26.1,6.3,1.2,0.1,16.1,0.0,0.0,0.0,0.0,0.0,0.0,24.2,1.0,1.0,1.0,1.0,1.0,1.0,1.0,1.0,1.0,1.0,1.0,1.0,1.0,1.0,1.0,1.0,1.0,1.0,1.0,1.0,1.0,1.0,1.0,1.0,1.0,1.0,1.0,1.0,1.0,1.0,1.0
2648014,1,01/11/2002,1,17.2,75.5,10.0,11.0,1.0,1,1.0,,0.0,5.1,0.0,0.0,14.1,2.1,5.2,0.0,0.0,0.0,17.2,0.0,0.0,0.0,0.0,6.2,0.0,2.1,4.1,0.0,0.0,0.0,0.0,0.0,0.0,13.2,0.0,0.0,0.0,3.2,3.0,,1.0,1.0,1.0,1.0,1.0,1.0,1.0,1.0,1.0,1.0,1.0,1.0,1.0,1.0,1.0,1.0,1.0,1.0,1.0,1.0,1.0,1.0,1.0,1.0,1.0,1.0,1.0,1.0,1.0,1.0,0.0
2648014,1,01/10/2002,1,46.0,116.4,29.0,12.0,1.0,1,1.0,,0.0,0.0,0.0,0.0,0.0,0.0,0.0,0.0,0.0,2.4,0.2,2.4,0.4,0.0,0.0,5.1,0.0,0.0,0.0,0.0,1.0,0.0,0.5,0.0,7.9,7.0,0.0,0.0,0.0,46.0,24.2,19.3,1.0,1.0,1.0,1.0,1.0,1.0,1.0,1.0,1.0,1.0,1.0,1.0,1.0,1.0,1.0,1.0,1.0,1.0,1.0,1.0,1.0,1.0,1.0,1.0,1.0,1.0,1.0,1.0,1.0,1.0,1.0
2648014,1,01/09/2002,1,43.4,178.2,13.0,11.0,1.0,1,1.0,,0.0,0.0,0.0,0.0,2.0,12.0,29.1,2.1,0.0,0.0,0.0,0.0,1.3,43.4,0.0,0.0,0.2,2.1,0.0,43.0,34.0,0.0,0.0,0.0,0.0,0.0,0.0,0.0,0.0,0.0,9.0,,1.0,1.0,1.0,1.0,1.0,1.0,1.0,1.0,1.0,1.0,1.0,1.0,1.0,1.0,1.0,1.0,1.0,1.0,1.0,1.0,1.0,1.0,1.0,1.0,1.0,1.0,1.0,1.0,1.0,1.0,0.0
2648014,1,01/08/2002,1,20.8,100.3,8.0,18.0,1.0,1,1.0,,0.0,5.2,0.5,9.8,8.8,10.8,6.5,3.2,20.8,15.5,0.0,0.0,0.0,0.0,0.5,6.5,0.6,0.0,0.0,0.2,0.0,0.0,0.2,1.2,0.0,0.0,0.0,0.0,0.8,0.0,7.2,2.0,1.0,1.0,1.0,1.0,1.0,1.0,1.0,1.0,1.0,1.0,1.0,1.0,1.0,1.0,1.0,1.0,1.0,1.0,1.0,1.0,1.0,1.0,1.0,1.0,1.0,1.0,1.0,1.0,1.0,1.0,1.0
2648014,1,01/07/2002,1,5.2,16.7,22.0,6.0,1.0,1,1.0,,0.0,0.0,0.6,0.0,0.0,0.0,0.0,0.0,0.0,0.0,0.0,0.0,2.9,0.0,0.0,0.0,0.0,0.0,0.0,2.8,0.4,0.0,5.2,0.0,0.0,0.0,0.0,0.0,0.0,4.8,0.0,0.0,1.0,1.0,1.0,1.0,1.0,1.0,1.0,1.0,1.0,1.0,1.0,1.0,1.0,1.0,1.0,1.0,1.0,1.0,1.0,1.0,1.0,1.0,1.0,1.0,1.0,1.0,1.0,1.0,1.0,1.0,1.0
2648014,1,01/06/2002,1,18.1,41.6,12.0,7.0,1.0,1,1.0,,0.0,0.0,0.0,0.0,0.0,0.0,0.0,0.0,0.0,0.0,0.0,0.0,18.1,0.8,11.2,5.2,4.8,0.0,0.0,0.0,1.4,0.1,0.0,0.0,0.0,0.0,0.0,0.0,0.0,0.0,0.0,,1.0,1.0,1.0,1.0,1.0,1.0,1.0,1.0,1.0,1.0,1.0,1.0,1.0,1.0,1.0,1.0,1.0,1.0,1.0,1.0,1.0,1.0,1.0,1.0,1.0,1.0,1.0,1.0,1.0,1.0,0.0
2648014,1,01/05/2002,1,25.8,60.7,16.0,9.0,1.0,1,1.0,,0.0,0.0,0.0,0.2,0.0,0.0,4.2,7.9,0.0,0.0,0.0,0.0,0.0,0.0,0.0,0.0,25.8,0.0,5.1,8.2,4.3,0.0,0.0,0.0,0.0,0.0,4.2,0.0,0.8,0.0,0.0,0.0,1.0,1.0,1.0,1.0,1.0,1.0,1.0,1.0,1.0,1.0,1.0,1.0,1.0,1.0,1.0,1.0,1.0,1.0,1.0,1.0,1.0,1.0,1.0,1.0,1.0,1.0,1.0,1.0,1.0,1.0,1.0
2648014,1,01/04/2002,1,10.1,15.0,19.0,5.0,1.0,1,1.0,,0.0,0.0,0.0,1.2,0.0,0.0,0.0,0.0,0.2,3.4,0.0,0.0,0.0,0.0,0.0,0.0,0.0,0.0,0.0,10.1,0.0,0.0,0.0,0.0,0.0,0.1,0.0,0.0,0.0,0.0,0.0,,1.0,1.0,1.0,1.0,1.0,1.0,1.0,1.0,1.0,1.0,1.0,1.0,1.0,1.0,1.0,1.0,1.0,1.0,1.0,1.0,1.0,1.0,1.0,1.0,1.0,1.0,1.0,1.0,1.0,1.0,0.0
2648014,1,01/03/2002,1,42.5,110.6,15.0,11.0,1.0,1,1.0,,0.0,0.0,2.2,0.8,2.7,0.0,0.0,17.5,1.6,2.2,0.0,0.0,0.0,33.1,0.0,42.5,0.0,0.0,0.0,0.0,0.0,0.0,4.0,3.8,0.2,0.0,0.0,0.0,0.0,0.0,0.0,0.0,1.0,1.0,1.0,1.0,1.0,1.0,1.0,1.0,1.0,1.0,1.0,1.0,1.0,1.0,1.0,1.0,1.0,1.0,1.0,1.0,1.0,1.0,1.0,1.0,1.0,1.0,1.0,1.0,1.0,1.0,1.0
2648014,1,01/02/2002,1,18.6,89.2,23.0,15.0,1.0,1,1.0,,0.0,7.8,0.0,0.0,2.6,0.0,0.0,0.0,0.0,0.0,4.2,0.0,0.0,1.3,0.2,1.3,4.2,6.9,11.9,9.0,0.2,8.8,10.4,18.6,0.0,0.0,0.0,0.0,1.8,,,,1.0,1.0,1.0,1.0,1.0,1.0,1.0,1.0,1.0,1.0,1.0,1.0,1.0,1.0,1.0,1.0,1.0,1.0,1.0,1.0,1.0,1.0,1.0,1.0,1.0,1.0,1.0,1.0,0.0,0.0,0.0
2648014,1,01/01/2002,1,38.0,204.2,13.0,21.0,1.0,1,1.0,,0.0,2.8,18.7,0.5,1.6,0.0,9.8,0.6,2.0,11.5,25.7,28.8,22.2,38.0,0.5,10.1,2.2,0.0,0.0,0.0,2.0,0.0,1.3,17.6,0.3,6.4,0.0,0.0,1.6,0.0,0.0,0.0,1.0,1.0,1.0,1.0,1.0,1.0,1.0,1.0,1.0,1.0,1.0,1.0,1.0,1.0,1.0,1.0,1.0,1.0,1.0,1.0,1.0,1.0,1.0,1.0,1.0,1.0,1.0,1.0,1.0,1.0,1.0
2648014,1,01/12/2001,1,24.9,78.7,23.0,13.0,1.0,1,1.0,,0.0,0.0,0.0,0.0,0.0,15.2,7.1,0.0,7.8,0.0,0.0,0.0,3.0,0.0,0.9,2.5,4.1,0.2,0.0,0.0,0.0,0.0,4.2,24.9,0.0,6.1,1.6,0.0,1.1,0.0,0.0,0.0,1.0,1.0,1.0,1.0,1.0,1.0,1.0,1.0,1.0,1.0,1.0,1.0,1.0,1.0,1.0,1.0,1.0,1.0,1.0,1.0,1.0,1.0,1.0,1.0,1.0,1.0,1.0,1.0,1.0,1.0,1.0
2648014,1,01/11/2001,1,38.7,164.7,19.0,15.0,1.0,1,1.0,,0.0,0.0,0.0,0.0,3.1,0.0,0.0,0.0,0.0,7.1,0.7,29.7,3.7,0.0,0.0,0.0,1.6,0.4,0.0,38.7,14.1,3.1,2.1,0.0,0.0,0.2,4.9,0.0,0.0,35.0,20.3,,1.0,1.0,1.0,1.0,1.0,1.0,1.0,1.0,1.0,1.0,1.0,1.0,1.0,1.0,1.0,1.0,1.0,1.0,1.0,2.0,1.0,1.0,1.0,1.0,1.0,1.0,1.0,1.0,1.0,1.0,0.0
2648014,1,01/10/2001,1,59.9,189.7,1.0,10.0,1.0,1,1.0,,0.0,59.9,23.5,0.0,0.0,0.0,0.0,0.0,22.0,23.1,0.0,0.0,0.0,0.0,0.0,0.0,0.0,0.0,0.8,0.5,48.1,1.5,9.5,0.0,0.0,0.0,0.0,0.0,0.0,0.0,0.0,0.8,1.0,1.0,1.0,1.0,1.0,1.0,1.0,1.0,1.0,1.0,1.0,1.0,1.0,1.0,1.0,1.0,1.0,1.0,1.0,1.0,1.0,1.0,1.0,1.0,1.0,1.0,1.0,1.0,1.0,1.0,1.0
2648014,1,01/09/2001,1,59.4,188.4,30.0,13.0,1.0,1,1.0,,0.0,0.0,0.0,0.0,0.0,0.0,20.1,5.9,0.0,1.0,6.6,31.7,0.0,0.0,6.2,14.9,0.0,0.0,0.0,0.0,0.0,0.0,2.5,16.3,0.0,0.0,0.0,0.3,5.8,17.7,59.4,,1.0,1.0,1.0,1.0,1.0,1.0,1.0,1.0,1.0,1.0,1.0,1.0,1.0,1.0,1.0,1.0,1.0,1.0,1.0,1.0,1.0,1.0,1.0,1.0,1.0,1.0,1.0,1.0,1.0,1.0,0.0
2648014,1,01/08/2001,1,15.3,38.6,22.0,5.0,1.0,1,1.0,,0.0,0.0,0.0,0.0,0.0,0.0,0.0,0.0,0.0,0.0,0.0,0.0,0.0,0.0,0.0,0.0,0.0,0.0,0.0,0.0,0.0,0.0,15.3,0.0,0.0,0.0,0.0,0.0,10.0,7.5,2.6,3.2,1.0,1.0,1.0,1.0,1.0,1.0,1.0,1.0,1.0,1.0,1.0,1.0,1.0,1.0,1.0,1.0,1.0,1.0,1.0,1.0,1.0,1.0,1.0,1.0,1.0,1.0,1.0,1.0,1.0,1.0,1.0
2648014,1,01/07/2001,1,61.9,191.9,27.0,9.0,1.0,1,1.0,,0.0,0.0,0.0,0.0,0.0,0.0,0.0,4.6,0.0,0.0,0.0,0.0,15.2,0.0,0.0,0.0,0.0,0.0,0.0,38.1,0.0,0.0,0.0,21.0,3.8,14.3,15.2,61.9,17.8,0.0,0.0,0.0,1.0,1.0,1.0,1.0,1.0,1.0,1.0,1.0,1.0,1.0,1.0,1.0,1.0,1.0,1.0,1.0,1.0,1.0,1.0,1.0,1.0,1.0,1.0,1.0,1.0,1.0,1.0,1.0,1.0,1.0,1.0
2648014,1,01/06/2001,1,107.4,195.3,26.0,10.0,1.0,1,1.0,,0.0,0.0,0.0,0.0,0.0,0.0,0.0,7.6,0.0,0.4,0.0,0.0,1.5,13.3,0.0,0.0,0.0,6.5,7.1,18.9,29.9,0.0,0.0,0.0,0.0,2.7,107.4,0.0,0.0,0.0,0.0,,1.0,1.0,1.0,1.0,1.0,1.0,1.0,1.0,1.0,1.0,1.0,1.0,1.0,1.0,1.0,1.0,1.0,1.0,1.0,1.0,1.0,1.0,1.0,1.0,1.0,1.0,1.0,1.0,1.0,1.0,0.0
2648014,1,01/05/2001,1,54.7,209.7,4.0,10.0,1.0,1,1.0,,0.0,22.2,0.0,0.0,54.7,44.6,0.0,0.0,0.0,0.0,26.2,0.0,0.0,0.0,0.0,0.0,34.5,0.0,0.0,0.0,0.0,0.0,3.4,0.0,0.0,4.2,1.4,0.0,12.6,5.9,0.0,0.0,1.0,1.0,1.0,1.0,1.0,1.0,1.0,1.0,1.0,1.0,1.0,1.0,1.0,1.0,1.0,1.0,1.0,1.0,1.0,1.0,1.0,1.0,1.0,1.0,1.0,1.0,1.0,1.0,1.0,1.0,1.0
2648014,1,01/04/2001,1,22.4,111.9,9.0,13.0,1.0,1,1.0,,0.0,0.0,1.5,0.0,0.0,14.9,0.0,12.0,16.0,22.4,0.0,0.0,0.9,0.0,0.0,0.0,0.0,0.0,8.9,0.3,0.0,11.9,0.8,7.2,3.3,11.8,0.0,0.0,0.0,0.0,0.0,,1.0,1.0,1.0,1.0,1.0,1.0,1.0,1.0,1.0,1.0,1.0,1.0,1.0,1.0,1.0,1.0,1.0,1.0,1.0,1.0,1.0,1.0,1.0,1.0,1.0,1.0,1.0,1.0,1.0,1.0,0.0
2648014,1,01/03/2001,1,63.9,196.1,10.0,12.0,1.0,1,1.0,,0.0,0.0,0.0,0.0,0.0,0.0,0.0,15.5,16.5,4.7,63.9,3.3,0.0,0.0,0.0,0.0,0.0,0.0,0.0,0.0,8.5,18.5,0.0,9.5,0.0,0.0,47.9,2.3,2.5,3.0,0.0,0.0,1.0,1.0,1.0,1.0,1.0,1.0,1.0,1.0,1.0,1.0,1.0,1.0,1.0,1.0,1.0,1.0,1.0,1.0,1.0,1.0,1.0,1.0,1.0,1.0,1.0,1.0,1.0,1.0,1.0,1.0,1.0
2648014,1,01/02/2001,1,90.2,333.6,16.0,14.0,1.0,1,1.0,,0.0,29.3,0.0,15.9,18.8,2.3,0.0,0.0,0.0,15.9,0.0,2.5,0.0,10.4,0.0,60.8,90.2,0.0,1.7,0.0,52.5,0.0,0.0,24.2,7.0,0.0,0.0,0.0,2.1,,,,1.0,1.0,1.0,1.0,1.0,1.0,1.0,1.0,1.0,1.0,1.0,1.0,1.0,1.0,1.0,1.0,1.0,1.0,1.0,1.0,1.0,1.0,1.0,1.0,1.0,1.0,1.0,1.0,0.0,0.0,0.0
2648014,1,01/01/2001,1,50.0,196.2,12.0,13.0,1.0,1,1.0,,0.0,0.0,0.0,0.0,0.0,0.0,0.0,13.5,0.0,0.3,37.9,0.0,50.0,25.5,3.8,0.0,1.2,2.1,0.0,0.0,0.0,18.7,1.4,0.0,21.0,4.9,0.0,0.0,0.0,0.0,15.9,0.0,1.0,1.0,1.0,1.0,1.0,1.0,1.0,1.0,1.0,1.0,1.0,1.0,1.0,1.0,1.0,1.0,1.0,1.0,1.0,1.0,1.0,1.0,1.0,1.0,1.0,1.0,1.0,1.0,1.0,1.0,1.0
2648014,2,01/12/2000,1,29.5,124.5,15.0,13.0,1.0,1,1.0,1727.5,2.0,24.0,0.0,0.0,2.0,1.6,0.0,0.0,0.0,0.0,0.7,0.0,0.0,0.0,0.6,29.5,17.2,0.0,0.0,0.0,0.0,0.0,1.6,0.0,0.0,13.0,0.0,0.0,1.1,13.8,18.0,1.4,1.0,1.0,1.0,1.0,1.0,1.0,1.0,1.0,1.0,1.0,1.0,1.0,1.0,1.0,1.0,1.0,1.0,1.0,1.0,1.0,1.0,1.0,1.0,1.0,1.0,1.0,1.0,1.0,1.0,1.0,1.0
2648014,1,01/12/2000,1,29.5,112.8,15.0,13.0,1.0,1,1.0,,0.0,24.0,0.0,0.0,2.0,1.6,0.0,0.0,0.0,0.7,0.0,0.0,0.0,0.0,0.6,29.5,0.0,0.0,17.2,0.0,0.0,0.0,1.6,0.0,0.0,1.3,0.0,0.0,1.1,13.8,18.0,1.4,1.0,1.0,1.0,1.0,1.0,1.0,1.0,1.0,1.0,1.0,1.0,1.0,1.0,1.0,1.0,1.0,1.0,1.0,1.0,1.0,1.0,1.0,1.0,1.0,1.0,1.0,1.0,1.0,1.0,1.0,1.0
2648014,2,01/11/2000,1,,141.6,,,0.0,1,0.0,1727.5,2.0,0.0,0.0,0.0,0.0,7.5,8.8,3.6,5.9,0.7,4.0,0.0,0.0,4.1,6.6,1.8,2.6,5.1,3.2,26.3,0.0,0.6,10.3,0.0,0.0,,29.6,6.3,0.0,0.0,14.6,,1.0,1.0,1.0,1.0,1.0,1.0,1.0,1.0,1.0,1.0,1.0,1.0,1.0,1.0,1.0,1.0,1.0,1.0,1.0,1.0,1.0,1.0,1.0,1.0,0.0,4.0,1.0,1.0,1.0,1.0,0.0
2648014,1,01/11/2000,1,29.6,141.6,26.0,18.0,1.0,1,1.0,,0.0,0.0,0.0,0.0,0.0,7.5,8.8,3.6,5.9,0.7,4.0,0.0,0.0,4.1,6.6,1.8,2.6,5.1,3.2,0.0,26.3,0.0,0.6,10.3,0.0,0.0,29.6,6.3,0.0,0.0,14.6,,1.0,1.0,1.0,1.0,1.0,1.0,1.0,1.0,1.0,1.0,1.0,1.0,1.0,1.0,1.0,1.0,1.0,1.0,1.0,1.0,1.0,1.0,1.0,1.0,1.0,1.0,1.0,1.0,1.0,1.0,0.0
2648014,2,01/10/2000,1,55.6,190.7,13.0,23.0,1.0,1,1.0,1727.5,2.0,0.3,1.4,0.0,1.5,11.2,0.7,0.0,0.0,0.2,16.2,9.5,0.0,55.6,13.9,16.3,15.8,2.1,0.7,2.4,8.1,0.0,1.4,0.5,0.0,2.3,0.9,26.2,3.2,0.0,0.3,0.0,1.0,1.0,1.0,1.0,1.0,1.0,1.0,1.0,1.0,1.0,1.0,1.0,1.0,1.0,1.0,1.0,1.0,1.0,1.0,1.0,1.0,1.0,1.0,1.0,1.0,1.0,1.0,1.0,1.0,1.0,1.0
2648014,1,01/10/2000,1,29.1,190.7,12.0,24.0,1.0,1,1.0,,0.0,0.3,1.4,0.0,1.5,11.2,0.7,0.0,0.0,0.2,16.2,9.5,29.1,26.5,13.9,16.33,15.8,2.1,0.7,2.4,8.1,0.0,1.4,0.5,0.0,2.3,0.9,26.2,3.2,0.0,0.3,0.0,1.0,1.0,1.0,1.0,1.0,1.0,1.0,1.0,1.0,1.0,1.0,1.0,1.0,1.0,1.0,1.0,1.0,1.0,1.0,1.0,1.0,1.0,1.0,1.0,1.0,1.0,1.0,1.0,1.0,1.0,1.0
2648014,2,01/09/2000,1,82.3,220.6,12.0,19.0,1.0,1,1.0,1727.5,2.0,0.6,1.6,10.0,2.2,0.0,0.0,1.6,0.0,0.0,21.9,7.2,82.3,2.7,4.6,8.8,33.1,10.7,4.3,4.6,6.6,0.0,0.0,4.0,0.0,12.8,0.0,1.0,0.0,0.0,0.0,,1.0,1.0,1.0,1.0,1.0,1.0,1.0,1.0,1.0,1.0,1.0,1.0,1.0,1.0,1.0,1.0,1.0,1.0,1.0,1.0,1.0,1.0,1.0,1.0,1.0,1.0,1.0,1.0,1.0,1.0,0.0
2648014,1,01/09/2000,1,82.3,220.6,12.0,19.0,1.0,1,1.0,,0.0,0.6,1.6,10.0,2.2,0.0,0.0,1.6,0.0,0.0,21.9,7.2,82.3,2.7,4.6,8.8,33.1,10.7,4.3,4.6,6.6,0.0,4.0,0.0,0.0,12.8,0.0,1.0,0.0,0.0,0.0,,1.0,1.0,1.0,1.0,1.0,1.0,1.0,1.0,1.0,1.0,1.0,1.0,1.0,1.0,1.0,1.0,1.0,1.0,1.0,1.0,1.0,1.0,1.0,1.0,1.0,1.0,1.0,1.0,1.0,1.0,0.0
2648014,2,01/08/2000,1,25.6,78.6,16.0,8.0,1.0,1,1.0,1727.5,2.0,1.6,1.4,4.6,0.0,0.0,0.0,0.0,0.0,0.0,9.2,0.0,0.0,0.0,0.0,0.0,25.6,0.0,5.8,0.0,0.0,0.0,0.0,0.0,0.0,0.0,0.0,23.6,6.8,0.0,0.0,0.0,1.0,1.0,1.0,1.0,1.0,1.0,1.0,1.0,1.0,1.0,1.0,1.0,1.0,1.0,1.0,1.0,1.0,1.0,1.0,1.0,1.0,1.0,1.0,1.0,1.0,1.0,1.0,1.0,1.0,1.0,1.0
2648014,1,01/08/2000,1,25.6,78.9,16.0,8.0,1.0,1,0.0,,0.0,1.6,1.7,4.6,0.0,0.0,0.0,0.0,0.0,0.0,9.2,0.0,0.0,0.0,0.0,0.0,25.6,0.0,5.8,0.0,0.0,0.0,0.0,0.0,0.0,0.0,0.0,0.0,23.6,6.8,0.0,0.0,1.0,1.0,1.0,1.0,1.0,1.0,1.0,1.0,1.0,1.0,1.0,1.0,1.0,1.0,1.0,1.0,1.0,1.0,1.0,1.0,1.0,1.0,1.0,1.0,1.0,1.0,1.0,1.0,1.0,1.0,1.0
2648014,2,01/07/2000,1,12.1,38.8,23.0,7.0,1.0,1,1.0,1727.5,2.0,0.0,0.0,2.1,0.0,0.0,0.0,0.0,0.0,0.0,3.6,5.6,0.0,0.0,0.0,7.4,7.6,0.0,0.0,0.0,0.0,0.0,0.4,12.1,0.0,0.0,0.0,0.0,0.0,0.0,0.0,0.0,1.0,1.0,1.0,1.0,1.0,1.0,1.0,1.0,1.0,1.0,1.0,1.0,1.0,1.0,1.0,1.0,1.0,1.0,1.0,1.0,1.0,1.0,1.0,1.0,1.0,1.0,1.0,1.0,1.0,1.0,1.0
2648014,1,01/07/2000,1,12.1,38.8,23.0,7.0,1.0,1,0.0,,0.0,0.0,0.0,2.1,0.0,0.0,0.0,0.0,0.0,0.0,3.6,5.6,0.0,0.0,0.0,7.4,7.6,0.0,0.0,0.0,0.0,0.0,0.4,12.1,0.0,0.0,0.0,0.0,0.0,0.0,0.0,0.0,1.0,1.0,1.0,1.0,1.0,1.0,1.0,1.0,1.0,1.0,1.0,1.0,1.0,1.0,1.0,1.0,1.0,1.0,1.0,1.0,1.0,1.0,1.0,1.0,1.0,1.0,1.0,1.0,1.0,1.0,1.0
2648014,2,01/06/2000,1,36.2,90.4,22.0,,1.0,2,0.0,1727.5,2.0,0.0,0.0,0.0,0.2,1.3,0.0,0.0,0.0,0.0,3.0,0.0,0.0,0.2,0.0,0.4,0.0,5.5,15.0,8.8,0.5,36.2,0.0,0.0,0.0,0.0,,5.5,0.5,0.0,0.3,,1.0,1.0,1.0,1.0,1.0,1.0,1.0,1.0,1.0,1.0,1.0,1.0,1.0,1.0,1.0,1.0,1.0,1.0,1.0,1.0,1.0,1.0,1.0,1.0,1.0,0.0,1.0,1.0,1.0,1.0,0.0
2648014,1,01/06/2000,1,36.2,76.9,22.0,12.0,1.0,1,1.0,,0.0,0.0,0.0,0.0,0.2,1.3,0.0,0.0,0.0,0.0,3.0,0.0,0.0,0.2,0.0,0.4,0.0,5.5,15.0,8.8,0.0,0.5,36.2,0.0,0.0,0.0,0.0,5.5,0.0,0.0,0.3,,1.0,1.0,1.0,1.0,1.0,1.0,1.0,1.0,1.0,1.0,1.0,1.0,1.0,1.0,1.0,1.0,1.0,1.0,1.0,1.0,1.0,1.0,1.0,1.0,1.0,1.0,1.0,1.0,1.0,1.0,0.0
2648014,2,01/05/2000,1,11.1,28.1,12.0,7.0,1.0,1,0.0,1727.5,2.0,0.0,0.0,8.1,0.0,0.0,0.0,0.0,0.0,0.0,0.0,0.0,11.1,1.3,0.0,0.0,0.0,1.8,0.0,0.0,0.3,0.0,0.0,0.0,0.0,0.0,4.3,0.0,0.0,0.0,0.0,1.2,1.0,1.0,1.0,1.0,1.0,1.0,1.0,1.0,1.0,1.0,1.0,1.0,1.0,1.0,1.0,1.0,1.0,1.0,1.0,1.0,1.0,1.0,1.0,1.0,1.0,1.0,1.0,1.0,1.0,1.0,1.0
2648014,1,01/05/2000,1,11.1,28.1,12.0,7.0,1.0,1,0.0,,0.0,0.0,0.0,8.1,0.0,0.0,0.0,0.0,0.0,0.0,0.0,0.0,11.1,1.3,0.0,0.0,0.0,1.8,0.0,0.0,0.3,0.0,0.0,0.0,0.0,0.0,4.3,0.0,0.0,0.0,0.0,1.2,1.0,1.0,1.0,1.0,1.0,1.0,1.0,1.0,1.0,1.0,1.0,1.0,1.0,1.0,1.0,1.0,1.0,1.0,1.0,1.0,1.0,1.0,1.0,1.0,1.0,1.0,1.0,1.0,1.0,1.0,1.0
2648014,2,01/04/2000,1,5.8,9.2,18.0,6.0,1.0,1,0.0,1727.5,2.0,0.0,0.0,0.0,1.3,0.0,0.0,0.0,0.0,0.0,0.0,0.0,0.0,0.2,0.0,0.3,0.0,0.5,5.8,1.1,0.0,0.0,0.0,0.0,0.0,0.0,0.0,0.0,0.0,0.0,0.0,,1.0,1.0,1.0,1.0,1.0,1.0,1.0,1.0,1.0,1.0,1.0,1.0,1.0,1.0,1.0,1.0,1.0,1.0,1.0,1.0,1.0,1.0,1.0,1.0,1.0,1.0,1.0,1.0,1.0,1.0,0.0
2648014,1,01/04/2000,1,5.8,9.2,18.0,6.0,1.0,1,0.0,,0.0,0.0,0.0,0.0,1.3,0.0,0.0,0.0,0.0,0.0,0.0,0.0,0.0,0.2,0.0,0.3,0.0,0.5,5.8,1.1,0.0,0.0,0.0,0.0,0.0,0.0,0.0,0.0,0.0,0.0,0.0,,1.0,1.0,1.0,1.0,1.0,1.0,1.0,1.0,1.0,1.0,1.0,1.0,1.0,1.0,1.0,1.0,1.0,1.0,1.0,1.0,1.0,1.0,1.0,1.0,1.0,1.0,1.0,1.0,1.0,1.0,0.0
2648014,2,01/03/2000,1,,171.9,,,0.0,2,0.0,1727.5,2.0,1.6,82.9,4.2,0.0,0.0,9.6,,0.0,0.0,15.2,6.6,0.0,2.9,1.2,0.0,0.0,2.9,3.3,0.9,1.3,0.0,0.0,0.3,0.0,5.9,0.9,0.0,6.7,0.0,1.3,0.2,1.0,1.0,1.0,1.0,1.0,1.0,0.0,1.0,1.0,1.0,1.0,1.0,1.0,1.0,1.0,1.0,1.0,1.0,1.0,1.0,1.0,1.0,1.0,1.0,1.0,1.0,1.0,1.0,1.0,1.0,1.0
2648014,1,01/03/2000,1,82.9,147.9,2.0,18.0,1.0,1,0.0,,0.0,1.6,82.9,4.2,0.0,0.0,9.6,0.0,0.0,0.0,15.2,6.6,0.0,2.9,1.2,0.0,0.0,2.9,3.3,0.9,0.0,1.3,0.0,0.3,0.0,5.9,0.9,0.0,6.7,0.0,1.3,0.2,1.0,1.0,1.0,1.0,1.0,1.0,1.0,1.0,1.0,1.0,1.0,1.0,1.0,1.0,1.0,1.0,1.0,1.0,1.0,1.0,1.0,1.0,1.0,1.0,1.0,1.0,1.0,1.0,1.0,1.0,1.0
2648014,2,01/02/2000,1,82.7,345.6,15.0,19.0,1.0,1,0.0,1727.5,2.0,39.8,23.3,0.6,1.2,4.5,0.5,0.0,0.0,19.2,64.1,0.0,0.0,0.0,0.0,82.7,55.7,2.8,0.3,6.2,0.4,0.2,0.0,4.8,38.0,0.0,0.0,0.0,0.3,1.0,,,1.0,1.0,1.0,1.0,1.0,1.0,1.0,1.0,1.0,1.0,1.0,1.0,1.0,1.0,1.0,1.0,1.0,1.0,1.0,1.0,1.0,1.0,1.0,1.0,1.0,1.0,1.0,1.0,1.0,0.0,0.0
2648014,1,01/02/2000,1,82.7,345.6,15.0,19.0,1.0,1,0.0,,0.0,39.8,23.3,0.6,1.2,4.5,0.5,0.0,0.0,19.2,64.1,0.0,0.0,0.0,0.0,82.7,55.7,2.8,0.3,6.2,0.4,0.2,0.0,4.8,38.0,0.0,0.0,0.0,0.3,1.0,,,1.0,1.0,1.0,1.0,1.0,1.0,1.0,1.0,1.0,1.0,1.0,1.0,1.0,1.0,1.0,1.0,1.0,1.0,1.0,1.0,1.0,1.0,1.0,1.0,1.0,1.0,1.0,1.0,1.0,0.0,0.0
2648014,2,01/01/2000,1,72.9,287.5,1.0,19.0,1.0,1,1.0,1727.5,2.0,72.9,66.3,2.8,0.0,0.0,5.3,8.5,1.2,4.3,0.0,4.3,0.0,0.0,0.4,22.3,19.6,25.0,4.4,12.3,0.4,0.0,0.0,0.0,0.0,6.2,26.0,0.0,4.7,0.0,0.0,0.6,1.0,1.0,1.0,1.0,1.0,1.0,1.0,1.0,1.0,1.0,1.0,1.0,1.0,1.0,1.0,1.0,1.0,1.0,1.0,1.0,1.0,1.0,1.0,1.0,1.0,1.0,1.0,1.0,1.0,1.0,1.0
2648014,1,01/01/2000,1,66.3,234.1,2.0,19.0,1.0,1,0.0,,0.0,19.5,66.3,2.8,0.0,0.0,5.3,8.5,1.2,4.3,0.0,4.3,0.0,0.0,0.4,22.3,19.6,25.0,4.4,12.3,0.4,0.0,0.0,0.0,0.0,6.2,26.0,0.0,4.7,0.0,0.0,0.6,1.0,1.0,1.0,1.0,1.0,1.0,1.0,1.0,1.0,1.0,1.0,1.0,1.0,1.0,1.0,1.0,1.0,1.0,1.0,1.0,1.0,1.0,1.0,1.0,1.0,1.0,1.0,1.0,1.0,1.0,1.0
2648014,2,01/12/1999,1,31.0,127.4,14.0,,1.0,1,0.0,2183.8,1.0,1.8,1.3,,11.2,0.0,0.0,7.6,10.8,20.7,13.9,8.4,3.0,4.2,31.0,0.0,0.0,0.0,0.9,0.7,0.0,0.3,0.0,0.6,1.8,1.3,1.0,0.4,0.0,0.0,1.2,5.3,1.0,1.0,0.0,4.0,1.0,1.0,1.0,1.0,1.0,1.0,1.0,1.0,1.0,1.0,1.0,1.0,1.0,1.0,1.0,1.0,1.0,1.0,1.0,1.0,1.0,1.0,1.0,1.0,1.0,1.0,1.0
2648014,1,01/12/1999,1,58.7,180.8,31.0,21.0,1.0,1,0.0,2210.8,3.0,1.8,1.3,11.2,0.0,0.0,0.0,7.6,10.8,20.7,13.9,8.4,3.0,4.2,31.0,0.0,0.0,0.0,0.9,0.7,0.0,0.3,0.0,0.6,1.8,1.3,1.0,0.4,0.0,0.0,1.2,58.7,1.0,1.0,1.0,1.0,1.0,1.0,1.0,1.0,1.0,1.0,1.0,1.0,1.0,1.0,1.0,1.0,1.0,1.0,1.0,1.0,1.0,1.0,1.0,1.0,1.0,1.0,1.0,1.0,1.0,1.0,1.0
2648014,2,01/11/1999,1,42.8,201.3,15.0,,1.0,1,0.0,2183.8,1.0,3.3,8.7,1.3,2.2,10.7,7.2,0.0,0.0,0.8,2.5,0.4,8.4,3.4,17.4,42.8,17.0,4.0,4.9,0.0,0.0,1.4,0.0,4.2,,,36.0,24.7,0.0,0.0,0.0,,1.0,1.0,1.0,1.0,1.0,1.0,1.0,1.0,1.0,1.0,1.0,1.0,1.0,1.0,1.0,1.0,1.0,1.0,1.0,1.0,1.0,1.0,1.0,0.0,0.0,4.0,1.0,1.0,1.0,1.0,0.0
2648014,1,01/11/1999,1,42.8,201.3,15.0,20.0,1.0,1,0.0,2210.8,3.0,3.3,8.7,1.3,2.2,0.0,10.7,7.2,0.0,0.8,2.5,0.4,8.4,3.4,17.4,42.8,17.0,4.0,4.9,0.0,0.0,1.4,0.0,4.2,0.0,0.0,36.0,24.7,0.0,0.0,0.0,,1.0,1.0,1.0,1.0,1.0,1.0,1.0,1.0,1.0,1.0,1.0,1.0,1.0,1.0,1.0,1.0,1.0,1.0,1.0,1.0,1.0,1.0,1.0,1.0,1.0,1.0,1.0,1.0,1.0,1.0,0.0
2648014,2,01/10/1999,1,,205.5,,,0.0,1,0.0,2183.8,1.0,0.0,12.3,13.6,0.0,2.8,8.8,,65.0,0.0,0.0,0.1,3.7,0.0,0.0,0.0,18.8,23.5,2.2,0.0,0.0,0.0,2.2,1.6,1.8,6.4,8.9,9.9,1.2,2.2,8.4,12.1,1.0,1.0,1.0,1.0,1.0,1.0,0.0,4.0,1.0,1.0,1.0,1.0,1.0,1.0,1.0,1.0,1.0,1.0,1.0,1.0,1.0,1.0,1.0,1.0,1.0,1.0,1.0,1.0,1.0,1.0,1.0
2648014,1,01/10/1999,1,65.0,205.5,7.0,20.0,1.0,1,0.0,2210.8,3.0,0.0,12.3,13.6,0.0,2.8,8.8,65.0,0.0,0.0,0.0,0.1,3.7,0.0,0.0,0.0,18.8,23.5,2.2,0.0,0.0,2.2,0.0,1.6,1.8,6.4,8.9,9.9,1.2,2.2,8.4,12.1,1.0,1.0,1.0,1.0,1.0,1.0,1.0,1.0,1.0,1.0,1.0,1.0,1.0,1.0,1.0,1.0,1.0,1.0,1.0,1.0,1.0,1.0,1.0,1.0,1.0,1.0,1.0,1.0,1.0,1.0,1.0
2648014,2,01/09/1999,1,38.3,155.5,13.0,13.0,1.0,1,1.0,2183.8,1.0,0.0,0.0,0.0,0.0,1.9,0.8,0.0,0.0,26.6,35.2,0.0,8.6,38.3,5.7,12.7,0.0,0.0,0.0,0.0,0.0,0.0,0.0,0.0,0.0,0.6,0.0,1.3,10.0,0.9,12.9,,1.0,1.0,1.0,1.0,1.0,1.0,1.0,1.0,1.0,1.0,1.0,1.0,1.0,1.0,1.0,1.0,1.0,1.0,1.0,1.0,1.0,1.0,1.0,1.0,1.0,1.0,1.0,1.0,1.0,1.0,0.0
2648014,1,01/09/1999,1,38.3,155.5,13.0,13.0,1.0,1,0.0,2210.8,3.0,0.0,0.0,0.0,0.0,1.9,0.8,0.0,0.0,26.6,35.2,0.0,8.6,38.3,5.7,12.7,0.0,0.0,0.0,0.0,0.0,0.0,0.0,0.0,0.0,0.0,0.6,1.3,10.0,0.9,12.9,,1.0,1.0,1.0,1.0,1.0,1.0,1.0,1.0,1.0,1.0,1.0,1.0,1.0,1.0,1.0,1.0,1.0,1.0,1.0,1.0,1.0,1.0,1.0,1.0,1.0,1.0,1.0,1.0,1.0,1.0,0.0
2648014,2,01/08/1999,1,13.9,26.2,17.0,5.0,1.0,1,0.0,2183.8,1.0,0.0,0.0,0.0,0.0,0.0,0.0,0.0,0.0,0.0,0.0,0.0,0.0,0.0,6.6,0.0,0.0,13.9,4.8,0.5,0.0,0.0,0.0,0.0,0.0,0.0,0.0,0.0,0.4,0.0,0.0,0.0,1.0,1.0,1.0,1.0,1.0,1.0,1.0,1.0,1.0,1.0,1.0,1.0,1.0,1.0,1.0,1.0,1.0,1.0,1.0,1.0,1.0,1.0,1.0,1.0,1.0,1.0,1.0,1.0,1.0,1.0,1.0
2648014,1,01/08/1999,1,13.9,26.2,17.0,5.0,1.0,1,0.0,2210.8,3.0,0.0,0.0,0.0,0.0,0.0,0.0,0.0,0.0,0.0,0.0,0.0,0.0,0.0,6.6,0.0,0.0,13.9,4.8,0.5,0.0,0.0,0.0,0.0,0.0,0.0,0.0,0.0,0.4,0.0,0.0,0.0,1.0,1.0,1.0,1.0,1.0,1.0,1.0,1.0,1.0,1.0,1.0,1.0,1.0,1.0,1.0,1.0,1.0,1.0,1.0,1.0,1.0,1.0,1.0,1.0,1.0,1.0,1.0,1.0,1.0,1.0,1.0
2648014,2,01/07/1999,1,79.6,209.2,4.0,16.0,1.0,1,0.0,2183.8,1.0,0.0,2.3,60.8,79.6,13.6,0.0,17.7,1.3,0.0,5.3,9.9,0.3,0.0,0.0,0.0,0.0,0.0,4.3,0.0,0.0,0.0,0.5,0.9,0.0,0.0,0.8,0.0,5.1,4.8,0.0,2.0,1.0,1.0,1.0,1.0,1.0,1.0,1.0,1.0,1.0,1.0,1.0,1.0,1.0,1.0,1.0,1.0,1.0,1.0,1.0,1.0,1.0,1.0,1.0,1.0,1.0,1.0,1.0,1.0,1.0,1.0,1.0
2648014,1,01/07/1999,1,79.6,209.2,4.0,16.0,1.0,1,0.0,2210.8,3.0,0.0,2.3,60.8,79.6,13.6,0.0,17.7,1.3,0.0,5.3,9.9,0.3,0.0,0.0,0.0,0.0,0.0,4.3,0.0,0.0,0.0,0.5,0.9,0.0,0.0,0.8,0.0,5.1,4.8,0.0,2.0,1.0,1.0,1.0,1.0,1.0,1.0,1.0,1.0,1.0,1.0,1.0,1.0,1.0,1.0,1.0,1.0,1.0,1.0,1.0,1.0,1.0,1.0,1.0,1.0,1.0,1.0,1.0,1.0,1.0,1.0,1.0
2648014,2,01/06/1999,1,18.2,86.2,9.0,13.0,1.0,1,1.0,2183.8,1.0,0.0,0.0,0.0,0.0,0.0,0.0,0.0,2.9,18.2,10.6,0.0,0.6,0.0,0.0,8.8,0.0,0.0,7.0,2.4,8.3,17.7,3.7,0.0,0.0,1.0,2.4,2.6,0.0,0.0,0.0,,1.0,1.0,1.0,1.0,1.0,1.0,1.0,1.0,1.0,1.0,1.0,1.0,1.0,1.0,1.0,1.0,1.0,1.0,1.0,1.0,1.0,1.0,1.0,1.0,1.0,1.0,1.0,1.0,1.0,1.0,0.0
2648014,1,01/06/1999,1,18.2,86.2,9.0,13.0,1.0,1,0.0,2210.8,3.0,0.0,0.0,0.0,0.0,0.0,0.0,0.0,2.9,18.2,10.6,0.0,0.6,0.0,8.8,0.0,0.0,0.0,7.0,2.4,8.3,17.7,3.7,0.0,0.0,1.0,2.4,2.6,0.0,0.0,0.0,,1.0,1.0,1.0,1.0,1.0,1.0,1.0,1.0,1.0,1.0,1.0,1.0,1.0,1.0,1.0,1.0,1.0,1.0,1.0,1.0,1.0,1.0,1.0,1.0,1.0,1.0,1.0,1.0,1.0,1.0,0.0
2648014,2,01/05/1999,1,37.6,93.9,11.0,13.0,1.0,1,0.0,2183.8,1.0,0.4,0.0,0.0,0.0,0.0,7.6,0.2,0.0,0.0,5.8,37.6,0.0,3.1,0.0,3.0,0.6,0.0,1.8,0.4,3.0,0.0,0.0,0.0,0.0,0.0,0.0,0.0,0.0,5.5,24.9,0.0,1.0,1.0,1.0,1.0,1.0,1.0,1.0,1.0,1.0,1.0,1.0,1.0,1.0,1.0,1.0,1.0,1.0,1.0,1.0,1.0,1.0,1.0,1.0,1.0,1.0,1.0,1.0,1.0,1.0,1.0,1.0
2648014,1,01/05/1999,1,37.6,93.5,11.0,12.0,1.0,1,0.0,2210.8,3.0,0.0,0.0,0.0,0.0,0.0,7.6,0.2,0.0,0.0,5.8,37.6,0.0,3.1,0.0,3.0,0.6,0.0,1.8,0.4,3.0,0.0,0.0,0.0,0.0,0.0,0.0,0.0,0.0,5.5,24.9,0.0,1.0,1.0,1.0,1.0,1.0,1.0,1.0,1.0,1.0,1.0,1.0,1.0,1.0,1.0,1.0,1.0,1.0,1.0,1.0,1.0,1.0,1.0,1.0,1.0,1.0,1.0,1.0,1.0,1.0,1.0,1.0
2648014,2,01/04/1999,1,46.1,122.4,16.0,16.0,1.0,1,0.0,2183.8,1.0,9.8,2.8,1.2,0.0,1.4,0.0,4.3,3.4,0.0,0.3,27.3,0.0,0.3,12.0,0.8,46.1,2.5,0.0,0.0,0.0,0.0,0.0,0.0,0.0,0.0,0.0,0.9,3.8,5.5,0.0,,1.0,1.0,1.0,1.0,1.0,1.0,1.0,1.0,1.0,1.0,1.0,1.0,1.0,1.0,1.0,1.0,1.0,1.0,1.0,1.0,1.0,1.0,1.0,1.0,1.0,1.0,1.0,1.0,1.0,1.0,0.0
2648014,1,01/04/1999,1,46.1,116.4,16.0,16.0,1.0,1,0.0,2210.8,3.0,3.8,2.8,1.2,0.0,1.4,0.0,4.3,3.4,0.0,0.3,27.3,0.0,0.3,12.0,0.8,46.1,2.5,0.0,0.0,0.0,0.0,0.0,0.0,0.0,0.0,0.0,0.9,3.8,5.5,0.0,,1.0,1.0,1.0,1.0,1.0,1.0,1.0,1.0,1.0,1.0,1.0,1.0,1.0,1.0,1.0,1.0,1.0,1.0,1.0,1.0,1.0,1.0,1.0,1.0,1.0,1.0,1.0,1.0,1.0,1.0,0.0
2648014,2,01/03/1999,1,63.9,274.7,31.0,24.0,1.0,1,1.0,2183.8,1.0,0.0,0.3,0.0,3.8,2.4,7.2,3.2,24.0,0.4,1.6,57.0,1.2,9.7,2.1,1.3,0.6,2.2,3.8,0.9,0.0,0.6,25.6,9.1,1.7,0.0,0.0,0.0,0.0,19.8,32.3,63.9,1.0,1.0,1.0,1.0,1.0,1.0,1.0,1.0,1.0,1.0,1.0,1.0,1.0,1.0,1.0,1.0,1.0,1.0,1.0,1.0,1.0,1.0,1.0,1.0,1.0,1.0,1.0,1.0,1.0,1.0,1.0
2648014,1,01/03/1999,1,63.9,274.7,31.0,24.0,3.0,3,0.0,2210.8,3.0,0.0,0.3,0.0,3.8,2.4,7.2,3.2,24.0,0.4,1.6,57.0,1.2,9.7,2.1,1.3,0.6,2.2,3.8,0.9,0.0,0.6,25.6,9.1,1.7,0.0,0.0,0.0,0.0,19.8,32.3,63.9,1.0,1.0,1.0,1.0,1.0,1.0,1.0,1.0,1.0,1.0,1.0,1.0,1.0,1.0,1.0,1.0,1.0,1.0,1.0,1.0,1.0,3.0,1.0,1.0,1.0,1.0,1.0,1.0,1.0,1.0,1.0
2648014,2,01/02/1999,1,55.2,320.0,22.0,22.0,1.0,1,1.0,2183.8,1.0,14.5,4.9,1.8,0.0,0.0,13.3,0.0,12.8,25.2,13.5,0.0,0.0,7.8,9.6,3.1,3.2,29.6,45.8,5.0,0.0,16.3,55.2,31.2,19.1,0.5,2.2,3.8,1.6,,,,1.0,1.0,1.0,1.0,1.0,1.0,1.0,1.0,1.0,1.0,1.0,1.0,1.0,1.0,1.0,1.0,1.0,1.0,1.0,1.0,1.0,1.0,1.0,1.0,1.0,1.0,1.0,1.0,0.0,0.0,0.0
2648014,1,01/02/1999,1,48.4,300.0,22.0,22.0,1.0,1,0.0,2210.8,3.0,1.3,4.9,1.8,0.0,0.0,13.3,0.0,12.8,25.2,13.5,0.0,0.0,7.8,9.6,3.1,3.2,29.6,45.8,5.0,0.0,16.3,48.4,31.2,19.1,0.5,2.2,3.8,1.6,,,,1.0,1.0,1.0,1.0,1.0,1.0,1.0,1.0,1.0,1.0,1.0,1.0,1.0,1.0,1.0,1.0,1.0,1.0,1.0,1.0,1.0,1.0,1.0,1.0,1.0,1.0,1.0,1.0,0.0,0.0,0.0
2648014,2,01/01/1999,1,76.2,361.5,5.0,23.0,1.0,1,1.0,2183.8,1.0,0.0,6.0,0.0,0.0,76.2,0.0,5.0,2.5,27.8,6.2,22.5,5.6,2.6,65.5,0.0,2.2,5.0,23.9,25.8,0.0,3.4,10.1,3.8,34.2,11.0,0.0,4.2,0.3,3.8,13.9,0.0,1.0,1.0,1.0,1.0,1.0,1.0,1.0,1.0,1.0,1.0,1.0,1.0,1.0,1.0,1.0,1.0,1.0,1.0,1.0,1.0,1.0,1.0,1.0,1.0,1.0,1.0,1.0,1.0,1.0,1.0,1.0
2648014,1,01/01/1999,1,76.2,361.5,5.0,23.0,3.0,3,0.0,2210.8,3.0,0.0,6.0,0.0,0.0,76.2,0.0,5.0,2.5,27.8,6.2,22.5,5.6,2.6,65.5,0.0,2.2,5.0,23.9,25.8,0.0,3.4,10.1,3.8,34.2,11.0,0.0,4.2,0.3,3.8,13.9,0.0,1.0,1.0,1.0,1.0,1.0,1.0,1.0,1.0,1.0,1.0,1.0,1.0,1.0,1.0,1.0,1.0,1.0,1.0,1.0,1.0,1.0,1.0,1.0,3.0,1.0,1.0,1.0,1.0,1.0,1.0,1.0
2648014,2,01/12/1998,1,61.9,266.3,11.0,17.0,1.0,1,1.0,2873.0,2.0,0.0,0.0,0.0,0.0,21.4,0.0,0.0,3.2,11.2,14.0,61.9,0.8,0.0,3.8,43.1,6.1,27.5,0.0,0.0,0.0,0.0,11.8,38.3,5.8,6.9,4.2,5.2,0.0,0.0,0.0,1.1,1.0,1.0,1.0,1.0,1.0,1.0,1.0,1.0,1.0,1.0,1.0,1.0,1.0,1.0,1.0,1.0,1.0,1.0,1.0,1.0,1.0,1.0,1.0,1.0,1.0,1.0,1.0,1.0,1.0,1.0,1.0
2648014,1,01/12/1998,1,61.9,261.1,11.0,16.0,1.0,1,0.0,2814.8,3.0,0.0,0.0,0.0,0.0,21.4,0.0,0.0,3.2,11.2,14.0,61.9,0.8,0.0,3.8,43.1,6.1,27.5,0.0,0.0,0.0,0.0,11.8,38.3,5.8,6.9,4.2,0.0,0.0,0.0,0.0,1.1,1.0,1.0,1.0,1.0,1.0,1.0,1.0,1.0,1.0,1.0,1.0,1.0,1.0,1.0,1.0,1.0,1.0,1.0,1.0,1.0,1.0,1.0,1.0,1.0,1.0,1.0,1.0,1.0,1.0,1.0,1.0
2648014,2,01/11/1998,1,46.7,132.1,11.0,14.0,1.0,1,1.0,2873.0,2.0,0.0,0.3,0.3,0.0,0.0,0.0,0.0,4.2,2.2,7.8,46.7,1.5,19.1,10.0,0.0,0.0,0.0,0.0,1.4,0.0,0.0,24.6,11.4,0.0,0.0,0.6,2.0,0.0,0.0,0.0,,1.0,1.0,1.0,1.0,1.0,1.0,1.0,1.0,1.0,1.0,1.0,1.0,1.0,1.0,1.0,1.0,1.0,1.0,1.0,1.0,1.0,1.0,1.0,1.0,1.0,1.0,1.0,1.0,1.0,1.0,0.0
2648014,1,01/11/1998,1,46.7,132.1,11.0,14.0,3.0,3,0.0,2814.8,3.0,0.0,0.3,0.3,0.0,0.0,0.0,0.0,4.2,2.2,7.8,46.7,1.5,19.1,10.0,0.0,0.0,0.0,0.0,1.4,0.0,0.0,24.6,11.4,0.0,0.0,0.6,2.0,0.0,0.0,0.0,,1.0,1.0,1.0,1.0,1.0,1.0,1.0,1.0,1.0,1.0,1.0,1.0,1.0,1.0,1.0,1.0,1.0,1.0,1.0,1.0,1.0,3.0,1.0,1.0,1.0,1.0,1.0,1.0,1.0,1.0,0.0
2648014,2,01/10/1998,1,41.8,260.3,26.0,22.0,1.0,1,0.0,2873.0,2.0,29.0,9.2,5.2,14.6,13.9,0.0,32.1,15.3,6.9,0.0,7.4,3.2,0.0,1.2,1.8,0.0,32.1,8.7,1.9,0.0,1.2,0.0,0.0,18.4,0.8,41.8,9.4,0.3,0.0,0.0,5.9,1.0,1.0,1.0,1.0,1.0,1.0,1.0,1.0,1.0,1.0,1.0,1.0,1.0,1.0,1.0,1.0,1.0,1.0,1.0,1.0,1.0,1.0,1.0,1.0,1.0,1.0,1.0,1.0,1.0,1.0,1.0
2648014,1,01/10/1998,1,41.8,253.1,26.0,22.0,1.0,1,0.0,2814.8,3.0,21.8,9.2,5.2,14.6,13.9,0.0,32.1,15.3,6.9,0.0,7.4,3.2,0.0,1.2,1.8,0.0,32.1,8.7,1.9,0.0,1.2,0.0,0.0,18.4,0.8,41.8,9.4,0.3,0.0,0.0,5.9,1.0,1.0,1.0,1.0,1.0,1.0,1.0,1.0,1.0,1.0,1.0,1.0,1.0,1.0,1.0,1.0,1.0,1.0,1.0,1.0,1.0,1.0,1.0,1.0,1.0,1.0,1.0,1.0,1.0,1.0,1.0
2648014,2,01/09/1998,1,87.2,335.3,20.0,22.0,1.0,1,0.0,2873.0,2.0,0.0,0.0,0.0,2.8,28.4,2.2,21.2,13.4,4.8,0.9,4.8,0.0,25.2,12.2,15.8,9.6,0.0,0.8,10.2,87.2,11.6,0.0,5.9,0.0,2.8,0.0,4.7,33.1,37.5,0.2,,1.0,1.0,1.0,1.0,1.0,1.0,1.0,1.0,1.0,1.0,1.0,1.0,1.0,1.0,1.0,1.0,1.0,1.0,1.0,1.0,1.0,1.0,1.0,1.0,1.0,1.0,1.0,1.0,1.0,1.0,0.0
2648014,1,01/09/1998,1,87.2,335.3,20.0,22.0,1.0,1,0.0,2814.8,3.0,0.0,0.0,0.0,2.8,28.4,2.2,21.2,13.4,4.8,0.9,4.8,0.0,25.2,12.2,15.8,9.6,0.0,0.8,10.2,87.2,11.6,0.0,5.9,0.0,2.8,0.0,4.7,33.1,37.5,0.2,,1.0,1.0,1.0,1.0,1.0,1.0,1.0,1.0,1.0,1.0,1.0,1.0,1.0,1.0,1.0,1.0,1.0,1.0,1.0,1.0,1.0,1.0,1.0,1.0,1.0,1.0,1.0,1.0,1.0,1.0,0.0
2648014,2,01/08/1998,1,,385.6,,,0.0,2,0.0,2873.0,2.0,0.0,45.2,9.2,31.6,21.3,0.0,0.0,0.1,4.2,,14.7,0.0,50.4,46.3,0.0,0.0,1.2,23.0,15.8,1.2,11.4,30.0,11.2,0.0,0.0,0.0,0.0,0.0,1.6,0.0,0.0,1.0,1.0,1.0,1.0,1.0,1.0,1.0,1.0,1.0,0.0,1.0,1.0,1.0,1.0,1.0,1.0,1.0,1.0,1.0,1.0,1.0,1.0,1.0,1.0,1.0,1.0,1.0,1.0,1.0,1.0,1.0
2648014,1,01/08/1998,1,112.0,430.4,10.0,18.0,1.0,1,0.0,2814.8,3.0,0.0,45.2,9.2,31.6,21.3,0.0,0.0,0.1,4.2,112.0,14.7,0.0,50.4,46.3,0.0,0.0,1.2,23.0,15.8,11.4,1.2,30.0,11.2,0.0,0.0,0.0,0.0,0.0,1.6,0.0,0.0,1.0,1.0,1.0,1.0,1.0,1.0,1.0,1.0,1.0,1.0,1.0,1.0,1.0,1.0,1.0,1.0,1.0,1.0,1.0,1.0,1.0,1.0,1.0,1.0,1.0,1.0,1.0,1.0,1.0,1.0,1.0
2648014,2,01/07/1998,1,51.0,151.4,9.0,11.0,1.0,1,0.0,2873.0,2.0,0.0,11.4,22.8,0.0,0.0,0.0,0.0,15.9,51.0,1.6,0.0,0.0,0.0,0.0,0.0,0.0,0.0,0.0,3.8,3.8,8.6,0.0,4.9,6.0,0.0,0.0,0.0,0.0,0.0,0.0,21.6,1.0,1.0,1.0,1.0,1.0,1.0,1.0,1.0,1.0,1.0,1.0,1.0,1.0,1.0,1.0,1.0,1.0,1.0,1.0,1.0,1.0,1.0,1.0,1.0,1.0,1.0,1.0,1.0,1.0,1.0,1.0
2648014,1,01/07/1998,1,51.0,151.4,9.0,11.0,1.0,1,0.0,2814.8,3.0,0.0,11.4,22.8,0.0,0.0,0.0,0.0,15.9,51.0,1.6,0.0,0.0,0.0,0.0,0.0,0.0,0.0,0.0,3.8,3.8,8.6,0.0,4.9,6.0,0.0,0.0,0.0,0.0,0.0,0.0,21.6,1.0,1.0,1.0,1.0,1.0,1.0,1.0,1.0,1.0,1.0,1.0,1.0,1.0,1.0,1.0,1.0,1.0,1.0,1.0,1.0,1.0,1.0,1.0,1.0,1.0,1.0,1.0,1.0,1.0,1.0,1.0
2648014,2,01/06/1998,1,48.7,70.5,19.0,7.0,1.0,1,0.0,2873.0,2.0,0.0,0.0,0.0,0.0,0.0,0.0,0.0,0.0,0.0,0.0,0.0,0.0,1.3,0.8,0.0,0.0,0.0,0.0,48.7,5.1,0.0,0.0,1.5,12.9,0.2,0.0,0.0,0.0,0.0,0.0,,1.0,1.0,1.0,1.0,1.0,1.0,1.0,1.0,1.0,1.0,1.0,1.0,1.0,1.0,1.0,1.0,1.0,1.0,1.0,1.0,1.0,1.0,1.0,1.0,1.0,1.0,1.0,1.0,1.0,1.0,0.0
2648014,1,01/06/1998,1,48.7,70.5,19.0,7.0,1.0,1,0.0,2814.8,3.0,0.0,0.0,0.0,0.0,0.0,0.0,0.0,0.0,0.0,0.0,0.0,0.0,1.3,0.8,0.0,0.0,0.0,0.0,48.7,5.1,0.0,0.0,1.5,12.9,0.2,0.0,0.0,0.0,0.0,0.0,,1.0,1.0,1.0,1.0,1.0,1.0,1.0,1.0,1.0,1.0,1.0,1.0,1.0,1.0,1.0,1.0,1.0,1.0,1.0,1.0,1.0,1.0,1.0,1.0,1.0,1.0,1.0,1.0,1.0,1.0,0.0
2648014,2,01/05/1998,1,8.3,17.4,15.0,5.0,1.0,1,1.0,2873.0,2.0,0.0,0.0,0.5,0.0,0.0,0.0,0.0,0.0,0.0,0.0,0.0,0.0,0.0,0.0,8.3,0.0,0.0,0.0,0.0,0.0,0.0,0.0,0.0,0.0,0.0,0.0,0.2,0.0,0.0,5.8,2.6,1.0,1.0,1.0,1.0,1.0,1.0,1.0,1.0,1.0,1.0,1.0,1.0,1.0,1.0,1.0,1.0,1.0,1.0,1.0,1.0,1.0,1.0,1.0,1.0,1.0,1.0,1.0,1.0,1.0,1.0,1.0
2648014,1,01/05/1998,1,8.3,17.4,15.0,5.0,1.0,1,0.0,2814.8,3.0,0.0,0.0,0.5,0.0,0.0,0.0,0.0,0.0,0.0,0.0,0.0,0.0,0.0,0.0,8.3,0.0,0.0,0.0,0.0,0.0,0.0,0.0,0.0,0.0,0.0,0.2,0.0,0.0,0.0,5.8,2.6,1.0,1.0,1.0,1.0,1.0,1.0,1.0,1.0,1.0,1.0,1.0,1.0,1.0,1.0,1.0,1.0,1.0,1.0,1.0,1.0,1.0,1.0,1.0,1.0,1.0,1.0,1.0,1.0,1.0,1.0,1.0
2648014,2,01/04/1998,1,,137.1,,,0.0,2,0.0,2873.0,2.0,6.6,2.2,0.0,0.0,3.7,7.7,2.8,0.0,0.0,1.1,0.0,0.0,0.0,0.0,0.0,30.0,11.3,0.0,0.0,0.0,0.0,0.0,6.5,25.2,0.0,1.0,,,0.0,0.0,,1.0,1.0,1.0,1.0,1.0,1.0,1.0,1.0,1.0,1.0,1.0,1.0,1.0,1.0,1.0,1.0,1.0,1.0,1.0,1.0,1.0,1.0,1.0,1.0,1.0,1.0,0.0,0.0,1.0,1.0,0.0
2648014,1,01/04/1998,1,30.0,98.1,16.0,11.0,1.0,1,0.0,2814.8,3.0,6.6,2.2,0.0,0.0,3.7,7.7,2.8,0.0,0.0,1.1,0.0,0.0,0.0,0.0,0.0,30.0,11.3,0.0,0.0,0.0,0.0,0.0,6.5,25.2,0.0,1.0,0.0,0.0,0.0,0.0,,1.0,1.0,1.0,1.0,1.0,1.0,1.0,1.0,1.0,1.0,1.0,1.0,1.0,1.0,1.0,1.0,1.0,1.0,1.0,1.0,1.0,1.0,1.0,1.0,1.0,1.0,1.0,1.0,1.0,1.0,0.0
2648014,2,01/03/1998,1,52.5,267.7,19.0,18.0,1.0,1,1.0,2873.0,2.0,1.5,0.0,0.0,0.0,0.0,0.0,17.8,0.0,0.0,0.0,0.5,3.2,5.8,13.4,3.9,0.0,3.5,44.4,52.5,1.4,0.0,1.0,45.2,3.1,6.8,0.0,0.0,0.0,35.0,12.1,16.6,1.0,1.0,1.0,1.0,1.0,1.0,1.0,1.0,1.0,1.0,1.0,1.0,1.0,1.0,1.0,1.0,1.0,1.0,1.0,1.0,1.0,1.0,1.0,1.0,1.0,1.0,1.0,1.0,1.0,1.0,1.0
2648014,1,01/03/1998,1,52.5,267.7,19.0,18.0,1.0,1,0.0,2814.8,3.0,1.5,0.0,0.0,0.0,0.0,0.0,17.8,0.0,0.0,0.0,0.5,3.2,5.8,13.4,3.9,0.0,3.5,44.4,52.5,1.4,0.0,1.0,45.2,3.1,6.8,0.0,35.0,0.0,12.1,0.0,16.6,1.0,1.0,1.0,1.0,1.0,1.0,1.0,1.0,1.0,1.0,1.0,1.0,1.0,1.0,1.0,1.0,1.0,1.0,1.0,1.0,1.0,1.0,1.0,1.0,1.0,1.0,1.0,1.0,1.0,1.0,1.0
2648014,2,01/02/1998,1,,405.4,,,0.0,2,0.0,2873.0,2.0,41.4,16.5,18.6,2.6,0.0,25.5,0.0,0.0,3.3,0.0,,0.0,2.8,3.3,3.4,25.8,42.7,11.6,0.0,0.1,9.2,34.4,19.8,25.8,24.0,1.4,0.0,40.0,,,,1.0,1.0,1.0,1.0,1.0,1.0,1.0,1.0,1.0,1.0,0.0,1.0,1.0,1.0,1.0,1.0,1.0,1.0,1.0,1.0,1.0,1.0,1.0,1.0,1.0,1.0,1.0,1.0,0.0,0.0,0.0
2648014,1,01/02/1998,1,42.7,352.4,17.0,21.0,1.0,1,0.0,2814.8,3.0,41.4,16.5,18.6,2.6,0.0,25.5,0.0,0.0,3.3,0.0,0.2,0.0,2.8,3.3,3.4,25.8,42.7,11.6,0.0,0.1,9.2,34.4,19.8,25.8,24.0,1.4,0.0,40.0,,,,1.0,1.0,1.0,1.0,1.0,1.0,1.0,1.0,1.0,1.0,1.0,1.0,1.0,1.0,1.0,1.0,1.0,1.0,1.0,1.0,1.0,1.0,1.0,1.0,1.0,1.0,1.0,1.0,0.0,0.0,0.0
2648014,2,01/01/1998,1,109.3,443.9,8.0,21.0,1.0,1,1.0,2873.0,2.0,0.0,0.0,18.4,64.9,59.8,0.0,8.2,109.3,15.0,6.0,1.2,0.0,17.2,0.0,9.6,2.2,0.0,0.0,0.0,3.0,0.0,0.0,6.6,8.5,50.4,0.4,0.6,9.6,31.2,1.0,20.8,1.0,1.0,1.0,1.0,1.0,1.0,1.0,1.0,1.0,1.0,1.0,1.0,1.0,1.0,1.0,1.0,1.0,1.0,1.0,1.0,1.0,1.0,1.0,1.0,1.0,1.0,1.0,1.0,1.0,1.0,1.0
2648014,1,01/01/1998,1,109.8,445.3,8.0,22.0,1.0,1,0.0,2814.8,3.0,1.7,0.0,18.4,64.9,59.8,0.0,8.2,109.8,15.0,6.0,0.4,0.0,17.2,0.0,0.0,0.0,0.0,0.0,0.0,9.6,2.2,3.0,6.6,8.5,50.4,0.4,0.6,9.6,31.2,1.0,20.8,1.0,1.0,1.0,1.0,1.0,1.0,1.0,1.0,1.0,1.0,1.0,1.0,1.0,1.0,1.0,1.0,1.0,1.0,1.0,1.0,1.0,1.0,1.0,1.0,1.0,1.0,1.0,1.0,1.0,1.0,1.0
2648014,2,01/12/1997,1,54.0,238.7,28.0,15.0,1.0,1,1.0,1865.7,2.0,0.0,1.6,0.0,0.0,0.0,0.0,2.4,16.2,0.0,0.0,1.6,0.0,0.0,0.8,3.8,0.0,13.6,0.0,4.3,0.0,0.0,30.1,0.0,30.4,30.3,0.0,0.0,54.0,23.6,12.8,13.2,1.0,1.0,1.0,1.0,1.0,1.0,1.0,1.0,1.0,1.0,1.0,1.0,1.0,1.0,1.0,1.0,1.0,1.0,1.0,1.0,1.0,1.0,1.0,1.0,1.0,1.0,1.0,1.0,1.0,1.0,1.0
2648014,1,01/12/1997,1,54.0,238.7,27.0,15.0,1.0,1,0.0,1794.4,1.0,0.0,1.6,0.0,0.0,0.0,0.0,2.4,16.2,0.0,0.0,1.6,0.0,0.0,0.8,3.8,0.0,13.6,0.0,4.3,0.0,0.0,30.1,0.0,30.4,30.3,0.0,54.0,23.6,0.0,12.8,13.2,1.0,1.0,1.0,1.0,1.0,1.0,1.0,1.0,1.0,1.0,1.0,1.0,1.0,1.0,1.0,1.0,1.0,1.0,1.0,1.0,1.0,1.0,1.0,1.0,1.0,1.0,1.0,1.0,1.0,1.0,1.0
2648014,2,01/11/1997,1,44.1,237.5,18.0,19.0,1.0,1,1.0,1865.7,2.0,7.7,2.6,13.0,2.8,11.2,43.5,0.8,2.3,0.0,0.0,0.0,17.8,0.0,0.6,2.4,0.0,24.0,44.1,14.1,13.4,0.0,0.0,9.4,0.0,0.0,0.6,21.4,5.8,0.0,0.0,,1.0,1.0,1.0,1.0,1.0,1.0,1.0,1.0,1.0,1.0,1.0,1.0,1.0,1.0,1.0,1.0,1.0,1.0,1.0,1.0,1.0,1.0,1.0,1.0,1.0,1.0,1.0,1.0,1.0,1.0,0.0
2648014,1,01/11/1997,1,44.1,237.5,18.0,19.0,1.0,1,0.0,1794.4,1.0,7.7,2.6,13.0,2.8,11.2,43.5,0.8,2.3,0.0,0.0,0.0,17.8,0.0,0.6,2.4,0.0,24.0,44.1,14.1,13.4,0.0,0.0,9.4,0.0,0.0,0.6,21.4,0.0,5.8,0.0,,1.0,1.0,1.0,1.0,1.0,1.0,1.0,1.0,1.0,1.0,1.0,1.0,1.0,1.0,1.0,1.0,1.0,1.0,1.0,1.0,1.0,1.0,1.0,1.0,1.0,1.0,1.0,1.0,1.0,1.0,0.0
2648014,2,01/10/1997,1,67.2,372.0,22.0,21.0,1.0,1,1.0,1865.7,2.0,17.8,5.2,5.4,0.0,0.0,50.0,16.8,9.2,7.8,37.4,20.0,8.6,0.0,1.2,0.0,0.0,8.6,4.8,1.4,18.7,20.0,67.2,4.0,0.0,3.1,0.0,0.0,0.0,0.0,40.4,24.4,1.0,1.0,1.0,1.0,1.0,1.0,1.0,1.0,1.0,1.0,1.0,1.0,1.0,1.0,1.0,1.0,1.0,1.0,1.0,1.0,1.0,1.0,1.0,1.0,1.0,1.0,1.0,1.0,1.0,1.0,1.0
2648014,1,01/10/1997,1,67.2,375.4,22.0,22.0,1.0,1,0.0,1794.4,1.0,17.8,5.8,5.2,5.0,0.0,50.0,16.8,9.2,7.8,37.4,20.0,8.6,0.0,1.2,0.0,0.0,8.6,4.8,1.4,18.7,20.0,67.2,4.0,0.0,3.1,38.4,0.0,0.0,0.0,0.0,24.4,1.0,1.0,1.0,1.0,1.0,1.0,1.0,1.0,1.0,1.0,1.0,1.0,1.0,1.0,1.0,1.0,1.0,1.0,1.0,1.0,1.0,1.0,1.0,1.0,1.0,1.0,1.0,1.0,1.0,1.0,1.0
2648014,2,01/09/1997,1,34.2,103.5,15.0,12.0,1.0,1,1.0,1865.7,2.0,0.0,0.0,0.0,0.0,2.4,0.0,0.0,0.0,0.0,0.0,2.2,0.0,0.0,3.6,34.2,0.0,0.0,0.0,0.0,2.2,5.8,9.2,0.0,0.0,0.0,13.4,14.2,0.9,9.2,6.2,,1.0,1.0,1.0,1.0,1.0,1.0,1.0,1.0,1.0,1.0,1.0,1.0,1.0,1.0,1.0,1.0,1.0,1.0,1.0,1.0,1.0,1.0,1.0,1.0,1.0,1.0,1.0,1.0,1.0,1.0,0.0
2648014,1,01/09/1997,1,34.2,103.5,15.0,12.0,1.0,1,0.0,1794.4,1.0,0.0,0.0,0.0,0.0,2.4,0.0,0.0,0.0,0.0,0.0,2.2,0.0,0.0,3.6,34.2,0.0,0.0,0.0,0.0,2.2,5.8,0.0,9.2,0.0,13.4,0.0,14.2,0.9,9.2,6.2,,1.0,1.0,1.0,1.0,1.0,1.0,1.0,1.0,1.0,1.0,1.0,1.0,1.0,1.0,1.0,1.0,1.0,1.0,1.0,1.0,1.0,1.0,1.0,1.0,1.0,1.0,1.0,1.0,1.0,1.0,0.0
2648014,2,01/08/1997,1,27.8,118.3,22.0,9.0,1.0,1,1.0,1865.7,2.0,0.0,20.6,3.4,4.2,9.8,0.0,14.0,0.0,0.0,0.0,0.0,0.0,0.0,0.0,0.0,0.0,0.0,0.0,0.0,0.0,14.6,27.8,15.5,8.4,0.0,0.0,0.0,0.0,0.0,0.0,0.0,1.0,1.0,1.0,1.0,1.0,1.0,1.0,1.0,1.0,1.0,1.0,1.0,1.0,1.0,1.0,1.0,1.0,1.0,1.0,1.0,1.0,1.0,1.0,1.0,1.0,1.0,1.0,1.0,1.0,1.0,1.0
2648014,1,01/08/1997,1,27.8,118.3,22.0,9.0,1.0,1,0.0,1794.4,1.0,0.0,20.6,3.4,4.2,0.0,9.8,14.0,0.0,0.0,0.0,0.0,0.0,0.0,0.0,0.0,0.0,0.0,0.0,0.0,0.0,14.6,27.8,15.5,8.4,0.0,0.0,0.0,0.0,0.0,0.0,0.0,1.0,1.0,1.0,1.0,1.0,1.0,1.0,1.0,1.0,1.0,1.0,1.0,1.0,1.0,1.0,1.0,1.0,1.0,1.0,1.0,1.0,1.0,1.0,1.0,1.0,1.0,1.0,1.0,1.0,1.0,1.0
2648014,2,01/07/1997,1,18.0,64.6,4.0,10.0,1.0,1,1.0,1865.7,2.0,0.0,0.8,0.0,18.0,7.2,0.0,0.0,2.6,0.0,0.0,0.0,0.0,1.1,0.0,0.0,0.0,0.4,11.4,0.0,14.0,5.1,4.0,0.0,0.0,0.0,0.0,0.0,0.0,0.0,0.0,0.0,1.0,1.0,1.0,1.0,1.0,1.0,1.0,1.0,1.0,1.0,1.0,1.0,1.0,1.0,1.0,1.0,1.0,1.0,1.0,1.0,1.0,1.0,1.0,1.0,1.0,1.0,1.0,1.0,1.0,1.0,1.0
2648014,1,01/07/1997,1,18.0,64.6,3.0,10.0,1.0,1,0.0,1794.4,1.0,0.0,0.8,18.0,0.0,7.2,0.0,0.0,2.6,0.0,0.0,0.0,0.0,1.1,0.0,0.0,0.0,0.4,11.4,0.0,14.0,5.1,4.0,0.0,0.0,0.0,0.0,0.0,0.0,0.0,0.0,0.0,1.0,1.0,1.0,1.0,1.0,1.0,1.0,1.0,1.0,1.0,1.0,1.0,1.0,1.0,1.0,1.0,1.0,1.0,1.0,1.0,1.0,1.0,1.0,1.0,1.0,1.0,1.0,1.0,1.0,1.0,1.0
2648014,2,01/06/1997,1,,85.0,,,0.0,2,0.0,1865.7,2.0,0.0,1.2,0.0,0.0,0.0,0.0,0.0,0.0,0.0,0.0,0.0,0.0,0.0,6.2,0.0,0.0,0.0,0.0,0.0,11.4,0.0,0.0,0.0,0.0,0.0,0.0,21.8,16.8,7.0,,,1.0,1.0,1.0,1.0,1.0,1.0,1.0,1.0,1.0,1.0,1.0,1.0,1.0,1.0,1.0,1.0,1.0,1.0,1.0,1.0,1.0,1.0,1.0,1.0,1.0,1.0,1.0,1.0,1.0,0.0,0.0
2648014,1,01/06/1997,1,21.8,64.4,27.0,6.0,1.0,1,0.0,1794.4,1.0,0.0,1.2,0.0,0.0,0.0,0.0,0.0,0.0,0.0,0.0,0.0,0.0,0.0,6.2,0.0,0.0,0.0,0.0,11.4,0.0,0.0,0.0,0.0,0.0,0.0,0.0,21.8,16.8,7.0,0.0,,1.0,1.0,1.0,1.0,1.0,1.0,1.0,1.0,1.0,1.0,1.0,1.0,1.0,1.0,1.0,1.0,1.0,1.0,1.0,1.0,1.0,1.0,1.0,1.0,1.0,1.0,1.0,1.0,1.0,1.0,0.0
2648014,2,01/05/1997,1,11.0,37.0,25.0,12.0,1.0,1,3.0,1865.7,2.0,0.0,0.0,0.0,0.0,1.0,0.4,0.0,0.0,0.0,0.0,0.0,0.0,0.0,1.6,1.4,8.0,2.4,2.2,0.0,0.0,0.5,6.5,0.0,0.0,11.0,1.4,0.0,0.6,0.0,0.0,0.0,1.0,1.0,1.0,1.0,1.0,1.0,1.0,1.0,1.0,1.0,1.0,1.0,1.0,1.0,1.0,1.0,1.0,1.0,1.0,1.0,1.0,1.0,1.0,1.0,1.0,1.0,1.0,1.0,1.0,1.0,1.0
2648014,1,01/05/1997,1,11.0,46.0,24.0,12.0,1.0,1,0.0,1794.4,1.0,0.0,0.0,0.0,0.0,10.0,0.4,0.0,0.0,0.0,0.0,0.0,0.0,0.0,1.6,1.4,8.0,2.4,2.2,0.0,0.0,0.5,6.5,0.0,11.0,0.0,1.4,0.0,0.6,0.0,0.0,0.0,1.0,1.0,1.0,1.0,1.0,1.0,1.0,1.0,1.0,1.0,1.0,1.0,1.0,1.0,1.0,1.0,1.0,1.0,1.0,1.0,1.0,1.0,1.0,1.0,1.0,1.0,1.0,1.0,1.0,1.0,1.0
2648014,2,01/04/1997,1,9.2,18.9,2.0,7.0,1.0,1,1.0,1865.7,2.0,0.0,9.2,0.6,0.0,0.9,0.0,0.0,1.2,0.0,0.0,0.0,0.0,0.0,0.0,0.0,0.0,0.9,4.5,1.6,0.0,0.0,0.0,0.0,0.0,0.0,0.0,0.0,0.0,0.0,0.0,,1.0,1.0,1.0,1.0,1.0,1.0,1.0,1.0,1.0,1.0,1.0,1.0,1.0,1.0,1.0,1.0,1.0,1.0,1.0,1.0,1.0,1.0,1.0,1.0,1.0,1.0,1.0,1.0,1.0,1.0,0.0
2648014,1,01/04/1997,1,9.2,18.9,2.0,7.0,1.0,1,0.0,1794.4,1.0,0.0,9.2,0.6,0.0,0.9,0.0,1.2,0.0,0.0,0.0,0.0,0.0,0.0,0.0,0.0,0.9,4.5,0.0,1.6,0.0,0.0,0.0,0.0,0.0,0.0,0.0,0.0,0.0,0.0,0.0,,1.0,1.0,1.0,1.0,1.0,1.0,1.0,1.0,1.0,1.0,1.0,1.0,1.0,1.0,1.0,1.0,1.0,1.0,1.0,1.0,1.0,1.0,1.0,1.0,1.0,1.0,1.0,1.0,1.0,1.0,0.0
2648014,2,01/03/1997,1,42.9,106.7,6.0,16.0,1.0,1,1.0,1865.7,2.0,6.7,10.2,12.8,10.3,1.6,42.9,0.0,4.2,4.3,1.0,0.0,0.0,0.8,0.0,2.7,0.0,2.6,0.2,0.2,0.0,0.0,0.0,0.0,0.0,0.0,0.0,0.0,0.0,4.8,1.4,0.0,1.0,1.0,1.0,1.0,1.0,1.0,1.0,1.0,1.0,1.0,1.0,1.0,1.0,1.0,1.0,1.0,1.0,1.0,1.0,1.0,1.0,1.0,1.0,1.0,1.0,1.0,1.0,1.0,1.0,1.0,1.0
2648014,1,01/03/1997,1,42.9,106.6,6.0,16.0,1.0,1,0.0,1794.4,1.0,6.7,10.2,12.8,10.3,1.6,42.9,0.0,4.2,4.3,1.0,0.0,0.0,0.7,0.0,2.7,0.0,2.6,0.2,0.2,0.0,0.0,0.0,0.0,0.0,0.0,0.0,0.0,0.0,4.8,1.4,0.0,1.0,1.0,1.0,1.0,1.0,1.0,1.0,1.0,1.0,1.0,1.0,1.0,1.0,1.0,1.0,1.0,1.0,1.0,1.0,1.0,1.0,1.0,1.0,1.0,1.0,1.0,1.0,1.0,1.0,1.0,1.0
2648014,2,01/02/1997,1,,151.5,,,0.0,2,0.0,1865.7,2.0,12.7,0.2,14.8,28.0,0.0,0.0,1.6,,0.0,0.0,0.0,10.8,0.0,0.0,3.0,,0.4,1.6,0.0,0.8,2.3,0.7,2.1,0.0,0.4,8.6,0.0,0.5,,,,1.0,1.0,1.0,1.0,1.0,1.0,1.0,0.0,1.0,1.0,1.0,1.0,1.0,1.0,1.0,0.0,1.0,1.0,1.0,1.0,1.0,1.0,1.0,1.0,1.0,1.0,1.0,1.0,0.0,0.0,0.0
2648014,1,01/02/1997,1,28.0,88.5,4.0,16.0,1.0,1,0.0,1794.4,1.0,12.7,0.2,14.8,28.0,0.0,0.0,1.6,0.0,0.0,0.0,0.0,0.0,10.8,0.0,3.0,0.0,0.4,1.6,0.0,0.8,2.3,0.7,2.1,0.0,0.4,8.6,0.0,0.5,,,,1.0,1.0,1.0,1.0,1.0,1.0,1.0,1.0,1.0,1.0,1.0,1.0,1.0,1.0,1.0,1.0,1.0,1.0,1.0,1.0,1.0,1.0,1.0,1.0,1.0,1.0,1.0,1.0,0.0,0.0,0.0
2648014,2,01/01/1997,1,,332.0,,,0.0,1,0.0,1865.7,2.0,2.2,18.0,8.6,0.0,0.0,0.0,0.0,0.0,0.0,18.6,21.1,0.0,0.0,6.2,1.3,0.0,9.2,0.8,0.0,41.0,31.2,,75.6,8.8,5.0,38.7,6.3,4.4,0.0,0.9,34.1,1.0,1.0,1.0,1.0,1.0,1.0,1.0,1.0,1.0,1.0,1.0,1.0,1.0,1.0,1.0,1.0,1.0,1.0,1.0,1.0,1.0,0.0,4.0,1.0,1.0,1.0,1.0,1.0,1.0,1.0,1.0
2648014,1,01/01/1997,1,75.6,332.0,23.0,20.0,1.0,1,0.0,1794.4,1.0,2.2,18.0,8.6,0.0,0.0,0.0,0.0,0.0,0.0,18.6,21.1,0.0,0.0,6.2,1.3,0.0,9.2,0.8,41.0,0.0,1.2,30.0,75.6,8.8,5.0,38.7,6.3,4.4,0.0,0.9,34.1,1.0,1.0,1.0,1.0,1.0,1.0,1.0,1.0,1.0,1.0,1.0,1.0,1.0,1.0,1.0,1.0,1.0,1.0,1.0,1.0,1.0,1.0,1.0,1.0,1.0,1.0,1.0,1.0,1.0,1.0,1.0
2648014,2,01/12/1996,1,30.0,130.1,28.0,15.0,1.0,1,0.0,2211.1,1.0,0.0,0.0,0.0,1.0,0.0,2.2,11.2,0.0,0.0,0.0,12.1,8.4,0.0,0.0,1.2,4.6,5.7,0.0,10.6,14.0,4.9,14.8,0.0,0.0,0.0,0.0,5.1,30.0,4.3,0.0,0.0,1.0,1.0,1.0,1.0,1.0,1.0,1.0,1.0,1.0,1.0,1.0,1.0,1.0,1.0,1.0,1.0,1.0,1.0,1.0,1.0,1.0,1.0,1.0,1.0,1.0,1.0,1.0,1.0,1.0,1.0,1.0
2648014,1,01/12/1996,1,30.0,130.1,28.0,15.0,1.0,1,0.0,2211.1,1.0,0.0,0.0,0.0,1.0,0.0,2.2,11.2,0.0,0.0,0.0,12.1,8.4,0.0,0.0,1.2,4.6,5.7,0.0,10.6,14.0,4.9,14.8,0.0,0.0,0.0,0.0,5.1,30.0,4.3,0.0,0.0,1.0,1.0,1.0,1.0,1.0,1.0,1.0,1.0,1.0,1.0,1.0,1.0,1.0,1.0,1.0,1.0,1.0,1.0,1.0,1.0,1.0,1.0,1.0,1.0,1.0,1.0,1.0,1.0,1.0,1.0,1.0
2648014,2,01/11/1996,1,52.7,118.8,11.0,14.0,1.0,1,0.0,2211.1,1.0,0.0,4.4,0.0,2.4,0.0,0.0,0.0,0.0,0.0,0.0,52.7,1.7,0.0,0.0,0.8,5.6,12.2,0.0,11.2,7.2,11.8,2.2,1.4,0.0,4.8,0.0,0.0,0.4,0.0,0.0,,1.0,1.0,1.0,1.0,1.0,1.0,1.0,1.0,1.0,1.0,1.0,1.0,1.0,1.0,1.0,1.0,1.0,1.0,1.0,1.0,1.0,1.0,1.0,1.0,1.0,1.0,1.0,1.0,1.0,1.0,0.0
2648014,1,01/11/1996,1,52.7,118.8,11.0,14.0,1.0,1,0.0,2211.1,1.0,0.0,4.4,0.0,2.4,0.0,0.0,0.0,0.0,0.0,0.0,52.7,1.7,0.0,0.0,0.8,5.6,12.2,0.0,11.2,7.2,11.8,2.2,1.4,0.0,4.8,0.0,0.0,0.4,0.0,0.0,,1.0,1.0,1.0,1.0,1.0,1.0,1.0,1.0,1.0,1.0,1.0,1.0,1.0,1.0,1.0,1.0,1.0,1.0,1.0,1.0,1.0,1.0,1.0,1.0,1.0,1.0,1.0,1.0,1.0,1.0,0.0
2648014,2,01/10/1996,1,32.4,119.7,3.0,16.0,1.0,1,0.0,2211.1,1.0,2.6,2.2,32.4,3.2,0.0,0.0,0.0,3.0,0.0,5.7,0.0,0.0,6.4,7.6,0.0,0.0,0.0,0.0,14.2,4.0,17.2,6.0,2.2,0.0,10.6,1.0,1.4,0.0,0.0,0.0,0.0,1.0,1.0,1.0,1.0,1.0,1.0,1.0,1.0,1.0,1.0,1.0,1.0,1.0,1.0,1.0,1.0,1.0,1.0,1.0,1.0,1.0,1.0,1.0,1.0,1.0,1.0,1.0,1.0,1.0,1.0,1.0
2648014,1,01/10/1996,1,32.4,119.7,3.0,16.0,1.0,1,0.0,2211.1,1.0,2.6,2.2,32.4,3.2,0.0,0.0,0.0,3.0,0.0,5.7,0.0,0.0,6.4,7.6,0.0,0.0,0.0,0.0,14.2,4.0,17.2,6.0,2.2,0.0,10.6,1.0,1.4,0.0,0.0,0.0,0.0,1.0,1.0,1.0,1.0,1.0,1.0,1.0,1.0,1.0,1.0,1.0,1.0,1.0,1.0,1.0,1.0,1.0,1.0,1.0,1.0,1.0,1.0,1.0,1.0,1.0,1.0,1.0,1.0,1.0,1.0,1.0
2648014,2,01/09/1996,1,30.6,199.7,28.0,18.0,1.0,1,0.0,2211.1,1.0,8.6,0.0,0.2,19.4,0.0,0.0,0.0,1.4,23.6,0.0,0.4,0.0,2.2,4.2,11.6,0.0,15.8,0.5,0.0,0.0,0.0,0.0,5.2,1.1,28.6,16.5,27.2,30.6,2.6,0.0,,1.0,1.0,1.0,1.0,1.0,1.0,1.0,1.0,1.0,1.0,1.0,1.0,1.0,1.0,1.0,1.0,1.0,1.0,1.0,1.0,1.0,1.0,1.0,1.0,1.0,1.0,1.0,1.0,1.0,1.0,0.0
2648014,1,01/09/1996,1,30.6,199.7,28.0,18.0,1.0,1,0.0,2211.1,1.0,8.6,0.0,0.2,19.4,0.0,0.0,0.0,1.4,23.6,0.0,0.4,0.0,2.2,4.2,11.6,0.0,15.8,0.5,0.0,0.0,0.0,0.0,5.2,1.1,28.6,16.5,27.2,30.6,2.6,0.0,,1.0,1.0,1.0,1.0,1.0,1.0,1.0,1.0,1.0,1.0,1.0,1.0,1.0,1.0,1.0,1.0,1.0,1.0,1.0,1.0,1.0,1.0,1.0,1.0,1.0,1.0,1.0,1.0,1.0,1.0,0.0
2648014,2,01/08/1996,1,13.8,58.7,15.0,9.0,1.0,1,0.0,2211.1,1.0,0.0,0.0,0.0,0.0,0.0,0.0,0.0,0.5,0.0,9.2,10.4,0.0,0.0,8.7,13.8,0.0,0.0,0.0,0.0,0.0,0.0,0.0,0.0,0.0,0.0,0.0,0.0,1.2,7.3,4.9,2.7,1.0,1.0,1.0,1.0,1.0,1.0,1.0,1.0,1.0,1.0,1.0,1.0,1.0,1.0,1.0,1.0,1.0,1.0,1.0,1.0,1.0,1.0,1.0,1.0,1.0,1.0,1.0,1.0,1.0,1.0,1.0
2648014,1,01/08/1996,1,13.8,58.7,15.0,9.0,1.0,1,0.0,2211.1,1.0,0.0,0.0,0.0,0.0,0.0,0.0,0.0,0.5,0.0,9.2,10.4,0.0,0.0,8.7,13.8,0.0,0.0,0.0,0.0,0.0,0.0,0.0,0.0,0.0,0.0,0.0,0.0,1.2,7.3,4.9,2.7,1.0,1.0,1.0,1.0,1.0,1.0,1.0,1.0,1.0,1.0,1.0,1.0,1.0,1.0,1.0,1.0,1.0,1.0,1.0,1.0,1.0,1.0,1.0,1.0,1.0,1.0,1.0,1.0,1.0,1.0,1.0
2648014,2,01/07/1996,1,62.3,124.7,9.0,11.0,1.0,1,0.0,2211.1,1.0,2.4,0.0,0.6,0.0,0.0,0.0,13.8,24.1,62.3,3.4,0.0,0.0,0.0,0.0,0.0,0.0,0.0,0.0,0.0,0.0,2.2,0.0,4.6,0.0,0.0,0.0,3.3,5.4,2.6,0.0,0.0,1.0,1.0,1.0,1.0,1.0,1.0,1.0,1.0,1.0,1.0,1.0,1.0,1.0,1.0,1.0,1.0,1.0,1.0,1.0,1.0,1.0,1.0,1.0,1.0,1.0,1.0,1.0,1.0,1.0,1.0,1.0
2648014,1,01/07/1996,1,62.3,124.7,9.0,11.0,1.0,1,0.0,2211.1,1.0,2.4,0.0,0.6,0.0,0.0,0.0,13.8,24.1,62.3,3.4,0.0,0.0,0.0,0.0,0.0,0.0,0.0,0.0,0.0,0.0,2.2,0.0,4.6,0.0,0.0,0.0,3.3,5.4,2.6,0.0,0.0,1.0,1.0,1.0,1.0,1.0,1.0,1.0,1.0,1.0,1.0,1.0,1.0,1.0,1.0,1.0,1.0,1.0,1.0,1.0,1.0,1.0,1.0,1.0,1.0,1.0,1.0,1.0,1.0,1.0,1.0,1.0
2648014,2,01/06/1996,1,73.2,227.8,18.0,17.0,1.0,1,0.0,2211.1,1.0,21.2,0.1,0.0,0.0,7.2,12.2,0.0,0.0,0.0,0.2,0.0,0.0,0.0,0.0,0.0,0.0,17.8,73.2,36.0,10.9,0.4,0.0,0.2,0.0,6.4,3.6,22.3,5.6,8.1,2.4,,1.0,1.0,1.0,1.0,1.0,1.0,1.0,1.0,1.0,1.0,1.0,1.0,1.0,1.0,1.0,1.0,1.0,1.0,1.0,1.0,1.0,1.0,1.0,1.0,1.0,1.0,1.0,1.0,1.0,1.0,0.0
2648014,1,01/06/1996,1,73.2,227.8,18.0,17.0,1.0,1,0.0,2211.1,1.0,21.2,0.1,0.0,0.0,7.2,12.2,0.0,0.0,0.0,0.2,0.0,0.0,0.0,0.0,0.0,0.0,17.8,73.2,36.0,10.9,0.4,0.0,0.2,0.0,6.4,3.6,22.3,5.6,8.1,2.4,,1.0,1.0,1.0,1.0,1.0,1.0,1.0,1.0,1.0,1.0,1.0,1.0,1.0,1.0,1.0,1.0,1.0,1.0,1.0,1.0,1.0,1.0,1.0,1.0,1.0,1.0,1.0,1.0,1.0,1.0,0.0
2648014,2,01/05/1996,1,29.9,42.1,1.0,6.0,1.0,1,0.0,2211.1,1.0,29.9,8.1,0.0,0.0,0.0,0.7,0.0,0.0,0.0,0.0,0.0,0.0,0.0,0.0,0.0,0.0,0.0,0.0,0.0,0.0,0.0,0.9,0.0,0.0,2.0,0.5,0.0,0.0,0.0,0.0,0.0,1.0,1.0,1.0,1.0,1.0,1.0,1.0,1.0,1.0,1.0,1.0,1.0,1.0,1.0,1.0,1.0,1.0,1.0,1.0,1.0,1.0,1.0,1.0,1.0,1.0,1.0,1.0,1.0,1.0,1.0,1.0
2648014,1,01/05/1996,1,29.9,42.1,1.0,6.0,1.0,1,0.0,2211.1,1.0,29.9,8.1,0.0,0.0,0.0,0.7,0.0,0.0,0.0,0.0,0.0,0.0,0.0,0.0,0.0,0.0,0.0,0.0,0.0,0.0,0.0,0.9,0.0,0.0,2.0,0.5,0.0,0.0,0.0,0.0,0.0,1.0,1.0,1.0,1.0,1.0,1.0,1.0,1.0,1.0,1.0,1.0,1.0,1.0,1.0,1.0,1.0,1.0,1.0,1.0,1.0,1.0,1.0,1.0,1.0,1.0,1.0,1.0,1.0,1.0,1.0,1.0
2648014,2,01/04/1996,1,81.6,220.1,29.0,15.0,1.0,1,0.0,2211.1,1.0,21.8,2.6,0.0,3.1,4.4,0.0,0.0,0.0,0.0,0.0,0.2,23.7,34.5,9.2,1.0,0.7,4.4,0.0,0.0,0.0,0.0,0.0,0.0,0.0,0.0,0.2,0.0,4.2,81.6,28.5,,1.0,1.0,1.0,1.0,1.0,1.0,1.0,1.0,1.0,1.0,1.0,1.0,1.0,1.0,1.0,1.0,1.0,1.0,1.0,1.0,1.0,1.0,1.0,1.0,1.0,1.0,1.0,1.0,1.0,1.0,0.0
2648014,1,01/04/1996,1,81.6,220.1,29.0,15.0,1.0,1,0.0,2211.1,1.0,21.8,2.6,0.0,3.1,4.4,0.0,0.0,0.0,0.0,0.0,0.2,23.7,34.5,9.2,1.0,0.7,4.4,0.0,0.0,0.0,0.0,0.0,0.0,0.0,0.0,0.2,0.0,4.2,81.6,28.5,,1.0,1.0,1.0,1.0,1.0,1.0,1.0,1.0,1.0,1.0,1.0,1.0,1.0,1.0,1.0,1.0,1.0,1.0,1.0,1.0,1.0,1.0,1.0,1.0,1.0,1.0,1.0,1.0,1.0,1.0,0.0
2648014,2,01/03/1996,1,57.8,344.5,1.0,25.0,1.0,1,0.0,2211.1,1.0,57.8,8.1,39.8,10.7,5.0,0.0,3.4,1.8,1.7,0.0,0.0,3.4,2.0,1.3,11.0,3.4,10.0,31.5,4.6,13.3,3.4,14.8,17.5,0.0,0.0,0.0,20.8,47.0,9.0,6.8,16.4,1.0,1.0,1.0,1.0,1.0,1.0,1.0,1.0,1.0,1.0,1.0,1.0,1.0,1.0,1.0,1.0,1.0,1.0,1.0,1.0,1.0,1.0,1.0,1.0,1.0,1.0,1.0,1.0,1.0,1.0,1.0
2648014,1,01/03/1996,1,57.8,344.5,1.0,25.0,1.0,1,0.0,2211.1,1.0,57.8,8.1,39.8,10.7,5.0,0.0,3.4,1.8,1.7,0.0,0.0,3.4,2.0,1.3,11.0,3.4,10.0,31.5,4.6,13.3,3.4,14.8,17.5,0.0,0.0,0.0,20.8,47.0,9.0,6.8,16.4,1.0,1.0,1.0,1.0,1.0,1.0,1.0,1.0,1.0,1.0,1.0,1.0,1.0,1.0,1.0,1.0,1.0,1.0,1.0,1.0,1.0,1.0,1.0,1.0,1.0,1.0,1.0,1.0,1.0,1.0,1.0
2648014,2,01/02/1996,1,90.2,250.1,16.0,21.0,1.0,1,0.0,2211.1,1.0,7.2,12.8,0.0,2.8,0.0,11.6,0.4,0.5,5.4,0.0,1.8,26.4,11.7,0.2,2.0,90.2,6.2,0.0,0.0,0.0,1.5,0.2,0.0,0.0,16.1,37.6,2.7,7.1,5.7,,,1.0,1.0,1.0,1.0,1.0,1.0,1.0,1.0,1.0,1.0,1.0,1.0,1.0,1.0,1.0,1.0,1.0,1.0,1.0,1.0,1.0,1.0,1.0,1.0,1.0,1.0,1.0,1.0,1.0,0.0,0.0
2648014,1,01/02/1996,1,90.2,250.1,16.0,21.0,1.0,1,0.0,2211.1,1.0,7.2,12.8,0.0,2.8,0.0,11.6,0.4,0.5,5.4,0.0,1.8,26.4,11.7,0.2,2.0,90.2,6.2,0.0,0.0,0.0,1.5,0.2,0.0,0.0,16.1,37.6,2.7,7.1,5.7,,,1.0,1.0,1.0,1.0,1.0,1.0,1.0,1.0,1.0,1.0,1.0,1.0,1.0,1.0,1.0,1.0,1.0,1.0,1.0,1.0,1.0,1.0,1.0,1.0,1.0,1.0,1.0,1.0,1.0,0.0,0.0
2648014,2,01/01/1996,1,87.6,374.8,6.0,23.0,1.0,1,0.0,2211.1,1.0,0.0,1.7,19.1,1.8,0.0,87.6,19.4,0.0,15.4,15.6,1.7,0.0,33.3,0.0,45.5,2.1,13.7,1.2,10.2,0.0,9.2,15.2,33.7,5.8,0.0,17.0,1.6,13.2,8.2,0.0,2.6,1.0,1.0,1.0,1.0,1.0,1.0,1.0,1.0,1.0,1.0,1.0,1.0,1.0,1.0,1.0,1.0,1.0,1.0,1.0,1.0,1.0,1.0,1.0,1.0,1.0,1.0,1.0,1.0,1.0,1.0,1.0
2648014,1,01/01/1996,1,87.6,374.8,6.0,23.0,1.0,1,0.0,2211.1,1.0,0.0,1.7,19.1,1.8,0.0,87.6,19.4,0.0,15.4,15.6,1.7,0.0,33.3,0.0,45.5,2.1,13.7,1.2,10.2,0.0,9.2,15.2,33.7,5.8,0.0,17.0,1.6,13.2,8.2,0.0,2.6,1.0,1.0,1.0,1.0,1.0,1.0,1.0,1.0,1.0,1.0,1.0,1.0,1.0,1.0,1.0,1.0,1.0,1.0,1.0,1.0,1.0,1.0,1.0,1.0,1.0,1.0,1.0,1.0,1.0,1.0,1.0
2648014,2,01/12/1995,1,84.5,210.3,26.0,12.0,1.0,1,0.0,1979.5,1.0,0.0,0.0,0.0,0.0,0.0,0.0,0.0,2.7,0.5,0.0,0.0,9.3,2.7,0.0,0.0,0.0,0.0,0.0,0.0,0.0,0.0,0.0,23.3,24.0,20.0,84.5,3.7,29.6,6.5,3.5,0.0,1.0,1.0,1.0,1.0,1.0,1.0,1.0,1.0,1.0,1.0,1.0,1.0,1.0,1.0,1.0,1.0,1.0,1.0,1.0,1.0,1.0,1.0,1.0,1.0,1.0,1.0,1.0,1.0,1.0,1.0,1.0
2648014,1,01/12/1995,1,84.5,210.3,26.0,12.0,1.0,1,0.0,1979.5,1.0,0.0,0.0,0.0,0.0,0.0,0.0,0.0,2.7,0.5,0.0,0.0,9.3,2.7,0.0,0.0,0.0,0.0,0.0,0.0,0.0,0.0,0.0,23.3,24.0,20.0,84.5,3.7,29.6,6.5,3.5,0.0,1.0,1.0,1.0,1.0,1.0,1.0,1.0,1.0,1.0,1.0,1.0,1.0,1.0,1.0,1.0,1.0,1.0,1.0,1.0,1.0,1.0,1.0,1.0,1.0,1.0,1.0,1.0,1.0,1.0,1.0,1.0
2648014,2,01/11/1995,1,33.7,129.5,1.0,13.0,1.0,1,0.0,1979.5,1.0,33.7,0.0,15.7,0.2,0.0,0.0,0.0,0.0,0.0,0.0,20.6,10.0,12.4,1.0,9.4,18.7,1.7,0.0,0.5,0.0,0.0,0.0,0.0,0.0,0.8,0.0,0.0,4.8,0.0,0.0,,1.0,1.0,1.0,1.0,1.0,1.0,1.0,1.0,1.0,1.0,1.0,1.0,1.0,1.0,1.0,1.0,1.0,1.0,1.0,1.0,1.0,1.0,1.0,1.0,1.0,1.0,1.0,1.0,1.0,1.0,0.0
2648014,1,01/11/1995,1,33.7,129.5,1.0,13.0,1.0,1,0.0,1979.5,1.0,33.7,0.0,15.7,0.2,0.0,0.0,0.0,0.0,0.0,0.0,20.6,10.0,12.4,1.0,9.4,18.7,1.7,0.0,0.5,0.0,0.0,0.0,0.0,0.0,0.8,0.0,0.0,4.8,0.0,0.0,,1.0,1.0,1.0,1.0,1.0,1.0,1.0,1.0,1.0,1.0,1.0,1.0,1.0,1.0,1.0,1.0,1.0,1.0,1.0,1.0,1.0,1.0,1.0,1.0,1.0,1.0,1.0,1.0,1.0,1.0,0.0
2648014,2,01/10/1995,1,29.2,113.5,14.0,19.0,1.0,1,0.0,1979.5,1.0,12.1,2.6,0.0,0.9,0.3,0.9,1.8,0.0,2.9,0.0,0.0,0.0,1.5,29.2,0.0,0.5,0.5,0.0,5.0,4.7,2.0,16.0,0.0,0.0,0.0,0.0,4.0,18.4,1.0,0.0,9.2,1.0,1.0,1.0,1.0,1.0,1.0,1.0,1.0,1.0,1.0,1.0,1.0,1.0,1.0,1.0,1.0,1.0,1.0,1.0,1.0,1.0,1.0,1.0,1.0,1.0,1.0,1.0,1.0,1.0,1.0,1.0
2648014,1,01/10/1995,1,29.2,113.5,14.0,19.0,1.0,1,0.0,1979.5,1.0,12.1,2.6,0.0,0.9,0.3,0.9,1.8,0.0,2.9,0.0,0.0,0.0,1.5,29.2,0.0,0.5,0.5,0.0,5.0,4.7,2.0,16.0,0.0,0.0,0.0,0.0,4.0,18.4,1.0,0.0,9.2,1.0,1.0,1.0,1.0,1.0,1.0,1.0,1.0,1.0,1.0,1.0,1.0,1.0,1.0,1.0,1.0,1.0,1.0,1.0,1.0,1.0,1.0,1.0,1.0,1.0,1.0,1.0,1.0,1.0,1.0,1.0
2648014,2,01/09/1995,1,33.2,156.3,20.0,12.0,1.0,1,0.0,1979.5,1.0,0.0,0.0,0.0,1.7,0.0,0.0,0.0,0.0,0.0,0.0,0.0,3.0,0.0,0.0,1.4,0.0,0.0,0.0,0.0,33.2,0.0,3.1,25.5,8.1,0.0,19.5,11.2,4.5,15.3,29.8,,1.0,1.0,1.0,1.0,1.0,1.0,1.0,1.0,1.0,1.0,1.0,1.0,1.0,1.0,1.0,1.0,1.0,1.0,1.0,1.0,1.0,1.0,1.0,1.0,1.0,1.0,1.0,1.0,1.0,1.0,0.0
2648014,1,01/09/1995,1,33.2,156.3,20.0,12.0,1.0,1,0.0,1979.5,1.0,0.0,0.0,0.0,1.7,0.0,0.0,0.0,0.0,0.0,0.0,0.0,3.0,0.0,0.0,1.4,0.0,0.0,0.0,0.0,33.2,0.0,3.1,25.5,8.1,0.0,19.5,11.2,4.5,15.3,29.8,,1.0,1.0,1.0,1.0,1.0,1.0,1.0,1.0,1.0,1.0,1.0,1.0,1.0,1.0,1.0,1.0,1.0,1.0,1.0,1.0,1.0,1.0,1.0,1.0,1.0,1.0,1.0,1.0,1.0,1.0,0.0
2648014,2,01/08/1995,1,6.3,22.9,20.0,10.0,1.0,1,0.0,1979.5,1.0,0.3,0.0,0.0,5.6,4.5,0.2,0.0,0.6,0.0,0.0,2.3,0.0,0.0,0.0,0.0,0.0,0.0,0.5,1.7,6.3,0.9,0.0,0.0,0.0,0.0,0.0,0.0,0.0,0.0,0.0,0.0,1.0,1.0,1.0,1.0,1.0,1.0,1.0,1.0,1.0,1.0,1.0,1.0,1.0,1.0,1.0,1.0,1.0,1.0,1.0,1.0,1.0,1.0,1.0,1.0,1.0,1.0,1.0,1.0,1.0,1.0,1.0
2648014,1,01/08/1995,1,6.3,22.9,20.0,10.0,1.0,1,0.0,1979.5,1.0,0.3,0.0,0.0,5.6,4.5,0.2,0.0,0.6,0.0,0.0,2.3,0.0,0.0,0.0,0.0,0.0,0.0,0.5,1.7,6.3,0.9,0.0,0.0,0.0,0.0,0.0,0.0,0.0,0.0,0.0,0.0,1.0,1.0,1.0,1.0,1.0,1.0,1.0,1.0,1.0,1.0,1.0,1.0,1.0,1.0,1.0,1.0,1.0,1.0,1.0,1.0,1.0,1.0,1.0,1.0,1.0,1.0,1.0,1.0,1.0,1.0,1.0
2648014,2,01/07/1995,1,93.9,112.8,7.0,11.0,1.0,1,0.0,1979.5,1.0,0.5,0.0,0.0,2.2,0.0,0.0,93.9,8.2,0.0,2.1,0.0,0.0,0.0,0.0,0.0,0.0,0.5,0.0,0.3,3.5,0.7,0.5,0.0,0.0,0.0,0.0,0.0,0.0,0.0,0.0,0.4,1.0,1.0,1.0,1.0,1.0,1.0,1.0,1.0,1.0,1.0,1.0,1.0,1.0,1.0,1.0,1.0,1.0,1.0,1.0,1.0,1.0,1.0,1.0,1.0,1.0,1.0,1.0,1.0,1.0,1.0,1.0
2648014,1,01/07/1995,1,93.9,112.8,7.0,11.0,1.0,1,0.0,1979.5,1.0,0.5,0.0,0.0,2.2,0.0,0.0,93.9,8.2,0.0,2.1,0.0,0.0,0.0,0.0,0.0,0.0,0.5,0.0,0.3,3.5,0.7,0.5,0.0,0.0,0.0,0.0,0.0,0.0,0.0,0.0,0.4,1.0,1.0,1.0,1.0,1.0,1.0,1.0,1.0,1.0,1.0,1.0,1.0,1.0,1.0,1.0,1.0,1.0,1.0,1.0,1.0,1.0,1.0,1.0,1.0,1.0,1.0,1.0,1.0,1.0,1.0,1.0
2648014,2,01/06/1995,1,32.8,110.2,25.0,12.0,1.0,1,0.0,1979.5,1.0,0.0,0.0,0.0,0.0,0.0,0.0,0.0,6.2,15.0,0.6,0.0,0.0,0.0,0.8,2.3,0.0,12.4,21.0,6.0,0.0,1.3,0.0,0.0,0.0,32.8,0.8,0.0,0.0,11.0,0.0,,1.0,1.0,1.0,1.0,1.0,1.0,1.0,1.0,1.0,1.0,1.0,1.0,1.0,1.0,1.0,1.0,1.0,1.0,1.0,1.0,1.0,1.0,1.0,1.0,1.0,1.0,1.0,1.0,1.0,1.0,0.0
2648014,1,01/06/1995,1,32.8,110.2,25.0,12.0,1.0,1,0.0,1979.5,1.0,0.0,0.0,0.0,0.0,0.0,0.0,0.0,6.2,15.0,0.6,0.0,0.0,0.0,0.8,2.3,0.0,12.4,21.0,6.0,0.0,1.3,0.0,0.0,0.0,32.8,0.8,0.0,0.0,11.0,0.0,,1.0,1.0,1.0,1.0,1.0,1.0,1.0,1.0,1.0,1.0,1.0,1.0,1.0,1.0,1.0,1.0,1.0,1.0,1.0,1.0,1.0,1.0,1.0,1.0,1.0,1.0,1.0,1.0,1.0,1.0,0.0
2648014,2,01/05/1995,1,7.8,19.5,3.0,6.0,1.0,1,0.0,1979.5,1.0,0.0,0.0,7.8,0.0,0.0,0.0,3.1,0.0,0.0,3.2,0.0,0.0,0.0,0.0,0.0,0.0,0.7,2.2,0.0,0.0,0.0,0.0,0.0,0.0,0.0,0.0,2.5,0.0,0.0,0.0,0.0,1.0,1.0,1.0,1.0,1.0,1.0,1.0,1.0,1.0,1.0,1.0,1.0,1.0,1.0,1.0,1.0,1.0,1.0,1.0,1.0,1.0,1.0,1.0,1.0,1.0,1.0,1.0,1.0,1.0,1.0,1.0
2648014,1,01/05/1995,1,7.8,19.5,3.0,6.0,1.0,1,0.0,1979.5,1.0,0.0,0.0,7.8,0.0,0.0,0.0,3.1,0.0,0.0,3.2,0.0,0.0,0.0,0.0,0.0,0.0,0.7,2.2,0.0,0.0,0.0,0.0,0.0,0.0,0.0,0.0,2.5,0.0,0.0,0.0,0.0,1.0,1.0,1.0,1.0,1.0,1.0,1.0,1.0,1.0,1.0,1.0,1.0,1.0,1.0,1.0,1.0,1.0,1.0,1.0,1.0,1.0,1.0,1.0,1.0,1.0,1.0,1.0,1.0,1.0,1.0,1.0
2648014,2,01/04/1995,1,17.7,36.0,12.0,3.0,1.0,1,0.0,1979.5,1.0,0.0,0.0,0.0,0.0,0.0,0.0,0.0,0.0,0.0,0.0,0.0,17.7,0.0,0.0,0.0,0.0,0.0,0.0,0.0,11.0,7.3,0.0,0.0,0.0,0.0,0.0,0.0,0.0,0.0,0.0,,1.0,1.0,1.0,1.0,1.0,1.0,1.0,1.0,1.0,1.0,1.0,1.0,1.0,1.0,1.0,1.0,1.0,1.0,1.0,1.0,1.0,1.0,1.0,1.0,1.0,1.0,1.0,1.0,1.0,1.0,0.0
2648014,1,01/04/1995,1,17.7,36.0,12.0,3.0,1.0,1,0.0,1979.5,1.0,0.0,0.0,0.0,0.0,0.0,0.0,0.0,0.0,0.0,0.0,0.0,17.7,0.0,0.0,0.0,0.0,0.0,0.0,0.0,11.0,7.3,0.0,0.0,0.0,0.0,0.0,0.0,0.0,0.0,0.0,,1.0,1.0,1.0,1.0,1.0,1.0,1.0,1.0,1.0,1.0,1.0,1.0,1.0,1.0,1.0,1.0,1.0,1.0,1.0,1.0,1.0,1.0,1.0,1.0,1.0,1.0,1.0,1.0,1.0,1.0,0.0
2648014,2,01/03/1995,1,57.9,193.8,7.0,16.0,1.0,1,0.0,1979.5,1.0,0.6,6.0,13.6,27.3,7.4,12.0,57.9,8.7,3.6,0.0,0.0,0.0,8.0,9.5,18.9,0.0,0.0,0.0,0.0,0.0,0.0,0.0,0.0,4.2,0.0,0.0,0.0,0.4,0.0,4.3,11.4,1.0,1.0,1.0,1.0,1.0,1.0,1.0,1.0,1.0,1.0,1.0,1.0,1.0,1.0,1.0,1.0,1.0,1.0,1.0,1.0,1.0,1.0,1.0,1.0,1.0,1.0,1.0,1.0,1.0,1.0,1.0
2648014,1,01/03/1995,1,57.9,193.8,7.0,16.0,1.0,1,0.0,1979.5,1.0,0.6,6.0,13.6,27.3,7.4,12.0,57.9,8.7,3.6,0.0,0.0,0.0,8.0,9.5,18.9,0.0,0.0,0.0,0.0,0.0,0.0,0.0,0.0,4.2,0.0,0.0,0.0,0.4,0.0,4.3,11.4,1.0,1.0,1.0,1.0,1.0,1.0,1.0,1.0,1.0,1.0,1.0,1.0,1.0,1.0,1.0,1.0,1.0,1.0,1.0,1.0,1.0,1.0,1.0,1.0,1.0,1.0,1.0,1.0,1.0,1.0,1.0
2648014,2,01/02/1995,1,91.2,478.7,10.0,20.0,1.0,1,0.0,1979.5,1.0,9.8,65.4,43.0,0.0,1.2,16.7,0.0,0.2,43.4,91.2,1.2,0.0,0.0,31.0,1.5,9.1,6.4,8.7,14.4,0.0,0.0,0.0,0.4,50.8,2.7,0.0,75.8,5.8,,,,1.0,1.0,1.0,1.0,1.0,1.0,1.0,1.0,1.0,1.0,1.0,1.0,1.0,1.0,1.0,1.0,1.0,1.0,1.0,1.0,1.0,1.0,1.0,1.0,1.0,1.0,1.0,1.0,0.0,0.0,0.0
2648014,1,01/02/1995,1,91.2,478.7,10.0,20.0,1.0,1,0.0,1979.5,1.0,9.8,65.4,43.0,0.0,1.2,16.7,0.0,0.2,43.4,91.2,1.2,0.0,0.0,31.0,1.5,9.1,6.4,8.7,14.4,0.0,0.0,0.0,0.4,50.8,2.7,0.0,75.8,5.8,,,,1.0,1.0,1.0,1.0,1.0,1.0,1.0,1.0,1.0,1.0,1.0,1.0,1.0,1.0,1.0,1.0,1.0,1.0,1.0,1.0,1.0,1.0,1.0,1.0,1.0,1.0,1.0,1.0,0.0,0.0,0.0
2648014,2,01/01/1995,1,48.0,396.0,10.0,26.0,1.0,1,0.0,1979.5,1.0,0.0,3.0,36.6,0.0,0.0,0.0,26.0,12.4,4.2,48.0,3.6,20.0,7.3,3.4,19.0,25.5,1.5,31.0,20.5,15.7,0.5,30.0,7.8,3.9,3.0,32.2,1.8,1.6,0.0,0.9,36.6,1.0,1.0,1.0,1.0,1.0,1.0,1.0,1.0,1.0,1.0,1.0,1.0,1.0,1.0,1.0,1.0,1.0,1.0,1.0,1.0,1.0,1.0,1.0,1.0,1.0,1.0,1.0,1.0,1.0,1.0,1.0
2648014,1,01/01/1995,1,48.0,396.0,10.0,26.0,1.0,1,0.0,1979.5,1.0,0.0,3.0,36.6,0.0,0.0,0.0,26.0,12.4,4.2,48.0,3.6,20.0,7.3,3.4,19.0,25.5,1.5,31.0,20.5,15.7,0.5,30.0,7.8,3.9,3.0,32.2,1.8,1.6,0.0,0.9,36.6,1.0,1.0,1.0,1.0,1.0,1.0,1.0,1.0,1.0,1.0,1.0,1.0,1.0,1.0,1.0,1.0,1.0,1.0,1.0,1.0,1.0,1.0,1.0,1.0,1.0,1.0,1.0,1.0,1.0,1.0,1.0
2648014,2,01/12/1994,1,47.5,160.7,22.0,11.0,1.0,1,0.0,1856.9,2.0,0.0,0.0,0.0,0.0,30.4,3.8,25.8,0.2,0.0,0.0,0.0,0.0,0.0,2.6,0.0,3.0,7.4,0.0,4.2,6.6,29.2,47.5,0.0,0.0,0.0,0.0,0.0,0.0,0.0,0.0,0.0,1.0,1.0,1.0,1.0,1.0,1.0,1.0,1.0,1.0,1.0,1.0,1.0,1.0,1.0,1.0,1.0,1.0,1.0,1.0,1.0,1.0,1.0,1.0,1.0,1.0,1.0,1.0,1.0,1.0,1.0,1.0
2648014,1,01/12/1994,1,47.5,160.7,22.0,11.0,1.0,1,0.0,,0.0,0.0,0.0,0.0,0.0,30.4,3.8,25.8,0.2,0.0,0.0,0.0,0.0,0.0,2.6,0.0,3.0,7.4,0.0,4.2,6.6,29.2,47.5,0.0,0.0,0.0,0.0,0.0,0.0,0.0,0.0,0.0,1.0,1.0,1.0,1.0,1.0,1.0,1.0,1.0,1.0,1.0,1.0,1.0,1.0,1.0,1.0,1.0,1.0,1.0,1.0,1.0,1.0,1.0,1.0,1.0,1.0,1.0,1.0,1.0,1.0,1.0,1.0
2648014,2,01/11/1994,1,22.5,125.3,18.0,15.0,1.0,1,0.0,1856.9,2.0,1.4,0.0,0.0,22.0,0.0,0.0,3.6,7.5,0.0,0.0,0.0,11.0,1.3,0.4,0.0,0.0,0.0,22.5,18.2,1.2,6.9,0.7,0.0,0.0,0.0,1.2,0.0,17.4,10.0,0.0,,1.0,1.0,1.0,1.0,1.0,1.0,1.0,1.0,1.0,1.0,1.0,1.0,1.0,1.0,1.0,1.0,1.0,1.0,1.0,1.0,1.0,1.0,1.0,1.0,1.0,1.0,1.0,1.0,1.0,1.0,0.0
2648014,1,01/11/1994,1,22.5,125.3,18.0,15.0,1.0,1,0.0,,0.0,1.4,0.0,0.0,22.0,0.0,0.0,3.6,7.5,0.0,0.0,0.0,11.0,1.3,0.4,0.0,0.0,0.0,22.5,18.2,1.2,6.9,0.7,0.0,0.0,0.0,1.2,0.0,17.4,10.0,0.0,,1.0,1.0,1.0,1.0,1.0,1.0,1.0,1.0,1.0,1.0,1.0,1.0,1.0,1.0,1.0,1.0,1.0,1.0,1.0,1.0,1.0,1.0,1.0,1.0,1.0,1.0,1.0,1.0,1.0,1.0,0.0
2648014,2,01/10/1994,1,41.2,162.9,1.0,15.0,1.0,1,0.0,1856.9,2.0,41.2,3.0,2.4,0.0,0.0,0.0,0.0,0.0,0.0,0.4,5.9,0.0,3.4,0.0,0.0,0.0,18.6,22.3,0.0,0.0,0.0,0.0,2.3,0.4,4.6,25.3,12.4,1.4,19.3,0.0,0.0,1.0,1.0,1.0,1.0,1.0,1.0,1.0,1.0,1.0,1.0,1.0,1.0,1.0,1.0,1.0,1.0,1.0,1.0,1.0,1.0,1.0,1.0,1.0,1.0,1.0,1.0,1.0,1.0,1.0,1.0,1.0
2648014,1,01/10/1994,1,41.2,162.9,1.0,15.0,1.0,1,0.0,,0.0,41.2,3.0,2.4,0.0,0.0,0.0,0.0,0.0,0.0,0.4,5.9,0.0,3.4,0.0,0.0,0.0,18.6,22.3,0.0,0.0,0.0,0.0,2.3,0.4,4.6,25.3,12.4,1.4,19.3,0.0,0.0,1.0,1.0,1.0,1.0,1.0,1.0,1.0,1.0,1.0,1.0,1.0,1.0,1.0,1.0,1.0,1.0,1.0,1.0,1.0,1.0,1.0,1.0,1.0,1.0,1.0,1.0,1.0,1.0,1.0,1.0,1.0
2648014,2,01/09/1994,1,4.3,28.9,10.0,17.0,1.0,1,0.0,1856.9,2.0,0.3,1.7,0.0,0.5,0.0,0.0,1.4,0.0,3.8,4.3,0.6,0.0,0.5,0.6,0.0,1.7,2.2,0.8,0.0,0.0,0.0,0.0,0.0,0.0,0.2,2.7,0.0,3.4,1.6,2.6,,1.0,1.0,1.0,1.0,1.0,1.0,1.0,1.0,1.0,1.0,1.0,1.0,1.0,1.0,1.0,1.0,1.0,1.0,1.0,1.0,1.0,1.0,1.0,1.0,1.0,1.0,1.0,1.0,1.0,1.0,0.0
2648014,1,01/09/1994,1,4.3,28.9,10.0,17.0,1.0,1,0.0,,0.0,0.3,1.7,0.0,0.5,0.0,0.0,1.4,0.0,3.8,4.3,0.6,0.0,0.5,0.6,0.0,1.7,2.2,0.8,0.0,0.0,0.0,0.0,0.0,0.0,0.2,2.7,0.0,3.4,1.6,2.6,,1.0,1.0,1.0,1.0,1.0,1.0,1.0,1.0,1.0,1.0,1.0,1.0,1.0,1.0,1.0,1.0,1.0,1.0,1.0,1.0,1.0,1.0,1.0,1.0,1.0,1.0,1.0,1.0,1.0,1.0,0.0
2648014,2,01/08/1994,1,17.6,19.9,2.0,3.0,1.0,1,0.0,1856.9,2.0,0.0,17.6,0.0,0.0,0.0,0.0,0.0,0.0,0.0,0.0,0.0,0.0,0.0,0.0,0.0,0.0,0.0,0.0,0.0,0.0,0.0,0.0,0.5,0.0,0.0,0.0,0.0,1.8,0.0,0.0,0.0,1.0,1.0,1.0,1.0,1.0,1.0,1.0,1.0,1.0,1.0,1.0,1.0,1.0,1.0,1.0,1.0,1.0,1.0,1.0,1.0,1.0,1.0,1.0,1.0,1.0,1.0,1.0,1.0,1.0,1.0,1.0
2648014,1,01/08/1994,1,17.6,19.9,2.0,3.0,1.0,1,0.0,,0.0,0.0,17.6,0.0,0.0,0.0,0.0,0.0,0.0,0.0,0.0,0.0,0.0,0.0,0.0,0.0,0.0,0.0,0.0,0.0,0.0,0.0,0.0,0.5,0.0,0.0,0.0,0.0,1.8,0.0,0.0,0.0,1.0,1.0,1.0,1.0,1.0,1.0,1.0,1.0,1.0,1.0,1.0,1.0,1.0,1.0,1.0,1.0,1.0,1.0,1.0,1.0,1.0,1.0,1.0,1.0,1.0,1.0,1.0,1.0,1.0,1.0,1.0
2648014,2,01/07/1994,1,60.0,168.2,22.0,12.0,1.0,1,0.0,1856.9,2.0,11.2,41.0,13.3,6.6,2.6,2.7,0.2,0.0,0.0,0.0,1.2,0.0,0.0,0.0,0.0,0.0,0.0,0.0,0.0,0.0,0.0,60.0,0.0,1.4,17.3,10.7,0.0,0.0,0.0,0.0,0.0,1.0,1.0,1.0,1.0,1.0,1.0,1.0,1.0,1.0,1.0,1.0,1.0,1.0,1.0,1.0,1.0,1.0,1.0,1.0,1.0,1.0,1.0,1.0,1.0,1.0,1.0,1.0,1.0,1.0,1.0,1.0
2648014,1,01/07/1994,1,60.0,168.2,22.0,12.0,1.0,1,0.0,,0.0,11.2,41.0,13.3,6.6,2.6,2.7,0.2,0.0,0.0,0.0,1.2,0.0,0.0,0.0,0.0,0.0,0.0,0.0,0.0,0.0,0.0,60.0,0.0,1.4,17.3,10.7,0.0,0.0,0.0,0.0,0.0,1.0,1.0,1.0,1.0,1.0,1.0,1.0,1.0,1.0,1.0,1.0,1.0,1.0,1.0,1.0,1.0,1.0,1.0,1.0,1.0,1.0,1.0,1.0,1.0,1.0,1.0,1.0,1.0,1.0,1.0,1.0
2648014,2,01/06/1994,1,,97.0,,,0.0,2,0.0,1856.9,2.0,,,9.2,0.0,16.8,0.0,14.8,0.0,0.0,0.0,0.0,0.0,0.0,0.0,0.0,0.0,0.0,0.0,25.5,6.2,0.0,0.0,0.0,12.0,0.0,0.0,0.0,0.0,0.0,0.0,,0.0,0.0,1.0,1.0,1.0,1.0,1.0,1.0,1.0,1.0,1.0,1.0,1.0,1.0,1.0,1.0,1.0,1.0,1.0,1.0,1.0,1.0,1.0,1.0,1.0,1.0,1.0,1.0,1.0,1.0,0.0
2648014,1,01/06/1994,1,25.5,84.5,19.0,6.0,1.0,1,1.0,,0.0,,,9.2,0.0,16.8,0.0,14.8,0.0,0.0,0.0,0.0,0.0,0.0,0.0,0.0,0.0,0.0,0.0,25.5,6.2,0.0,0.0,0.0,12.0,0.0,0.0,0.0,0.0,0.0,0.0,,0.0,0.0,4.0,1.0,1.0,1.0,1.0,1.0,1.0,1.0,1.0,1.0,1.0,1.0,1.0,1.0,1.0,1.0,1.0,1.0,1.0,1.0,1.0,1.0,1.0,1.0,1.0,1.0,1.0,1.0,0.0
2648014,2,01/05/1994,1,70.0,222.8,10.0,12.0,1.0,1,0.0,1856.9,2.0,0.7,0.0,0.0,0.0,0.0,0.0,0.0,0.0,0.0,70.0,62.4,12.0,0.0,0.0,2.2,0.0,0.0,0.0,0.0,0.0,0.0,41.0,4.0,0.0,12.6,1.0,4.8,3.4,0.0,0.0,8.7,1.0,1.0,1.0,1.0,1.0,1.0,1.0,1.0,1.0,1.0,1.0,1.0,1.0,1.0,1.0,1.0,1.0,1.0,1.0,1.0,1.0,1.0,1.0,1.0,1.0,1.0,1.0,1.0,1.0,1.0,1.0
2648014,1,01/05/1994,1,70.0,222.8,10.0,12.0,1.0,1,0.0,,0.0,0.7,0.0,0.0,0.0,0.0,0.0,0.0,0.0,0.0,70.0,62.4,12.0,0.0,0.0,2.2,0.0,0.0,0.0,0.0,0.0,0.0,41.0,4.0,0.0,12.6,1.0,4.8,3.4,0.0,0.0,8.7,1.0,1.0,1.0,1.0,1.0,1.0,1.0,1.0,1.0,1.0,1.0,1.0,1.0,1.0,1.0,1.0,1.0,1.0,1.0,1.0,1.0,1.0,1.0,1.0,1.0,1.0,1.0,1.0,1.0,1.0,1.0
2648014,2,01/04/1994,1,9.1,70.8,19.0,17.0,1.0,1,0.0,1856.9,2.0,0.2,0.0,3.2,0.0,0.0,0.0,0.0,4.2,8.5,2.2,0.0,0.4,5.8,3.0,6.7,0.0,0.0,0.0,9.1,1.2,3.1,2.3,0.0,4.3,9.0,0.0,0.0,1.1,0.0,6.5,,1.0,1.0,1.0,1.0,1.0,1.0,1.0,1.0,1.0,1.0,1.0,1.0,1.0,1.0,1.0,1.0,1.0,1.0,1.0,1.0,1.0,1.0,1.0,1.0,1.0,1.0,1.0,1.0,1.0,1.0,0.0
2648014,1,01/04/1994,1,9.1,70.8,19.0,17.0,1.0,1,0.0,,0.0,0.2,0.0,3.2,0.0,0.0,0.0,0.0,4.2,8.5,2.2,0.0,0.4,5.8,3.0,6.7,0.0,0.0,0.0,9.1,1.2,3.1,2.3,0.0,4.3,9.0,0.0,0.0,1.1,0.0,6.5,,1.0,1.0,1.0,1.0,1.0,1.0,1.0,1.0,1.0,1.0,1.0,1.0,1.0,1.0,1.0,1.0,1.0,1.0,1.0,1.0,1.0,1.0,1.0,1.0,1.0,1.0,1.0,1.0,1.0,1.0,0.0
2648014,2,01/03/1994,1,128.0,365.2,8.0,15.0,1.0,1,0.0,1856.9,2.0,4.1,1.7,0.0,0.0,0.0,57.3,25.3,128.0,62.0,0.0,1.3,1.5,3.4,27.3,8.1,0.0,0.0,0.2,5.1,0.0,0.0,0.0,0.0,0.0,0.0,0.0,0.0,0.0,0.0,4.8,35.1,1.0,1.0,1.0,1.0,1.0,1.0,1.0,1.0,1.0,1.0,1.0,1.0,1.0,1.0,1.0,1.0,1.0,1.0,1.0,1.0,1.0,1.0,1.0,1.0,1.0,1.0,1.0,1.0,1.0,1.0,1.0
2648014,1,01/03/1994,1,128.0,365.2,8.0,15.0,1.0,1,0.0,,0.0,4.1,1.7,0.0,0.0,0.0,57.3,25.3,128.0,62.0,0.0,1.3,1.5,3.4,27.3,8.1,0.0,0.0,0.2,5.1,0.0,0.0,0.0,0.0,0.0,0.0,0.0,0.0,0.0,0.0,4.8,35.1,1.0,1.0,1.0,1.0,1.0,1.0,1.0,1.0,1.0,1.0,1.0,1.0,1.0,1.0,1.0,1.0,1.0,1.0,1.0,1.0,1.0,1.0,1.0,1.0,1.0,1.0,1.0,1.0,1.0,1.0,1.0
2648014,2,01/02/1994,1,35.7,235.5,10.0,22.0,1.0,1,0.0,1856.9,2.0,8.9,2.0,0.0,0.0,10.0,15.0,7.1,0.8,0.7,35.7,24.5,3.7,5.4,12.0,0.0,0.0,3.4,1.3,2.1,4.7,0.0,0.0,3.0,9.0,33.0,35.1,13.9,4.2,,,,1.0,1.0,1.0,1.0,1.0,1.0,1.0,1.0,1.0,1.0,1.0,1.0,1.0,1.0,1.0,1.0,1.0,1.0,1.0,1.0,1.0,1.0,1.0,1.0,1.0,1.0,1.0,1.0,0.0,0.0,0.0
2648014,1,01/02/1994,1,35.7,235.5,10.0,22.0,1.0,1,0.0,,0.0,8.9,2.0,0.0,0.0,10.0,15.0,7.1,0.8,0.7,35.7,24.5,3.7,5.4,12.0,0.0,0.0,3.4,1.3,2.1,4.7,0.0,0.0,3.0,9.0,33.0,35.1,13.9,4.2,,,,1.0,1.0,1.0,1.0,1.0,1.0,1.0,1.0,1.0,1.0,1.0,1.0,1.0,1.0,1.0,1.0,1.0,1.0,1.0,1.0,1.0,1.0,1.0,1.0,1.0,1.0,1.0,1.0,0.0,0.0,0.0
2648014,2,01/01/1994,1,31.4,199.7,31.0,22.0,1.0,1,0.0,1856.9,2.0,0.0,2.6,4.6,0.6,0.8,7.0,1.3,2.1,28.0,0.0,0.0,0.1,0.0,0.0,0.0,10.0,14.0,10.9,0.0,0.0,2.2,10.5,19.0,0.7,13.3,28.5,5.3,6.3,0.0,0.5,31.4,1.0,1.0,1.0,1.0,1.0,1.0,1.0,1.0,1.0,1.0,1.0,1.0,1.0,1.0,1.0,1.0,1.0,1.0,1.0,1.0,1.0,1.0,1.0,1.0,1.0,1.0,1.0,1.0,1.0,1.0,1.0
2648014,1,01/01/1994,1,31.4,199.7,31.0,22.0,1.0,1,0.0,,0.0,0.0,2.6,4.6,0.6,0.8,7.0,1.3,2.1,28.0,0.0,0.0,0.1,0.0,0.0,0.0,10.0,14.0,10.9,0.0,0.0,2.2,10.5,19.0,0.7,13.3,28.5,5.3,6.3,0.0,0.5,31.4,1.0,1.0,1.0,1.0,1.0,1.0,1.0,1.0,1.0,1.0,1.0,1.0,1.0,1.0,1.0,1.0,1.0,1.0,1.0,1.0,1.0,1.0,1.0,1.0,1.0,1.0,1.0,1.0,1.0,1.0,1.0
2648014,2,01/12/1993,1,44.4,227.6,8.0,22.0,1.0,1,0.0,1681.8,1.0,0.0,1.7,0.0,2.2,6.7,0.0,9.3,44.4,3.9,17.7,0.6,3.0,0.0,0.0,17.1,22.6,0.4,0.0,2.5,0.0,3.5,0.3,7.2,7.0,38.8,0.5,10.0,1.6,26.6,0.0,0.0,1.0,1.0,1.0,1.0,1.0,1.0,1.0,1.0,1.0,1.0,1.0,1.0,1.0,1.0,1.0,1.0,1.0,1.0,1.0,1.0,1.0,1.0,1.0,1.0,1.0,1.0,1.0,1.0,1.0,1.0,1.0
2648014,1,01/12/1993,1,44.4,227.6,8.0,22.0,1.0,1,0.0,1681.8,1.0,0.0,1.7,0.0,2.2,6.7,0.0,9.3,44.4,3.9,17.7,0.6,3.0,0.0,0.0,17.1,22.6,0.4,0.0,2.5,0.0,3.5,0.3,7.2,7.0,38.8,0.5,10.0,1.6,26.6,0.0,0.0,1.0,1.0,1.0,1.0,1.0,1.0,1.0,1.0,1.0,1.0,1.0,1.0,1.0,1.0,1.0,1.0,1.0,1.0,1.0,1.0,1.0,1.0,1.0,1.0,1.0,1.0,1.0,1.0,1.0,1.0,1.0
2648014,2,01/11/1993,1,26.5,88.7,30.0,7.0,1.0,1,0.0,1681.8,1.0,0.0,0.0,0.0,0.0,0.0,7.5,5.0,0.0,0.0,0.0,0.0,0.0,0.0,0.0,0.0,18.4,0.0,0.0,0.0,0.0,0.0,0.0,0.0,19.9,1.9,9.5,0.0,0.0,0.0,26.5,,1.0,1.0,1.0,1.0,1.0,1.0,1.0,1.0,1.0,1.0,1.0,1.0,1.0,1.0,1.0,1.0,1.0,1.0,1.0,1.0,1.0,1.0,1.0,1.0,1.0,1.0,1.0,1.0,1.0,1.0,0.0
2648014,1,01/11/1993,1,26.5,88.7,30.0,7.0,1.0,1,0.0,1681.8,1.0,0.0,0.0,0.0,0.0,0.0,7.5,5.0,0.0,0.0,0.0,0.0,0.0,0.0,0.0,0.0,18.4,0.0,0.0,0.0,0.0,0.0,0.0,0.0,19.9,1.9,9.5,0.0,0.0,0.0,26.5,,1.0,1.0,1.0,1.0,1.0,1.0,1.0,1.0,1.0,1.0,1.0,1.0,1.0,1.0,1.0,1.0,1.0,1.0,1.0,1.0,1.0,1.0,1.0,1.0,1.0,1.0,1.0,1.0,1.0,1.0,0.0
2648014,2,01/10/1993,1,32.5,116.0,4.0,14.0,1.0,1,0.0,1681.8,1.0,0.0,0.0,30.0,32.5,1.5,1.1,0.0,0.0,0.0,0.0,0.0,0.0,0.0,0.0,0.0,0.0,0.0,3.2,1.8,3.0,0.0,14.9,0.0,1.5,17.0,1.5,4.1,3.7,0.2,0.0,0.0,1.0,1.0,1.0,1.0,1.0,1.0,1.0,1.0,1.0,1.0,1.0,1.0,1.0,1.0,1.0,1.0,1.0,1.0,1.0,1.0,1.0,1.0,1.0,1.0,1.0,1.0,1.0,1.0,1.0,1.0,1.0
2648014,1,01/10/1993,1,32.5,116.0,4.0,14.0,1.0,1,0.0,1681.8,1.0,0.0,0.0,30.0,32.5,1.5,1.1,0.0,0.0,0.0,0.0,0.0,0.0,0.0,0.0,0.0,0.0,0.0,3.2,1.8,3.0,0.0,14.9,0.0,1.5,17.0,1.5,4.1,3.7,0.2,0.0,0.0,1.0,1.0,1.0,1.0,1.0,1.0,1.0,1.0,1.0,1.0,1.0,1.0,1.0,1.0,1.0,1.0,1.0,1.0,1.0,1.0,1.0,1.0,1.0,1.0,1.0,1.0,1.0,1.0,1.0,1.0,1.0
2648014,2,01/09/1993,1,104.7,283.8,22.0,18.0,1.0,1,0.0,1681.8,1.0,0.3,1.3,0.0,0.0,0.0,0.0,6.4,9.4,3.4,0.0,0.0,0.0,0.6,6.1,5.6,0.0,0.0,5.3,0.0,50.5,2.2,104.7,36.5,7.4,2.0,19.2,0.0,0.0,15.5,7.4,,1.0,1.0,1.0,1.0,1.0,1.0,1.0,1.0,1.0,1.0,1.0,1.0,1.0,1.0,1.0,1.0,1.0,1.0,1.0,1.0,1.0,1.0,1.0,1.0,1.0,1.0,1.0,1.0,1.0,1.0,0.0
2648014,1,01/09/1993,1,104.7,283.8,22.0,18.0,1.0,1,0.0,1681.8,1.0,0.3,1.3,0.0,0.0,0.0,0.0,6.4,9.4,3.4,0.0,0.0,0.0,0.6,6.1,5.6,0.0,0.0,5.3,0.0,50.5,2.2,104.7,36.5,7.4,2.0,19.2,0.0,0.0,15.5,7.4,,1.0,1.0,1.0,1.0,1.0,1.0,1.0,1.0,1.0,1.0,1.0,1.0,1.0,1.0,1.0,1.0,1.0,1.0,1.0,1.0,1.0,1.0,1.0,1.0,1.0,1.0,1.0,1.0,1.0,1.0,0.0
2648014,2,01/08/1993,1,5.8,16.1,17.0,7.0,1.0,1,0.0,1681.8,1.0,0.0,0.0,0.0,0.0,0.0,0.0,0.0,0.0,1.0,0.9,0.0,0.0,0.0,0.0,0.0,0.0,5.8,0.3,0.0,0.0,1.9,0.0,3.2,0.0,0.0,0.0,0.0,0.0,0.0,0.0,3.0,1.0,1.0,1.0,1.0,1.0,1.0,1.0,1.0,1.0,1.0,1.0,1.0,1.0,1.0,1.0,1.0,1.0,1.0,1.0,1.0,1.0,1.0,1.0,1.0,1.0,1.0,1.0,1.0,1.0,1.0,1.0
2648014,1,01/08/1993,1,5.8,16.1,17.0,7.0,1.0,1,0.0,1681.8,1.0,0.0,0.0,0.0,0.0,0.0,0.0,0.0,0.0,1.0,0.9,0.0,0.0,0.0,0.0,0.0,0.0,5.8,0.3,0.0,0.0,1.9,0.0,3.2,0.0,0.0,0.0,0.0,0.0,0.0,0.0,3.0,1.0,1.0,1.0,1.0,1.0,1.0,1.0,1.0,1.0,1.0,1.0,1.0,1.0,1.0,1.0,1.0,1.0,1.0,1.0,1.0,1.0,1.0,1.0,1.0,1.0,1.0,1.0,1.0,1.0,1.0,1.0
2648014,2,01/07/1993,1,31.3,98.7,17.0,11.0,1.0,1,0.0,1681.8,1.0,1.0,0.3,0.0,0.4,0.0,2.8,0.0,0.0,0.0,4.4,16.5,28.6,2.8,0.0,0.0,0.0,31.3,0.0,0.0,0.0,0.0,0.0,0.0,0.0,0.0,0.0,0.0,0.0,9.2,1.4,0.0,1.0,1.0,1.0,1.0,1.0,1.0,1.0,1.0,1.0,1.0,1.0,1.0,1.0,1.0,1.0,1.0,1.0,1.0,1.0,1.0,1.0,1.0,1.0,1.0,1.0,1.0,1.0,1.0,1.0,1.0,1.0
2648014,1,01/07/1993,1,31.3,98.7,17.0,11.0,1.0,1,0.0,1681.8,1.0,1.0,0.3,0.0,0.4,0.0,2.8,0.0,0.0,0.0,4.4,16.5,28.6,2.8,0.0,0.0,0.0,31.3,0.0,0.0,0.0,0.0,0.0,0.0,0.0,0.0,0.0,0.0,0.0,9.2,1.4,0.0,1.0,1.0,1.0,1.0,1.0,1.0,1.0,1.0,1.0,1.0,1.0,1.0,1.0,1.0,1.0,1.0,1.0,1.0,1.0,1.0,1.0,1.0,1.0,1.0,1.0,1.0,1.0,1.0,1.0,1.0,1.0
2648014,2,01/06/1993,1,22.9,87.9,4.0,9.0,1.0,1,0.0,1681.8,1.0,0.0,0.0,0.0,22.9,0.0,0.0,0.0,0.0,0.0,0.0,3.5,13.4,1.6,0.0,0.0,0.0,15.0,15.1,0.0,0.0,0.0,0.0,0.0,0.8,0.7,0.0,0.0,0.0,0.0,14.9,,1.0,1.0,1.0,1.0,1.0,1.0,1.0,1.0,1.0,1.0,1.0,1.0,1.0,1.0,1.0,1.0,1.0,1.0,1.0,1.0,1.0,1.0,1.0,1.0,1.0,1.0,1.0,1.0,1.0,1.0,0.0
2648014,1,01/06/1993,1,22.9,87.9,4.0,9.0,1.0,1,0.0,1681.8,1.0,0.0,0.0,0.0,22.9,0.0,0.0,0.0,0.0,0.0,0.0,3.5,13.4,1.6,0.0,0.0,0.0,15.0,15.1,0.0,0.0,0.0,0.0,0.0,0.8,0.7,0.0,0.0,0.0,0.0,14.9,,1.0,1.0,1.0,1.0,1.0,1.0,1.0,1.0,1.0,1.0,1.0,1.0,1.0,1.0,1.0,1.0,1.0,1.0,1.0,1.0,1.0,1.0,1.0,1.0,1.0,1.0,1.0,1.0,1.0,1.0,0.0
2648014,2,01/05/1993,1,67.7,125.7,5.0,9.0,1.0,1,0.0,1681.8,1.0,0.0,0.0,1.5,0.0,67.7,0.0,0.0,0.0,0.0,0.0,0.0,0.0,37.6,0.0,0.0,0.0,3.5,0.0,0.0,0.4,0.0,0.0,0.0,0.0,0.0,1.7,0.3,0.0,3.6,9.4,0.0,1.0,1.0,1.0,1.0,1.0,1.0,1.0,1.0,1.0,1.0,1.0,1.0,1.0,1.0,1.0,1.0,1.0,1.0,1.0,1.0,1.0,1.0,1.0,1.0,1.0,1.0,1.0,1.0,1.0,1.0,1.0
2648014,1,01/05/1993,1,67.7,125.7,5.0,9.0,1.0,1,0.0,1681.8,1.0,0.0,0.0,1.5,0.0,67.7,0.0,0.0,0.0,0.0,0.0,0.0,0.0,37.6,0.0,0.0,0.0,3.5,0.0,0.0,0.4,0.0,0.0,0.0,0.0,0.0,1.7,0.3,0.0,3.6,9.4,0.0,1.0,1.0,1.0,1.0,1.0,1.0,1.0,1.0,1.0,1.0,1.0,1.0,1.0,1.0,1.0,1.0,1.0,1.0,1.0,1.0,1.0,1.0,1.0,1.0,1.0,1.0,1.0,1.0,1.0,1.0,1.0
2648014,2,01/04/1993,1,21.2,100.3,1.0,15.0,1.0,1,0.0,1681.8,1.0,21.2,16.5,5.5,0.0,0.0,3.9,2.7,8.7,0.0,0.0,15.8,0.8,0.0,0.0,0.0,0.0,0.0,0.0,0.0,0.0,13.4,1.6,2.5,2.6,0.0,0.0,0.2,0.9,0.0,4.0,,1.0,1.0,1.0,1.0,1.0,1.0,1.0,1.0,1.0,1.0,1.0,1.0,1.0,1.0,1.0,1.0,1.0,1.0,1.0,1.0,1.0,1.0,1.0,1.0,1.0,1.0,1.0,1.0,1.0,1.0,0.0
2648014,1,01/04/1993,1,21.2,100.3,1.0,15.0,1.0,1,0.0,1681.8,1.0,21.2,16.5,5.5,0.0,0.0,3.9,2.7,8.7,0.0,0.0,15.8,0.8,0.0,0.0,0.0,0.0,0.0,0.0,0.0,0.0,13.4,1.6,2.5,2.6,0.0,0.0,0.2,0.9,0.0,4.0,,1.0,1.0,1.0,1.0,1.0,1.0,1.0,1.0,1.0,1.0,1.0,1.0,1.0,1.0,1.0,1.0,1.0,1.0,1.0,1.0,1.0,1.0,1.0,1.0,1.0,1.0,1.0,1.0,1.0,1.0,0.0
2648014,2,01/03/1993,1,40.6,201.8,23.0,17.0,1.0,1,0.0,1681.8,1.0,0.0,5.2,10.6,11.2,5.6,2.3,0.0,5.3,0.0,0.0,0.0,0.0,0.0,34.5,0.0,0.0,0.0,20.0,6.1,7.3,21.6,11.2,40.6,1.2,5.8,0.0,0.0,0.0,2.6,0.0,10.7,1.0,1.0,1.0,1.0,1.0,1.0,1.0,1.0,1.0,1.0,1.0,1.0,1.0,1.0,1.0,1.0,1.0,1.0,1.0,1.0,1.0,1.0,1.0,1.0,1.0,1.0,1.0,1.0,1.0,1.0,1.0
2648014,1,01/03/1993,1,40.6,201.8,23.0,17.0,1.0,1,0.0,1681.8,1.0,0.0,5.2,10.6,11.2,5.6,2.3,0.0,5.3,0.0,0.0,0.0,0.0,0.0,34.5,0.0,0.0,0.0,20.0,6.1,7.3,21.6,11.2,40.6,1.2,5.8,0.0,0.0,0.0,2.6,0.0,10.7,1.0,1.0,1.0,1.0,1.0,1.0,1.0,1.0,1.0,1.0,1.0,1.0,1.0,1.0,1.0,1.0,1.0,1.0,1.0,1.0,1.0,1.0,1.0,1.0,1.0,1.0,1.0,1.0,1.0,1.0,1.0
2648014,2,01/02/1993,1,21.9,78.4,11.0,15.0,1.0,1,0.0,1681.8,1.0,0.0,6.4,0.6,5.5,0.0,2.2,2.6,20.6,2.0,2.4,21.9,0.1,5.0,0.0,0.0,4.7,1.2,0.9,0.0,0.0,0.0,0.0,0.0,0.0,0.0,2.3,0.0,0.0,,,,1.0,1.0,1.0,1.0,1.0,1.0,1.0,1.0,1.0,1.0,1.0,1.0,1.0,1.0,1.0,1.0,1.0,1.0,1.0,1.0,1.0,1.0,1.0,1.0,1.0,1.0,1.0,1.0,0.0,0.0,0.0
2648014,1,01/02/1993,1,21.9,78.4,11.0,15.0,1.0,1,0.0,1681.8,1.0,0.0,6.4,0.6,5.5,0.0,2.2,2.6,20.6,2.0,2.4,21.9,0.1,5.0,0.0,0.0,4.7,1.2,0.9,0.0,0.0,0.0,0.0,0.0,0.0,0.0,2.3,0.0,0.0,,,,1.0,1.0,1.0,1.0,1.0,1.0,1.0,1.0,1.0,1.0,1.0,1.0,1.0,1.0,1.0,1.0,1.0,1.0,1.0,1.0,1.0,1.0,1.0,1.0,1.0,1.0,1.0,1.0,0.0,0.0,0.0
2648014,2,01/01/1993,1,54.0,256.8,20.0,18.0,1.0,1,0.0,1681.8,1.0,0.0,0.0,24.9,10.0,0.6,0.0,7.3,5.0,23.0,22.2,0.0,0.0,0.0,0.0,0.0,20.0,2.4,0.8,0.0,54.0,0.0,0.2,0.0,0.0,18.8,9.8,16.8,2.4,22.7,15.9,0.0,1.0,1.0,1.0,1.0,1.0,1.0,1.0,1.0,1.0,1.0,1.0,1.0,1.0,1.0,1.0,1.0,1.0,1.0,1.0,1.0,1.0,1.0,1.0,1.0,1.0,1.0,1.0,1.0,1.0,1.0,1.0
2648014,1,01/01/1993,1,54.0,256.8,20.0,18.0,1.0,1,0.0,1681.8,1.0,0.0,0.0,24.9,10.0,0.6,0.0,7.3,5.0,23.0,22.2,0.0,0.0,0.0,0.0,0.0,20.0,2.4,0.8,0.0,54.0,0.0,0.2,0.0,0.0,18.8,9.8,16.8,2.4,22.7,15.9,0.0,1.0,1.0,1.0,1.0,1.0,1.0,1.0,1.0,1.0,1.0,1.0,1.0,1.0,1.0,1.0,1.0,1.0,1.0,1.0,1.0,1.0,1.0,1.0,1.0,1.0,1.0,1.0,1.0,1.0,1.0,1.0
2648014,2,01/12/1992,1,10.5,58.5,12.0,13.0,1.0,1,0.0,1804.7,2.0,0.7,0.0,0.0,0.0,0.0,0.3,0.0,1.8,0.0,3.0,4.4,10.5,0.3,0.0,0.0,0.0,6.4,0.0,0.0,9.8,0.0,0.0,0.0,0.0,5.1,0.8,0.0,0.0,0.0,5.4,10.0,1.0,1.0,1.0,1.0,1.0,1.0,1.0,1.0,1.0,1.0,1.0,1.0,1.0,1.0,1.0,1.0,1.0,1.0,1.0,1.0,1.0,1.0,1.0,1.0,1.0,1.0,1.0,1.0,1.0,1.0,1.0
2648014,1,01/12/1992,1,10.5,58.5,12.0,13.0,1.0,1,0.0,,0.0,0.7,0.0,0.0,0.0,0.0,0.3,0.0,1.8,0.0,3.0,4.4,10.5,0.3,0.0,0.0,0.0,6.4,0.0,0.0,9.8,0.0,0.0,0.0,0.0,5.1,0.8,0.0,0.0,0.0,5.4,10.0,1.0,1.0,1.0,1.0,1.0,1.0,1.0,1.0,1.0,1.0,1.0,1.0,1.0,1.0,1.0,1.0,1.0,1.0,1.0,1.0,1.0,1.0,1.0,1.0,1.0,1.0,1.0,1.0,1.0,1.0,1.0
2648014,2,01/11/1992,1,42.5,142.3,22.0,12.0,1.0,1,0.0,1804.7,2.0,0.0,0.0,0.0,4.6,0.0,1.3,0.0,0.0,0.0,0.0,0.0,0.0,0.0,0.0,1.3,0.3,0.0,0.0,0.0,0.0,0.0,42.5,0.0,39.0,8.8,2.7,0.7,12.1,5.0,24.0,,1.0,1.0,1.0,1.0,1.0,1.0,1.0,1.0,1.0,1.0,1.0,1.0,1.0,1.0,1.0,1.0,1.0,1.0,1.0,1.0,1.0,1.0,1.0,1.0,1.0,1.0,1.0,1.0,1.0,1.0,0.0
2648014,1,01/11/1992,1,42.5,142.3,22.0,12.0,1.0,1,0.0,,0.0,0.0,0.0,0.0,4.6,0.0,1.3,0.0,0.0,0.0,0.0,0.0,0.0,0.0,0.0,1.3,0.3,0.0,0.0,0.0,0.0,0.0,42.5,0.0,39.0,8.8,2.7,0.7,12.1,5.0,24.0,,1.0,1.0,1.0,1.0,1.0,1.0,1.0,1.0,1.0,1.0,1.0,1.0,1.0,1.0,1.0,1.0,1.0,1.0,1.0,1.0,1.0,1.0,1.0,1.0,1.0,1.0,1.0,1.0,1.0,1.0,0.0
2648014,2,01/10/1992,1,14.0,58.5,21.0,9.0,1.0,1,0.0,1804.7,2.0,0.0,0.4,0.0,0.0,0.0,0.0,11.4,0.0,9.6,7.4,0.0,0.0,0.0,0.0,0.0,0.0,9.7,0.0,0.0,0.5,14.0,0.0,0.0,0.0,0.0,0.0,0.0,0.0,3.1,2.4,0.0,1.0,1.0,1.0,1.0,1.0,1.0,1.0,1.0,1.0,1.0,1.0,1.0,1.0,1.0,1.0,1.0,1.0,1.0,1.0,1.0,1.0,1.0,1.0,1.0,1.0,1.0,1.0,1.0,1.0,1.0,1.0
2648014,1,01/10/1992,1,14.0,58.5,21.0,9.0,1.0,1,0.0,,0.0,0.0,0.4,0.0,0.0,0.0,0.0,11.4,0.0,9.6,7.4,0.0,0.0,0.0,0.0,0.0,0.0,9.7,0.0,0.0,0.5,14.0,0.0,0.0,0.0,0.0,0.0,0.0,0.0,3.1,2.4,0.0,1.0,1.0,1.0,1.0,1.0,1.0,1.0,1.0,1.0,1.0,1.0,1.0,1.0,1.0,1.0,1.0,1.0,1.0,1.0,1.0,1.0,1.0,1.0,1.0,1.0,1.0,1.0,1.0,1.0,1.0,1.0
2648014,2,01/09/1992,1,15.4,79.0,9.0,12.0,1.0,1,0.0,1804.7,2.0,13.0,2.8,0.0,0.0,0.0,0.5,0.0,0.0,15.4,8.0,12.6,8.2,0.0,0.0,0.0,2.0,0.0,4.6,0.0,0.0,0.0,0.0,5.6,5.9,0.0,0.0,0.4,0.0,0.0,0.0,,1.0,1.0,1.0,1.0,1.0,1.0,1.0,1.0,1.0,1.0,1.0,1.0,1.0,1.0,1.0,1.0,1.0,1.0,1.0,1.0,1.0,1.0,1.0,1.0,1.0,1.0,1.0,1.0,1.0,1.0,0.0
2648014,1,01/09/1992,1,15.4,79.0,9.0,12.0,1.0,1,0.0,,0.0,13.0,2.8,0.0,0.0,0.0,0.5,0.0,0.0,15.4,8.0,12.6,8.2,0.0,0.0,0.0,2.0,0.0,4.6,0.0,0.0,0.0,0.0,5.6,5.9,0.0,0.0,0.4,0.0,0.0,0.0,,1.0,1.0,1.0,1.0,1.0,1.0,1.0,1.0,1.0,1.0,1.0,1.0,1.0,1.0,1.0,1.0,1.0,1.0,1.0,1.0,1.0,1.0,1.0,1.0,1.0,1.0,1.0,1.0,1.0,1.0,0.0
2648014,2,01/08/1992,1,36.4,148.9,1.0,10.0,1.0,1,0.0,1804.7,2.0,36.4,0.0,0.0,0.0,0.0,0.0,0.0,0.0,10.9,26.7,14.2,6.0,0.0,0.0,0.0,0.0,0.0,20.0,8.6,0.0,3.2,20.5,0.0,0.0,0.0,0.0,0.0,2.4,0.0,0.0,0.0,1.0,1.0,1.0,1.0,1.0,1.0,1.0,1.0,1.0,1.0,1.0,1.0,1.0,1.0,1.0,1.0,1.0,1.0,1.0,1.0,1.0,1.0,1.0,1.0,1.0,1.0,1.0,1.0,1.0,1.0,1.0
2648014,1,01/08/1992,1,36.4,148.9,1.0,10.0,1.0,1,0.0,,0.0,36.4,0.0,0.0,0.0,0.0,0.0,0.0,0.0,10.9,26.7,14.2,6.0,0.0,0.0,0.0,0.0,0.0,20.0,8.6,0.0,3.2,20.5,0.0,0.0,0.0,0.0,0.0,2.4,0.0,0.0,0.0,1.0,1.0,1.0,1.0,1.0,1.0,1.0,1.0,1.0,1.0,1.0,1.0,1.0,1.0,1.0,1.0,1.0,1.0,1.0,1.0,1.0,1.0,1.0,1.0,1.0,1.0,1.0,1.0,1.0,1.0,1.0
2648014,2,01/07/1992,1,35.6,150.5,15.0,16.0,1.0,1,0.0,1804.7,2.0,0.0,0.0,1.4,0.0,18.4,5.4,0.0,4.2,3.7,0.0,0.7,0.0,0.0,0.7,35.6,10.8,3.6,0.0,0.0,0.0,2.8,6.6,0.0,1.8,0.0,0.0,20.0,0.8,0.0,0.0,34.0,1.0,1.0,1.0,1.0,1.0,1.0,1.0,1.0,1.0,1.0,1.0,1.0,1.0,1.0,1.0,1.0,1.0,1.0,1.0,1.0,1.0,1.0,1.0,1.0,1.0,1.0,1.0,1.0,1.0,1.0,1.0
2648014,1,01/07/1992,1,35.6,150.5,15.0,16.0,1.0,1,0.0,,0.0,0.0,0.0,1.4,0.0,18.4,5.4,0.0,4.2,3.7,0.0,0.7,0.0,0.0,0.7,35.6,10.8,3.6,0.0,0.0,0.0,2.8,6.6,0.0,1.8,0.0,0.0,20.0,0.8,0.0,0.0,34.0,1.0,1.0,1.0,1.0,1.0,1.0,1.0,1.0,1.0,1.0,1.0,1.0,1.0,1.0,1.0,1.0,1.0,1.0,1.0,1.0,1.0,1.0,1.0,1.0,1.0,1.0,1.0,1.0,1.0,1.0,1.0
2648014,2,01/06/1992,1,77.0,134.0,29.0,8.0,1.0,1,0.0,1804.7,2.0,1.0,0.0,2.0,0.0,0.0,0.0,0.0,0.0,3.2,0.0,0.0,0.0,0.0,0.0,0.0,0.0,0.0,1.0,0.0,0.0,0.0,0.0,0.0,0.0,0.0,0.0,6.2,22.2,77.0,21.4,,1.0,1.0,1.0,1.0,1.0,1.0,1.0,1.0,1.0,1.0,1.0,1.0,1.0,1.0,1.0,1.0,1.0,1.0,1.0,1.0,1.0,1.0,1.0,1.0,1.0,1.0,1.0,1.0,1.0,1.0,0.0
2648014,1,01/06/1992,1,77.0,134.0,29.0,8.0,1.0,1,0.0,,0.0,1.0,0.0,2.0,0.0,0.0,0.0,0.0,0.0,3.2,0.0,0.0,0.0,0.0,0.0,0.0,0.0,0.0,1.0,0.0,0.0,0.0,0.0,0.0,0.0,0.0,0.0,6.2,22.2,77.0,21.4,,1.0,1.0,1.0,1.0,1.0,1.0,1.0,1.0,1.0,1.0,1.0,1.0,1.0,1.0,1.0,1.0,1.0,1.0,1.0,1.0,1.0,1.0,1.0,1.0,1.0,1.0,1.0,1.0,1.0,1.0,0.0
2648014,2,01/05/1992,1,,398.0,,,0.0,2,0.0,1804.7,2.0,,,,,,,,,,,,,,,,,,,,,0.0,17.1,0.0,0.1,0.0,21.9,19.1,77.3,20.0,74.5,1.0,0.0,0.0,0.0,0.0,0.0,0.0,0.0,0.0,0.0,0.0,0.0,0.0,0.0,0.0,0.0,0.0,0.0,0.0,0.0,0.0,1.0,1.0,1.0,1.0,1.0,1.0,1.0,1.0,1.0,1.0,1.0
2648014,1,01/05/1992,1,77.3,231.0,28.0,8.0,1.0,1,1.0,,0.0,,,,,,,,,,,,,,,,,,,,,0.0,17.1,0.0,0.1,0.0,21.9,19.1,77.3,20.0,74.5,1.0,0.0,0.0,0.0,0.0,0.0,0.0,0.0,0.0,0.0,0.0,0.0,0.0,0.0,0.0,0.0,0.0,0.0,0.0,0.0,0.0,4.0,1.0,1.0,1.0,1.0,1.0,1.0,1.0,1.0,1.0,1.0
2648014,2,01/04/1992,1,,29.0,,,0.0,2,0.0,1804.7,2.0,,,,,,,,,,,,,,,,,,,,,,,,,,,,,,,,0.0,0.0,0.0,0.0,0.0,0.0,0.0,0.0,0.0,0.0,0.0,0.0,0.0,0.0,0.0,0.0,0.0,0.0,0.0,0.0,0.0,0.0,0.0,0.0,0.0,0.0,0.0,0.0,0.0,0.0,0.0
2648014,2,01/03/1992,1,,224.0,,,0.0,2,0.0,1804.7,2.0,,,,,,,,,,,,,,,,,,,,,,,,,,,,,,,,0.0,0.0,0.0,0.0,0.0,0.0,0.0,0.0,0.0,0.0,0.0,0.0,0.0,0.0,0.0,0.0,0.0,0.0,0.0,0.0,0.0,0.0,0.0,0.0,0.0,0.0,0.0,0.0,0.0,0.0,0.0
2648014,2,01/02/1992,1,,194.0,,,0.0,2,0.0,1804.7,2.0,,,,,,,,,,,,,,,,,,,,,,,,,,,,,,,,0.0,0.0,0.0,0.0,0.0,0.0,0.0,0.0,0.0,0.0,0.0,0.0,0.0,0.0,0.0,0.0,0.0,0.0,0.0,0.0,0.0,0.0,0.0,0.0,0.0,0.0,0.0,0.0,0.0,0.0,0.0
2648014,2,01/01/1992,1,,188.0,,,0.0,2,0.0,1804.7,2.0,,,,,,,,,,,,,,,,,,,,,,,,,,,,,,,,0.0,0.0,0.0,0.0,0.0,0.0,0.0,0.0,0.0,0.0,0.0,0.0,0.0,0.0,0.0,0.0,0.0,0.0,0.0,0.0,0.0,0.0,0.0,0.0,0.0,0.0,0.0,0.0,0.0,0.0,0.0
2648014,2,01/12/1991,1,,155.0,,,0.0,2,0.0,1346.8,2.0,0.0,0.0,0.0,0.0,0.0,0.0,0.0,4.8,6.4,12.8,,,,,,,,,,,,,,,,,,,,,,1.0,1.0,1.0,1.0,1.0,1.0,1.0,1.0,1.0,1.0,0.0,0.0,0.0,0.0,0.0,0.0,0.0,0.0,0.0,0.0,0.0,0.0,0.0,0.0,0.0,0.0,0.0,0.0,0.0,0.0,0.0
2648014,1,01/12/1991,1,12.8,24.0,10.0,3.0,1.0,1,1.0,,0.0,0.0,0.0,0.0,0.0,0.0,0.0,0.0,4.8,6.4,12.8,,,,,,,,,,,,,,,,,,,,,0.0,1.0,1.0,1.0,1.0,1.0,1.0,1.0,1.0,1.0,1.0,0.0,0.0,0.0,0.0,0.0,0.0,0.0,0.0,0.0,0.0,0.0,0.0,0.0,0.0,0.0,0.0,0.0,0.0,0.0,0.0,4.0
2648014,2,01/11/1991,1,,206.0,,,0.0,2,0.0,1346.8,2.0,,,,,,,,,,,,,,,,,,,,,,,,,,,,,,,,0.0,0.0,0.0,0.0,0.0,0.0,0.0,0.0,0.0,0.0,0.0,0.0,0.0,0.0,0.0,0.0,0.0,0.0,0.0,0.0,0.0,0.0,0.0,0.0,0.0,0.0,0.0,0.0,0.0,0.0,0.0
2648014,2,01/10/1991,1,,192.0,,,0.0,2,0.0,1346.8,2.0,,,,,,,,,,,,,,,,,,,,,,,,,,,,,,,,0.0,0.0,0.0,0.0,0.0,0.0,0.0,0.0,0.0,0.0,0.0,0.0,0.0,0.0,0.0,0.0,0.0,0.0,0.0,0.0,0.0,0.0,0.0,0.0,0.0,0.0,0.0,0.0,0.0,0.0,0.0
2648014,2,01/09/1991,1,,67.0,,,0.0,2,0.0,1346.8,2.0,,,,,,,,,,,,,,,,,,,,,,,,,,,,,,,,0.0,0.0,0.0,0.0,0.0,0.0,0.0,0.0,0.0,0.0,0.0,0.0,0.0,0.0,0.0,0.0,0.0,0.0,0.0,0.0,0.0,0.0,0.0,0.0,0.0,0.0,0.0,0.0,0.0,0.0,0.0
2648014,2,01/08/1991,1,,143.0,,,0.0,2,0.0,1346.8,2.0,,,,,,,,,,,,,,,,,,,,,,,,,,,,,,,,0.0,0.0,0.0,0.0,0.0,0.0,0.0,0.0,0.0,0.0,0.0,0.0,0.0,0.0,0.0,0.0,0.0,0.0,0.0,0.0,0.0,0.0,0.0,0.0,0.0,0.0,0.0,0.0,0.0,0.0,0.0
2648014,2,01/07/1991,1,,25.0,,,0.0,2,0.0,1346.8,2.0,,,,,,,,,,,,,,,,,,,,,,,,,,,,,,,,0.0,0.0,0.0,0.0,0.0,0.0,0.0,0.0,0.0,0.0,0.0,0.0,0.0,0.0,0.0,0.0,0.0,0.0,0.0,0.0,0.0,0.0,0.0,0.0,0.0,0.0,0.0,0.0,0.0,0.0,0.0
2648014,2,01/06/1991,1,,155.0,,,0.0,2,0.0,1346.8,2.0,,,,,,,,,,,,,,,,,,,,,,,,,,,,,,,,0.0,0.0,0.0,0.0,0.0,0.0,0.0,0.0,0.0,0.0,0.0,0.0,0.0,0.0,0.0,0.0,0.0,0.0,0.0,0.0,0.0,0.0,0.0,0.0,0.0,0.0,0.0,0.0,0.0,0.0,0.0
2648014,2,01/05/1991,1,,48.0,,,0.0,2,0.0,1346.8,2.0,,,,,,,,,,,,,,,,,,,,,,,,,,,,,,,,0.0,0.0,0.0,0.0,0.0,0.0,0.0,0.0,0.0,0.0,0.0,0.0,0.0,0.0,0.0,0.0,0.0,0.0,0.0,0.0,0.0,0.0,0.0,0.0,0.0,0.0,0.0,0.0,0.0,0.0,0.0
2648014,2,01/04/1991,1,38.4,82.4,21.0,4.0,1.0,1,0.0,1346.8,2.0,0.0,0.0,0.0,0.0,0.0,0.0,0.0,0.0,0.0,0.0,2.4,0.0,0.0,0.0,0.0,0.0,0.0,36.8,0.0,0.0,38.4,0.0,0.0,0.0,0.0,0.0,4.8,0.0,0.0,0.0,,1.0,1.0,1.0,1.0,1.0,1.0,1.0,1.0,1.0,1.0,1.0,1.0,1.0,1.0,1.0,1.0,1.0,1.0,1.0,1.0,1.0,1.0,1.0,1.0,1.0,1.0,1.0,1.0,1.0,1.0,0.0
2648014,1,01/04/1991,1,38.4,82.4,21.0,4.0,1.0,1,0.0,,0.0,0.0,0.0,0.0,0.0,0.0,0.0,0.0,0.0,0.0,0.0,2.4,0.0,0.0,0.0,0.0,0.0,0.0,36.8,0.0,0.0,38.4,0.0,0.0,0.0,0.0,0.0,4.8,0.0,0.0,0.0,,1.0,1.0,1.0,1.0,1.0,1.0,1.0,1.0,1.0,1.0,1.0,1.0,1.0,1.0,1.0,1.0,1.0,1.0,1.0,1.0,1.0,1.0,1.0,1.0,1.0,1.0,1.0,1.0,1.0,1.0,0.0
2648014,2,01/03/1991,1,20.8,44.8,4.0,6.0,1.0,1,0.0,1346.8,2.0,0.0,2.4,4.2,20.8,0.0,0.0,0.0,0.0,0.0,4.2,0.0,0.0,0.0,6.8,0.0,0.0,0.0,0.0,0.0,0.0,0.0,0.0,6.4,0.0,0.0,0.0,0.0,0.0,0.0,0.0,0.0,1.0,1.0,1.0,1.0,1.0,1.0,1.0,1.0,1.0,1.0,1.0,1.0,1.0,1.0,1.0,1.0,1.0,1.0,1.0,1.0,1.0,1.0,1.0,1.0,1.0,1.0,1.0,1.0,1.0,1.0,1.0
2648014,1,01/03/1991,1,20.8,44.8,4.0,6.0,1.0,1,0.0,,0.0,0.0,2.4,4.2,20.8,0.0,0.0,0.0,0.0,0.0,4.2,0.0,0.0,0.0,6.8,0.0,0.0,0.0,0.0,0.0,0.0,0.0,0.0,6.4,0.0,0.0,0.0,0.0,0.0,0.0,0.0,0.0,1.0,1.0,1.0,1.0,1.0,1.0,1.0,1.0,1.0,1.0,1.0,1.0,1.0,1.0,1.0,1.0,1.0,1.0,1.0,1.0,1.0,1.0,1.0,1.0,1.0,1.0,1.0,1.0,1.0,1.0,1.0
2648014,2,01/02/1991,1,12.8,79.0,9.0,10.0,1.0,1,0.0,1346.8,2.0,10.2,6.8,4.6,0.0,0.0,0.0,0.0,6.4,12.8,4.6,12.6,4.2,6.4,0.0,0.0,0.0,0.0,0.0,10.4,0.0,0.0,0.0,0.0,0.0,0.0,0.0,0.0,0.0,,,,1.0,1.0,1.0,1.0,1.0,1.0,1.0,1.0,1.0,1.0,1.0,1.0,1.0,1.0,1.0,1.0,1.0,1.0,1.0,1.0,1.0,1.0,1.0,1.0,1.0,1.0,1.0,1.0,0.0,0.0,0.0
2648014,1,01/02/1991,1,12.8,79.0,9.0,10.0,1.0,1,0.0,,0.0,10.2,6.8,4.6,0.0,0.0,0.0,0.0,6.4,12.8,4.6,12.6,4.2,6.4,0.0,0.0,0.0,0.0,0.0,10.4,0.0,0.0,0.0,0.0,0.0,0.0,0.0,0.0,0.0,,,,1.0,1.0,1.0,1.0,1.0,1.0,1.0,1.0,1.0,1.0,1.0,1.0,1.0,1.0,1.0,1.0,1.0,1.0,1.0,1.0,1.0,1.0,1.0,1.0,1.0,1.0,1.0,1.0,0.0,0.0,0.0
2648014,2,01/01/1991,1,24.8,149.6,1.0,14.0,1.0,1,0.0,1346.8,2.0,24.8,16.4,4.6,2.8,0.0,0.0,0.0,0.0,10.4,12.6,0.0,0.0,0.0,0.0,6.4,12.4,10.8,12.4,0.0,0.0,0.0,0.0,6.6,10.2,12.4,6.8,0.0,0.0,0.0,0.0,0.0,1.0,1.0,1.0,1.0,1.0,1.0,1.0,1.0,1.0,1.0,1.0,1.0,1.0,1.0,1.0,1.0,1.0,1.0,1.0,1.0,1.0,1.0,1.0,1.0,1.0,1.0,1.0,1.0,1.0,1.0,1.0
2648014,1,01/01/1991,1,24.8,149.6,1.0,14.0,1.0,1,0.0,,0.0,24.8,16.4,4.6,2.8,0.0,0.0,0.0,0.0,10.4,12.6,0.0,0.0,0.0,0.0,6.4,12.4,10.8,12.4,0.0,0.0,0.0,0.0,6.6,10.2,12.4,6.8,0.0,0.0,0.0,0.0,0.0,1.0,1.0,1.0,1.0,1.0,1.0,1.0,1.0,1.0,1.0,1.0,1.0,1.0,1.0,1.0,1.0,1.0,1.0,1.0,1.0,1.0,1.0,1.0,1.0,1.0,1.0,1.0,1.0,1.0,1.0,1.0
2648014,2,01/12/1990,1,40.4,144.8,14.0,10.0,1.0,1,0.0,1849.6,2.0,0.0,0.0,0.0,4.8,6.4,10.6,12.4,20.4,0.0,0.0,0.0,0.0,6.8,40.4,0.0,0.0,0.0,0.0,0.0,0.0,0.0,0.0,0.0,0.0,10.2,20.4,12.4,0.0,0.0,0.0,0.0,1.0,1.0,1.0,1.0,1.0,1.0,1.0,1.0,1.0,1.0,1.0,1.0,1.0,1.0,1.0,1.0,1.0,1.0,1.0,1.0,1.0,1.0,1.0,1.0,1.0,1.0,1.0,1.0,1.0,1.0,1.0
2648014,1,01/12/1990,1,40.4,144.8,14.0,10.0,1.0,1,0.0,1215.0,1.0,0.0,0.0,0.0,4.8,6.4,10.6,12.4,20.4,0.0,0.0,0.0,0.0,6.8,40.4,0.0,0.0,0.0,0.0,0.0,0.0,0.0,0.0,0.0,0.0,10.2,20.4,12.4,0.0,0.0,0.0,0.0,1.0,1.0,1.0,1.0,1.0,1.0,1.0,1.0,1.0,1.0,1.0,1.0,1.0,1.0,1.0,1.0,1.0,1.0,1.0,1.0,1.0,1.0,1.0,1.0,1.0,1.0,1.0,1.0,1.0,1.0,1.0
2648014,2,01/11/1990,1,,123.0,,,0.0,2,0.0,1849.6,2.0,0.0,0.0,16.4,4.6,0.0,0.0,0.0,0.0,0.0,12.4,6.8,,,,,,,,,4.8,2.6,0.0,0.0,6.4,,,,,,,,1.0,1.0,1.0,1.0,1.0,1.0,1.0,1.0,1.0,1.0,1.0,0.0,0.0,0.0,0.0,0.0,0.0,0.0,0.0,1.0,1.0,1.0,1.0,1.0,0.0,0.0,0.0,0.0,0.0,0.0,0.0
2648014,1,01/11/1990,1,16.4,54.0,3.0,7.0,1.0,1,0.0,1215.0,1.0,0.0,0.0,16.4,4.6,0.0,0.0,0.0,0.0,0.0,12.4,6.8,0.0,0.0,0.0,0.0,0.0,0.0,0.0,0.0,4.8,2.6,0.0,0.0,6.4,0.0,0.0,0.0,0.0,0.0,0.0,,1.0,1.0,1.0,1.0,1.0,1.0,1.0,1.0,1.0,1.0,1.0,1.0,1.0,1.0,1.0,1.0,1.0,1.0,1.0,1.0,1.0,1.0,1.0,1.0,1.0,1.0,1.0,1.0,1.0,1.0,0.0
2648014,2,01/10/1990,1,42.4,208.2,10.0,12.0,1.0,1,0.0,1849.6,2.0,0.0,0.0,0.0,0.0,0.0,0.0,0.0,0.0,36.8,42.4,40.8,12.4,0.0,0.0,0.0,18.4,6.2,10.4,4.0,12.4,0.0,0.0,0.0,0.0,2.2,4.2,18.0,0.0,0.0,0.0,0.0,1.0,1.0,1.0,1.0,1.0,1.0,1.0,1.0,1.0,1.0,1.0,1.0,1.0,1.0,1.0,1.0,1.0,1.0,1.0,1.0,1.0,1.0,1.0,1.0,1.0,1.0,1.0,1.0,1.0,1.0,1.0
2648014,1,01/10/1990,1,42.4,208.2,10.0,12.0,1.0,1,0.0,1215.0,1.0,0.0,0.0,0.0,0.0,0.0,0.0,0.0,0.0,36.8,42.4,40.8,12.4,0.0,0.0,0.0,18.4,6.2,10.4,4.0,12.4,0.0,0.0,0.0,0.0,2.2,4.2,18.0,0.0,0.0,0.0,0.0,1.0,1.0,1.0,1.0,1.0,1.0,1.0,1.0,1.0,1.0,1.0,1.0,1.0,1.0,1.0,1.0,1.0,1.0,1.0,1.0,1.0,1.0,1.0,1.0,1.0,1.0,1.0,1.0,1.0,1.0,1.0
2648014,2,01/09/1990,1,,164.0,,,0.0,2,0.0,1849.6,2.0,0.0,0.0,2.4,6.8,12.2,0.0,0.0,0.0,0.0,8.4,2.6,0.0,0.0,0.0,0.0,4.8,0.0,0.0,0.0,4.2,6.4,12.8,28.4,12.4,,,,,,,,1.0,1.0,1.0,1.0,1.0,1.0,1.0,1.0,1.0,1.0,1.0,1.0,1.0,1.0,1.0,1.0,1.0,1.0,1.0,1.0,1.0,1.0,1.0,1.0,0.0,0.0,0.0,0.0,0.0,0.0,0.0
2648014,1,01/09/1990,1,28.4,101.4,23.0,11.0,1.0,1,0.0,1215.0,1.0,0.0,0.0,2.4,6.8,12.2,0.0,0.0,0.0,0.0,8.4,2.6,0.0,0.0,0.0,0.0,4.8,0.0,0.0,0.0,4.2,6.4,12.8,28.4,12.4,0.0,0.0,0.0,0.0,0.0,0.0,,1.0,1.0,1.0,1.0,1.0,1.0,1.0,1.0,1.0,1.0,1.0,1.0,1.0,1.0,1.0,1.0,1.0,1.0,1.0,1.0,1.0,1.0,1.0,1.0,1.0,1.0,1.0,1.0,1.0,1.0,0.0
2648014,2,01/08/1990,1,40.6,115.0,20.0,6.0,1.0,1,0.0,1849.6,2.0,0.0,0.0,0.0,0.0,0.0,0.0,0.0,0.0,0.0,0.0,0.0,0.0,0.0,0.0,0.0,16.4,18.4,0.0,20.4,40.6,0.0,0.0,0.0,6.4,12.8,0.0,0.0,0.0,0.0,0.0,0.0,1.0,1.0,1.0,1.0,1.0,1.0,1.0,1.0,1.0,1.0,1.0,1.0,1.0,1.0,1.0,1.0,1.0,1.0,1.0,1.0,1.0,1.0,1.0,1.0,1.0,1.0,1.0,1.0,1.0,1.0,1.0
2648014,1,01/08/1990,1,40.6,115.0,20.0,6.0,1.0,1,0.0,1215.0,1.0,0.0,0.0,0.0,0.0,0.0,0.0,0.0,0.0,0.0,0.0,0.0,0.0,0.0,0.0,0.0,16.4,18.4,0.0,20.4,40.6,0.0,0.0,0.0,6.4,12.8,0.0,0.0,0.0,0.0,0.0,0.0,1.0,1.0,1.0,1.0,1.0,1.0,1.0,1.0,1.0,1.0,1.0,1.0,1.0,1.0,1.0,1.0,1.0,1.0,1.0,1.0,1.0,1.0,1.0,1.0,1.0,1.0,1.0,1.0,1.0,1.0,1.0
2648014,2,01/07/1990,1,,173.0,,,0.0,2,0.0,1849.6,2.0,,,,,,,,,,,,,,,,,,,,4.6,8.4,0.0,0.0,0.0,18.6,6.4,0.0,0.0,0.0,0.0,0.0,0.0,0.0,0.0,0.0,0.0,0.0,0.0,0.0,0.0,0.0,0.0,0.0,0.0,0.0,0.0,0.0,0.0,0.0,0.0,1.0,1.0,1.0,1.0,1.0,1.0,1.0,1.0,1.0,1.0,1.0,1.0
2648014,1,01/07/1990,1,18.6,38.0,25.0,4.0,1.0,1,0.0,1215.0,1.0,0.0,0.0,0.0,0.0,0.0,0.0,0.0,0.0,0.0,0.0,0.0,0.0,0.0,0.0,0.0,0.0,0.0,0.0,0.0,4.6,8.4,0.0,0.0,0.0,18.6,6.4,0.0,0.0,0.0,0.0,0.0,1.0,1.0,1.0,1.0,1.0,1.0,1.0,1.0,1.0,1.0,1.0,1.0,1.0,1.0,1.0,1.0,1.0,1.0,1.0,1.0,1.0,1.0,1.0,1.0,1.0,1.0,1.0,1.0,1.0,1.0,1.0
2648014,2,01/06/1990,1,30.8,74.4,2.0,5.0,1.0,1,0.0,1849.6,2.0,10.4,30.8,0.0,0.0,0.0,8.4,6.2,18.6,0.0,0.0,0.0,0.0,0.0,0.0,0.0,0.0,0.0,0.0,0.0,0.0,0.0,0.0,0.0,0.0,0.0,0.0,0.0,0.0,0.0,0.0,,1.0,1.0,1.0,1.0,1.0,1.0,1.0,1.0,1.0,1.0,1.0,1.0,1.0,1.0,1.0,1.0,1.0,1.0,1.0,1.0,1.0,1.0,1.0,1.0,1.0,1.0,1.0,1.0,1.0,1.0,0.0
2648014,1,01/06/1990,1,30.8,74.4,2.0,5.0,1.0,1,0.0,1215.0,1.0,10.4,30.8,0.0,0.0,0.0,8.4,6.2,18.6,0.0,0.0,0.0,0.0,0.0,0.0,0.0,0.0,0.0,0.0,0.0,0.0,0.0,0.0,0.0,0.0,0.0,0.0,0.0,0.0,0.0,0.0,,1.0,1.0,1.0,1.0,1.0,1.0,1.0,1.0,1.0,1.0,1.0,1.0,1.0,1.0,1.0,1.0,1.0,1.0,1.0,1.0,1.0,1.0,1.0,1.0,1.0,1.0,1.0,1.0,1.0,1.0,0.0
2648014,2,01/05/1990,1,20.8,90.0,30.0,11.0,1.0,1,0.0,1849.6,2.0,0.0,0.0,0.0,2.8,6.4,0.0,0.0,0.0,0.0,4.2,10.4,6.8,0.0,0.0,0.0,0.0,0.0,2.4,12.6,0.0,0.0,0.0,0.0,0.0,0.0,0.0,0.0,6.8,10.4,20.8,6.4,1.0,1.0,1.0,1.0,1.0,1.0,1.0,1.0,1.0,1.0,1.0,1.0,1.0,1.0,1.0,1.0,1.0,1.0,1.0,1.0,1.0,1.0,1.0,1.0,1.0,1.0,1.0,1.0,1.0,1.0,1.0
2648014,1,01/05/1990,1,20.8,90.0,30.0,11.0,1.0,1,0.0,1215.0,1.0,0.0,0.0,0.0,2.8,6.4,0.0,0.0,0.0,0.0,4.2,10.4,6.8,0.0,0.0,0.0,0.0,0.0,2.4,12.6,0.0,0.0,0.0,0.0,0.0,0.0,0.0,0.0,6.8,10.4,20.8,6.4,1.0,1.0,1.0,1.0,1.0,1.0,1.0,1.0,1.0,1.0,1.0,1.0,1.0,1.0,1.0,1.0,1.0,1.0,1.0,1.0,1.0,1.0,1.0,1.0,1.0,1.0,1.0,1.0,1.0,1.0,1.0
2648014,2,01/04/1990,1,,179.0,,,0.0,2,0.0,1849.6,2.0,,,,,,,,,,,,,,,,,4.2,0.0,0.0,0.0,0.0,0.0,0.0,0.0,4.6,2.8,4.6,0.0,0.0,0.0,,0.0,0.0,0.0,0.0,0.0,0.0,0.0,0.0,0.0,0.0,0.0,0.0,0.0,0.0,0.0,0.0,1.0,1.0,1.0,1.0,1.0,1.0,1.0,1.0,1.0,1.0,1.0,1.0,1.0,1.0,0.0
2648014,1,01/04/1990,1,12.4,57.2,9.0,10.0,1.0,1,0.0,1215.0,1.0,0.0,0.0,0.0,4.8,6.4,0.0,0.0,0.0,12.4,6.4,0.0,0.0,0.0,4.6,0.0,6.4,4.2,0.0,0.0,0.0,0.0,0.0,0.0,0.0,4.6,2.8,4.6,0.0,0.0,0.0,,1.0,1.0,1.0,1.0,1.0,1.0,1.0,1.0,1.0,1.0,1.0,1.0,1.0,1.0,1.0,1.0,1.0,1.0,1.0,1.0,1.0,1.0,1.0,1.0,1.0,1.0,1.0,1.0,1.0,1.0,0.0
2648014,2,01/03/1990,1,40.8,145.2,1.0,13.0,1.0,1,0.0,1849.6,2.0,40.8,6.4,20.8,0.0,0.0,0.0,4.4,6.8,0.0,0.0,0.0,0.0,12.6,6.8,0.0,0.0,0.0,0.0,0.0,0.0,12.4,6.8,0.0,0.0,4.2,6.4,8.6,0.0,0.0,8.2,0.0,1.0,1.0,1.0,1.0,1.0,1.0,1.0,1.0,1.0,1.0,1.0,1.0,1.0,1.0,1.0,1.0,1.0,1.0,1.0,1.0,1.0,1.0,1.0,1.0,1.0,1.0,1.0,1.0,1.0,1.0,1.0
2648014,1,01/03/1990,1,40.8,145.2,1.0,13.0,1.0,1,0.0,1215.0,1.0,40.8,6.4,20.8,0.0,0.0,0.0,4.4,6.8,0.0,0.0,0.0,0.0,12.6,6.8,0.0,0.0,0.0,0.0,0.0,0.0,12.4,6.8,0.0,0.0,4.2,6.4,8.6,0.0,0.0,8.2,0.0,1.0,1.0,1.0,1.0,1.0,1.0,1.0,1.0,1.0,1.0,1.0,1.0,1.0,1.0,1.0,1.0,1.0,1.0,1.0,1.0,1.0,1.0,1.0,1.0,1.0,1.0,1.0,1.0,1.0,1.0,1.0
2648014,2,01/02/1990,1,,133.0,,,0.0,2,0.0,1849.6,2.0,0.0,0.0,4.8,6.4,0.0,,,,8.4,,,,,,2.4,0.0,20.8,,,,,,8.2,0.0,0.0,6.4,0.0,0.0,,,,1.0,1.0,1.0,1.0,1.0,0.0,0.0,0.0,1.0,0.0,0.0,0.0,0.0,0.0,1.0,1.0,1.0,0.0,0.0,0.0,0.0,0.0,1.0,1.0,1.0,1.0,1.0,1.0,0.0,0.0,0.0
2648014,1,01/02/1990,1,20.8,57.4,17.0,7.0,1.0,1,0.0,1215.0,1.0,0.0,0.0,4.8,6.4,0.0,0.0,0.0,0.0,8.4,0.0,0.0,0.0,0.0,0.0,2.4,0.0,20.8,0.0,0.0,0.0,0.0,0.0,8.2,0.0,0.0,6.4,0.0,0.0,,,,1.0,1.0,1.0,1.0,1.0,1.0,1.0,1.0,1.0,1.0,1.0,1.0,1.0,1.0,1.0,1.0,1.0,1.0,1.0,1.0,1.0,1.0,1.0,1.0,1.0,1.0,1.0,1.0,0.0,0.0,0.0
2648014,2,01/01/1990,1,,300.0,,,0.0,2,0.0,1849.6,2.0,,,,,,,,,,,,,,,,4.2,0.0,0.0,0.0,0.0,0.0,0.0,4.8,6.2,0.0,0.0,0.0,0.0,0.0,8.4,2.6,0.0,0.0,0.0,0.0,0.0,0.0,0.0,0.0,0.0,0.0,0.0,0.0,0.0,0.0,0.0,1.0,1.0,1.0,1.0,1.0,1.0,1.0,1.0,1.0,1.0,1.0,1.0,1.0,1.0,1.0,1.0
2648014,1,01/01/1990,1,20.0,129.4,13.0,20.0,1.0,1,0.0,1215.0,1.0,6.4,8.4,2.4,8.6,8.2,4.8,2.8,6.8,8.6,2.4,8.2,6.4,20.0,6.4,2.8,4.2,0.0,0.0,0.0,0.0,0.0,0.0,4.8,6.2,0.0,0.0,0.0,0.0,0.0,8.4,2.6,1.0,1.0,1.0,1.0,1.0,1.0,1.0,1.0,1.0,1.0,1.0,1.0,1.0,1.0,1.0,1.0,1.0,1.0,1.0,1.0,1.0,1.0,1.0,1.0,1.0,1.0,1.0,1.0,1.0,1.0,1.0
2648014,2,01/12/1989,1,54.2,360.4,21.0,16.0,1.0,1,0.0,1984.8,2.0,0.0,0.0,0.0,0.0,0.0,0.0,0.0,0.0,2.4,0.0,0.0,0.0,8.6,0.0,0.0,4.6,20.8,28.4,0.0,0.0,54.2,38.8,16.4,18.4,16.4,40.8,52.4,20.4,12.4,6.8,18.6,1.0,1.0,1.0,1.0,1.0,1.0,1.0,1.0,1.0,1.0,1.0,1.0,1.0,1.0,1.0,1.0,1.0,1.0,1.0,1.0,1.0,1.0,1.0,1.0,1.0,1.0,1.0,1.0,1.0,1.0,1.0
2648014,1,01/12/1989,1,54.2,360.4,21.0,16.0,1.0,1,0.0,1891.4,1.0,0.0,0.0,0.0,0.0,0.0,0.0,0.0,0.0,2.4,0.0,0.0,0.0,8.6,0.0,0.0,4.6,20.8,28.4,0.0,0.0,54.2,38.8,16.4,18.4,16.4,40.8,52.4,20.4,12.4,6.8,18.6,1.0,1.0,1.0,1.0,1.0,1.0,1.0,1.0,1.0,1.0,1.0,1.0,1.0,1.0,1.0,1.0,1.0,1.0,1.0,1.0,1.0,1.0,1.0,1.0,1.0,1.0,1.0,1.0,1.0,1.0,1.0
2648014,2,01/11/1989,1,22.4,107.8,12.0,9.0,1.0,1,0.0,1984.8,2.0,0.0,0.0,0.0,0.0,0.0,0.0,0.0,0.0,18.8,0.0,4.6,22.4,10.2,0.0,0.0,0.0,0.0,0.0,0.0,0.0,0.0,8.4,6.2,0.0,0.0,0.0,8.0,6.8,22.4,0.0,,1.0,1.0,1.0,1.0,1.0,1.0,1.0,1.0,1.0,1.0,1.0,1.0,1.0,1.0,1.0,1.0,1.0,1.0,1.0,1.0,1.0,1.0,1.0,1.0,1.0,1.0,1.0,1.0,1.0,1.0,0.0
2648014,1,01/11/1989,1,22.4,107.8,12.0,9.0,1.0,1,0.0,1891.4,1.0,0.0,0.0,0.0,0.0,0.0,0.0,0.0,0.0,18.8,0.0,4.6,22.4,10.2,0.0,0.0,0.0,0.0,0.0,0.0,0.0,0.0,8.4,6.2,0.0,0.0,0.0,8.0,6.8,22.4,0.0,,1.0,1.0,1.0,1.0,1.0,1.0,1.0,1.0,1.0,1.0,1.0,1.0,1.0,1.0,1.0,1.0,1.0,1.0,1.0,1.0,1.0,1.0,1.0,1.0,1.0,1.0,1.0,1.0,1.0,1.0,0.0
2648014,2,01/10/1989,1,,67.0,,,0.0,2,0.0,1984.8,2.0,,,,,,,,,4.6,0.0,0.0,4.2,,,,,,,,,,,,,4.8,2.4,0.0,0.0,0.0,0.0,0.0,0.0,0.0,0.0,0.0,0.0,0.0,0.0,0.0,1.0,1.0,1.0,1.0,0.0,0.0,0.0,0.0,0.0,0.0,0.0,0.0,0.0,0.0,0.0,0.0,1.0,1.0,1.0,1.0,1.0,1.0,1.0
2648014,1,01/10/1989,1,4.8,16.0,25.0,4.0,1.0,1,0.0,1891.4,1.0,0.0,0.0,0.0,0.0,0.0,0.0,0.0,0.0,4.6,0.0,0.0,4.2,0.0,0.0,0.0,0.0,0.0,0.0,0.0,0.0,0.0,0.0,0.0,0.0,4.8,2.4,0.0,0.0,0.0,0.0,0.0,1.0,1.0,1.0,1.0,1.0,1.0,1.0,1.0,1.0,1.0,1.0,1.0,1.0,1.0,1.0,1.0,1.0,1.0,1.0,1.0,1.0,1.0,1.0,1.0,1.0,1.0,1.0,1.0,1.0,1.0,1.0
2648014,2,01/09/1989,1,46.4,130.2,24.0,6.0,1.0,1,0.0,1984.8,2.0,0.0,0.0,0.0,0.0,0.0,0.0,0.0,0.0,0.0,0.0,0.0,0.0,0.0,0.0,0.0,0.0,0.0,0.0,0.0,6.8,18.6,14.8,24.8,46.4,18.8,0.0,0.0,0.0,0.0,0.0,,1.0,1.0,1.0,1.0,1.0,1.0,1.0,1.0,1.0,1.0,1.0,1.0,1.0,1.0,1.0,1.0,1.0,1.0,1.0,1.0,1.0,1.0,1.0,1.0,1.0,1.0,1.0,1.0,1.0,1.0,0.0
2648014,1,01/09/1989,1,46.4,130.2,24.0,6.0,1.0,1,0.0,1891.4,1.0,0.0,0.0,0.0,0.0,0.0,0.0,0.0,0.0,0.0,0.0,0.0,0.0,0.0,0.0,0.0,0.0,0.0,0.0,0.0,6.8,18.6,14.8,24.8,46.4,18.8,0.0,0.0,0.0,0.0,0.0,,1.0,1.0,1.0,1.0,1.0,1.0,1.0,1.0,1.0,1.0,1.0,1.0,1.0,1.0,1.0,1.0,1.0,1.0,1.0,1.0,1.0,1.0,1.0,1.0,1.0,1.0,1.0,1.0,1.0,1.0,0.0
2648014,2,01/08/1989,1,,56.0,,,0.0,2,0.0,1984.8,2.0,,,,,,,,,,,4.2,0.0,2.8,,,,,,,2.4,0.0,0.0,0.0,0.0,0.0,0.0,0.0,0.0,4.2,0.0,0.0,0.0,0.0,0.0,0.0,0.0,0.0,0.0,0.0,0.0,0.0,1.0,1.0,1.0,0.0,0.0,0.0,0.0,0.0,0.0,1.0,1.0,1.0,1.0,1.0,1.0,1.0,1.0,1.0,1.0,1.0,1.0
2648014,1,01/08/1989,1,4.2,13.6,11.0,4.0,1.0,1,0.0,1891.4,1.0,0.0,0.0,0.0,0.0,0.0,0.0,0.0,0.0,0.0,0.0,4.2,0.0,2.8,0.0,0.0,0.0,0.0,0.0,0.0,2.4,0.0,0.0,0.0,0.0,0.0,0.0,0.0,0.0,4.2,0.0,0.0,1.0,1.0,1.0,1.0,1.0,1.0,1.0,1.0,1.0,1.0,1.0,1.0,1.0,1.0,1.0,1.0,1.0,1.0,1.0,1.0,1.0,1.0,1.0,1.0,1.0,1.0,1.0,1.0,1.0,1.0,1.0
2648014,2,01/07/1989,1,28.4,97.6,31.0,7.0,1.0,1,0.0,1984.8,2.0,0.0,0.0,4.8,0.0,12.8,0.0,0.0,0.0,0.0,10.2,0.0,0.0,0.0,0.0,0.0,0.0,0.0,0.0,0.0,0.0,0.0,0.0,0.0,0.0,0.0,8.2,6.4,26.8,0.0,0.0,28.4,1.0,1.0,1.0,1.0,1.0,1.0,1.0,1.0,1.0,1.0,1.0,1.0,1.0,1.0,1.0,1.0,1.0,1.0,1.0,1.0,1.0,1.0,1.0,1.0,1.0,1.0,1.0,1.0,1.0,1.0,1.0
2648014,1,01/07/1989,1,28.4,97.6,31.0,7.0,1.0,1,0.0,1891.4,1.0,0.0,0.0,4.8,0.0,12.8,0.0,0.0,0.0,0.0,10.2,0.0,0.0,0.0,0.0,0.0,0.0,0.0,0.0,0.0,0.0,0.0,0.0,0.0,0.0,0.0,8.2,6.4,26.8,0.0,0.0,28.4,1.0,1.0,1.0,1.0,1.0,1.0,1.0,1.0,1.0,1.0,1.0,1.0,1.0,1.0,1.0,1.0,1.0,1.0,1.0,1.0,1.0,1.0,1.0,1.0,1.0,1.0,1.0,1.0,1.0,1.0,1.0
2648014,2,01/06/1989,1,12.8,31.6,28.0,7.0,1.0,1,0.0,1984.8,2.0,0.0,0.0,0.0,0.0,0.0,0.0,0.0,2.4,0.0,4.2,0.0,0.0,0.0,0.0,0.0,0.0,0.0,0.0,0.0,0.0,0.0,0.0,4.8,0.2,2.4,4.8,0.0,12.8,0.0,0.0,,1.0,1.0,1.0,1.0,1.0,1.0,1.0,1.0,1.0,1.0,1.0,1.0,1.0,1.0,1.0,1.0,1.0,1.0,1.0,1.0,1.0,1.0,1.0,1.0,1.0,1.0,1.0,1.0,1.0,1.0,0.0
2648014,1,01/06/1989,1,12.8,31.6,28.0,7.0,1.0,1,0.0,1891.4,1.0,0.0,0.0,0.0,0.0,0.0,0.0,0.0,2.4,0.0,4.2,0.0,0.0,0.0,0.0,0.0,0.0,0.0,0.0,0.0,0.0,0.0,0.0,4.8,0.2,2.4,4.8,0.0,12.8,0.0,0.0,,1.0,1.0,1.0,1.0,1.0,1.0,1.0,1.0,1.0,1.0,1.0,1.0,1.0,1.0,1.0,1.0,1.0,1.0,1.0,1.0,1.0,1.0,1.0,1.0,1.0,1.0,1.0,1.0,1.0,1.0,0.0
2648014,2,01/05/1989,1,28.2,79.8,4.0,10.0,1.0,1,0.0,1984.8,2.0,2.4,10.4,8.0,28.2,6.8,8.4,4.2,6.4,0.0,0.0,0.0,1.2,0.0,0.0,3.8,0.0,0.0,0.0,0.0,0.0,0.0,0.0,0.0,0.0,0.0,0.0,0.0,0.0,0.0,0.0,0.0,1.0,1.0,1.0,1.0,1.0,1.0,1.0,1.0,1.0,1.0,1.0,1.0,1.0,1.0,1.0,1.0,1.0,1.0,1.0,1.0,1.0,1.0,1.0,1.0,1.0,1.0,1.0,1.0,1.0,1.0,1.0
2648014,1,01/05/1989,1,28.2,79.8,4.0,10.0,1.0,1,0.0,1891.4,1.0,2.4,10.4,8.0,28.2,6.8,8.4,4.2,6.4,0.0,0.0,0.0,1.2,0.0,0.0,3.8,0.0,0.0,0.0,0.0,0.0,0.0,0.0,0.0,0.0,0.0,0.0,0.0,0.0,0.0,0.0,0.0,1.0,1.0,1.0,1.0,1.0,1.0,1.0,1.0,1.0,1.0,1.0,1.0,1.0,1.0,1.0,1.0,1.0,1.0,1.0,1.0,1.0,1.0,1.0,1.0,1.0,1.0,1.0,1.0,1.0,1.0,1.0
2648014,2,01/04/1989,1,20.4,132.2,2.0,18.0,1.0,1,0.0,1984.8,2.0,0.0,20.4,0.0,0.0,2.4,0.0,6.8,4.2,0.0,0.0,0.0,0.0,14.2,2.8,6.4,4.8,12.4,4.2,0.0,0.0,12.8,2.6,0.0,0.0,4.2,12.4,6.8,8.2,4.4,2.2,,1.0,1.0,1.0,1.0,1.0,1.0,1.0,1.0,1.0,1.0,1.0,1.0,1.0,1.0,1.0,1.0,1.0,1.0,1.0,1.0,1.0,1.0,1.0,1.0,1.0,1.0,1.0,1.0,1.0,1.0,0.0
2648014,1,01/04/1989,1,20.4,132.2,2.0,18.0,1.0,1,0.0,1891.4,1.0,0.0,20.4,0.0,0.0,2.4,0.0,6.8,4.2,0.0,0.0,0.0,0.0,14.2,2.8,6.4,4.8,12.4,4.2,0.0,0.0,12.8,2.6,0.0,0.0,4.2,12.4,6.8,8.2,4.4,2.2,,1.0,1.0,1.0,1.0,1.0,1.0,1.0,1.0,1.0,1.0,1.0,1.0,1.0,1.0,1.0,1.0,1.0,1.0,1.0,1.0,1.0,1.0,1.0,1.0,1.0,1.0,1.0,1.0,1.0,1.0,0.0
2648014,2,01/03/1989,1,44.4,166.8,21.0,11.0,1.0,1,0.0,1984.8,2.0,0.0,0.0,0.0,14.2,0.0,0.0,6.4,2.4,0.0,10.2,0.0,0.0,8.4,6.8,14.2,0.0,0.0,0.0,0.0,18.8,44.4,16.8,0.0,0.0,24.2,0.0,0.0,0.0,0.0,0.0,0.0,1.0,1.0,1.0,1.0,1.0,1.0,1.0,1.0,1.0,1.0,1.0,1.0,1.0,1.0,1.0,1.0,1.0,1.0,1.0,1.0,1.0,1.0,1.0,1.0,1.0,1.0,1.0,1.0,1.0,1.0,1.0
2648014,1,01/03/1989,1,44.4,166.8,21.0,11.0,1.0,1,0.0,1891.4,1.0,0.0,0.0,0.0,14.2,0.0,0.0,6.4,2.4,0.0,10.2,0.0,0.0,8.4,6.8,14.2,0.0,0.0,0.0,0.0,18.8,44.4,16.8,0.0,0.0,24.2,0.0,0.0,0.0,0.0,0.0,0.0,1.0,1.0,1.0,1.0,1.0,1.0,1.0,1.0,1.0,1.0,1.0,1.0,1.0,1.0,1.0,1.0,1.0,1.0,1.0,1.0,1.0,1.0,1.0,1.0,1.0,1.0,1.0,1.0,1.0,1.0,1.0
2648014,2,01/02/1989,1,63.0,191.8,2.0,15.0,1.0,1,0.0,1984.8,2.0,0.0,63.0,0.0,0.0,0.0,0.0,0.0,0.0,0.0,4.8,6.4,22.4,15.0,6.8,6.6,13.6,0.0,4.8,16.4,0.0,4.8,6.2,0.0,2.4,8.2,10.4,0.0,0.0,,,,1.0,1.0,1.0,1.0,1.0,1.0,1.0,1.0,1.0,1.0,1.0,1.0,1.0,1.0,1.0,1.0,1.0,1.0,1.0,1.0,1.0,1.0,1.0,1.0,1.0,1.0,1.0,1.0,0.0,0.0,0.0
2648014,1,01/02/1989,1,63.0,191.8,2.0,15.0,1.0,1,0.0,1891.4,1.0,0.0,63.0,0.0,0.0,0.0,0.0,0.0,0.0,0.0,4.8,6.4,22.4,15.0,6.8,6.6,13.6,0.0,4.8,16.4,0.0,4.8,6.2,0.0,2.4,8.2,10.4,0.0,0.0,,,,1.0,1.0,1.0,1.0,1.0,1.0,1.0,1.0,1.0,1.0,1.0,1.0,1.0,1.0,1.0,1.0,1.0,1.0,1.0,1.0,1.0,1.0,1.0,1.0,1.0,1.0,1.0,1.0,0.0,0.0,0.0
2648014,2,01/01/1989,1,50.4,563.6,26.0,27.0,1.0,1,0.0,1984.8,2.0,2.4,12.8,16.4,18.8,16.8,10.4,6.4,12.8,20.4,12.4,20.2,26.8,32.4,36.8,18.8,20.4,1.0,0.0,0.0,0.0,18.6,22.4,16.4,38.8,40.6,50.4,32.4,38.8,16.4,2.8,0.0,1.0,1.0,1.0,1.0,1.0,1.0,1.0,1.0,1.0,1.0,1.0,1.0,1.0,1.0,1.0,1.0,1.0,1.0,1.0,1.0,1.0,1.0,1.0,1.0,1.0,1.0,1.0,1.0,1.0,1.0,1.0
2648014,1,01/01/1989,1,50.4,563.6,26.0,27.0,1.0,1,0.0,1891.4,1.0,2.4,12.8,16.4,18.8,16.8,10.4,6.4,12.8,20.4,12.4,20.2,26.8,32.4,36.8,18.8,20.4,1.0,0.0,0.0,0.0,18.6,22.4,16.4,38.8,40.6,50.4,32.4,38.8,16.4,2.8,0.0,1.0,1.0,1.0,1.0,1.0,1.0,1.0,1.0,1.0,1.0,1.0,1.0,1.0,1.0,1.0,1.0,1.0,1.0,1.0,1.0,1.0,1.0,1.0,1.0,1.0,1.0,1.0,1.0,1.0,1.0,1.0
2648014,2,01/12/1988,1,30.6,122.4,31.0,11.0,1.0,1,0.0,1536.6,3.0,0.0,0.0,0.0,0.0,0.0,0.0,0.0,0.0,0.0,0.0,0.0,0.0,4.2,0.0,0.0,0.0,0.0,0.0,22.4,2.4,0.0,0.0,0.0,2.4,4.2,6.4,10.2,12.4,10.4,16.8,30.6,1.0,1.0,1.0,1.0,1.0,1.0,1.0,1.0,1.0,1.0,1.0,1.0,1.0,1.0,1.0,1.0,1.0,1.0,1.0,1.0,1.0,1.0,1.0,1.0,1.0,1.0,1.0,1.0,1.0,1.0,1.0
2648014,1,01/12/1988,1,30.6,122.4,31.0,11.0,1.0,1,0.0,1536.6,1.0,0.0,0.0,0.0,0.0,0.0,0.0,0.0,0.0,0.0,0.0,0.0,0.0,4.2,0.0,0.0,0.0,0.0,0.0,22.4,2.4,0.0,0.0,0.0,2.4,4.2,6.4,10.2,12.4,10.4,16.8,30.6,1.0,1.0,1.0,1.0,1.0,1.0,1.0,1.0,1.0,1.0,1.0,1.0,1.0,1.0,1.0,1.0,1.0,1.0,1.0,1.0,1.0,1.0,1.0,1.0,1.0,1.0,1.0,1.0,1.0,1.0,1.0
2648014,2,01/11/1988,1,26.8,55.4,9.0,7.0,1.0,1,0.0,1536.6,3.0,7.2,0.0,4.2,0.0,0.0,0.0,0.0,0.0,26.8,0.0,0.0,0.0,11.0,0.0,0.0,2.8,0.0,1.0,0.0,0.0,0.0,0.0,0.0,2.4,0.0,0.0,0.0,0.0,0.0,0.0,,1.0,1.0,1.0,1.0,1.0,1.0,1.0,1.0,1.0,1.0,1.0,1.0,1.0,1.0,1.0,1.0,1.0,1.0,1.0,1.0,1.0,1.0,1.0,1.0,1.0,1.0,1.0,1.0,1.0,1.0,0.0
2648014,1,01/11/1988,1,26.8,55.4,9.0,7.0,1.0,1,0.0,1536.6,1.0,7.2,0.0,4.2,0.0,0.0,0.0,0.0,0.0,26.8,0.0,0.0,0.0,11.0,0.0,0.0,2.8,0.0,1.0,0.0,0.0,0.0,0.0,0.0,2.4,0.0,0.0,0.0,0.0,0.0,0.0,,1.0,1.0,1.0,1.0,1.0,1.0,1.0,1.0,1.0,1.0,1.0,1.0,1.0,1.0,1.0,1.0,1.0,1.0,1.0,1.0,1.0,1.0,1.0,1.0,1.0,1.0,1.0,1.0,1.0,1.0,0.0
2648014,2,01/10/1988,1,26.0,112.4,24.0,8.0,1.0,1,0.0,1536.6,3.0,0.0,0.0,0.0,0.0,0.0,0.0,0.0,0.0,0.0,9.0,20.0,24.0,2.0,0.0,4.0,0.0,0.0,5.0,22.4,0.0,0.0,0.0,0.0,26.0,0.0,0.0,0.0,0.0,0.0,0.0,0.0,1.0,1.0,1.0,1.0,1.0,1.0,1.0,1.0,1.0,1.0,1.0,1.0,1.0,1.0,1.0,1.0,1.0,1.0,1.0,1.0,1.0,1.0,1.0,1.0,1.0,1.0,1.0,1.0,1.0,1.0,1.0
2648014,1,01/10/1988,1,26.0,112.4,24.0,8.0,1.0,1,0.0,1536.6,1.0,0.0,0.0,0.0,0.0,0.0,0.0,0.0,0.0,0.0,9.0,20.0,24.0,2.0,0.0,4.0,0.0,0.0,5.0,22.4,0.0,0.0,0.0,0.0,26.0,0.0,0.0,0.0,0.0,0.0,0.0,0.0,1.0,1.0,1.0,1.0,1.0,1.0,1.0,1.0,1.0,1.0,1.0,1.0,1.0,1.0,1.0,1.0,1.0,1.0,1.0,1.0,1.0,1.0,1.0,1.0,1.0,1.0,1.0,1.0,1.0,1.0,1.0
2648014,2,01/09/1988,1,66.0,242.6,14.0,9.0,1.0,1,0.0,1536.6,3.0,0.0,0.0,0.0,0.0,4.6,0.0,0.0,0.0,0.0,0.0,0.0,0.0,0.0,66.0,0.0,0.0,0.0,56.8,18.8,24.6,48.8,5.4,0.0,0.0,0.0,0.0,0.0,12.4,0.0,5.2,,1.0,1.0,1.0,1.0,1.0,1.0,1.0,1.0,1.0,1.0,1.0,1.0,1.0,1.0,1.0,1.0,1.0,1.0,1.0,1.0,1.0,1.0,1.0,1.0,1.0,1.0,1.0,1.0,1.0,1.0,0.0
2648014,1,01/09/1988,1,66.0,242.6,14.0,9.0,1.0,1,0.0,1536.6,1.0,0.0,0.0,0.0,0.0,4.6,0.0,0.0,0.0,0.0,0.0,0.0,0.0,0.0,66.0,0.0,0.0,0.0,56.8,18.8,24.6,48.8,5.4,0.0,0.0,0.0,0.0,0.0,12.4,0.0,5.2,,1.0,1.0,1.0,1.0,1.0,1.0,1.0,1.0,1.0,1.0,1.0,1.0,1.0,1.0,1.0,1.0,1.0,1.0,1.0,1.0,1.0,1.0,1.0,1.0,1.0,1.0,1.0,1.0,1.0,1.0,0.0
2648014,2,01/08/1988,1,6.8,14.4,14.0,3.0,1.0,1,0.0,1536.6,3.0,0.0,0.0,0.0,0.0,0.0,0.0,0.0,0.0,0.0,0.0,0.0,0.0,0.0,6.8,0.0,0.0,0.0,4.6,0.0,0.0,0.0,0.0,3.0,0.0,0.0,0.0,0.0,0.0,0.0,0.0,0.0,1.0,1.0,1.0,1.0,1.0,1.0,1.0,1.0,1.0,1.0,1.0,1.0,1.0,1.0,1.0,1.0,1.0,1.0,1.0,1.0,1.0,1.0,1.0,1.0,1.0,1.0,1.0,1.0,1.0,1.0,1.0
2648014,1,01/08/1988,1,6.8,14.4,14.0,3.0,1.0,1,0.0,1536.6,1.0,0.0,0.0,0.0,0.0,0.0,0.0,0.0,0.0,0.0,0.0,0.0,0.0,0.0,6.8,0.0,0.0,0.0,4.6,0.0,0.0,0.0,0.0,3.0,0.0,0.0,0.0,0.0,0.0,0.0,0.0,0.0,1.0,1.0,1.0,1.0,1.0,1.0,1.0,1.0,1.0,1.0,1.0,1.0,1.0,1.0,1.0,1.0,1.0,1.0,1.0,1.0,1.0,1.0,1.0,1.0,1.0,1.0,1.0,1.0,1.0,1.0,1.0
2648014,2,01/07/1988,1,6.4,8.8,11.0,2.0,1.0,1,0.0,1536.6,3.0,0.0,0.0,0.0,0.0,0.0,0.0,0.0,0.0,0.0,0.0,6.4,0.0,0.0,0.0,0.0,0.0,0.0,0.0,0.0,0.0,0.0,0.0,0.0,0.0,0.0,0.0,2.4,0.0,0.0,0.0,0.0,1.0,1.0,1.0,1.0,1.0,1.0,1.0,1.0,1.0,1.0,1.0,1.0,1.0,1.0,1.0,1.0,1.0,1.0,1.0,1.0,1.0,1.0,1.0,1.0,1.0,1.0,1.0,1.0,1.0,1.0,1.0
2648014,1,01/07/1988,1,6.4,8.8,11.0,2.0,1.0,1,0.0,1536.6,1.0,0.0,0.0,0.0,0.0,0.0,0.0,0.0,0.0,0.0,0.0,6.4,0.0,0.0,0.0,0.0,0.0,0.0,0.0,0.0,0.0,0.0,0.0,0.0,0.0,0.0,0.0,2.4,0.0,0.0,0.0,0.0,1.0,1.0,1.0,1.0,1.0,1.0,1.0,1.0,1.0,1.0,1.0,1.0,1.0,1.0,1.0,1.0,1.0,1.0,1.0,1.0,1.0,1.0,1.0,1.0,1.0,1.0,1.0,1.0,1.0,1.0,1.0
2648014,2,01/06/1988,1,24.8,102.6,24.0,11.0,1.0,1,0.0,1536.6,3.0,0.0,0.0,0.0,6.4,2.6,0.0,0.0,8.4,6.6,2.8,0.0,0.0,6.2,4.2,0.0,4.2,0.0,0.0,12.4,24.0,0.0,0.0,0.0,24.8,0.0,0.0,0.0,0.0,0.0,0.0,,1.0,1.0,1.0,1.0,1.0,1.0,1.0,1.0,1.0,1.0,1.0,1.0,1.0,1.0,1.0,1.0,1.0,1.0,1.0,1.0,1.0,1.0,1.0,1.0,1.0,1.0,1.0,1.0,1.0,1.0,0.0
2648014,1,01/06/1988,1,24.8,102.6,24.0,11.0,1.0,1,0.0,1536.6,1.0,0.0,0.0,0.0,6.4,2.6,0.0,0.0,8.4,6.6,2.8,0.0,0.0,6.2,4.2,0.0,4.2,0.0,0.0,12.4,24.0,0.0,0.0,0.0,24.8,0.0,0.0,0.0,0.0,0.0,0.0,,1.0,1.0,1.0,1.0,1.0,1.0,1.0,1.0,1.0,1.0,1.0,1.0,1.0,1.0,1.0,1.0,1.0,1.0,1.0,1.0,1.0,1.0,1.0,1.0,1.0,1.0,1.0,1.0,1.0,1.0,0.0
2648014,2,01/05/1988,1,36.8,273.8,4.0,25.0,1.0,3,0.0,1536.6,3.0,8.4,9.6,6.4,36.8,12.6,8.4,8.0,6.4,20.2,0.0,0.0,0.0,8.6,0.0,0.0,0.0,20.8,6.4,8.6,4.6,8.4,16.8,4.2,2.4,4.6,2.8,8.4,14.4,26.8,12.8,6.4,1.0,1.0,1.0,1.0,1.0,1.0,1.0,1.0,1.0,1.0,1.0,1.0,1.0,1.0,1.0,1.0,1.0,1.0,1.0,1.0,1.0,1.0,1.0,1.0,1.0,1.0,1.0,1.0,1.0,1.0,1.0
2648014,1,01/05/1988,1,36.8,273.8,4.0,25.0,1.0,1,0.0,1536.6,1.0,8.4,9.6,6.4,36.8,12.6,8.4,8.0,6.4,20.2,0.0,0.0,0.0,8.6,0.0,0.0,0.0,20.8,6.4,8.6,4.6,8.4,16.8,4.2,2.4,4.6,2.8,8.4,14.4,26.8,12.8,6.4,1.0,1.0,1.0,1.0,1.0,1.0,1.0,1.0,1.0,1.0,1.0,1.0,1.0,1.0,1.0,1.0,1.0,1.0,1.0,1.0,1.0,1.0,1.0,1.0,1.0,1.0,1.0,1.0,1.0,1.0,1.0
2648014,2,01/04/1988,1,19.0,102.8,21.0,11.0,1.0,1,0.0,1536.6,3.0,7.4,0.0,0.0,0.0,0.0,0.0,8.2,0.0,18.0,0.0,0.0,0.0,0.0,11.2,0.0,0.0,0.0,0.0,0.0,0.0,19.0,0.0,0.0,6.8,4.6,12.8,8.2,4.6,0.0,2.0,,1.0,1.0,1.0,1.0,1.0,1.0,1.0,1.0,1.0,1.0,1.0,1.0,1.0,1.0,1.0,1.0,1.0,1.0,1.0,1.0,1.0,1.0,1.0,1.0,1.0,1.0,1.0,1.0,1.0,1.0,0.0
2648014,1,01/04/1988,1,19.0,102.8,21.0,11.0,1.0,1,0.0,1536.6,1.0,7.4,0.0,0.0,0.0,0.0,0.0,8.2,0.0,18.0,0.0,0.0,0.0,0.0,11.2,0.0,0.0,0.0,0.0,0.0,0.0,19.0,0.0,0.0,6.8,4.6,12.8,8.2,4.6,0.0,2.0,,1.0,1.0,1.0,1.0,1.0,1.0,1.0,1.0,1.0,1.0,1.0,1.0,1.0,1.0,1.0,1.0,1.0,1.0,1.0,1.0,1.0,1.0,1.0,1.0,1.0,1.0,1.0,1.0,1.0,1.0,0.0
2648014,2,01/03/1988,1,26.2,62.2,13.0,6.0,1.0,1,0.0,1536.6,3.0,0.0,0.0,0.0,0.0,6.2,0.0,0.0,0.0,5.2,0.0,8.4,14.8,26.2,0.0,0.0,0.0,0.0,0.0,0.0,0.0,0.0,0.0,0.0,0.0,0.0,0.0,0.0,0.0,0.0,0.0,1.4,1.0,1.0,1.0,1.0,1.0,1.0,1.0,1.0,1.0,1.0,1.0,1.0,1.0,1.0,1.0,1.0,1.0,1.0,1.0,1.0,1.0,1.0,1.0,1.0,1.0,1.0,1.0,1.0,1.0,1.0,1.0
2648014,1,01/03/1988,1,26.2,62.2,13.0,6.0,1.0,1,0.0,1536.6,1.0,0.0,0.0,0.0,0.0,6.2,0.0,0.0,0.0,5.2,0.0,8.4,14.8,26.2,0.0,0.0,0.0,0.0,0.0,0.0,0.0,0.0,0.0,0.0,0.0,0.0,0.0,0.0,0.0,0.0,0.0,1.4,1.0,1.0,1.0,1.0,1.0,1.0,1.0,1.0,1.0,1.0,1.0,1.0,1.0,1.0,1.0,1.0,1.0,1.0,1.0,1.0,1.0,1.0,1.0,1.0,1.0,1.0,1.0,1.0,1.0,1.0,1.0
2648014,2,01/02/1988,1,50.6,171.2,2.0,10.0,1.0,1,0.0,1536.6,3.0,38.8,50.6,0.0,0.0,0.0,0.0,16.8,0.0,20.2,8.4,14.4,0.0,0.0,1.0,0.0,0.0,3.0,0.0,0.0,0.0,8.2,0.0,0.0,0.0,0.0,0.0,0.0,0.0,9.8,,,1.0,1.0,1.0,1.0,1.0,1.0,1.0,1.0,1.0,1.0,1.0,1.0,1.0,1.0,1.0,1.0,1.0,1.0,1.0,1.0,1.0,1.0,1.0,1.0,1.0,1.0,1.0,1.0,1.0,0.0,0.0
2648014,1,01/02/1988,1,50.6,171.2,2.0,10.0,1.0,1,0.0,1536.6,1.0,38.8,50.6,0.0,0.0,0.0,0.0,16.8,0.0,20.2,8.4,14.4,0.0,0.0,1.0,0.0,0.0,3.0,0.0,0.0,0.0,8.2,0.0,0.0,0.0,0.0,0.0,0.0,0.0,9.8,,,1.0,1.0,1.0,1.0,1.0,1.0,1.0,1.0,1.0,1.0,1.0,1.0,1.0,1.0,1.0,1.0,1.0,1.0,1.0,1.0,1.0,1.0,1.0,1.0,1.0,1.0,1.0,1.0,1.0,0.0,0.0
2648014,2,01/01/1988,1,38.8,268.0,2.0,12.0,1.0,1,0.0,1536.6,3.0,12.0,38.8,0.0,0.0,0.0,0.0,0.0,0.0,0.0,26.8,0.0,0.0,0.0,17.2,20.2,0.0,0.0,0.0,0.0,0.0,16.2,10.4,10.8,32.4,29.0,0.0,33.4,0.0,0.0,0.0,20.8,1.0,1.0,1.0,1.0,1.0,1.0,1.0,1.0,1.0,1.0,1.0,1.0,1.0,1.0,1.0,1.0,1.0,1.0,1.0,1.0,1.0,1.0,1.0,1.0,1.0,1.0,1.0,1.0,1.0,1.0,1.0
2648014,1,01/01/1988,1,38.8,268.0,2.0,12.0,1.0,1,0.0,1536.6,1.0,12.0,38.8,0.0,0.0,0.0,0.0,0.0,0.0,0.0,26.8,0.0,0.0,0.0,17.2,20.2,0.0,0.0,0.0,0.0,0.0,16.2,10.4,10.8,32.4,29.0,0.0,33.4,0.0,0.0,0.0,20.8,1.0,1.0,1.0,1.0,1.0,1.0,1.0,1.0,1.0,1.0,1.0,1.0,1.0,1.0,1.0,1.0,1.0,1.0,1.0,1.0,1.0,1.0,1.0,1.0,1.0,1.0,1.0,1.0,1.0,1.0,1.0
2648014,2,01/12/1987,1,14.8,69.8,10.0,9.0,1.0,1,0.0,1585.7,1.0,0.0,0.0,0.0,0.0,0.0,13.6,0.0,0.0,0.0,14.8,0.0,0.0,0.0,3.4,0.0,0.0,0.0,0.0,0.0,8.0,0.0,0.0,0.0,0.0,0.0,0.0,3.2,6.8,4.4,4.8,10.8,1.0,1.0,1.0,1.0,1.0,1.0,1.0,1.0,1.0,1.0,1.0,1.0,1.0,1.0,1.0,1.0,1.0,1.0,1.0,1.0,1.0,1.0,1.0,1.0,1.0,1.0,1.0,1.0,1.0,1.0,1.0
2648014,1,01/12/1987,1,14.8,69.8,10.0,9.0,1.0,1,0.0,1585.7,1.0,0.0,0.0,0.0,0.0,0.0,13.6,0.0,0.0,0.0,14.8,0.0,0.0,0.0,3.4,0.0,0.0,0.0,0.0,0.0,8.0,0.0,0.0,0.0,0.0,0.0,0.0,3.2,6.8,4.4,4.8,10.8,1.0,1.0,1.0,1.0,1.0,1.0,1.0,1.0,1.0,1.0,1.0,1.0,1.0,1.0,1.0,1.0,1.0,1.0,1.0,1.0,1.0,1.0,1.0,1.0,1.0,1.0,1.0,1.0,1.0,1.0,1.0
2648014,2,01/11/1987,1,23.0,75.2,14.0,6.0,1.0,1,0.0,1585.7,1.0,0.0,0.0,0.0,0.0,5.0,0.0,0.0,0.0,7.2,0.0,0.0,20.0,0.0,23.0,0.0,4.6,0.0,0.0,0.0,0.0,0.0,0.0,0.0,0.0,15.4,0.0,0.0,0.0,0.0,0.0,,1.0,1.0,1.0,1.0,1.0,1.0,1.0,1.0,1.0,1.0,1.0,1.0,1.0,1.0,1.0,1.0,1.0,1.0,1.0,1.0,1.0,1.0,1.0,1.0,1.0,1.0,1.0,1.0,1.0,1.0,0.0
2648014,1,01/11/1987,1,23.0,75.2,14.0,6.0,1.0,1,0.0,1585.7,1.0,0.0,0.0,0.0,0.0,5.0,0.0,0.0,0.0,7.2,0.0,0.0,20.0,0.0,23.0,0.0,4.6,0.0,0.0,0.0,0.0,0.0,0.0,0.0,0.0,15.4,0.0,0.0,0.0,0.0,0.0,,1.0,1.0,1.0,1.0,1.0,1.0,1.0,1.0,1.0,1.0,1.0,1.0,1.0,1.0,1.0,1.0,1.0,1.0,1.0,1.0,1.0,1.0,1.0,1.0,1.0,1.0,1.0,1.0,1.0,1.0,0.0
2648014,2,01/10/1987,1,25.0,109.0,19.0,9.0,1.0,1,0.0,1585.7,1.0,12.8,15.0,0.0,0.0,0.0,9.6,0.0,0.0,0.0,0.0,0.0,0.0,6.0,7.8,11.2,0.0,17.6,0.0,25.0,0.0,0.0,0.0,0.0,0.0,0.0,4.0,0.0,0.0,0.0,0.0,0.0,1.0,1.0,1.0,1.0,1.0,1.0,1.0,1.0,1.0,1.0,1.0,1.0,1.0,1.0,1.0,1.0,1.0,1.0,1.0,1.0,1.0,1.0,1.0,1.0,1.0,1.0,1.0,1.0,1.0,1.0,1.0
2648014,1,01/10/1987,1,25.0,109.0,19.0,9.0,1.0,1,0.0,1585.7,1.0,12.8,15.0,0.0,0.0,0.0,9.6,0.0,0.0,0.0,0.0,0.0,0.0,6.0,7.8,11.2,0.0,17.6,0.0,25.0,0.0,0.0,0.0,0.0,0.0,0.0,4.0,0.0,0.0,0.0,0.0,0.0,1.0,1.0,1.0,1.0,1.0,1.0,1.0,1.0,1.0,1.0,1.0,1.0,1.0,1.0,1.0,1.0,1.0,1.0,1.0,1.0,1.0,1.0,1.0,1.0,1.0,1.0,1.0,1.0,1.0,1.0,1.0
2648014,2,01/09/1987,1,51.0,129.3,16.0,8.0,1.0,1,0.0,1585.7,1.0,6.8,0.0,5.1,0.0,0.0,0.0,4.8,0.0,0.0,0.0,32.0,12.6,0.0,0.0,0.0,51.0,11.0,0.0,0.0,0.0,0.0,0.0,0.0,0.0,6.0,0.0,0.0,0.0,0.0,0.0,,1.0,1.0,1.0,1.0,1.0,1.0,1.0,1.0,1.0,1.0,1.0,1.0,1.0,1.0,1.0,1.0,1.0,1.0,1.0,1.0,1.0,1.0,1.0,1.0,1.0,1.0,1.0,1.0,1.0,1.0,0.0
2648014,1,01/09/1987,1,51.0,129.3,16.0,8.0,1.0,1,0.0,1585.7,1.0,6.8,0.0,5.1,0.0,0.0,0.0,4.8,0.0,0.0,0.0,32.0,12.6,0.0,0.0,0.0,51.0,11.0,0.0,0.0,0.0,0.0,0.0,0.0,0.0,6.0,0.0,0.0,0.0,0.0,0.0,,1.0,1.0,1.0,1.0,1.0,1.0,1.0,1.0,1.0,1.0,1.0,1.0,1.0,1.0,1.0,1.0,1.0,1.0,1.0,1.0,1.0,1.0,1.0,1.0,1.0,1.0,1.0,1.0,1.0,1.0,0.0
2648014,2,01/08/1987,1,57.6,107.7,17.0,8.0,1.0,1,0.0,1585.7,1.0,0.0,0.0,1.6,0.0,0.0,20.0,2.1,0.0,0.0,0.0,0.0,0.0,0.0,0.0,0.0,0.0,57.6,0.0,0.0,8.0,0.0,0.0,0.0,0.0,8.0,0.0,0.0,0.0,0.0,4.6,5.8,1.0,1.0,1.0,1.0,1.0,1.0,1.0,1.0,1.0,1.0,1.0,1.0,1.0,1.0,1.0,1.0,1.0,1.0,1.0,1.0,1.0,1.0,1.0,1.0,1.0,1.0,1.0,1.0,1.0,1.0,1.0
2648014,1,01/08/1987,1,57.6,107.7,17.0,8.0,1.0,1,0.0,1585.7,1.0,0.0,0.0,1.6,0.0,0.0,20.0,2.1,0.0,0.0,0.0,0.0,0.0,0.0,0.0,0.0,0.0,57.6,0.0,0.0,8.0,0.0,0.0,0.0,0.0,8.0,0.0,0.0,0.0,0.0,4.6,5.8,1.0,1.0,1.0,1.0,1.0,1.0,1.0,1.0,1.0,1.0,1.0,1.0,1.0,1.0,1.0,1.0,1.0,1.0,1.0,1.0,1.0,1.0,1.0,1.0,1.0,1.0,1.0,1.0,1.0,1.0,1.0
2648014,2,01/07/1987,1,21.0,45.8,20.0,5.0,1.0,1,0.0,1585.7,1.0,0.0,0.0,0.0,0.0,0.0,0.0,0.0,19.2,0.0,0.0,0.0,0.0,0.0,1.4,0.0,0.0,0.0,0.0,0.0,21.0,0.0,0.0,3.2,0.0,0.0,0.0,0.0,0.0,0.0,1.0,0.0,1.0,1.0,1.0,1.0,1.0,1.0,1.0,1.0,1.0,1.0,1.0,1.0,1.0,1.0,1.0,1.0,1.0,1.0,1.0,1.0,1.0,1.0,1.0,1.0,1.0,1.0,1.0,1.0,1.0,1.0,1.0
2648014,1,01/07/1987,1,21.0,45.8,20.0,5.0,1.0,1,0.0,1585.7,1.0,0.0,0.0,0.0,0.0,0.0,0.0,0.0,19.2,0.0,0.0,0.0,0.0,0.0,1.4,0.0,0.0,0.0,0.0,0.0,21.0,0.0,0.0,3.2,0.0,0.0,0.0,0.0,0.0,0.0,1.0,0.0,1.0,1.0,1.0,1.0,1.0,1.0,1.0,1.0,1.0,1.0,1.0,1.0,1.0,1.0,1.0,1.0,1.0,1.0,1.0,1.0,1.0,1.0,1.0,1.0,1.0,1.0,1.0,1.0,1.0,1.0,1.0
2648014,2,01/06/1987,1,56.8,132.0,14.0,6.0,1.0,1,0.0,1585.7,1.0,0.0,0.0,10.2,0.0,0.0,14.6,0.0,0.0,0.0,0.0,0.0,0.0,16.0,56.8,21.8,0.0,0.0,0.0,0.0,0.0,0.0,0.0,0.0,12.6,0.0,0.0,0.0,0.0,0.0,0.0,,1.0,1.0,1.0,1.0,1.0,1.0,1.0,1.0,1.0,1.0,1.0,1.0,1.0,1.0,1.0,1.0,1.0,1.0,1.0,1.0,1.0,1.0,1.0,1.0,1.0,1.0,1.0,1.0,1.0,1.0,0.0
2648014,1,01/06/1987,1,56.8,132.0,14.0,6.0,1.0,1,0.0,1585.7,1.0,0.0,0.0,10.2,0.0,0.0,14.6,0.0,0.0,0.0,0.0,0.0,0.0,16.0,56.8,21.8,0.0,0.0,0.0,0.0,0.0,0.0,0.0,0.0,12.6,0.0,0.0,0.0,0.0,0.0,0.0,,1.0,1.0,1.0,1.0,1.0,1.0,1.0,1.0,1.0,1.0,1.0,1.0,1.0,1.0,1.0,1.0,1.0,1.0,1.0,1.0,1.0,1.0,1.0,1.0,1.0,1.0,1.0,1.0,1.0,1.0,0.0
2648014,2,01/05/1987,1,57.8,185.3,16.0,9.0,1.0,1,0.0,1585.7,1.0,0.0,0.0,0.0,0.0,0.0,10.0,16.8,0.0,0.5,0.0,0.0,0.0,0.0,0.0,0.0,57.8,0.0,0.0,20.8,10.6,0.0,31.0,0.0,0.0,0.0,36.4,0.0,1.4,0.0,0.0,0.0,1.0,1.0,1.0,1.0,1.0,1.0,1.0,1.0,1.0,1.0,1.0,1.0,1.0,1.0,1.0,1.0,1.0,1.0,1.0,1.0,1.0,1.0,1.0,1.0,1.0,1.0,1.0,1.0,1.0,1.0,1.0
2648014,1,01/05/1987,1,57.8,185.3,16.0,9.0,1.0,1,0.0,1585.7,1.0,0.0,0.0,0.0,0.0,0.0,10.0,16.8,0.0,0.5,0.0,0.0,0.0,0.0,0.0,0.0,57.8,0.0,0.0,20.8,10.6,0.0,31.0,0.0,0.0,0.0,36.4,0.0,1.4,0.0,0.0,0.0,1.0,1.0,1.0,1.0,1.0,1.0,1.0,1.0,1.0,1.0,1.0,1.0,1.0,1.0,1.0,1.0,1.0,1.0,1.0,1.0,1.0,1.0,1.0,1.0,1.0,1.0,1.0,1.0,1.0,1.0,1.0
2648014,2,01/04/1987,1,38.6,164.4,22.0,11.0,1.0,1,0.0,1585.7,1.0,0.0,0.0,0.0,25.4,0.0,4.6,0.0,0.0,0.0,4.8,0.0,0.0,6.8,8.6,0.0,3.8,0.0,0.0,0.0,0.0,27.2,38.6,0.0,0.0,0.0,0.0,0.0,8.0,14.2,22.4,,1.0,1.0,1.0,1.0,1.0,1.0,1.0,1.0,1.0,1.0,1.0,1.0,1.0,1.0,1.0,1.0,1.0,1.0,1.0,1.0,1.0,1.0,1.0,1.0,1.0,1.0,1.0,1.0,1.0,1.0,0.0
2648014,1,01/04/1987,1,38.6,164.4,22.0,11.0,1.0,1,0.0,1585.7,1.0,0.0,0.0,0.0,25.4,0.0,4.6,0.0,0.0,0.0,4.8,0.0,0.0,6.8,8.6,0.0,3.8,0.0,0.0,0.0,0.0,27.2,38.6,0.0,0.0,0.0,0.0,0.0,8.0,14.2,22.4,,1.0,1.0,1.0,1.0,1.0,1.0,1.0,1.0,1.0,1.0,1.0,1.0,1.0,1.0,1.0,1.0,1.0,1.0,1.0,1.0,1.0,1.0,1.0,1.0,1.0,1.0,1.0,1.0,1.0,1.0,0.0
2648014,2,01/03/1987,1,46.0,72.6,24.0,5.0,1.0,1,0.0,1585.7,1.0,0.0,0.0,0.0,0.0,0.0,0.0,0.0,0.0,3.0,0.0,13.0,0.0,0.0,0.0,0.0,0.0,0.0,0.0,0.0,0.0,0.0,0.0,0.0,46.0,0.0,4.8,0.0,0.0,5.8,0.0,0.0,1.0,1.0,1.0,1.0,1.0,1.0,1.0,1.0,1.0,1.0,1.0,1.0,1.0,1.0,1.0,1.0,1.0,1.0,1.0,1.0,1.0,1.0,1.0,1.0,1.0,1.0,1.0,1.0,1.0,1.0,1.0
2648014,1,01/03/1987,1,46.0,72.6,24.0,5.0,1.0,1,0.0,1585.7,1.0,0.0,0.0,0.0,0.0,0.0,0.0,0.0,0.0,3.0,0.0,13.0,0.0,0.0,0.0,0.0,0.0,0.0,0.0,0.0,0.0,0.0,0.0,0.0,46.0,0.0,4.8,0.0,0.0,5.8,0.0,0.0,1.0,1.0,1.0,1.0,1.0,1.0,1.0,1.0,1.0,1.0,1.0,1.0,1.0,1.0,1.0,1.0,1.0,1.0,1.0,1.0,1.0,1.0,1.0,1.0,1.0,1.0,1.0,1.0,1.0,1.0,1.0
2648014,2,01/02/1987,1,82.8,273.4,14.0,10.0,1.0,1,0.0,1585.7,1.0,0.0,0.0,0.0,0.0,0.0,0.0,16.8,0.0,0.0,14.6,18.8,16.4,46.4,82.8,48.8,16.8,0.0,6.0,6.0,0.0,0.0,0.0,0.0,0.0,0.0,0.0,0.0,0.0,,,,1.0,1.0,1.0,1.0,1.0,1.0,1.0,1.0,1.0,1.0,1.0,1.0,1.0,1.0,1.0,1.0,1.0,1.0,1.0,1.0,1.0,1.0,1.0,1.0,1.0,1.0,1.0,1.0,0.0,0.0,0.0
2648014,1,01/02/1987,1,82.8,273.4,14.0,10.0,1.0,1,0.0,1585.7,1.0,0.0,0.0,0.0,0.0,0.0,0.0,16.8,0.0,0.0,14.6,18.8,16.4,46.4,82.8,48.8,16.8,0.0,6.0,6.0,0.0,0.0,0.0,0.0,0.0,0.0,0.0,0.0,0.0,,,,1.0,1.0,1.0,1.0,1.0,1.0,1.0,1.0,1.0,1.0,1.0,1.0,1.0,1.0,1.0,1.0,1.0,1.0,1.0,1.0,1.0,1.0,1.0,1.0,1.0,1.0,1.0,1.0,0.0,0.0,0.0
2648014,2,01/01/1987,1,73.2,221.2,13.0,12.0,1.0,1,0.0,1585.7,1.0,0.0,19.6,0.0,8.4,0.0,2.2,0.0,0.0,20.8,0.0,0.0,13.6,73.2,0.0,11.7,20.7,0.0,0.0,31.0,0.0,0.0,5.2,0.0,0.0,0.0,13.0,0.0,0.0,0.0,0.0,1.8,1.0,1.0,1.0,1.0,1.0,1.0,1.0,1.0,1.0,1.0,1.0,1.0,1.0,1.0,1.0,1.0,1.0,1.0,1.0,1.0,1.0,1.0,1.0,1.0,1.0,1.0,1.0,1.0,1.0,1.0,1.0
2648014,1,01/01/1987,1,73.2,221.2,13.0,12.0,1.0,1,0.0,1585.7,1.0,0.0,19.6,0.0,8.4,0.0,2.2,0.0,0.0,20.8,0.0,0.0,13.6,73.2,0.0,11.7,20.7,0.0,0.0,31.0,0.0,0.0,5.2,0.0,0.0,0.0,13.0,0.0,0.0,0.0,0.0,1.8,1.0,1.0,1.0,1.0,1.0,1.0,1.0,1.0,1.0,1.0,1.0,1.0,1.0,1.0,1.0,1.0,1.0,1.0,1.0,1.0,1.0,1.0,1.0,1.0,1.0,1.0,1.0,1.0,1.0,1.0,1.0
2648014,2,01/12/1986,1,72.2,217.7,21.0,9.0,1.0,1,0.0,1562.7,2.0,0.0,22.8,0.0,0.0,3.0,0.0,0.0,0.0,30.5,0.6,0.0,0.0,0.0,0.0,50.3,0.0,26.4,0.0,0.0,0.0,72.2,0.0,0.0,0.0,0.0,0.0,0.0,6.0,5.9,0.0,0.0,1.0,1.0,1.0,1.0,1.0,1.0,1.0,1.0,1.0,1.0,1.0,1.0,1.0,1.0,1.0,1.0,1.0,1.0,1.0,1.0,1.0,1.0,1.0,1.0,1.0,1.0,1.0,1.0,1.0,1.0,1.0
2648014,1,01/12/1986,1,72.2,217.7,21.0,9.0,1.0,1,0.0,,0.0,0.0,22.8,0.0,0.0,3.0,0.0,0.0,0.0,30.5,0.6,0.0,0.0,0.0,0.0,50.3,0.0,26.4,0.0,0.0,0.0,72.2,0.0,0.0,0.0,0.0,0.0,0.0,6.0,5.9,0.0,0.0,1.0,1.0,1.0,1.0,1.0,1.0,1.0,1.0,1.0,1.0,1.0,1.0,1.0,1.0,1.0,1.0,1.0,1.0,1.0,1.0,1.0,1.0,1.0,1.0,1.0,1.0,1.0,1.0,1.0,1.0,1.0
2648014,2,01/11/1986,1,43.5,139.6,11.0,10.0,1.0,1,0.0,1562.7,2.0,1.6,0.0,0.0,2.2,0.0,35.3,0.0,0.0,0.0,0.0,43.5,0.0,0.0,1.2,2.0,0.0,0.0,0.0,0.0,0.0,0.0,0.0,0.0,7.6,0.0,9.6,18.2,0.0,0.0,18.4,,1.0,1.0,1.0,1.0,1.0,1.0,1.0,1.0,1.0,1.0,1.0,1.0,1.0,1.0,1.0,1.0,1.0,1.0,1.0,1.0,1.0,1.0,1.0,1.0,1.0,1.0,1.0,1.0,1.0,1.0,0.0
2648014,1,01/11/1986,1,43.5,139.6,11.0,10.0,1.0,1,0.0,,0.0,1.6,0.0,0.0,2.2,0.0,35.3,0.0,0.0,0.0,0.0,43.5,0.0,0.0,1.2,2.0,0.0,0.0,0.0,0.0,0.0,0.0,0.0,0.0,7.6,0.0,9.6,18.2,0.0,0.0,18.4,,1.0,1.0,1.0,1.0,1.0,1.0,1.0,1.0,1.0,1.0,1.0,1.0,1.0,1.0,1.0,1.0,1.0,1.0,1.0,1.0,1.0,1.0,1.0,1.0,1.0,1.0,1.0,1.0,1.0,1.0,0.0
2648014,2,01/10/1986,1,45.4,175.0,9.0,6.0,1.0,1,0.0,1562.7,2.0,0.0,0.0,0.0,0.0,0.0,0.0,2.0,0.0,45.4,38.0,0.0,0.0,0.0,0.0,0.0,0.0,0.0,0.0,40.0,0.0,0.0,43.1,0.0,0.0,0.0,0.0,0.0,0.0,0.0,0.0,6.5,1.0,1.0,1.0,1.0,1.0,1.0,1.0,1.0,1.0,1.0,1.0,1.0,1.0,1.0,1.0,1.0,1.0,1.0,1.0,1.0,1.0,1.0,1.0,1.0,1.0,1.0,1.0,1.0,1.0,1.0,1.0
2648014,1,01/10/1986,1,45.4,175.0,9.0,6.0,1.0,1,0.0,,0.0,0.0,0.0,0.0,0.0,0.0,0.0,2.0,0.0,45.4,38.0,0.0,0.0,0.0,0.0,0.0,0.0,0.0,0.0,40.0,0.0,0.0,43.1,0.0,0.0,0.0,0.0,0.0,0.0,0.0,0.0,6.5,1.0,1.0,1.0,1.0,1.0,1.0,1.0,1.0,1.0,1.0,1.0,1.0,1.0,1.0,1.0,1.0,1.0,1.0,1.0,1.0,1.0,1.0,1.0,1.0,1.0,1.0,1.0,1.0,1.0,1.0,1.0
2648014,2,01/09/1986,1,17.5,77.9,21.0,12.0,1.0,1,0.0,1562.7,2.0,6.6,2.2,8.1,1.0,16.7,0.0,0.0,0.0,0.0,0.0,0.0,0.0,0.0,0.0,0.0,3.8,0.0,0.0,0.0,0.0,17.5,0.0,4.6,3.2,6.0,6.8,1.4,0.0,0.0,0.0,,1.0,1.0,1.0,1.0,1.0,1.0,1.0,1.0,1.0,1.0,1.0,1.0,1.0,1.0,1.0,1.0,1.0,1.0,1.0,1.0,1.0,1.0,1.0,1.0,1.0,1.0,1.0,1.0,1.0,1.0,0.0
2648014,1,01/09/1986,1,17.5,77.9,21.0,12.0,1.0,1,0.0,,0.0,6.6,2.2,8.1,1.0,16.7,0.0,0.0,0.0,0.0,0.0,0.0,0.0,0.0,0.0,0.0,3.8,0.0,0.0,0.0,0.0,17.5,0.0,4.6,3.2,6.0,6.8,1.4,0.0,0.0,0.0,,1.0,1.0,1.0,1.0,1.0,1.0,1.0,1.0,1.0,1.0,1.0,1.0,1.0,1.0,1.0,1.0,1.0,1.0,1.0,1.0,1.0,1.0,1.0,1.0,1.0,1.0,1.0,1.0,1.0,1.0,0.0
2648014,2,01/08/1986,1,,73.0,,,0.0,2,0.0,1562.7,2.0,,,,,,,,,,,,,,,,,,,,,,,,,,,,,,,,0.0,0.0,0.0,0.0,0.0,0.0,0.0,0.0,0.0,0.0,0.0,0.0,0.0,0.0,0.0,0.0,0.0,0.0,0.0,0.0,0.0,0.0,0.0,0.0,0.0,0.0,0.0,0.0,0.0,0.0,0.0
2648014,2,01/07/1986,1,19.0,67.4,20.0,9.0,1.0,1,0.0,1562.7,2.0,0.0,3.6,0.0,0.0,0.0,2.0,0.0,5.7,3.4,16.4,0.0,3.6,0.0,0.0,0.0,0.0,0.0,0.0,0.0,19.0,13.2,0.5,0.0,0.0,0.0,0.0,0.0,0.0,0.0,0.0,0.0,1.0,1.0,1.0,1.0,1.0,1.0,1.0,1.0,1.0,1.0,1.0,1.0,1.0,1.0,1.0,1.0,1.0,1.0,1.0,1.0,1.0,1.0,1.0,1.0,1.0,1.0,1.0,1.0,1.0,1.0,1.0
2648014,1,01/07/1986,1,19.0,67.4,20.0,9.0,1.0,1,0.0,,0.0,0.0,3.6,0.0,0.0,0.0,2.0,0.0,5.7,3.4,16.4,0.0,3.6,0.0,0.0,0.0,0.0,0.0,0.0,0.0,19.0,13.2,0.5,0.0,0.0,0.0,0.0,0.0,0.0,0.0,0.0,0.0,1.0,1.0,1.0,1.0,1.0,1.0,1.0,1.0,1.0,1.0,1.0,1.0,1.0,1.0,1.0,1.0,1.0,1.0,1.0,1.0,1.0,1.0,1.0,1.0,1.0,1.0,1.0,1.0,1.0,1.0,1.0
2648014,2,01/06/1986,1,12.6,16.0,16.0,2.0,1.0,1,0.0,1562.7,2.0,0.0,0.0,0.0,0.0,0.0,0.0,0.0,0.0,0.0,0.0,0.0,0.0,0.0,0.0,0.0,12.6,0.0,0.0,0.0,0.0,0.0,0.0,0.0,3.4,0.0,0.0,0.0,0.0,0.0,0.0,,1.0,1.0,1.0,1.0,1.0,1.0,1.0,1.0,1.0,1.0,1.0,1.0,1.0,1.0,1.0,1.0,1.0,1.0,1.0,1.0,1.0,1.0,1.0,1.0,1.0,1.0,1.0,1.0,1.0,1.0,0.0
2648014,1,01/06/1986,1,12.6,16.0,16.0,2.0,1.0,1,0.0,,0.0,0.0,0.0,0.0,0.0,0.0,0.0,0.0,0.0,0.0,0.0,0.0,0.0,0.0,0.0,0.0,12.6,0.0,0.0,0.0,0.0,0.0,0.0,0.0,3.4,0.0,0.0,0.0,0.0,0.0,0.0,,1.0,1.0,1.0,1.0,1.0,1.0,1.0,1.0,1.0,1.0,1.0,1.0,1.0,1.0,1.0,1.0,1.0,1.0,1.0,1.0,1.0,1.0,1.0,1.0,1.0,1.0,1.0,1.0,1.0,1.0,0.0
2648014,2,01/05/1986,1,10.4,36.1,31.0,5.0,1.0,1,0.0,1562.7,2.0,0.0,0.0,0.0,0.0,0.0,0.0,9.1,0.0,0.0,0.0,0.0,7.0,6.0,0.0,0.0,0.0,3.6,0.0,0.0,0.0,0.0,0.0,0.0,0.0,0.0,0.0,0.0,0.0,0.0,0.0,10.4,1.0,1.0,1.0,1.0,1.0,1.0,1.0,1.0,1.0,1.0,1.0,1.0,1.0,1.0,1.0,1.0,1.0,1.0,1.0,1.0,1.0,1.0,1.0,1.0,1.0,1.0,1.0,1.0,1.0,1.0,1.0
2648014,1,01/05/1986,1,10.4,36.1,31.0,5.0,1.0,1,0.0,,0.0,0.0,0.0,0.0,0.0,0.0,0.0,9.1,0.0,0.0,0.0,0.0,7.0,6.0,0.0,0.0,0.0,3.6,0.0,0.0,0.0,0.0,0.0,0.0,0.0,0.0,0.0,0.0,0.0,0.0,0.0,10.4,1.0,1.0,1.0,1.0,1.0,1.0,1.0,1.0,1.0,1.0,1.0,1.0,1.0,1.0,1.0,1.0,1.0,1.0,1.0,1.0,1.0,1.0,1.0,1.0,1.0,1.0,1.0,1.0,1.0,1.0,1.0
2648014,2,01/04/1986,1,30.8,118.8,26.0,14.0,1.0,1,0.0,1562.7,2.0,0.0,0.0,0.0,0.0,1.6,10.2,8.6,0.0,14.2,3.8,0.0,0.0,1.4,10.6,10.0,0.0,10.2,0.0,3.6,6.4,0.0,0.0,0.0,0.0,0.0,30.8,0.0,4.6,2.8,0.0,,1.0,1.0,1.0,1.0,1.0,1.0,1.0,1.0,1.0,1.0,1.0,1.0,1.0,1.0,1.0,1.0,1.0,1.0,1.0,1.0,1.0,1.0,1.0,1.0,1.0,1.0,1.0,1.0,1.0,1.0,0.0
2648014,1,01/04/1986,1,30.8,118.8,26.0,14.0,1.0,1,0.0,,0.0,0.0,0.0,0.0,0.0,1.6,10.2,8.6,0.0,14.2,3.8,0.0,0.0,1.4,10.6,10.0,0.0,10.2,0.0,3.6,6.4,0.0,0.0,0.0,0.0,0.0,30.8,0.0,4.6,2.8,0.0,,1.0,1.0,1.0,1.0,1.0,1.0,1.0,1.0,1.0,1.0,1.0,1.0,1.0,1.0,1.0,1.0,1.0,1.0,1.0,1.0,1.0,1.0,1.0,1.0,1.0,1.0,1.0,1.0,1.0,1.0,0.0
2648014,2,01/03/1986,1,55.3,168.9,1.0,14.0,1.0,1,0.0,1562.7,2.0,55.3,0.0,1.8,0.0,0.0,0.0,0.0,3.7,5.4,0.0,19.2,8.0,13.4,2.6,3.6,14.0,14.8,0.0,6.9,0.0,0.0,0.0,0.0,11.4,0.0,0.0,8.8,0.0,0.0,0.0,0.0,1.0,1.0,1.0,1.0,1.0,1.0,1.0,1.0,1.0,1.0,1.0,1.0,1.0,1.0,1.0,1.0,1.0,1.0,1.0,1.0,1.0,1.0,1.0,1.0,1.0,1.0,1.0,1.0,1.0,1.0,1.0
2648014,1,01/03/1986,1,55.3,168.9,1.0,14.0,1.0,1,0.0,,0.0,55.3,0.0,1.8,0.0,0.0,0.0,0.0,3.7,5.4,0.0,19.2,8.0,13.4,2.6,3.6,14.0,14.8,0.0,6.9,0.0,0.0,0.0,0.0,11.4,0.0,0.0,8.8,0.0,0.0,0.0,0.0,1.0,1.0,1.0,1.0,1.0,1.0,1.0,1.0,1.0,1.0,1.0,1.0,1.0,1.0,1.0,1.0,1.0,1.0,1.0,1.0,1.0,1.0,1.0,1.0,1.0,1.0,1.0,1.0,1.0,1.0,1.0
2648014,2,01/02/1986,1,55.3,273.7,28.0,17.0,1.0,1,0.0,1562.7,2.0,0.0,6.9,0.0,0.0,0.0,0.0,10.5,0.5,7.4,1.3,11.8,18.0,2.8,0.0,52.0,7.8,0.0,31.3,3.0,0.0,0.0,0.0,29.7,0.0,2.8,32.2,0.4,55.3,,,,1.0,1.0,1.0,1.0,1.0,1.0,1.0,1.0,1.0,1.0,1.0,1.0,1.0,1.0,1.0,1.0,1.0,1.0,1.0,1.0,1.0,1.0,1.0,1.0,1.0,1.0,1.0,1.0,0.0,0.0,0.0
2648014,1,01/02/1986,1,55.3,273.7,28.0,17.0,1.0,1,0.0,,0.0,0.0,6.9,0.0,0.0,0.0,0.0,10.5,0.5,7.4,1.3,11.8,18.0,2.8,0.0,52.0,7.8,0.0,31.3,3.0,0.0,0.0,0.0,29.7,0.0,2.8,32.2,0.4,55.3,,,,1.0,1.0,1.0,1.0,1.0,1.0,1.0,1.0,1.0,1.0,1.0,1.0,1.0,1.0,1.0,1.0,1.0,1.0,1.0,1.0,1.0,1.0,1.0,1.0,1.0,1.0,1.0,1.0,0.0,0.0,0.0
2648014,2,01/01/1986,1,58.8,198.6,20.0,12.0,1.0,1,0.0,1562.7,2.0,0.0,30.2,3.5,0.0,0.3,0.0,0.0,0.0,0.0,13.9,0.0,0.0,0.0,55.0,1.3,0.0,0.0,0.0,0.0,58.8,12.0,3.8,5.6,3.2,0.0,0.0,0.0,0.0,0.0,0.0,11.0,1.0,1.0,1.0,1.0,1.0,1.0,1.0,1.0,1.0,1.0,1.0,1.0,1.0,1.0,1.0,1.0,1.0,1.0,1.0,1.0,1.0,1.0,1.0,1.0,1.0,1.0,1.0,1.0,1.0,1.0,1.0
2648014,1,01/01/1986,1,58.8,198.6,20.0,12.0,1.0,1,0.0,,0.0,0.0,30.2,3.5,0.0,0.3,0.0,0.0,0.0,0.0,13.9,0.0,0.0,0.0,55.0,1.3,0.0,0.0,0.0,0.0,58.8,12.0,3.8,5.6,3.2,0.0,0.0,0.0,0.0,0.0,0.0,11.0,1.0,1.0,1.0,1.0,1.0,1.0,1.0,1.0,1.0,1.0,1.0,1.0,1.0,1.0,1.0,1.0,1.0,1.0,1.0,1.0,1.0,1.0,1.0,1.0,1.0,1.0,1.0,1.0,1.0,1.0,1.0
2648014,2,01/12/1985,1,46.0,82.1,27.0,8.0,1.0,1,0.0,1347.9,2.0,0.0,4.2,1.6,0.6,3.5,0.0,0.0,0.0,0.0,0.0,0.0,0.0,4.0,0.0,10.8,0.0,0.0,0.0,0.0,0.0,0.0,0.0,0.0,11.4,0.0,0.0,46.0,0.0,0.0,0.0,0.0,1.0,1.0,1.0,1.0,1.0,1.0,1.0,1.0,1.0,1.0,1.0,1.0,1.0,1.0,1.0,1.0,1.0,1.0,1.0,1.0,1.0,1.0,1.0,1.0,1.0,1.0,1.0,1.0,1.0,1.0,1.0
2648014,1,01/12/1985,1,46.0,82.1,27.0,8.0,1.0,1,0.0,,0.0,0.0,4.2,1.6,0.6,3.5,0.0,0.0,0.0,0.0,0.0,0.0,0.0,4.0,0.0,10.8,0.0,0.0,0.0,0.0,0.0,0.0,0.0,0.0,11.4,0.0,0.0,46.0,0.0,0.0,0.0,0.0,1.0,1.0,1.0,1.0,1.0,1.0,1.0,1.0,1.0,1.0,1.0,1.0,1.0,1.0,1.0,1.0,1.0,1.0,1.0,1.0,1.0,1.0,1.0,1.0,1.0,1.0,1.0,1.0,1.0,1.0,1.0
2648014,2,01/11/1985,1,47.1,153.0,4.0,12.0,1.0,1,0.0,1347.9,2.0,0.0,8.0,20.9,47.1,16.7,1.1,0.0,0.0,0.0,0.0,0.0,0.0,0.0,0.0,0.0,0.0,0.0,0.0,15.1,7.8,30.0,4.8,0.0,0.0,0.6,0.4,0.5,0.0,0.0,0.0,,1.0,1.0,1.0,1.0,1.0,1.0,1.0,1.0,1.0,1.0,1.0,1.0,1.0,1.0,1.0,1.0,1.0,1.0,1.0,1.0,1.0,1.0,1.0,1.0,1.0,1.0,1.0,1.0,1.0,1.0,0.0
2648014,1,01/11/1985,1,47.1,153.0,4.0,12.0,1.0,1,0.0,,0.0,0.0,8.0,20.9,47.1,16.7,1.1,0.0,0.0,0.0,0.0,0.0,0.0,0.0,0.0,0.0,0.0,0.0,0.0,15.1,7.8,30.0,4.8,0.0,0.0,0.6,0.4,0.5,0.0,0.0,0.0,,1.0,1.0,1.0,1.0,1.0,1.0,1.0,1.0,1.0,1.0,1.0,1.0,1.0,1.0,1.0,1.0,1.0,1.0,1.0,1.0,1.0,1.0,1.0,1.0,1.0,1.0,1.0,1.0,1.0,1.0,0.0
2648014,2,01/10/1985,1,81.0,223.9,30.0,18.0,1.0,1,0.0,1347.9,2.0,2.6,0.5,0.0,0.0,0.0,0.0,28.6,0.0,0.0,2.8,0.0,0.0,0.0,0.0,0.0,1.0,0.9,16.9,2.4,11.0,21.6,0.6,0.9,5.5,6.6,0.0,0.9,0.5,39.6,81.0,0.0,1.0,1.0,1.0,1.0,1.0,1.0,1.0,1.0,1.0,1.0,1.0,1.0,1.0,1.0,1.0,1.0,1.0,1.0,1.0,1.0,1.0,1.0,1.0,1.0,1.0,1.0,1.0,1.0,1.0,1.0,1.0
2648014,1,01/10/1985,1,81.0,223.9,30.0,18.0,1.0,1,0.0,,0.0,2.6,0.5,0.0,0.0,0.0,0.0,28.6,0.0,0.0,2.8,0.0,0.0,0.0,0.0,0.0,1.0,0.9,16.9,2.4,11.0,21.6,0.6,0.9,5.5,6.6,0.0,0.9,0.5,39.6,81.0,0.0,1.0,1.0,1.0,1.0,1.0,1.0,1.0,1.0,1.0,1.0,1.0,1.0,1.0,1.0,1.0,1.0,1.0,1.0,1.0,1.0,1.0,1.0,1.0,1.0,1.0,1.0,1.0,1.0,1.0,1.0,1.0
2648014,2,01/09/1985,1,42.3,109.9,1.0,18.0,1.0,1,0.0,1347.9,2.0,42.3,14.3,11.2,2.7,0.0,0.4,1.7,1.8,7.6,1.7,1.3,1.0,0.0,0.0,0.0,0.0,0.0,0.2,5.9,15.9,0.7,0.0,0.5,0.3,0.4,0.0,0.0,0.0,0.0,0.0,,1.0,1.0,1.0,1.0,1.0,1.0,1.0,1.0,1.0,1.0,1.0,1.0,1.0,1.0,1.0,1.0,1.0,1.0,1.0,1.0,1.0,1.0,1.0,1.0,1.0,1.0,1.0,1.0,1.0,1.0,0.0
2648014,1,01/09/1985,1,42.3,109.9,1.0,18.0,1.0,1,0.0,,0.0,42.3,14.3,11.2,2.7,0.0,0.4,1.7,1.8,7.6,1.7,1.3,1.0,0.0,0.0,0.0,0.0,0.0,0.2,5.9,15.9,0.7,0.0,0.5,0.3,0.4,0.0,0.0,0.0,0.0,0.0,,1.0,1.0,1.0,1.0,1.0,1.0,1.0,1.0,1.0,1.0,1.0,1.0,1.0,1.0,1.0,1.0,1.0,1.0,1.0,1.0,1.0,1.0,1.0,1.0,1.0,1.0,1.0,1.0,1.0,1.0,0.0
2648014,2,01/08/1985,1,,15.0,,,0.0,2,0.0,1347.9,2.0,,,,,,,,,,,,,,,,0.0,0.0,0.0,0.0,0.0,0.0,0.0,0.0,0.0,0.0,0.0,0.0,0.0,0.0,0.0,0.0,0.0,0.0,0.0,0.0,0.0,0.0,0.0,0.0,0.0,0.0,0.0,0.0,0.0,0.0,0.0,1.0,1.0,1.0,1.0,1.0,1.0,1.0,1.0,1.0,1.0,1.0,1.0,1.0,1.0,1.0,1.0
2648014,1,01/08/1985,1,0.0,0.0,1.0,0.0,1.0,1,1.0,,0.0,,,,,,,,,,,,,,,,0.0,0.0,0.0,0.0,0.0,0.0,0.0,0.0,0.0,0.0,0.0,0.0,0.0,0.0,0.0,0.0,0.0,0.0,0.0,0.0,0.0,0.0,0.0,0.0,0.0,0.0,0.0,0.0,0.0,0.0,0.0,4.0,1.0,1.0,1.0,1.0,1.0,1.0,1.0,1.0,1.0,1.0,1.0,1.0,1.0,1.0,1.0
2648014,2,01/07/1985,1,,56.0,,,0.0,2,0.0,1347.9,2.0,,,,,,,,,,,,,,,,,,,,,,,,,,,,,,,,0.0,0.0,0.0,0.0,0.0,0.0,0.0,0.0,0.0,0.0,0.0,0.0,0.0,0.0,0.0,0.0,0.0,0.0,0.0,0.0,0.0,0.0,0.0,0.0,0.0,0.0,0.0,0.0,0.0,0.0,0.0
2648014,2,01/06/1985,1,,38.0,,,0.0,2,0.0,1347.9,2.0,,,,,,,,,,,,,,,,,,,,,,,,,,,,,,,,0.0,0.0,0.0,0.0,0.0,0.0,0.0,0.0,0.0,0.0,0.0,0.0,0.0,0.0,0.0,0.0,0.0,0.0,0.0,0.0,0.0,0.0,0.0,0.0,0.0,0.0,0.0,0.0,0.0,0.0,0.0
2648014,2,01/05/1985,1,,27.0,,,0.0,2,0.0,1347.9,2.0,,,,,,,,,,,,,,,,,,,,,,,,,,,,,,,,0.0,0.0,0.0,0.0,0.0,0.0,0.0,0.0,0.0,0.0,0.0,0.0,0.0,0.0,0.0,0.0,0.0,0.0,0.0,0.0,0.0,0.0,0.0,0.0,0.0,0.0,0.0,0.0,0.0,0.0,0.0
2648014,2,01/04/1985,1,,164.0,,,0.0,2,0.0,1347.9,2.0,,,,,,,,,,,,,,,,,,,,,,,,,,,,,,,,0.0,0.0,0.0,0.0,0.0,0.0,0.0,0.0,0.0,0.0,0.0,0.0,0.0,0.0,0.0,0.0,0.0,0.0,0.0,0.0,0.0,0.0,0.0,0.0,0.0,0.0,0.0,0.0,0.0,0.0,0.0
2648014,2,01/03/1985,1,,159.0,,,0.0,2,0.0,1347.9,2.0,,,,,,,,,,,,,,,,,,,,,,,,,,,,,,,,0.0,0.0,0.0,0.0,0.0,0.0,0.0,0.0,0.0,0.0,0.0,0.0,0.0,0.0,0.0,0.0,0.0,0.0,0.0,0.0,0.0,0.0,0.0,0.0,0.0,0.0,0.0,0.0,0.0,0.0,0.0
2648014,2,01/02/1985,1,,231.0,,,0.0,2,0.0,1347.9,2.0,,,,,,,,,,,,,,,,,,,,,,,,,,,,,,,,0.0,0.0,0.0,0.0,0.0,0.0,0.0,0.0,0.0,0.0,0.0,0.0,0.0,0.0,0.0,0.0,0.0,0.0,0.0,0.0,0.0,0.0,0.0,0.0,0.0,0.0,0.0,0.0,0.0,0.0,0.0
2648014,2,01/01/1985,1,,89.0,,,0.0,2,0.0,1347.9,2.0,7.6,4.8,,,,,,,,,,,,,,,,,,,,,,,,,,,,,,1.0,1.0,0.0,0.0,0.0,0.0,0.0,0.0,0.0,0.0,0.0,0.0,0.0,0.0,0.0,0.0,0.0,0.0,0.0,0.0,0.0,0.0,0.0,0.0,0.0,0.0,0.0,0.0,0.0,0.0,0.0
2648014,1,01/01/1985,1,7.6,12.4,1.0,2.0,1.0,1,0.0,,0.0,7.6,4.8,0.0,0.0,0.0,0.0,0.0,0.0,0.0,0.0,0.0,0.0,0.0,0.0,0.0,0.0,0.0,0.0,0.0,0.0,0.0,0.0,0.0,0.0,0.0,0.0,0.0,0.0,0.0,0.0,0.0,1.0,1.0,1.0,1.0,1.0,1.0,1.0,1.0,1.0,1.0,1.0,1.0,1.0,1.0,1.0,1.0,1.0,1.0,1.0,1.0,1.0,1.0,1.0,1.0,1.0,1.0,1.0,1.0,1.0,1.0,1.0
2648014,2,01/12/1984,1,16.8,105.4,1.0,13.0,1.0,1,0.0,1881.2,1.0,16.8,14.4,0.0,0.0,0.0,0.0,8.8,0.0,0.0,6.8,0.0,12.4,4.2,6.8,0.0,0.0,0.0,4.4,0.0,0.0,0.0,0.0,0.0,6.8,4.4,6.4,0.0,0.0,8.8,4.4,0.0,1.0,1.0,1.0,1.0,1.0,1.0,1.0,1.0,1.0,1.0,1.0,1.0,1.0,1.0,1.0,1.0,1.0,1.0,1.0,1.0,1.0,1.0,1.0,1.0,1.0,1.0,1.0,1.0,1.0,1.0,1.0
2648014,1,01/12/1984,1,16.8,105.4,1.0,13.0,1.0,1,0.0,1881.2,1.0,16.8,14.4,0.0,0.0,0.0,0.0,8.8,0.0,0.0,6.8,0.0,12.4,4.2,6.8,0.0,0.0,0.0,4.4,0.0,0.0,0.0,0.0,0.0,6.8,4.4,6.4,0.0,0.0,8.8,4.4,0.0,1.0,1.0,1.0,1.0,1.0,1.0,1.0,1.0,1.0,1.0,1.0,1.0,1.0,1.0,1.0,1.0,1.0,1.0,1.0,1.0,1.0,1.0,1.0,1.0,1.0,1.0,1.0,1.0,1.0,1.0,1.0
2648014,2,01/11/1984,1,31.8,270.8,5.0,19.0,1.0,1,0.0,1881.2,1.0,0.0,0.0,17.2,22.4,31.8,28.8,19.6,10.4,0.0,0.0,4.8,15.6,16.8,8.2,9.8,14.2,12.4,4.8,0.0,10.4,7.6,6.8,0.0,0.0,18.8,10.4,0.0,0.0,0.0,0.0,,1.0,1.0,1.0,1.0,1.0,1.0,1.0,1.0,1.0,1.0,1.0,1.0,1.0,1.0,1.0,1.0,1.0,1.0,1.0,1.0,1.0,1.0,1.0,1.0,1.0,1.0,1.0,1.0,1.0,1.0,0.0
2648014,1,01/11/1984,1,31.8,270.8,5.0,19.0,1.0,1,0.0,1881.2,1.0,0.0,0.0,17.2,22.4,31.8,28.8,19.6,10.4,0.0,0.0,4.8,15.6,16.8,8.2,9.8,14.2,12.4,4.8,0.0,10.4,7.6,6.8,0.0,0.0,18.8,10.4,0.0,0.0,0.0,0.0,,1.0,1.0,1.0,1.0,1.0,1.0,1.0,1.0,1.0,1.0,1.0,1.0,1.0,1.0,1.0,1.0,1.0,1.0,1.0,1.0,1.0,1.0,1.0,1.0,1.0,1.0,1.0,1.0,1.0,1.0,0.0
2648014,2,01/10/1984,1,17.6,76.2,25.0,12.0,1.0,1,0.0,1881.2,1.0,0.0,2.2,0.0,0.0,0.0,6.0,7.8,15.6,0.2,0.0,1.4,0.0,0.0,0.0,0.0,1.2,0.0,0.0,2.0,0.0,0.0,0.0,0.0,4.8,17.6,8.2,0.0,0.0,0.0,0.0,9.2,1.0,1.0,1.0,1.0,1.0,1.0,1.0,1.0,1.0,1.0,1.0,1.0,1.0,1.0,1.0,1.0,1.0,1.0,1.0,1.0,1.0,1.0,1.0,1.0,1.0,1.0,1.0,1.0,1.0,1.0,1.0
2648014,1,01/10/1984,1,17.6,76.2,25.0,12.0,1.0,1,0.0,1881.2,1.0,0.0,2.2,0.0,0.0,0.0,6.0,7.8,15.6,0.2,0.0,1.4,0.0,0.0,0.0,0.0,1.2,0.0,0.0,2.0,0.0,0.0,0.0,0.0,4.8,17.6,8.2,0.0,0.0,0.0,0.0,9.2,1.0,1.0,1.0,1.0,1.0,1.0,1.0,1.0,1.0,1.0,1.0,1.0,1.0,1.0,1.0,1.0,1.0,1.0,1.0,1.0,1.0,1.0,1.0,1.0,1.0,1.0,1.0,1.0,1.0,1.0,1.0
2648014,2,01/09/1984,1,20.0,98.3,8.0,11.0,1.0,1,0.0,1881.2,1.0,0.0,0.0,0.0,0.0,0.0,0.0,0.0,20.0,0.0,0.0,0.0,0.0,1.2,0.0,0.0,0.0,0.0,6.2,2.6,9.8,7.2,0.0,0.0,9.6,12.8,10.2,16.4,2.3,0.0,0.0,,1.0,1.0,1.0,1.0,1.0,1.0,1.0,1.0,1.0,1.0,1.0,1.0,1.0,1.0,1.0,1.0,1.0,1.0,1.0,1.0,1.0,1.0,1.0,1.0,1.0,1.0,1.0,1.0,1.0,1.0,0.0
2648014,1,01/09/1984,1,20.0,98.3,8.0,11.0,1.0,1,0.0,1881.2,1.0,0.0,0.0,0.0,0.0,0.0,0.0,0.0,20.0,0.0,0.0,0.0,0.0,1.2,0.0,0.0,0.0,0.0,6.2,2.6,9.8,7.2,0.0,0.0,9.6,12.8,10.2,16.4,2.3,0.0,0.0,,1.0,1.0,1.0,1.0,1.0,1.0,1.0,1.0,1.0,1.0,1.0,1.0,1.0,1.0,1.0,1.0,1.0,1.0,1.0,1.0,1.0,1.0,1.0,1.0,1.0,1.0,1.0,1.0,1.0,1.0,0.0
2648014,2,01/08/1984,1,60.4,319.8,6.0,15.0,1.0,1,0.0,1881.2,1.0,0.0,17.2,24.4,20.0,18.0,60.4,45.2,26.8,0.0,0.0,0.0,0.0,0.0,0.0,0.0,1.4,0.0,17.6,7.2,8.2,0.0,8.4,25.2,0.0,28.8,11.0,0.0,0.0,0.0,0.0,0.0,1.0,1.0,1.0,1.0,1.0,1.0,1.0,1.0,1.0,1.0,1.0,1.0,1.0,1.0,1.0,1.0,1.0,1.0,1.0,1.0,1.0,1.0,1.0,1.0,1.0,1.0,1.0,1.0,1.0,1.0,1.0
2648014,1,01/08/1984,1,60.4,319.8,6.0,15.0,1.0,1,0.0,1881.2,1.0,0.0,17.2,24.4,20.0,18.0,60.4,45.2,26.8,0.0,0.0,0.0,0.0,0.0,0.0,0.0,1.4,0.0,17.6,7.2,8.2,0.0,8.4,25.2,0.0,28.8,11.0,0.0,0.0,0.0,0.0,0.0,1.0,1.0,1.0,1.0,1.0,1.0,1.0,1.0,1.0,1.0,1.0,1.0,1.0,1.0,1.0,1.0,1.0,1.0,1.0,1.0,1.0,1.0,1.0,1.0,1.0,1.0,1.0,1.0,1.0,1.0,1.0
2648014,2,01/07/1984,1,16.0,44.6,4.0,5.0,1.0,1,0.0,1881.2,1.0,0.0,0.0,0.0,16.0,0.0,0.0,4.8,9.2,1.6,0.0,0.0,0.0,0.0,13.0,0.0,0.0,0.0,0.0,0.0,0.0,0.0,0.0,0.0,0.0,0.0,0.0,0.0,0.0,0.0,0.0,0.0,1.0,1.0,1.0,1.0,1.0,1.0,1.0,1.0,1.0,1.0,1.0,1.0,1.0,1.0,1.0,1.0,1.0,1.0,1.0,1.0,1.0,1.0,1.0,1.0,1.0,1.0,1.0,1.0,1.0,1.0,1.0
2648014,1,01/07/1984,1,16.0,44.6,4.0,5.0,1.0,1,0.0,1881.2,1.0,0.0,0.0,0.0,16.0,0.0,0.0,4.8,9.2,1.6,0.0,0.0,0.0,0.0,13.0,0.0,0.0,0.0,0.0,0.0,0.0,0.0,0.0,0.0,0.0,0.0,0.0,0.0,0.0,0.0,0.0,0.0,1.0,1.0,1.0,1.0,1.0,1.0,1.0,1.0,1.0,1.0,1.0,1.0,1.0,1.0,1.0,1.0,1.0,1.0,1.0,1.0,1.0,1.0,1.0,1.0,1.0,1.0,1.0,1.0,1.0,1.0,1.0
2648014,2,01/06/1984,1,50.3,114.4,15.0,9.0,1.0,1,0.0,1881.2,1.0,0.0,0.0,0.8,0.0,0.0,0.0,1.4,0.0,0.0,0.0,0.0,7.8,6.2,9.7,50.3,27.8,6.2,0.0,0.0,0.0,0.0,0.0,0.0,0.0,0.0,0.0,4.2,0.0,0.0,0.0,,1.0,1.0,1.0,1.0,1.0,1.0,1.0,1.0,1.0,1.0,1.0,1.0,1.0,1.0,1.0,1.0,1.0,1.0,1.0,1.0,1.0,1.0,1.0,1.0,1.0,1.0,1.0,1.0,1.0,1.0,0.0
2648014,1,01/06/1984,1,50.3,114.4,15.0,9.0,1.0,1,0.0,1881.2,1.0,0.0,0.0,0.8,0.0,0.0,0.0,1.4,0.0,0.0,0.0,0.0,7.8,6.2,9.7,50.3,27.8,6.2,0.0,0.0,0.0,0.0,0.0,0.0,0.0,0.0,0.0,4.2,0.0,0.0,0.0,,1.0,1.0,1.0,1.0,1.0,1.0,1.0,1.0,1.0,1.0,1.0,1.0,1.0,1.0,1.0,1.0,1.0,1.0,1.0,1.0,1.0,1.0,1.0,1.0,1.0,1.0,1.0,1.0,1.0,1.0,0.0
2648014,2,01/05/1984,1,29.0,107.6,14.0,9.0,1.0,1,0.0,1881.2,1.0,0.0,3.4,8.2,0.0,0.0,0.0,0.0,0.0,0.0,0.0,4.2,7.8,23.0,29.0,0.0,0.0,5.2,21.0,5.8,0.0,0.0,0.0,0.0,0.0,0.0,0.0,0.0,0.0,0.0,0.0,0.0,1.0,1.0,1.0,1.0,1.0,1.0,1.0,1.0,1.0,1.0,1.0,1.0,1.0,1.0,1.0,1.0,1.0,1.0,1.0,1.0,1.0,1.0,1.0,1.0,1.0,1.0,1.0,1.0,1.0,1.0,1.0
2648014,1,01/05/1984,1,29.0,107.6,14.0,9.0,1.0,1,0.0,1881.2,1.0,0.0,3.4,8.2,0.0,0.0,0.0,0.0,0.0,0.0,0.0,4.2,7.8,23.0,29.0,0.0,0.0,5.2,21.0,5.8,0.0,0.0,0.0,0.0,0.0,0.0,0.0,0.0,0.0,0.0,0.0,0.0,1.0,1.0,1.0,1.0,1.0,1.0,1.0,1.0,1.0,1.0,1.0,1.0,1.0,1.0,1.0,1.0,1.0,1.0,1.0,1.0,1.0,1.0,1.0,1.0,1.0,1.0,1.0,1.0,1.0,1.0,1.0
2648014,2,01/04/1984,1,31.8,178.4,9.0,15.0,1.0,1,0.0,1881.2,1.0,0.0,0.0,0.0,7.8,0.0,0.0,0.0,22.0,31.8,6.0,9.0,13.0,8.0,6.0,4.0,15.0,0.0,7.8,0.0,6.0,8.0,0.0,19.0,15.0,0.0,0.0,0.0,0.0,0.0,0.0,,1.0,1.0,1.0,1.0,1.0,1.0,1.0,1.0,1.0,1.0,1.0,1.0,1.0,1.0,1.0,1.0,1.0,1.0,1.0,1.0,1.0,1.0,1.0,1.0,1.0,1.0,1.0,1.0,1.0,1.0,0.0
2648014,1,01/04/1984,1,31.8,178.4,9.0,15.0,1.0,1,0.0,1881.2,1.0,0.0,0.0,0.0,7.8,0.0,0.0,0.0,22.0,31.8,6.0,9.0,13.0,8.0,6.0,4.0,15.0,0.0,7.8,0.0,6.0,8.0,0.0,19.0,15.0,0.0,0.0,0.0,0.0,0.0,0.0,,1.0,1.0,1.0,1.0,1.0,1.0,1.0,1.0,1.0,1.0,1.0,1.0,1.0,1.0,1.0,1.0,1.0,1.0,1.0,1.0,1.0,1.0,1.0,1.0,1.0,1.0,1.0,1.0,1.0,1.0,0.0
2648014,2,01/03/1984,1,36.2,172.5,8.0,14.0,1.0,1,0.0,1881.2,1.0,0.0,18.2,0.0,0.0,22.4,0.0,0.0,36.2,0.0,0.0,0.0,0.0,0.0,5.8,0.0,4.0,0.0,6.4,8.0,5.0,7.2,4.0,21.8,0.0,0.0,0.0,0.0,15.0,0.0,16.0,2.5,1.0,1.0,1.0,1.0,1.0,1.0,1.0,1.0,1.0,1.0,1.0,1.0,1.0,1.0,1.0,1.0,1.0,1.0,1.0,1.0,1.0,1.0,1.0,1.0,1.0,1.0,1.0,1.0,1.0,1.0,1.0
2648014,1,01/03/1984,1,36.2,172.5,8.0,14.0,1.0,1,0.0,1881.2,1.0,0.0,18.2,0.0,0.0,22.4,0.0,0.0,36.2,0.0,0.0,0.0,0.0,0.0,5.8,0.0,4.0,0.0,6.4,8.0,5.0,7.2,4.0,21.8,0.0,0.0,0.0,0.0,15.0,0.0,16.0,2.5,1.0,1.0,1.0,1.0,1.0,1.0,1.0,1.0,1.0,1.0,1.0,1.0,1.0,1.0,1.0,1.0,1.0,1.0,1.0,1.0,1.0,1.0,1.0,1.0,1.0,1.0,1.0,1.0,1.0,1.0,1.0
2648014,2,01/02/1984,1,22.0,90.8,10.0,7.0,1.0,1,0.0,1881.2,1.0,1.6,7.0,0.0,0.0,0.0,0.0,0.0,7.2,0.0,22.0,0.0,0.0,0.0,0.0,0.0,0.0,0.0,0.0,20.0,15.0,0.0,0.0,0.0,0.0,0.0,0.0,18.0,0.0,0.0,,,1.0,1.0,1.0,1.0,1.0,1.0,1.0,1.0,1.0,1.0,1.0,1.0,1.0,1.0,1.0,1.0,1.0,1.0,1.0,1.0,1.0,1.0,1.0,1.0,1.0,1.0,1.0,1.0,1.0,0.0,0.0
2648014,1,01/02/1984,1,22.0,90.8,10.0,7.0,1.0,1,0.0,1881.2,1.0,1.6,7.0,0.0,0.0,0.0,0.0,0.0,7.2,0.0,22.0,0.0,0.0,0.0,0.0,0.0,0.0,0.0,0.0,20.0,15.0,0.0,0.0,0.0,0.0,0.0,0.0,18.0,0.0,0.0,,,1.0,1.0,1.0,1.0,1.0,1.0,1.0,1.0,1.0,1.0,1.0,1.0,1.0,1.0,1.0,1.0,1.0,1.0,1.0,1.0,1.0,1.0,1.0,1.0,1.0,1.0,1.0,1.0,1.0,0.0,0.0
2648014,2,01/01/1984,1,34.6,302.4,17.0,20.0,1.0,1,0.0,1881.2,1.0,0.0,0.0,2.0,0.0,0.0,0.0,8.4,0.0,0.0,0.0,0.0,4.0,8.8,12.4,17.0,0.0,34.6,4.6,0.0,20.0,16.0,17.0,15.0,3.4,15.8,5.8,32.0,26.0,23.0,20.0,16.6,1.0,1.0,1.0,1.0,1.0,1.0,1.0,1.0,1.0,1.0,1.0,1.0,1.0,1.0,1.0,1.0,1.0,1.0,1.0,1.0,1.0,1.0,1.0,1.0,1.0,1.0,1.0,1.0,1.0,1.0,1.0
2648014,1,01/01/1984,1,34.6,302.4,17.0,20.0,1.0,1,0.0,1881.2,1.0,0.0,0.0,2.0,0.0,0.0,0.0,8.4,0.0,0.0,0.0,0.0,4.0,8.8,12.4,17.0,0.0,34.6,4.6,0.0,20.0,16.0,17.0,15.0,3.4,15.8,5.8,32.0,26.0,23.0,20.0,16.6,1.0,1.0,1.0,1.0,1.0,1.0,1.0,1.0,1.0,1.0,1.0,1.0,1.0,1.0,1.0,1.0,1.0,1.0,1.0,1.0,1.0,1.0,1.0,1.0,1.0,1.0,1.0,1.0,1.0,1.0,1.0
2648014,2,01/12/1983,1,,277.0,,,0.0,2,0.0,,0.0,0.0,0.0,3.8,20.8,,11.4,0.0,0.0,0.0,0.0,51.0,34.0,2.0,0.6,2.8,2.2,12.6,8.8,19.8,38.0,9.0,24.0,28.8,,,,,,,,,1.0,1.0,1.0,1.0,0.0,1.0,1.0,1.0,1.0,1.0,1.0,1.0,1.0,1.0,1.0,1.0,1.0,1.0,1.0,1.0,1.0,1.0,1.0,0.0,0.0,0.0,0.0,0.0,0.0,0.0,0.0
2648014,1,01/12/1983,1,51.0,269.6,11.0,16.0,1.0,1,1.0,,0.0,0.0,0.0,3.8,20.8,,11.4,0.0,0.0,0.0,0.0,51.0,34.0,2.0,0.6,2.8,2.2,12.6,8.8,19.8,38.0,9.0,24.0,28.8,,,,,,,,0.0,1.0,1.0,1.0,1.0,0.0,4.0,1.0,1.0,1.0,1.0,1.0,1.0,1.0,1.0,1.0,1.0,1.0,1.0,1.0,1.0,1.0,1.0,1.0,0.0,0.0,0.0,0.0,0.0,0.0,0.0,4.0
2648014,2,01/11/1983,1,63.8,305.8,28.0,16.0,1.0,1,0.0,,0.0,10.4,0.0,14.0,36.0,1.0,2.8,0.0,0.0,0.0,0.0,9.2,23.2,7.2,0.0,12.4,31.0,0.0,0.0,0.0,20.0,10.0,0.0,0.0,0.0,0.0,0.0,20.0,63.8,27.8,17.0,,1.0,1.0,1.0,1.0,1.0,1.0,1.0,1.0,1.0,1.0,1.0,1.0,1.0,1.0,1.0,1.0,1.0,1.0,1.0,1.0,1.0,1.0,1.0,1.0,1.0,1.0,1.0,1.0,1.0,1.0,0.0
2648014,1,01/11/1983,1,63.8,305.8,28.0,16.0,1.0,1,0.0,,0.0,10.4,0.0,14.0,36.0,1.0,2.8,0.0,0.0,0.0,0.0,9.2,23.2,7.2,0.0,12.4,31.0,0.0,0.0,0.0,20.0,10.0,0.0,0.0,0.0,0.0,0.0,20.0,63.8,27.8,17.0,,1.0,1.0,1.0,1.0,1.0,1.0,1.0,1.0,1.0,1.0,1.0,1.0,1.0,1.0,1.0,1.0,1.0,1.0,1.0,1.0,1.0,1.0,1.0,1.0,1.0,1.0,1.0,1.0,1.0,1.0,0.0
2648014,2,01/10/1983,1,23.0,125.7,22.0,15.0,1.0,1,0.0,,0.0,5.6,0.0,3.0,0.0,0.0,0.0,0.0,0.0,0.0,0.0,9.4,15.0,20.0,17.0,0.0,6.5,4.1,19.0,1.8,0.0,0.0,23.0,0.0,0.1,0.0,0.3,0.4,0.0,0.5,0.0,0.0,1.0,1.0,1.0,1.0,1.0,1.0,1.0,1.0,1.0,1.0,1.0,1.0,1.0,1.0,1.0,1.0,1.0,1.0,1.0,1.0,1.0,1.0,1.0,1.0,1.0,1.0,1.0,1.0,1.0,1.0,1.0
2648014,1,01/10/1983,1,23.0,125.7,22.0,15.0,1.0,1,0.0,,0.0,5.6,0.0,3.0,0.0,0.0,0.0,0.0,0.0,0.0,0.0,9.4,15.0,20.0,17.0,0.0,6.5,4.1,19.0,1.8,0.0,0.0,23.0,0.0,0.1,0.0,0.3,0.4,0.0,0.5,0.0,0.0,1.0,1.0,1.0,1.0,1.0,1.0,1.0,1.0,1.0,1.0,1.0,1.0,1.0,1.0,1.0,1.0,1.0,1.0,1.0,1.0,1.0,1.0,1.0,1.0,1.0,1.0,1.0,1.0,1.0,1.0,1.0
2648014,2,01/09/1983,1,96.0,266.2,23.0,18.0,1.0,1,0.0,,0.0,13.2,1.4,0.0,0.0,25.4,2.4,0.0,12.2,0.0,0.0,0.0,1.6,12.4,4.6,1.6,40.2,0.0,12.0,12.9,0.0,0.0,0.6,96.0,21.0,0.0,1.4,7.0,0.3,0.0,0.0,,1.0,1.0,1.0,1.0,1.0,1.0,1.0,1.0,1.0,1.0,1.0,1.0,1.0,1.0,1.0,1.0,1.0,1.0,1.0,1.0,1.0,1.0,1.0,1.0,1.0,1.0,1.0,1.0,1.0,1.0,0.0
2648014,1,01/09/1983,1,96.0,266.2,23.0,18.0,1.0,1,0.0,,0.0,13.2,1.4,0.0,0.0,25.4,2.4,0.0,12.2,0.0,0.0,0.0,1.6,12.4,4.6,1.6,40.2,0.0,12.0,12.9,0.0,0.0,0.6,96.0,21.0,0.0,1.4,7.0,0.3,0.0,0.0,,1.0,1.0,1.0,1.0,1.0,1.0,1.0,1.0,1.0,1.0,1.0,1.0,1.0,1.0,1.0,1.0,1.0,1.0,1.0,1.0,1.0,1.0,1.0,1.0,1.0,1.0,1.0,1.0,1.0,1.0,0.0
2648014,2,01/08/1983,1,37.6,96.5,1.0,11.0,1.0,1,0.0,,0.0,37.6,33.2,0.0,0.0,0.0,0.0,0.0,0.0,0.0,2.2,0.2,0.0,0.2,0.0,0.0,0.0,14.4,4.4,1.8,0.0,0.0,2.2,0.2,0.0,0.0,0.0,0.0,0.0,0.1,0.0,0.0,1.0,1.0,1.0,1.0,1.0,1.0,1.0,1.0,1.0,1.0,1.0,1.0,1.0,1.0,1.0,1.0,1.0,1.0,1.0,1.0,1.0,1.0,1.0,1.0,1.0,1.0,1.0,1.0,1.0,1.0,1.0
2648014,1,01/08/1983,1,37.6,96.5,1.0,11.0,1.0,1,0.0,,0.0,37.6,33.2,0.0,0.0,0.0,0.0,0.0,0.0,0.0,2.2,0.2,0.0,0.2,0.0,0.0,0.0,14.4,4.4,1.8,0.0,0.0,2.2,0.2,0.0,0.0,0.0,0.0,0.0,0.1,0.0,0.0,1.0,1.0,1.0,1.0,1.0,1.0,1.0,1.0,1.0,1.0,1.0,1.0,1.0,1.0,1.0,1.0,1.0,1.0,1.0,1.0,1.0,1.0,1.0,1.0,1.0,1.0,1.0,1.0,1.0,1.0,1.0
2648014,2,01/07/1983,1,,,,,0.0,0,0.0,,0.0,,,,,,,,,,,,,,,,,,,,,,,,,,,,11.8,4.4,0.0,1.0,0.0,0.0,0.0,0.0,0.0,0.0,0.0,0.0,0.0,0.0,0.0,0.0,0.0,0.0,0.0,0.0,0.0,0.0,0.0,0.0,0.0,0.0,0.0,0.0,0.0,0.0,0.0,1.0,1.0,1.0,1.0
2648014,1,01/07/1983,1,11.8,17.2,28.0,3.0,1.0,1,1.0,,0.0,,,,,,,,,,,,,,,,,,,,,,,,,,,,11.8,4.4,0.0,1.0,0.0,0.0,0.0,0.0,0.0,0.0,0.0,0.0,0.0,0.0,0.0,0.0,0.0,0.0,0.0,0.0,0.0,0.0,0.0,0.0,0.0,0.0,0.0,0.0,0.0,0.0,0.0,4.0,1.0,1.0,1.0
2648014,2,01/12/1980,1,,295.0,,,0.0,2,0.0,1468.8,2.0,,,,,,,,,,,,,,,,,,,,,,,,,,,,,,,,0.0,0.0,0.0,0.0,0.0,0.0,0.0,0.0,0.0,0.0,0.0,0.0,0.0,0.0,0.0,0.0,0.0,0.0,0.0,0.0,0.0,0.0,0.0,0.0,0.0,0.0,0.0,0.0,0.0,0.0,0.0
2648014,2,01/11/1980,1,6.1,29.4,18.0,10.0,1.0,1,0.0,1468.8,2.0,0.0,0.0,0.0,0.0,3.0,1.0,0.0,0.0,5.1,3.0,0.0,0.0,0.0,0.0,0.0,0.0,0.0,6.1,0.0,0.0,2.0,3.2,1.0,0.0,0.0,0.0,0.0,0.0,2.0,3.0,,1.0,1.0,1.0,1.0,1.0,1.0,1.0,1.0,1.0,1.0,1.0,1.0,1.0,1.0,1.0,1.0,1.0,1.0,1.0,1.0,1.0,1.0,1.0,1.0,1.0,1.0,1.0,1.0,1.0,1.0,0.0
2648014,1,01/11/1980,1,6.1,29.4,18.0,10.0,1.0,1,0.0,,0.0,0.0,0.0,0.0,0.0,3.0,1.0,0.0,0.0,5.1,3.0,0.0,0.0,0.0,0.0,0.0,0.0,0.0,6.1,0.0,0.0,2.0,3.2,1.0,0.0,0.0,0.0,0.0,0.0,2.0,3.0,,1.0,1.0,1.0,1.0,1.0,1.0,1.0,1.0,1.0,1.0,1.0,1.0,1.0,1.0,1.0,1.0,1.0,1.0,1.0,1.0,1.0,1.0,1.0,1.0,1.0,1.0,1.0,1.0,1.0,1.0,0.0
2648014,2,01/10/1980,1,52.0,210.0,8.0,13.0,1.0,1,0.0,1468.8,2.0,0.0,0.0,0.0,0.0,0.0,19.0,38.0,52.0,8.0,15.0,0.0,11.0,19.0,7.0,0.0,0.0,15.0,6.0,0.0,0.0,8.0,3.0,0.0,0.0,0.0,9.0,0.0,0.0,0.0,0.0,0.0,1.0,1.0,1.0,1.0,1.0,1.0,1.0,1.0,1.0,1.0,1.0,1.0,1.0,1.0,1.0,1.0,1.0,1.0,1.0,1.0,1.0,1.0,1.0,1.0,1.0,1.0,1.0,1.0,1.0,1.0,1.0
2648014,1,01/10/1980,1,52.0,210.0,8.0,13.0,1.0,1,0.0,,0.0,0.0,0.0,0.0,0.0,0.0,19.0,38.0,52.0,8.0,15.0,0.0,11.0,19.0,7.0,0.0,0.0,15.0,6.0,0.0,0.0,8.0,3.0,0.0,0.0,0.0,9.0,0.0,0.0,0.0,0.0,0.0,1.0,1.0,1.0,1.0,1.0,1.0,1.0,1.0,1.0,1.0,1.0,1.0,1.0,1.0,1.0,1.0,1.0,1.0,1.0,1.0,1.0,1.0,1.0,1.0,1.0,1.0,1.0,1.0,1.0,1.0,1.0
2648014,2,01/09/1980,1,14.0,109.6,2.0,16.0,1.0,1,0.0,1468.8,2.0,0.0,14.0,0.0,0.0,11.0,6.1,2.0,0.0,0.0,0.0,6.0,4.0,13.0,8.0,5.1,0.0,0.0,0.0,0.0,3.0,6.1,4.0,5.2,1.0,0.0,0.0,0.0,0.0,12.0,9.1,,1.0,1.0,1.0,1.0,1.0,1.0,1.0,1.0,1.0,1.0,1.0,1.0,1.0,1.0,1.0,1.0,1.0,1.0,1.0,1.0,1.0,1.0,1.0,1.0,1.0,1.0,1.0,1.0,1.0,1.0,0.0
2648014,1,01/09/1980,1,14.0,109.6,2.0,16.0,1.0,1,0.0,,0.0,0.0,14.0,0.0,0.0,11.0,6.1,2.0,0.0,0.0,0.0,6.0,4.0,13.0,8.0,5.1,0.0,0.0,0.0,0.0,3.0,6.1,4.0,5.2,1.0,0.0,0.0,0.0,0.0,12.0,9.1,,1.0,1.0,1.0,1.0,1.0,1.0,1.0,1.0,1.0,1.0,1.0,1.0,1.0,1.0,1.0,1.0,1.0,1.0,1.0,1.0,1.0,1.0,1.0,1.0,1.0,1.0,1.0,1.0,1.0,1.0,0.0
2648014,2,01/08/1980,1,35.0,234.9,19.0,17.0,1.0,1,0.0,1468.8,2.0,0.0,0.0,0.0,9.0,16.1,6.0,0.0,0.0,0.0,0.0,0.0,0.0,0.0,0.0,0.0,0.0,23.0,19.2,35.0,20.0,9.1,10.0,12.0,6.0,0.0,5.1,3.0,21.0,18.1,4.0,18.3,1.0,1.0,1.0,1.0,1.0,1.0,1.0,1.0,1.0,1.0,1.0,1.0,1.0,1.0,1.0,1.0,1.0,1.0,1.0,1.0,1.0,1.0,1.0,1.0,1.0,1.0,1.0,1.0,1.0,1.0,1.0
2648014,1,01/08/1980,1,35.0,234.9,19.0,17.0,1.0,1,0.0,,0.0,0.0,0.0,0.0,9.0,16.1,6.0,0.0,0.0,0.0,0.0,0.0,0.0,0.0,0.0,0.0,0.0,23.0,19.2,35.0,20.0,9.1,10.0,12.0,6.0,0.0,5.1,3.0,21.0,18.1,4.0,18.3,1.0,1.0,1.0,1.0,1.0,1.0,1.0,1.0,1.0,1.0,1.0,1.0,1.0,1.0,1.0,1.0,1.0,1.0,1.0,1.0,1.0,1.0,1.0,1.0,1.0,1.0,1.0,1.0,1.0,1.0,1.0
2648014,2,01/07/1980,1,38.0,122.5,30.0,14.0,1.0,1,0.0,1468.8,2.0,4.0,6.1,5.0,0.0,7.0,6.1,4.0,3.2,1.0,7.0,4.0,1.0,0.0,0.0,0.0,0.0,0.0,0.0,0.0,0.0,0.0,0.0,0.0,0.0,0.0,0.0,1.0,0.0,0.0,38.0,35.1,1.0,1.0,1.0,1.0,1.0,1.0,1.0,1.0,1.0,1.0,1.0,1.0,1.0,1.0,1.0,1.0,1.0,1.0,1.0,1.0,1.0,1.0,1.0,1.0,1.0,1.0,1.0,1.0,1.0,1.0,1.0
2648014,1,01/07/1980,1,38.0,122.5,30.0,14.0,1.0,1,0.0,,0.0,4.0,6.1,5.0,0.0,7.0,6.1,4.0,3.2,1.0,7.0,4.0,1.0,0.0,0.0,0.0,0.0,0.0,0.0,0.0,0.0,0.0,0.0,0.0,0.0,0.0,0.0,1.0,0.0,0.0,38.0,35.1,1.0,1.0,1.0,1.0,1.0,1.0,1.0,1.0,1.0,1.0,1.0,1.0,1.0,1.0,1.0,1.0,1.0,1.0,1.0,1.0,1.0,1.0,1.0,1.0,1.0,1.0,1.0,1.0,1.0,1.0,1.0
2648014,2,01/06/1980,1,12.2,41.4,2.0,8.0,1.0,1,0.0,1468.8,2.0,0.0,12.2,0.0,0.0,0.0,0.0,0.0,0.0,0.0,0.0,0.0,0.0,0.0,4.0,2.1,0.0,0.0,0.0,0.0,0.0,0.0,0.0,6.0,4.0,3.1,0.0,3.0,0.0,0.0,7.0,,1.0,1.0,1.0,1.0,1.0,1.0,1.0,1.0,1.0,1.0,1.0,1.0,1.0,1.0,1.0,1.0,1.0,1.0,1.0,1.0,1.0,1.0,1.0,1.0,1.0,1.0,1.0,1.0,1.0,1.0,0.0
2648014,1,01/06/1980,1,12.2,41.4,2.0,8.0,1.0,1,0.0,,0.0,0.0,12.2,0.0,0.0,0.0,0.0,0.0,0.0,0.0,0.0,0.0,0.0,0.0,4.0,2.1,0.0,0.0,0.0,0.0,0.0,0.0,0.0,6.0,4.0,3.1,0.0,3.0,0.0,0.0,7.0,,1.0,1.0,1.0,1.0,1.0,1.0,1.0,1.0,1.0,1.0,1.0,1.0,1.0,1.0,1.0,1.0,1.0,1.0,1.0,1.0,1.0,1.0,1.0,1.0,1.0,1.0,1.0,1.0,1.0,1.0,0.0
2648014,2,01/05/1980,1,4.0,14.3,2.0,6.0,1.0,1,0.0,1468.8,2.0,0.0,4.0,3.2,2.0,0.0,0.0,0.0,2.0,0.0,0.0,0.0,0.0,2.1,0.0,0.0,0.0,0.0,0.0,0.0,0.0,1.0,0.0,0.0,0.0,0.0,0.0,0.0,0.0,0.0,0.0,0.0,1.0,1.0,1.0,1.0,1.0,1.0,1.0,1.0,1.0,1.0,1.0,1.0,1.0,1.0,1.0,1.0,1.0,1.0,1.0,1.0,1.0,1.0,1.0,1.0,1.0,1.0,1.0,1.0,1.0,1.0,1.0
2648014,1,01/05/1980,1,4.0,14.3,2.0,6.0,1.0,1,0.0,,0.0,0.0,4.0,3.2,2.0,0.0,0.0,0.0,2.0,0.0,0.0,0.0,0.0,2.1,0.0,0.0,0.0,0.0,0.0,0.0,0.0,1.0,0.0,0.0,0.0,0.0,0.0,0.0,0.0,0.0,0.0,0.0,1.0,1.0,1.0,1.0,1.0,1.0,1.0,1.0,1.0,1.0,1.0,1.0,1.0,1.0,1.0,1.0,1.0,1.0,1.0,1.0,1.0,1.0,1.0,1.0,1.0,1.0,1.0,1.0,1.0,1.0,1.0
2648014,2,01/04/1980,1,6.0,28.3,19.0,8.0,1.0,1,0.0,1468.8,2.0,0.0,0.0,0.0,2.0,0.0,0.0,3.1,1.0,0.0,0.0,0.0,5.0,3.2,0.0,0.0,0.0,0.0,0.0,6.0,3.0,0.0,5.0,0.0,0.0,0.0,0.0,0.0,0.0,0.0,0.0,,1.0,1.0,1.0,1.0,1.0,1.0,1.0,1.0,1.0,1.0,1.0,1.0,1.0,1.0,1.0,1.0,1.0,1.0,1.0,1.0,1.0,1.0,1.0,1.0,1.0,1.0,1.0,1.0,1.0,1.0,0.0
2648014,1,01/04/1980,1,6.0,28.3,19.0,8.0,1.0,1,0.0,,0.0,0.0,0.0,0.0,2.0,0.0,0.0,3.1,1.0,0.0,0.0,0.0,5.0,3.2,0.0,0.0,0.0,0.0,0.0,6.0,3.0,0.0,5.0,0.0,0.0,0.0,0.0,0.0,0.0,0.0,0.0,,1.0,1.0,1.0,1.0,1.0,1.0,1.0,1.0,1.0,1.0,1.0,1.0,1.0,1.0,1.0,1.0,1.0,1.0,1.0,1.0,1.0,1.0,1.0,1.0,1.0,1.0,1.0,1.0,1.0,1.0,0.0
2648014,2,01/03/1980,1,21.0,54.4,9.0,6.0,1.0,1,0.0,1468.8,2.0,0.0,0.0,0.0,0.0,0.0,0.0,0.0,0.0,21.0,0.0,0.0,0.0,0.0,0.0,8.1,0.0,0.0,0.0,0.0,4.0,0.0,0.0,0.0,0.0,0.0,5.2,0.0,0.0,0.0,12.0,4.1,1.0,1.0,1.0,1.0,1.0,1.0,1.0,1.0,1.0,1.0,1.0,1.0,1.0,1.0,1.0,1.0,1.0,1.0,1.0,1.0,1.0,1.0,1.0,1.0,1.0,1.0,1.0,1.0,1.0,1.0,1.0
2648014,1,01/03/1980,1,21.0,54.4,9.0,6.0,1.0,1,0.0,,0.0,0.0,0.0,0.0,0.0,0.0,0.0,0.0,0.0,21.0,0.0,0.0,0.0,0.0,0.0,8.1,0.0,0.0,0.0,0.0,4.0,0.0,0.0,0.0,0.0,0.0,5.2,0.0,0.0,0.0,12.0,4.1,1.0,1.0,1.0,1.0,1.0,1.0,1.0,1.0,1.0,1.0,1.0,1.0,1.0,1.0,1.0,1.0,1.0,1.0,1.0,1.0,1.0,1.0,1.0,1.0,1.0,1.0,1.0,1.0,1.0,1.0,1.0
2648014,2,01/02/1980,1,32.0,170.6,12.0,15.0,1.0,1,0.0,1468.8,2.0,12.0,6.0,8.2,0.0,0.0,5.1,3.0,0.0,18.0,0.0,3.0,32.0,10.0,0.0,0.0,18.0,12.0,8.3,0.0,0.0,12.0,5.0,0.0,0.0,18.0,0.0,0.0,0.0,0.0,,,1.0,1.0,1.0,1.0,1.0,1.0,1.0,1.0,1.0,1.0,1.0,1.0,1.0,1.0,1.0,1.0,1.0,1.0,1.0,1.0,1.0,1.0,1.0,1.0,1.0,1.0,1.0,1.0,1.0,0.0,0.0
2648014,1,01/02/1980,1,32.0,170.6,12.0,15.0,1.0,1,0.0,,0.0,12.0,6.0,8.2,0.0,0.0,5.1,3.0,0.0,18.0,0.0,3.0,32.0,10.0,0.0,0.0,18.0,12.0,8.3,0.0,0.0,12.0,5.0,0.0,0.0,18.0,0.0,0.0,0.0,0.0,,,1.0,1.0,1.0,1.0,1.0,1.0,1.0,1.0,1.0,1.0,1.0,1.0,1.0,1.0,1.0,1.0,1.0,1.0,1.0,1.0,1.0,1.0,1.0,1.0,1.0,1.0,1.0,1.0,1.0,0.0,0.0
2648014,2,01/01/1980,1,13.0,158.4,9.0,18.0,1.0,1,0.0,1468.8,2.0,0.0,0.0,0.0,0.0,0.0,12.2,9.0,11.2,13.0,7.0,10.1,0.0,0.0,8.4,6.0,9.2,12.6,10.3,6.0,0.0,0.0,0.0,5.3,6.1,12.1,9.7,0.0,4.2,6.0,0.0,0.0,1.0,1.0,1.0,1.0,1.0,1.0,1.0,1.0,1.0,1.0,1.0,1.0,1.0,1.0,1.0,1.0,1.0,1.0,1.0,1.0,1.0,1.0,1.0,1.0,1.0,1.0,1.0,1.0,1.0,1.0,1.0
2648014,1,01/01/1980,1,13.0,158.4,9.0,18.0,1.0,1,0.0,,0.0,0.0,0.0,0.0,0.0,0.0,12.2,9.0,11.2,13.0,7.0,10.1,0.0,0.0,8.4,6.0,9.2,12.6,10.3,6.0,0.0,0.0,0.0,5.3,6.1,12.1,9.7,0.0,4.2,6.0,0.0,0.0,1.0,1.0,1.0,1.0,1.0,1.0,1.0,1.0,1.0,1.0,1.0,1.0,1.0,1.0,1.0,1.0,1.0,1.0,1.0,1.0,1.0,1.0,1.0,1.0,1.0,1.0,1.0,1.0,1.0,1.0,1.0
2648014,2,01/12/1979,1,18.0,81.6,16.0,14.0,1.0,1,0.0,1412.6,2.0,0.0,0.0,12.1,6.0,8.0,2.2,0.0,0.0,0.0,0.0,9.1,2.0,0.0,0.0,0.0,18.0,5.0,4.1,0.0,0.0,0.0,3.0,1.0,0.0,0.0,0.0,6.0,1.0,0.0,0.0,4.1,1.0,1.0,1.0,1.0,1.0,1.0,1.0,1.0,1.0,1.0,1.0,1.0,1.0,1.0,1.0,1.0,1.0,1.0,1.0,1.0,1.0,1.0,1.0,1.0,1.0,1.0,1.0,1.0,1.0,1.0,1.0
2648014,1,01/12/1979,1,18.0,81.6,16.0,14.0,1.0,1,0.0,1220.9,1.0,0.0,0.0,12.1,6.0,8.0,2.2,0.0,0.0,0.0,0.0,9.1,2.0,0.0,0.0,0.0,18.0,5.0,4.1,0.0,0.0,0.0,3.0,1.0,0.0,0.0,0.0,6.0,1.0,0.0,0.0,4.1,1.0,1.0,1.0,1.0,1.0,1.0,1.0,1.0,1.0,1.0,1.0,1.0,1.0,1.0,1.0,1.0,1.0,1.0,1.0,1.0,1.0,1.0,1.0,1.0,1.0,1.0,1.0,1.0,1.0,1.0,1.0
2648014,2,01/11/1979,1,15.0,119.8,24.0,17.0,1.0,1,0.0,1412.6,2.0,0.0,4.0,5.1,0.0,0.0,0.0,3.2,4.0,12.0,14.1,7.0,2.0,0.0,8.0,5.1,0.0,12.0,9.2,4.0,2.0,0.0,0.0,0.0,15.0,9.0,4.1,0.0,0.0,0.0,0.0,,1.0,1.0,1.0,1.0,1.0,1.0,1.0,1.0,1.0,1.0,1.0,1.0,1.0,1.0,1.0,1.0,1.0,1.0,1.0,1.0,1.0,1.0,1.0,1.0,1.0,1.0,1.0,1.0,1.0,1.0,0.0
2648014,1,01/11/1979,1,15.0,119.8,24.0,17.0,1.0,1,0.0,1220.9,1.0,0.0,4.0,5.1,0.0,0.0,0.0,3.2,4.0,12.0,14.1,7.0,2.0,0.0,8.0,5.1,0.0,12.0,9.2,4.0,2.0,0.0,0.0,0.0,15.0,9.0,4.1,0.0,0.0,0.0,0.0,,1.0,1.0,1.0,1.0,1.0,1.0,1.0,1.0,1.0,1.0,1.0,1.0,1.0,1.0,1.0,1.0,1.0,1.0,1.0,1.0,1.0,1.0,1.0,1.0,1.0,1.0,1.0,1.0,1.0,1.0,0.0
2648014,2,01/10/1979,1,,251.0,,,0.0,2,0.0,1412.6,2.0,,,,,,,,,,,,,,,,,,,,,,,,,,,,,,,,0.0,0.0,0.0,0.0,0.0,0.0,0.0,0.0,0.0,0.0,0.0,0.0,0.0,0.0,0.0,0.0,0.0,0.0,0.0,0.0,0.0,0.0,0.0,0.0,0.0,0.0,0.0,0.0,0.0,0.0,0.0
2648014,1,01/10/1979,1,18.0,132.4,23.0,17.0,1.0,1,0.0,1220.9,1.0,0.0,17.0,0.0,9.0,5.1,3.0,1.1,0.0,0.0,15.0,8.2,2.0,0.0,0.0,12.2,5.0,0.0,0.0,0.0,5.1,2.0,0.0,18.0,15.0,9.5,0.0,3.2,0.0,0.0,2.0,0.0,1.0,1.0,1.0,1.0,1.0,1.0,1.0,1.0,1.0,1.0,1.0,1.0,1.0,1.0,1.0,1.0,1.0,1.0,1.0,1.0,1.0,1.0,1.0,1.0,1.0,1.0,1.0,1.0,1.0,1.0,1.0
2648014,2,01/09/1979,1,24.0,128.7,2.0,19.0,1.0,1,0.0,1412.6,2.0,0.0,24.0,3.1,0.0,5.0,8.0,3.1,0.0,2.0,12.2,6.1,9.0,0.0,0.0,5.0,0.0,0.0,0.0,8.0,6.1,3.0,1.0,0.0,11.0,8.0,4.0,0.0,0.0,3.0,7.1,,1.0,1.0,1.0,1.0,1.0,1.0,1.0,1.0,1.0,1.0,1.0,1.0,1.0,1.0,1.0,1.0,1.0,1.0,1.0,1.0,1.0,1.0,1.0,1.0,1.0,1.0,1.0,1.0,1.0,1.0,0.0
2648014,1,01/09/1979,1,24.0,128.7,2.0,19.0,1.0,1,0.0,1220.9,1.0,0.0,24.0,3.1,0.0,5.0,8.0,3.1,0.0,2.0,12.2,6.1,9.0,0.0,0.0,5.0,0.0,0.0,0.0,8.0,6.1,3.0,1.0,0.0,11.0,8.0,4.0,0.0,0.0,3.0,7.1,,1.0,1.0,1.0,1.0,1.0,1.0,1.0,1.0,1.0,1.0,1.0,1.0,1.0,1.0,1.0,1.0,1.0,1.0,1.0,1.0,1.0,1.0,1.0,1.0,1.0,1.0,1.0,1.0,1.0,1.0,0.0
2648014,2,01/08/1979,1,8.2,42.7,18.0,11.0,1.0,1,0.0,1412.6,2.0,0.0,0.0,0.0,5.0,3.0,0.0,0.0,0.0,0.0,0.0,2.1,1.0,0.0,0.0,0.0,0.0,0.0,8.2,4.0,2.0,0.0,0.0,0.0,0.0,3.0,4.3,6.1,4.0,0.0,0.0,0.0,1.0,1.0,1.0,1.0,1.0,1.0,1.0,1.0,1.0,1.0,1.0,1.0,1.0,1.0,1.0,1.0,1.0,1.0,1.0,1.0,1.0,1.0,1.0,1.0,1.0,1.0,1.0,1.0,1.0,1.0,1.0
2648014,1,01/08/1979,1,8.2,42.7,18.0,11.0,1.0,1,0.0,1220.9,1.0,0.0,0.0,0.0,5.0,3.0,0.0,0.0,0.0,0.0,0.0,2.1,1.0,0.0,0.0,0.0,0.0,0.0,8.2,4.0,2.0,0.0,0.0,0.0,0.0,3.0,4.3,6.1,4.0,0.0,0.0,0.0,1.0,1.0,1.0,1.0,1.0,1.0,1.0,1.0,1.0,1.0,1.0,1.0,1.0,1.0,1.0,1.0,1.0,1.0,1.0,1.0,1.0,1.0,1.0,1.0,1.0,1.0,1.0,1.0,1.0,1.0,1.0
2648014,2,01/07/1979,1,14.0,63.6,8.0,10.0,1.0,1,0.0,1412.6,2.0,0.0,0.0,0.0,7.1,0.0,5.0,3.0,14.0,0.0,0.0,0.0,1.0,6.0,0.0,0.0,0.0,0.0,0.0,0.0,10.3,5.0,3.0,0.0,0.0,0.0,9.2,0.0,0.0,0.0,0.0,0.0,1.0,1.0,1.0,1.0,1.0,1.0,1.0,1.0,1.0,1.0,1.0,1.0,1.0,1.0,1.0,1.0,1.0,1.0,1.0,1.0,1.0,1.0,1.0,1.0,1.0,1.0,1.0,1.0,1.0,1.0,1.0
2648014,1,01/07/1979,1,14.0,63.6,8.0,10.0,1.0,1,0.0,1220.9,1.0,0.0,0.0,0.0,7.1,0.0,5.0,3.0,14.0,0.0,0.0,0.0,1.0,6.0,0.0,0.0,0.0,0.0,0.0,0.0,10.3,5.0,3.0,0.0,0.0,0.0,9.2,0.0,0.0,0.0,0.0,0.0,1.0,1.0,1.0,1.0,1.0,1.0,1.0,1.0,1.0,1.0,1.0,1.0,1.0,1.0,1.0,1.0,1.0,1.0,1.0,1.0,1.0,1.0,1.0,1.0,1.0,1.0,1.0,1.0,1.0,1.0,1.0
2648014,2,01/06/1979,1,15.2,40.7,22.0,8.0,1.0,1,0.0,1412.6,2.0,0.0,0.0,0.0,0.0,3.0,0.0,5.3,3.2,3.0,0.0,0.0,0.0,0.0,0.0,0.0,0.0,0.0,5.0,3.0,0.0,0.0,15.2,3.0,0.0,0.0,0.0,0.0,0.0,0.0,0.0,,1.0,1.0,1.0,1.0,1.0,1.0,1.0,1.0,1.0,1.0,1.0,1.0,1.0,1.0,1.0,1.0,1.0,1.0,1.0,1.0,1.0,1.0,1.0,1.0,1.0,1.0,1.0,1.0,1.0,1.0,0.0
2648014,1,01/06/1979,1,15.2,40.7,22.0,8.0,1.0,1,0.0,1220.9,1.0,0.0,0.0,0.0,0.0,3.0,0.0,5.3,3.2,3.0,0.0,0.0,0.0,0.0,0.0,0.0,0.0,0.0,5.0,3.0,0.0,0.0,15.2,3.0,0.0,0.0,0.0,0.0,0.0,0.0,0.0,,1.0,1.0,1.0,1.0,1.0,1.0,1.0,1.0,1.0,1.0,1.0,1.0,1.0,1.0,1.0,1.0,1.0,1.0,1.0,1.0,1.0,1.0,1.0,1.0,1.0,1.0,1.0,1.0,1.0,1.0,0.0
2648014,2,01/05/1979,1,38.0,168.9,4.0,13.0,1.0,1,0.0,1412.6,2.0,0.0,0.0,15.0,38.0,10.0,0.0,22.3,15.0,18.4,15.0,0.0,1.0,8.0,3.0,2.2,0.0,0.0,0.0,0.0,0.0,4.0,0.0,0.0,0.0,0.0,0.0,0.0,0.0,0.0,17.0,0.0,1.0,1.0,1.0,1.0,1.0,1.0,1.0,1.0,1.0,1.0,1.0,1.0,1.0,1.0,1.0,1.0,1.0,1.0,1.0,1.0,1.0,1.0,1.0,1.0,1.0,1.0,1.0,1.0,1.0,1.0,1.0
2648014,1,01/05/1979,1,38.0,168.9,4.0,13.0,1.0,1,0.0,1220.9,1.0,0.0,0.0,15.0,38.0,10.0,0.0,22.3,15.0,18.4,15.0,0.0,1.0,8.0,3.0,2.2,0.0,0.0,0.0,0.0,0.0,4.0,0.0,0.0,0.0,0.0,0.0,0.0,0.0,0.0,17.0,0.0,1.0,1.0,1.0,1.0,1.0,1.0,1.0,1.0,1.0,1.0,1.0,1.0,1.0,1.0,1.0,1.0,1.0,1.0,1.0,1.0,1.0,1.0,1.0,1.0,1.0,1.0,1.0,1.0,1.0,1.0,1.0
2648014,2,01/04/1979,1,,152.0,,,0.0,2,0.0,1412.6,2.0,0.0,0.0,7.0,7.8,5.0,6.0,2.0,0.0,0.0,3.0,7.5,0.0,0.0,0.0,16.0,,,,,,,,,3.2,2.0,0.0,16.0,0.0,0.0,3.1,,1.0,1.0,1.0,1.0,1.0,1.0,1.0,1.0,1.0,1.0,1.0,1.0,1.0,1.0,1.0,0.0,0.0,0.0,0.0,0.0,0.0,0.0,0.0,1.0,1.0,1.0,1.0,1.0,1.0,1.0,0.0
2648014,1,01/04/1979,1,16.0,78.9,15.0,13.0,1.0,1,0.0,1220.9,1.0,0.0,0.0,7.0,7.8,5.0,6.0,2.0,0.0,0.0,3.0,7.5,0.0,0.0,0.0,16.0,0.0,0.0,0.0,0.0,0.0,0.0,0.0,0.3,3.2,2.0,0.0,16.0,0.0,0.0,3.1,,1.0,1.0,1.0,1.0,1.0,1.0,1.0,1.0,1.0,1.0,1.0,1.0,1.0,1.0,1.0,1.0,1.0,1.0,1.0,1.0,1.0,1.0,1.0,1.0,1.0,1.0,1.0,1.0,1.0,1.0,0.0
2648014,2,01/03/1979,1,28.0,90.3,10.0,10.0,1.0,1,0.0,1412.6,2.0,0.0,18.0,6.0,0.0,0.0,0.0,0.0,10.0,5.2,28.0,0.0,0.0,0.0,0.0,5.1,0.0,0.0,0.0,0.0,5.0,4.0,0.0,0.0,6.0,0.0,0.0,0.0,3.0,0.0,0.0,0.0,1.0,1.0,1.0,1.0,1.0,1.0,1.0,1.0,1.0,1.0,1.0,1.0,1.0,1.0,1.0,1.0,1.0,1.0,1.0,1.0,1.0,1.0,1.0,1.0,1.0,1.0,1.0,1.0,1.0,1.0,1.0
2648014,1,01/03/1979,1,28.0,90.3,10.0,10.0,1.0,1,0.0,1220.9,1.0,0.0,18.0,6.0,0.0,0.0,0.0,0.0,10.0,5.2,28.0,0.0,0.0,0.0,0.0,5.1,0.0,0.0,0.0,0.0,5.0,4.0,0.0,0.0,6.0,0.0,0.0,0.0,3.0,0.0,0.0,0.0,1.0,1.0,1.0,1.0,1.0,1.0,1.0,1.0,1.0,1.0,1.0,1.0,1.0,1.0,1.0,1.0,1.0,1.0,1.0,1.0,1.0,1.0,1.0,1.0,1.0,1.0,1.0,1.0,1.0,1.0,1.0
2648014,2,01/02/1979,1,28.1,140.1,25.0,11.0,1.0,1,0.0,1412.6,2.0,0.0,0.0,0.0,0.0,7.0,5.0,0.0,7.1,4.0,0.0,0.0,0.0,0.0,21.2,0.0,0.0,18.0,12.0,0.0,0.0,15.3,0.0,10.4,0.0,28.1,0.0,0.0,12.0,,,,1.0,1.0,1.0,1.0,1.0,1.0,1.0,1.0,1.0,1.0,1.0,1.0,1.0,1.0,1.0,1.0,1.0,1.0,1.0,1.0,1.0,1.0,1.0,1.0,1.0,1.0,1.0,1.0,0.0,0.0,0.0
2648014,1,01/02/1979,1,28.1,140.1,25.0,11.0,1.0,1,0.0,1220.9,1.0,0.0,0.0,0.0,0.0,7.0,5.0,0.0,7.1,4.0,0.0,0.0,0.0,0.0,21.2,0.0,0.0,18.0,12.0,0.0,0.0,15.3,0.0,10.4,0.0,28.1,0.0,0.0,12.0,,,,1.0,1.0,1.0,1.0,1.0,1.0,1.0,1.0,1.0,1.0,1.0,1.0,1.0,1.0,1.0,1.0,1.0,1.0,1.0,1.0,1.0,1.0,1.0,1.0,1.0,1.0,1.0,1.0,0.0,0.0,0.0
2648014,2,01/01/1979,1,32.5,133.2,1.0,16.0,1.0,1,0.0,1412.6,2.0,32.5,0.0,0.0,7.1,0.0,6.9,6.0,3.0,8.0,13.0,1.0,8.0,6.0,6.0,0.0,0.0,0.0,6.5,8.9,6.1,0.0,0.0,0.0,0.0,0.0,0.0,6.4,7.8,0.0,0.0,0.0,1.0,1.0,1.0,1.0,1.0,1.0,1.0,1.0,1.0,1.0,1.0,1.0,1.0,1.0,1.0,1.0,1.0,1.0,1.0,1.0,1.0,1.0,1.0,1.0,1.0,1.0,1.0,1.0,1.0,1.0,1.0
2648014,1,01/01/1979,1,32.5,133.2,1.0,16.0,1.0,1,0.0,1220.9,1.0,32.5,0.0,0.0,7.1,0.0,6.9,6.0,3.0,8.0,13.0,1.0,8.0,6.0,6.0,0.0,0.0,0.0,6.5,8.9,6.1,0.0,0.0,0.0,0.0,0.0,0.0,6.4,7.8,0.0,0.0,0.0,1.0,1.0,1.0,1.0,1.0,1.0,1.0,1.0,1.0,1.0,1.0,1.0,1.0,1.0,1.0,1.0,1.0,1.0,1.0,1.0,1.0,1.0,1.0,1.0,1.0,1.0,1.0,1.0,1.0,1.0,1.0
2648014,2,01/12/1978,1,32.0,220.0,17.0,15.0,1.0,1,0.0,1590.8,2.0,16.0,23.0,0.0,10.3,8.0,0.0,0.0,0.0,24.0,18.0,5.0,0.0,10.0,8.0,22.0,0.0,32.0,0.0,0.0,0.0,0.0,5.0,0.0,10.0,20.5,0.0,0.0,8.2,0.0,0.0,0.0,1.0,1.0,1.0,1.0,1.0,1.0,1.0,1.0,1.0,1.0,1.0,1.0,1.0,1.0,1.0,1.0,1.0,1.0,1.0,1.0,1.0,1.0,1.0,1.0,1.0,1.0,1.0,1.0,1.0,1.0,1.0
2648014,1,01/12/1978,1,32.0,220.0,17.0,15.0,1.0,1,0.0,1496.4,1.0,16.0,23.0,0.0,10.3,8.0,0.0,0.0,0.0,24.0,18.0,5.0,0.0,10.0,8.0,22.0,0.0,32.0,0.0,0.0,0.0,0.0,5.0,0.0,10.0,20.5,0.0,0.0,8.2,0.0,0.0,0.0,1.0,1.0,1.0,1.0,1.0,1.0,1.0,1.0,1.0,1.0,1.0,1.0,1.0,1.0,1.0,1.0,1.0,1.0,1.0,1.0,1.0,1.0,1.0,1.0,1.0,1.0,1.0,1.0,1.0,1.0,1.0
2648014,2,01/11/1978,1,42.1,213.6,23.0,13.0,1.0,1,0.0,1590.8,2.0,14.3,0.0,0.0,0.0,12.0,15.3,8.0,0.0,0.0,8.1,0.0,0.0,0.0,0.0,0.0,0.0,0.0,0.0,6.3,10.3,15.0,20.0,42.1,15.2,16.0,0.0,31.0,0.0,0.0,0.0,,1.0,1.0,1.0,1.0,1.0,1.0,1.0,1.0,1.0,1.0,1.0,1.0,1.0,1.0,1.0,1.0,1.0,1.0,1.0,1.0,1.0,1.0,1.0,1.0,1.0,1.0,1.0,1.0,1.0,1.0,0.0
2648014,1,01/11/1978,1,42.1,213.6,23.0,13.0,1.0,1,0.0,1496.4,1.0,14.3,0.0,0.0,0.0,12.0,15.3,8.0,0.0,0.0,8.1,0.0,0.0,0.0,0.0,0.0,0.0,0.0,0.0,6.3,10.3,15.0,20.0,42.1,15.2,16.0,0.0,31.0,0.0,0.0,0.0,,1.0,1.0,1.0,1.0,1.0,1.0,1.0,1.0,1.0,1.0,1.0,1.0,1.0,1.0,1.0,1.0,1.0,1.0,1.0,1.0,1.0,1.0,1.0,1.0,1.0,1.0,1.0,1.0,1.0,1.0,0.0
2648014,2,01/10/1978,1,,130.0,,,0.0,2,0.0,1590.8,2.0,,,,,,,,,2.0,1.3,0.0,0.0,0.0,8.0,9.6,3.0,3.4,,,,,,,,,,,8.3,0.0,0.0,0.0,0.0,0.0,0.0,0.0,0.0,0.0,0.0,0.0,1.0,1.0,1.0,1.0,1.0,1.0,1.0,1.0,1.0,0.0,0.0,0.0,0.0,0.0,0.0,0.0,0.0,0.0,0.0,1.0,1.0,1.0,1.0
2648014,1,01/10/1978,1,9.6,35.6,15.0,7.0,1.0,1,0.0,1496.4,1.0,0.0,0.0,0.0,0.0,0.0,0.0,0.0,0.0,2.0,1.3,0.0,0.0,0.0,8.0,9.6,3.0,3.4,0.0,0.0,0.0,0.0,0.0,0.0,0.0,0.0,0.0,0.0,8.3,0.0,0.0,0.0,1.0,1.0,1.0,1.0,1.0,1.0,1.0,1.0,1.0,1.0,1.0,1.0,1.0,1.0,1.0,1.0,1.0,1.0,1.0,1.0,1.0,1.0,1.0,1.0,1.0,1.0,1.0,1.0,1.0,1.0,1.0
2648014,2,01/09/1978,1,20.0,73.1,2.0,13.0,1.0,1,0.0,1590.8,2.0,6.6,20.0,12.0,4.0,0.0,0.0,0.0,0.0,0.0,0.0,0.0,0.0,0.0,5.0,6.0,3.0,0.0,0.0,6.5,2.0,0.0,0.0,3.0,2.0,0.0,1.0,2.0,0.0,0.0,0.0,,1.0,1.0,1.0,1.0,1.0,1.0,1.0,1.0,1.0,1.0,1.0,1.0,1.0,1.0,1.0,1.0,1.0,1.0,1.0,1.0,1.0,1.0,1.0,1.0,1.0,1.0,1.0,1.0,1.0,1.0,0.0
2648014,1,01/09/1978,1,20.0,73.1,2.0,13.0,1.0,1,0.0,1496.4,1.0,6.6,20.0,12.0,4.0,0.0,0.0,0.0,0.0,0.0,0.0,0.0,0.0,0.0,5.0,6.0,3.0,0.0,0.0,6.5,2.0,0.0,0.0,3.0,2.0,0.0,1.0,2.0,0.0,0.0,0.0,,1.0,1.0,1.0,1.0,1.0,1.0,1.0,1.0,1.0,1.0,1.0,1.0,1.0,1.0,1.0,1.0,1.0,1.0,1.0,1.0,1.0,1.0,1.0,1.0,1.0,1.0,1.0,1.0,1.0,1.0,0.0
2648014,2,01/08/1978,1,50.9,116.3,12.0,6.0,1.0,1,0.0,1590.8,2.0,0.0,0.0,0.0,0.0,0.0,0.0,0.0,0.0,0.0,0.0,0.0,50.9,36.3,0.0,0.0,0.0,0.0,0.0,6.1,8.9,0.0,0.0,4.4,0.0,0.0,0.0,0.0,0.0,0.0,0.0,9.7,1.0,1.0,1.0,1.0,1.0,1.0,1.0,1.0,1.0,1.0,1.0,1.0,1.0,1.0,1.0,1.0,1.0,1.0,1.0,1.0,1.0,1.0,1.0,1.0,1.0,1.0,1.0,1.0,1.0,1.0,1.0
2648014,1,01/08/1978,1,50.9,116.3,12.0,6.0,1.0,1,0.0,1496.4,1.0,0.0,0.0,0.0,0.0,0.0,0.0,0.0,0.0,0.0,0.0,0.0,50.9,36.3,0.0,0.0,0.0,0.0,0.0,6.1,8.9,0.0,0.0,4.4,0.0,0.0,0.0,0.0,0.0,0.0,0.0,9.7,1.0,1.0,1.0,1.0,1.0,1.0,1.0,1.0,1.0,1.0,1.0,1.0,1.0,1.0,1.0,1.0,1.0,1.0,1.0,1.0,1.0,1.0,1.0,1.0,1.0,1.0,1.0,1.0,1.0,1.0,1.0
2648014,2,01/07/1978,1,16.0,42.8,17.0,7.0,1.0,1,0.0,1590.8,2.0,0.0,0.0,0.0,0.0,0.0,0.0,0.0,0.0,0.0,0.0,0.0,0.0,0.0,0.0,0.0,0.0,16.0,0.0,7.8,0.0,3.1,3.3,4.1,2.5,0.0,6.0,0.0,0.0,0.0,0.0,0.0,1.0,1.0,1.0,1.0,1.0,1.0,1.0,1.0,1.0,1.0,1.0,1.0,1.0,1.0,1.0,1.0,1.0,1.0,1.0,1.0,1.0,1.0,1.0,1.0,1.0,1.0,1.0,1.0,1.0,1.0,1.0
2648014,1,01/07/1978,1,16.0,42.8,17.0,7.0,1.0,1,0.0,1496.4,1.0,0.0,0.0,0.0,0.0,0.0,0.0,0.0,0.0,0.0,0.0,0.0,0.0,0.0,0.0,0.0,0.0,16.0,0.0,7.8,0.0,3.1,3.3,4.1,2.5,0.0,6.0,0.0,0.0,0.0,0.0,0.0,1.0,1.0,1.0,1.0,1.0,1.0,1.0,1.0,1.0,1.0,1.0,1.0,1.0,1.0,1.0,1.0,1.0,1.0,1.0,1.0,1.0,1.0,1.0,1.0,1.0,1.0,1.0,1.0,1.0,1.0,1.0
2648014,2,01/06/1978,1,70.0,114.0,7.0,3.0,1.0,1,0.0,1590.8,2.0,0.0,0.0,0.0,0.0,0.0,0.0,70.0,0.0,0.0,0.0,0.0,0.0,0.0,0.0,0.0,0.0,0.0,0.0,0.0,27.0,17.0,0.0,0.0,0.0,0.0,0.0,0.0,0.0,0.0,0.0,,1.0,1.0,1.0,1.0,1.0,1.0,1.0,1.0,1.0,1.0,1.0,1.0,1.0,1.0,1.0,1.0,1.0,1.0,1.0,1.0,1.0,1.0,1.0,1.0,1.0,1.0,1.0,1.0,1.0,1.0,0.0
2648014,1,01/06/1978,1,70.0,114.0,7.0,3.0,1.0,1,0.0,1496.4,1.0,0.0,0.0,0.0,0.0,0.0,0.0,70.0,0.0,0.0,0.0,0.0,0.0,0.0,0.0,0.0,0.0,0.0,0.0,0.0,27.0,17.0,0.0,0.0,0.0,0.0,0.0,0.0,0.0,0.0,0.0,,1.0,1.0,1.0,1.0,1.0,1.0,1.0,1.0,1.0,1.0,1.0,1.0,1.0,1.0,1.0,1.0,1.0,1.0,1.0,1.0,1.0,1.0,1.0,1.0,1.0,1.0,1.0,1.0,1.0,1.0,0.0
2648014,2,01/05/1978,1,52.0,58.8,16.0,2.0,1.0,1,0.0,1590.8,2.0,0.0,0.0,0.0,0.0,0.0,0.0,0.0,0.0,0.0,0.0,0.0,0.0,0.0,0.0,0.0,52.0,6.8,0.0,0.0,0.0,0.0,0.0,0.0,0.0,0.0,0.0,0.0,0.0,0.0,0.0,0.0,1.0,1.0,1.0,1.0,1.0,1.0,1.0,1.0,1.0,1.0,1.0,1.0,1.0,1.0,1.0,1.0,1.0,1.0,1.0,1.0,1.0,1.0,1.0,1.0,1.0,1.0,1.0,1.0,1.0,1.0,1.0
2648014,1,01/05/1978,1,52.0,58.8,16.0,2.0,1.0,1,0.0,1496.4,1.0,0.0,0.0,0.0,0.0,0.0,0.0,0.0,0.0,0.0,0.0,0.0,0.0,0.0,0.0,0.0,52.0,6.8,0.0,0.0,0.0,0.0,0.0,0.0,0.0,0.0,0.0,0.0,0.0,0.0,0.0,0.0,1.0,1.0,1.0,1.0,1.0,1.0,1.0,1.0,1.0,1.0,1.0,1.0,1.0,1.0,1.0,1.0,1.0,1.0,1.0,1.0,1.0,1.0,1.0,1.0,1.0,1.0,1.0,1.0,1.0,1.0,1.0
2648014,2,01/04/1978,1,0.0,0.0,1.0,,1.0,1,0.0,1590.8,2.0,0.0,0.0,0.0,0.0,0.0,0.0,0.0,0.0,0.0,0.0,0.0,0.0,0.0,0.0,0.0,0.0,0.0,0.0,0.0,0.0,0.0,0.0,0.0,0.0,0.0,0.0,0.0,0.0,0.0,0.0,,1.0,1.0,1.0,1.0,1.0,1.0,1.0,1.0,1.0,1.0,1.0,1.0,1.0,1.0,1.0,1.0,1.0,1.0,1.0,1.0,1.0,1.0,1.0,1.0,1.0,1.0,1.0,1.0,1.0,1.0,0.0
2648014,1,01/04/1978,1,0.0,0.0,1.0,,1.0,1,0.0,1496.4,1.0,0.0,0.0,0.0,0.0,0.0,0.0,0.0,0.0,0.0,0.0,0.0,0.0,0.0,0.0,0.0,0.0,0.0,0.0,0.0,0.0,0.0,0.0,0.0,0.0,0.0,0.0,0.0,0.0,0.0,0.0,,1.0,1.0,1.0,1.0,1.0,1.0,1.0,1.0,1.0,1.0,1.0,1.0,1.0,1.0,1.0,1.0,1.0,1.0,1.0,1.0,1.0,1.0,1.0,1.0,1.0,1.0,1.0,1.0,1.0,1.0,0.0
2648014,2,01/03/1978,1,58.3,172.4,10.0,7.0,1.0,1,0.0,1590.8,2.0,0.0,15.6,56.0,24.2,0.0,0.0,0.0,0.0,0.0,58.3,7.2,0.0,0.0,0.0,0.0,0.0,0.0,0.0,0.0,0.0,0.0,0.0,0.0,0.0,4.1,7.0,0.0,0.0,0.0,0.0,0.0,1.0,1.0,1.0,1.0,1.0,1.0,1.0,1.0,1.0,1.0,1.0,1.0,1.0,1.0,1.0,1.0,1.0,1.0,1.0,1.0,1.0,1.0,1.0,1.0,1.0,1.0,1.0,1.0,1.0,1.0,1.0
2648014,1,01/03/1978,1,58.3,172.4,10.0,7.0,1.0,1,0.0,1496.4,1.0,0.0,15.6,56.0,24.2,0.0,0.0,0.0,0.0,0.0,58.3,7.2,0.0,0.0,0.0,0.0,0.0,0.0,0.0,0.0,0.0,0.0,0.0,0.0,0.0,4.1,7.0,0.0,0.0,0.0,0.0,0.0,1.0,1.0,1.0,1.0,1.0,1.0,1.0,1.0,1.0,1.0,1.0,1.0,1.0,1.0,1.0,1.0,1.0,1.0,1.0,1.0,1.0,1.0,1.0,1.0,1.0,1.0,1.0,1.0,1.0,1.0,1.0
2648014,2,01/02/1978,1,42.6,175.2,15.0,14.0,1.0,1,0.0,1590.8,2.0,7.6,0.0,0.0,0.0,15.1,9.4,0.0,6.1,0.0,8.5,13.1,0.0,0.0,0.0,42.6,8.9,0.0,0.0,7.0,0.0,28.6,6.4,0.0,0.0,7.1,13.8,1.0,0.0,,,,1.0,1.0,1.0,1.0,1.0,1.0,1.0,1.0,1.0,1.0,1.0,1.0,1.0,1.0,1.0,1.0,1.0,1.0,1.0,1.0,1.0,1.0,1.0,1.0,1.0,1.0,1.0,1.0,0.0,0.0,0.0
2648014,1,01/02/1978,1,42.6,175.2,15.0,14.0,1.0,1,0.0,1496.4,1.0,7.6,0.0,0.0,0.0,15.1,9.4,0.0,6.1,0.0,8.5,13.1,0.0,0.0,0.0,42.6,8.9,0.0,0.0,7.0,0.0,28.6,6.4,0.0,0.0,7.1,13.8,1.0,0.0,,,,1.0,1.0,1.0,1.0,1.0,1.0,1.0,1.0,1.0,1.0,1.0,1.0,1.0,1.0,1.0,1.0,1.0,1.0,1.0,1.0,1.0,1.0,1.0,1.0,1.0,1.0,1.0,1.0,0.0,0.0,0.0
2648014,2,01/01/1978,1,60.7,274.6,27.0,17.0,1.0,1,0.0,1590.8,2.0,18.0,7.2,0.0,0.0,0.0,0.0,2.0,2.4,3.1,4.4,3.6,2.3,0.0,0.0,23.7,8.5,1.8,0.0,22.1,19.8,30.0,35.0,0.0,0.0,0.0,0.0,60.7,30.0,0.0,0.0,0.0,1.0,1.0,1.0,1.0,1.0,1.0,1.0,1.0,1.0,1.0,1.0,1.0,1.0,1.0,1.0,1.0,1.0,1.0,1.0,1.0,1.0,1.0,1.0,1.0,1.0,1.0,1.0,1.0,1.0,1.0,1.0
2648014,1,01/01/1978,1,60.7,274.6,27.0,17.0,1.0,1,0.0,1496.4,1.0,18.0,7.2,0.0,0.0,0.0,0.0,2.0,2.4,3.1,4.4,3.6,2.3,0.0,0.0,23.7,8.5,1.8,0.0,22.1,19.8,30.0,35.0,0.0,0.0,0.0,0.0,60.7,30.0,0.0,0.0,0.0,1.0,1.0,1.0,1.0,1.0,1.0,1.0,1.0,1.0,1.0,1.0,1.0,1.0,1.0,1.0,1.0,1.0,1.0,1.0,1.0,1.0,1.0,1.0,1.0,1.0,1.0,1.0,1.0,1.0,1.0,1.0
2648014,2,01/12/1977,1,59.0,179.9,21.0,14.0,1.0,1,0.0,1931.7,2.0,15.3,23.6,0.0,9.4,6.0,8.2,0.0,0.0,0.0,1.1,1.0,0.0,0.0,8.0,0.0,12.1,0.0,0.0,0.0,0.0,59.0,8.3,12.4,8.0,7.5,0.0,0.0,0.0,0.0,0.0,0.0,1.0,1.0,1.0,1.0,1.0,1.0,1.0,1.0,1.0,1.0,1.0,1.0,1.0,1.0,1.0,1.0,1.0,1.0,1.0,1.0,1.0,1.0,1.0,1.0,1.0,1.0,1.0,1.0,1.0,1.0,1.0
2648014,1,01/12/1977,1,59.0,179.9,21.0,14.0,1.0,1,0.0,2240.1,1.0,15.3,23.6,0.0,9.4,6.0,8.2,0.0,0.0,0.0,1.1,1.0,0.0,0.0,8.0,0.0,12.1,0.0,0.0,0.0,0.0,59.0,8.3,12.4,8.0,7.5,0.0,0.0,0.0,0.0,0.0,0.0,1.0,1.0,1.0,1.0,1.0,1.0,1.0,1.0,1.0,1.0,1.0,1.0,1.0,1.0,1.0,1.0,1.0,1.0,1.0,1.0,1.0,1.0,1.0,1.0,1.0,1.0,1.0,1.0,1.0,1.0,1.0
2648014,2,01/11/1977,1,26.3,206.9,6.0,18.0,1.0,1,0.0,1931.7,2.0,10.3,0.0,0.0,17.4,20.1,26.3,0.0,0.0,0.0,0.0,11.0,7.4,0.0,18.3,10.1,4.0,0.0,0.0,0.0,0.0,12.1,3.3,4.2,10.3,7.0,6.1,8.2,9.8,21.0,0.0,,1.0,1.0,1.0,1.0,1.0,1.0,1.0,1.0,1.0,1.0,1.0,1.0,1.0,1.0,1.0,1.0,1.0,1.0,1.0,1.0,1.0,1.0,1.0,1.0,1.0,1.0,1.0,1.0,1.0,1.0,0.0
2648014,1,01/11/1977,1,26.3,206.9,6.0,18.0,1.0,1,0.0,2240.1,1.0,10.3,0.0,0.0,17.4,20.1,26.3,0.0,0.0,0.0,0.0,11.0,7.4,0.0,18.3,10.1,4.0,0.0,0.0,0.0,0.0,12.1,3.3,4.2,10.3,7.0,6.1,8.2,9.8,21.0,0.0,,1.0,1.0,1.0,1.0,1.0,1.0,1.0,1.0,1.0,1.0,1.0,1.0,1.0,1.0,1.0,1.0,1.0,1.0,1.0,1.0,1.0,1.0,1.0,1.0,1.0,1.0,1.0,1.0,1.0,1.0,0.0
2648014,2,01/10/1977,1,80.2,311.8,2.0,14.0,1.0,1,0.0,1931.7,2.0,70.1,80.2,3.1,6.5,0.0,7.0,8.3,5.1,0.0,0.0,10.2,18.6,29.6,16.2,20.3,24.0,0.0,0.0,0.0,0.0,0.0,0.0,0.0,0.0,0.0,12.6,0.0,0.0,0.0,0.0,0.0,1.0,1.0,1.0,1.0,1.0,1.0,1.0,1.0,1.0,1.0,1.0,1.0,1.0,1.0,1.0,1.0,1.0,1.0,1.0,1.0,1.0,1.0,1.0,1.0,1.0,1.0,1.0,1.0,1.0,1.0,1.0
2648014,1,01/10/1977,1,80.2,311.8,2.0,14.0,1.0,1,0.0,2240.1,1.0,70.1,80.2,3.1,6.5,0.0,7.0,8.3,5.1,0.0,0.0,10.2,18.6,29.6,16.2,20.3,24.0,0.0,0.0,0.0,0.0,0.0,0.0,0.0,0.0,0.0,12.6,0.0,0.0,0.0,0.0,0.0,1.0,1.0,1.0,1.0,1.0,1.0,1.0,1.0,1.0,1.0,1.0,1.0,1.0,1.0,1.0,1.0,1.0,1.0,1.0,1.0,1.0,1.0,1.0,1.0,1.0,1.0,1.0,1.0,1.0,1.0,1.0
2648014,2,01/09/1977,1,115.0,155.8,7.0,7.0,1.0,1,0.0,1931.7,2.0,0.0,0.0,0.0,0.0,3.5,22.0,115.0,0.0,0.0,0.0,0.0,0.0,0.0,0.0,1.3,2.1,0.0,0.0,5.1,6.8,0.0,0.0,0.0,0.0,0.0,0.0,0.0,0.0,0.0,0.0,,1.0,1.0,1.0,1.0,1.0,1.0,1.0,1.0,1.0,1.0,1.0,1.0,1.0,1.0,1.0,1.0,1.0,1.0,1.0,1.0,1.0,1.0,1.0,1.0,1.0,1.0,1.0,1.0,1.0,1.0,0.0
2648014,1,01/09/1977,1,115.0,155.8,7.0,7.0,1.0,1,0.0,2240.1,1.0,0.0,0.0,0.0,0.0,3.5,22.0,115.0,0.0,0.0,0.0,0.0,0.0,0.0,0.0,1.3,2.1,0.0,0.0,5.1,6.8,0.0,0.0,0.0,0.0,0.0,0.0,0.0,0.0,0.0,0.0,,1.0,1.0,1.0,1.0,1.0,1.0,1.0,1.0,1.0,1.0,1.0,1.0,1.0,1.0,1.0,1.0,1.0,1.0,1.0,1.0,1.0,1.0,1.0,1.0,1.0,1.0,1.0,1.0,1.0,1.0,0.0
2648014,2,01/08/1977,1,19.3,98.7,13.0,11.0,1.0,1,0.0,1931.7,2.0,5.0,0.0,0.0,0.0,0.0,0.0,0.0,0.0,3.6,0.0,0.0,0.0,19.3,17.2,12.1,15.0,6.2,0.0,0.0,3.0,0.0,0.0,0.0,10.6,0.0,0.0,0.0,0.0,0.5,6.2,0.0,1.0,1.0,1.0,1.0,1.0,1.0,1.0,1.0,1.0,1.0,1.0,1.0,1.0,1.0,1.0,1.0,1.0,1.0,1.0,1.0,1.0,1.0,1.0,1.0,1.0,1.0,1.0,1.0,1.0,1.0,1.0
2648014,1,01/08/1977,1,19.3,98.7,13.0,11.0,1.0,1,0.0,2240.1,1.0,5.0,0.0,0.0,0.0,0.0,0.0,0.0,0.0,3.6,0.0,0.0,0.0,19.3,17.2,12.1,15.0,6.2,0.0,0.0,3.0,0.0,0.0,0.0,10.6,0.0,0.0,0.0,0.0,0.5,6.2,0.0,1.0,1.0,1.0,1.0,1.0,1.0,1.0,1.0,1.0,1.0,1.0,1.0,1.0,1.0,1.0,1.0,1.0,1.0,1.0,1.0,1.0,1.0,1.0,1.0,1.0,1.0,1.0,1.0,1.0,1.0,1.0
2648014,2,01/07/1977,1,35.0,77.5,24.0,4.0,1.0,1,0.0,1931.7,2.0,0.0,0.0,0.0,0.0,0.0,0.0,0.0,0.0,0.0,0.0,0.0,0.0,0.0,0.0,30.6,0.0,0.0,0.0,0.0,0.0,10.1,0.0,0.0,35.0,0.0,0.0,0.0,0.0,0.0,0.0,1.8,1.0,1.0,1.0,1.0,1.0,1.0,1.0,1.0,1.0,1.0,1.0,1.0,1.0,1.0,1.0,1.0,1.0,1.0,1.0,1.0,1.0,1.0,1.0,1.0,1.0,1.0,1.0,1.0,1.0,1.0,1.0
2648014,1,01/07/1977,1,35.0,77.5,24.0,4.0,1.0,1,0.0,2240.1,1.0,0.0,0.0,0.0,0.0,0.0,0.0,0.0,0.0,0.0,0.0,0.0,0.0,0.0,0.0,30.6,0.0,0.0,0.0,0.0,0.0,10.1,0.0,0.0,35.0,0.0,0.0,0.0,0.0,0.0,0.0,1.8,1.0,1.0,1.0,1.0,1.0,1.0,1.0,1.0,1.0,1.0,1.0,1.0,1.0,1.0,1.0,1.0,1.0,1.0,1.0,1.0,1.0,1.0,1.0,1.0,1.0,1.0,1.0,1.0,1.0,1.0,1.0
2648014,2,01/06/1977,1,3.2,6.7,26.0,4.0,1.0,1,0.0,1931.7,2.0,0.0,0.0,0.0,0.0,1.3,0.0,0.0,0.0,0.0,0.0,0.0,0.0,0.0,0.0,0.1,0.0,0.0,0.0,0.0,0.0,0.0,2.1,0.0,0.0,0.0,3.2,0.0,0.0,0.0,0.0,,1.0,1.0,1.0,1.0,1.0,1.0,1.0,1.0,1.0,1.0,1.0,1.0,1.0,1.0,1.0,1.0,1.0,1.0,1.0,1.0,1.0,1.0,1.0,1.0,1.0,1.0,1.0,1.0,1.0,1.0,0.0
2648014,1,01/06/1977,1,3.2,6.7,26.0,4.0,1.0,1,0.0,2240.1,1.0,0.0,0.0,0.0,0.0,1.3,0.0,0.0,0.0,0.0,0.0,0.0,0.0,0.0,0.0,0.1,0.0,0.0,0.0,0.0,0.0,0.0,2.1,0.0,0.0,0.0,3.2,0.0,0.0,0.0,0.0,,1.0,1.0,1.0,1.0,1.0,1.0,1.0,1.0,1.0,1.0,1.0,1.0,1.0,1.0,1.0,1.0,1.0,1.0,1.0,1.0,1.0,1.0,1.0,1.0,1.0,1.0,1.0,1.0,1.0,1.0,0.0
2648014,2,01/05/1977,1,13.0,30.9,1.0,5.0,1.0,1,0.0,1931.7,2.0,13.0,0.0,0.0,3.8,0.5,0.0,0.0,0.0,0.0,0.0,0.0,0.0,0.0,0.0,0.0,10.2,0.0,0.0,0.0,0.0,0.0,0.0,0.0,0.0,3.4,0.0,0.0,0.0,0.0,0.0,0.0,1.0,1.0,1.0,1.0,1.0,1.0,1.0,1.0,1.0,1.0,1.0,1.0,1.0,1.0,1.0,1.0,1.0,1.0,1.0,1.0,1.0,1.0,1.0,1.0,1.0,1.0,1.0,1.0,1.0,1.0,1.0
2648014,1,01/05/1977,1,13.0,30.9,1.0,5.0,1.0,1,0.0,2240.1,1.0,13.0,0.0,0.0,3.8,0.5,0.0,0.0,0.0,0.0,0.0,0.0,0.0,0.0,0.0,0.0,10.2,0.0,0.0,0.0,0.0,0.0,0.0,0.0,0.0,3.4,0.0,0.0,0.0,0.0,0.0,0.0,1.0,1.0,1.0,1.0,1.0,1.0,1.0,1.0,1.0,1.0,1.0,1.0,1.0,1.0,1.0,1.0,1.0,1.0,1.0,1.0,1.0,1.0,1.0,1.0,1.0,1.0,1.0,1.0,1.0,1.0,1.0
2648014,2,01/04/1977,1,40.7,185.6,17.0,12.0,1.0,1,0.0,1931.7,2.0,0.0,0.0,20.1,34.3,10.4,0.0,0.0,18.4,18.5,0.0,0.0,0.0,0.0,0.0,0.0,0.0,40.7,0.0,7.1,16.6,0.0,0.0,11.7,0.0,1.6,0.0,0.0,0.0,2.9,3.3,,1.0,1.0,1.0,1.0,1.0,1.0,1.0,1.0,1.0,1.0,1.0,1.0,1.0,1.0,1.0,1.0,1.0,1.0,1.0,1.0,1.0,1.0,1.0,1.0,1.0,1.0,1.0,1.0,1.0,1.0,0.0
2648014,1,01/04/1977,1,40.7,185.6,17.0,12.0,1.0,1,0.0,2240.1,1.0,0.0,0.0,20.1,34.3,10.4,0.0,0.0,18.4,18.5,0.0,0.0,0.0,0.0,0.0,0.0,0.0,40.7,0.0,7.1,16.6,0.0,0.0,11.7,0.0,1.6,0.0,0.0,0.0,2.9,3.3,,1.0,1.0,1.0,1.0,1.0,1.0,1.0,1.0,1.0,1.0,1.0,1.0,1.0,1.0,1.0,1.0,1.0,1.0,1.0,1.0,1.0,1.0,1.0,1.0,1.0,1.0,1.0,1.0,1.0,1.0,0.0
2648014,2,01/03/1977,1,75.2,322.9,22.0,15.0,1.0,1,0.0,1931.7,2.0,0.0,0.0,20.3,47.2,2.5,3.5,0.0,0.0,0.0,0.0,0.0,1.5,0.0,3.2,6.5,12.2,0.0,0.0,0.0,0.0,0.0,75.2,2.1,0.0,0.0,5.2,0.0,22.4,58.4,49.2,13.5,1.0,1.0,1.0,1.0,1.0,1.0,1.0,1.0,1.0,1.0,1.0,1.0,1.0,1.0,1.0,1.0,1.0,1.0,1.0,1.0,1.0,1.0,1.0,1.0,1.0,1.0,1.0,1.0,1.0,1.0,1.0
2648014,1,01/03/1977,1,75.2,322.9,22.0,15.0,1.0,1,0.0,2240.1,1.0,0.0,0.0,20.3,47.2,2.5,3.5,0.0,0.0,0.0,0.0,0.0,1.5,0.0,3.2,6.5,12.2,0.0,0.0,0.0,0.0,0.0,75.2,2.1,0.0,0.0,5.2,0.0,22.4,58.4,49.2,13.5,1.0,1.0,1.0,1.0,1.0,1.0,1.0,1.0,1.0,1.0,1.0,1.0,1.0,1.0,1.0,1.0,1.0,1.0,1.0,1.0,1.0,1.0,1.0,1.0,1.0,1.0,1.0,1.0,1.0,1.0,1.0
2648014,2,01/02/1977,1,,135.0,,,0.0,2,0.0,1931.7,2.0,,,,,,,,0.0,0.0,0.0,0.0,0.0,0.0,0.0,0.0,0.0,0.0,0.0,0.0,0.0,0.0,0.0,0.0,0.0,0.0,0.0,0.0,0.0,,,,0.0,0.0,0.0,0.0,0.0,0.0,0.0,1.0,1.0,1.0,1.0,1.0,1.0,1.0,1.0,1.0,1.0,1.0,1.0,1.0,1.0,1.0,1.0,1.0,1.0,1.0,1.0,1.0,0.0,0.0,0.0
2648014,1,01/02/1977,1,124.6,262.6,5.0,5.0,1.0,1,0.0,2240.1,1.0,0.0,31.5,22.5,59.0,124.6,25.0,0.0,0.0,0.0,0.0,0.0,0.0,0.0,0.0,0.0,0.0,0.0,0.0,0.0,0.0,0.0,0.0,0.0,0.0,0.0,0.0,0.0,0.0,,,,1.0,1.0,1.0,1.0,1.0,1.0,1.0,1.0,1.0,1.0,1.0,1.0,1.0,1.0,1.0,1.0,1.0,1.0,1.0,1.0,1.0,1.0,1.0,1.0,1.0,1.0,1.0,1.0,0.0,0.0,0.0
2648014,2,01/01/1977,1,,220.0,,,0.0,2,0.0,1931.7,2.0,0.0,0.0,0.0,8.9,57.8,15.1,0.0,0.0,0.0,11.0,0.0,0.0,0.0,0.0,0.0,,,,,,0.0,0.0,0.0,0.0,0.0,3.2,0.0,0.0,0.0,32.0,21.2,1.0,1.0,1.0,1.0,1.0,1.0,1.0,1.0,1.0,1.0,1.0,1.0,1.0,1.0,1.0,0.0,0.0,0.0,0.0,0.0,1.0,1.0,1.0,1.0,1.0,1.0,1.0,1.0,1.0,1.0,1.0
2648014,1,01/01/1977,1,95.3,400.8,17.0,12.0,1.0,1,0.0,2240.1,1.0,0.0,0.0,0.0,8.9,57.8,15.1,0.0,0.0,0.0,11.0,0.0,0.0,0.0,0.0,0.0,19.4,95.3,66.1,67.5,3.3,0.0,0.0,0.0,0.0,0.0,3.2,0.0,0.0,0.0,32.0,21.2,1.0,1.0,1.0,1.0,1.0,1.0,1.0,1.0,1.0,1.0,1.0,1.0,1.0,1.0,1.0,1.0,1.0,1.0,1.0,1.0,1.0,1.0,1.0,1.0,1.0,1.0,1.0,1.0,1.0,1.0,1.0
2648014,2,01/12/1976,1,43.4,131.0,26.0,9.0,1.0,1,0.0,1697.5,2.0,31.1,0.0,0.0,2.5,1.0,0.0,0.0,28.0,0.0,0.0,0.0,0.0,0.0,8.3,2.9,0.0,0.0,8.3,0.0,0.0,5.5,0.0,0.0,0.0,0.0,43.4,0.0,0.0,0.0,0.0,0.0,1.0,1.0,1.0,1.0,1.0,1.0,1.0,1.0,1.0,1.0,1.0,1.0,1.0,1.0,1.0,1.0,1.0,1.0,1.0,1.0,1.0,1.0,1.0,1.0,1.0,1.0,1.0,1.0,1.0,1.0,1.0
2648014,1,01/12/1976,1,43.4,131.0,26.0,9.0,1.0,1,0.0,,0.0,31.1,0.0,0.0,2.5,1.0,0.0,0.0,28.0,0.0,0.0,0.0,0.0,0.0,8.3,2.9,0.0,0.0,8.3,0.0,0.0,5.5,0.0,0.0,0.0,0.0,43.4,0.0,0.0,0.0,0.0,0.0,1.0,1.0,1.0,1.0,1.0,1.0,1.0,1.0,1.0,1.0,1.0,1.0,1.0,1.0,1.0,1.0,1.0,1.0,1.0,1.0,1.0,1.0,1.0,1.0,1.0,1.0,1.0,1.0,1.0,1.0,1.0
2648014,2,01/11/1976,1,19.5,93.1,30.0,14.0,1.0,1,0.0,1697.5,2.0,0.0,0.0,0.0,13.0,7.4,11.6,0.0,0.0,0.0,0.0,0.0,1.9,6.1,7.0,2.1,0.0,0.0,0.0,2.1,0.0,13.3,1.6,0.0,0.0,0.0,2.4,2.1,3.0,0.0,19.5,,1.0,1.0,1.0,1.0,1.0,1.0,1.0,1.0,1.0,1.0,1.0,1.0,1.0,1.0,1.0,1.0,1.0,1.0,1.0,1.0,1.0,1.0,1.0,1.0,1.0,1.0,1.0,1.0,1.0,1.0,0.0
2648014,1,01/11/1976,1,19.5,93.1,30.0,14.0,1.0,1,0.0,,0.0,0.0,0.0,0.0,13.0,7.4,11.6,0.0,0.0,0.0,0.0,0.0,1.9,6.1,7.0,2.1,0.0,0.0,0.0,2.1,0.0,13.3,1.6,0.0,0.0,0.0,2.4,2.1,3.0,0.0,19.5,,1.0,1.0,1.0,1.0,1.0,1.0,1.0,1.0,1.0,1.0,1.0,1.0,1.0,1.0,1.0,1.0,1.0,1.0,1.0,1.0,1.0,1.0,1.0,1.0,1.0,1.0,1.0,1.0,1.0,1.0,0.0
2648014,2,01/10/1976,1,32.3,129.2,9.0,13.0,1.0,1,0.0,1697.5,2.0,0.0,0.0,0.0,20.1,0.0,0.0,0.0,6.1,32.3,0.0,0.0,2.4,0.0,0.0,30.2,10.0,1.5,7.4,0.0,0.0,1.1,0.0,3.2,0.0,6.7,3.6,4.6,0.0,0.0,0.0,0.0,1.0,1.0,1.0,1.0,1.0,1.0,1.0,1.0,1.0,1.0,1.0,1.0,1.0,1.0,1.0,1.0,1.0,1.0,1.0,1.0,1.0,1.0,1.0,1.0,1.0,1.0,1.0,1.0,1.0,1.0,1.0
2648014,1,01/10/1976,1,32.3,129.2,9.0,13.0,1.0,1,0.0,,0.0,0.0,0.0,0.0,20.1,0.0,0.0,0.0,6.1,32.3,0.0,0.0,2.4,0.0,0.0,30.2,10.0,1.5,7.4,0.0,0.0,1.1,0.0,3.2,0.0,6.7,3.6,4.6,0.0,0.0,0.0,0.0,1.0,1.0,1.0,1.0,1.0,1.0,1.0,1.0,1.0,1.0,1.0,1.0,1.0,1.0,1.0,1.0,1.0,1.0,1.0,1.0,1.0,1.0,1.0,1.0,1.0,1.0,1.0,1.0,1.0,1.0,1.0
2648014,2,01/09/1976,1,87.6,123.5,7.0,5.0,1.0,1,0.0,1697.5,2.0,0.0,0.0,0.0,0.0,0.0,0.0,87.6,0.0,10.3,0.0,10.3,11.4,3.9,0.0,0.0,0.0,0.0,0.0,0.0,0.0,0.0,0.0,0.0,0.0,0.0,0.0,0.0,0.0,0.0,0.0,,1.0,1.0,1.0,1.0,1.0,1.0,1.0,1.0,1.0,1.0,1.0,1.0,1.0,1.0,1.0,1.0,1.0,1.0,1.0,1.0,1.0,1.0,1.0,1.0,1.0,1.0,1.0,1.0,1.0,1.0,0.0
2648014,1,01/09/1976,1,87.6,123.5,7.0,5.0,1.0,1,0.0,,0.0,0.0,0.0,0.0,0.0,0.0,0.0,87.6,0.0,10.3,0.0,10.3,11.4,3.9,0.0,0.0,0.0,0.0,0.0,0.0,0.0,0.0,0.0,0.0,0.0,0.0,0.0,0.0,0.0,0.0,0.0,,1.0,1.0,1.0,1.0,1.0,1.0,1.0,1.0,1.0,1.0,1.0,1.0,1.0,1.0,1.0,1.0,1.0,1.0,1.0,1.0,1.0,1.0,1.0,1.0,1.0,1.0,1.0,1.0,1.0,1.0,0.0
2648014,2,01/08/1976,1,42.9,102.0,9.0,7.0,1.0,1,0.0,1697.5,2.0,0.0,0.0,0.0,0.0,7.0,13.4,0.0,23.4,42.9,0.0,5.4,0.0,0.0,0.0,0.0,0.0,0.0,0.0,4.8,5.1,0.0,0.0,0.0,0.0,0.0,0.0,0.0,0.0,0.0,0.0,0.0,1.0,1.0,1.0,1.0,1.0,1.0,1.0,1.0,1.0,1.0,1.0,1.0,1.0,1.0,1.0,1.0,1.0,1.0,1.0,1.0,1.0,1.0,1.0,1.0,1.0,1.0,1.0,1.0,1.0,1.0,1.0
2648014,1,01/08/1976,1,42.9,102.0,9.0,7.0,1.0,1,0.0,,0.0,0.0,0.0,0.0,0.0,7.0,13.4,0.0,23.4,42.9,0.0,5.4,0.0,0.0,0.0,0.0,0.0,0.0,0.0,4.8,5.1,0.0,0.0,0.0,0.0,0.0,0.0,0.0,0.0,0.0,0.0,0.0,1.0,1.0,1.0,1.0,1.0,1.0,1.0,1.0,1.0,1.0,1.0,1.0,1.0,1.0,1.0,1.0,1.0,1.0,1.0,1.0,1.0,1.0,1.0,1.0,1.0,1.0,1.0,1.0,1.0,1.0,1.0
2648014,2,01/07/1976,1,32.6,99.1,27.0,9.0,1.0,1,0.0,1697.5,2.0,0.0,0.0,21.5,12.7,0.0,0.0,14.9,0.5,0.0,0.0,0.0,0.0,0.0,7.1,0.0,0.0,0.0,0.0,0.3,1.1,0.0,0.0,0.0,0.0,0.0,0.0,32.6,8.4,0.0,0.0,0.0,1.0,1.0,1.0,1.0,1.0,1.0,1.0,1.0,1.0,1.0,1.0,1.0,1.0,1.0,1.0,1.0,1.0,1.0,1.0,1.0,1.0,1.0,1.0,1.0,1.0,1.0,1.0,1.0,1.0,1.0,1.0
2648014,1,01/07/1976,1,32.6,99.1,27.0,9.0,1.0,1,0.0,,0.0,0.0,0.0,21.5,12.7,0.0,0.0,14.9,0.5,0.0,0.0,0.0,0.0,0.0,7.1,0.0,0.0,0.0,0.0,0.3,1.1,0.0,0.0,0.0,0.0,0.0,0.0,32.6,8.4,0.0,0.0,0.0,1.0,1.0,1.0,1.0,1.0,1.0,1.0,1.0,1.0,1.0,1.0,1.0,1.0,1.0,1.0,1.0,1.0,1.0,1.0,1.0,1.0,1.0,1.0,1.0,1.0,1.0,1.0,1.0,1.0,1.0,1.0
2648014,2,01/06/1976,1,53.1,180.8,5.0,8.0,1.0,1,0.0,1697.5,2.0,0.0,0.0,0.0,21.0,53.1,0.0,0.0,20.5,18.2,43.0,0.0,0.0,0.0,10.2,0.0,0.0,0.0,0.0,0.0,0.0,0.0,0.0,0.0,0.0,0.0,0.0,14.6,0.0,0.0,0.2,,1.0,1.0,1.0,1.0,1.0,1.0,1.0,1.0,1.0,1.0,1.0,1.0,1.0,1.0,1.0,1.0,1.0,1.0,1.0,1.0,1.0,1.0,1.0,1.0,1.0,1.0,1.0,1.0,1.0,1.0,0.0
2648014,1,01/06/1976,1,53.1,180.8,5.0,8.0,1.0,1,0.0,,0.0,0.0,0.0,0.0,21.0,53.1,0.0,0.0,20.5,18.2,43.0,0.0,0.0,0.0,10.2,0.0,0.0,0.0,0.0,0.0,0.0,0.0,0.0,0.0,0.0,0.0,0.0,14.6,0.0,0.0,0.2,,1.0,1.0,1.0,1.0,1.0,1.0,1.0,1.0,1.0,1.0,1.0,1.0,1.0,1.0,1.0,1.0,1.0,1.0,1.0,1.0,1.0,1.0,1.0,1.0,1.0,1.0,1.0,1.0,1.0,1.0,0.0
2648014,2,01/05/1976,1,54.7,231.9,10.0,12.0,1.0,1,0.0,1697.5,2.0,0.0,0.0,6.3,0.0,0.0,0.0,0.0,20.3,39.6,54.7,0.0,0.0,19.2,25.6,0.0,0.0,0.0,0.0,4.5,4.6,6.3,0.0,0.0,16.6,0.0,0.0,16.0,18.2,0.0,0.0,0.0,1.0,1.0,1.0,1.0,1.0,1.0,1.0,1.0,1.0,1.0,1.0,1.0,1.0,1.0,1.0,1.0,1.0,1.0,1.0,1.0,1.0,1.0,1.0,1.0,1.0,1.0,1.0,1.0,1.0,1.0,1.0
2648014,1,01/05/1976,1,54.7,231.9,10.0,12.0,1.0,1,0.0,,0.0,0.0,0.0,6.3,0.0,0.0,0.0,0.0,20.3,39.6,54.7,0.0,0.0,19.2,25.6,0.0,0.0,0.0,0.0,4.5,4.6,6.3,0.0,0.0,16.6,0.0,0.0,16.0,18.2,0.0,0.0,0.0,1.0,1.0,1.0,1.0,1.0,1.0,1.0,1.0,1.0,1.0,1.0,1.0,1.0,1.0,1.0,1.0,1.0,1.0,1.0,1.0,1.0,1.0,1.0,1.0,1.0,1.0,1.0,1.0,1.0,1.0,1.0
2648014,2,01/04/1976,1,31.8,91.5,11.0,8.0,1.0,1,0.0,1697.5,2.0,0.0,0.0,2.3,0.0,14.6,0.0,0.0,0.0,0.0,28.7,31.8,0.0,0.0,1.0,7.4,0.0,0.0,0.0,0.0,0.0,0.0,0.0,4.1,0.0,0.0,0.0,0.0,0.0,0.0,1.6,,1.0,1.0,1.0,1.0,1.0,1.0,1.0,1.0,1.0,1.0,1.0,1.0,1.0,1.0,1.0,1.0,1.0,1.0,1.0,1.0,1.0,1.0,1.0,1.0,1.0,1.0,1.0,1.0,1.0,1.0,0.0
2648014,1,01/04/1976,1,31.8,91.5,11.0,8.0,1.0,1,0.0,,0.0,0.0,0.0,2.3,0.0,14.6,0.0,0.0,0.0,0.0,28.7,31.8,0.0,0.0,1.0,7.4,0.0,0.0,0.0,0.0,0.0,0.0,0.0,4.1,0.0,0.0,0.0,0.0,0.0,0.0,1.6,,1.0,1.0,1.0,1.0,1.0,1.0,1.0,1.0,1.0,1.0,1.0,1.0,1.0,1.0,1.0,1.0,1.0,1.0,1.0,1.0,1.0,1.0,1.0,1.0,1.0,1.0,1.0,1.0,1.0,1.0,0.0
2648014,2,01/03/1976,1,40.0,180.4,12.0,12.0,1.0,1,0.0,1697.5,2.0,0.0,8.5,7.5,8.6,0.0,0.0,0.0,0.0,0.0,19.4,0.0,40.0,0.0,0.0,10.0,0.0,32.8,1.9,0.0,37.0,6.1,0.0,0.0,0.0,3.9,0.0,4.7,0.0,0.0,0.0,0.0,1.0,1.0,1.0,1.0,1.0,1.0,1.0,1.0,1.0,1.0,1.0,1.0,1.0,1.0,1.0,1.0,1.0,1.0,1.0,1.0,1.0,1.0,1.0,1.0,1.0,1.0,1.0,1.0,1.0,1.0,1.0
2648014,1,01/03/1976,1,40.0,180.4,12.0,12.0,1.0,1,0.0,,0.0,0.0,8.5,7.5,8.6,0.0,0.0,0.0,0.0,0.0,19.4,0.0,40.0,0.0,0.0,10.0,0.0,32.8,1.9,0.0,37.0,6.1,0.0,0.0,0.0,3.9,0.0,4.7,0.0,0.0,0.0,0.0,1.0,1.0,1.0,1.0,1.0,1.0,1.0,1.0,1.0,1.0,1.0,1.0,1.0,1.0,1.0,1.0,1.0,1.0,1.0,1.0,1.0,1.0,1.0,1.0,1.0,1.0,1.0,1.0,1.0,1.0,1.0
2648014,2,01/02/1976,1,,154.0,,,0.0,2,0.0,1697.5,2.0,0.0,0.0,7.2,0.3,25.0,4.0,14.0,7.2,0.0,0.0,0.5,7.0,2.1,0.0,0.0,,,,,,,,,,,,,,,,,1.0,1.0,1.0,1.0,1.0,1.0,1.0,1.0,1.0,1.0,1.0,1.0,1.0,1.0,1.0,0.0,0.0,0.0,0.0,0.0,0.0,0.0,0.0,0.0,0.0,0.0,0.0,0.0,0.0,0.0,0.0
2648014,1,01/02/1976,1,25.0,67.3,5.0,9.0,1.0,1,1.0,,0.0,0.0,0.0,7.2,0.3,25.0,4.0,14.0,7.2,0.0,0.0,0.5,7.0,2.1,0.0,0.0,,,,,,,,,,,,,,0.0,,,1.0,1.0,1.0,1.0,1.0,1.0,1.0,1.0,1.0,1.0,1.0,1.0,1.0,1.0,1.0,0.0,0.0,0.0,0.0,0.0,0.0,0.0,0.0,0.0,0.0,0.0,0.0,0.0,4.0,0.0,0.0
2648014,2,01/01/1976,1,,181.0,,,0.0,2,0.0,1697.5,2.0,,,,,,,,,,,,,,,,,,,,,,,,,,,,,,,,0.0,0.0,0.0,0.0,0.0,0.0,0.0,0.0,0.0,0.0,0.0,0.0,0.0,0.0,0.0,0.0,0.0,0.0,0.0,0.0,0.0,0.0,0.0,0.0,0.0,0.0,0.0,0.0,0.0,0.0,0.0
2648014,2,01/12/1975,1,41.2,179.6,1.0,18.0,1.0,1,0.0,1875.8,2.0,41.2,25.8,1.1,1.9,11.9,4.2,5.9,11.0,0.0,0.0,2.5,2.1,27.8,14.7,0.0,0.0,0.0,0.0,6.4,5.6,4.3,0.0,5.2,7.4,0.0,0.0,0.0,0.0,0.0,0.6,0.0,1.0,1.0,1.0,1.0,1.0,1.0,1.0,1.0,1.0,1.0,1.0,1.0,1.0,1.0,1.0,1.0,1.0,1.0,1.0,1.0,1.0,1.0,1.0,1.0,1.0,1.0,1.0,1.0,1.0,1.0,1.0
2648014,1,01/12/1975,1,41.2,179.6,1.0,18.0,1.0,1,0.0,2057.3,1.0,41.2,25.8,1.1,1.9,11.9,4.2,5.9,11.0,0.0,0.0,2.5,2.1,27.8,14.7,0.0,0.0,0.0,0.0,6.4,5.6,4.3,0.0,5.2,7.4,0.0,0.0,0.0,0.0,0.0,0.6,0.0,1.0,1.0,1.0,1.0,1.0,1.0,1.0,1.0,1.0,1.0,1.0,1.0,1.0,1.0,1.0,1.0,1.0,1.0,1.0,1.0,1.0,1.0,1.0,1.0,1.0,1.0,1.0,1.0,1.0,1.0,1.0
2648014,2,01/11/1975,1,81.5,298.2,24.0,15.0,1.0,1,0.0,1875.8,2.0,13.8,30.1,44.2,7.0,0.0,16.7,0.0,0.0,15.2,0.0,0.0,0.0,0.0,0.0,0.0,4.3,31.7,1.1,2.2,12.0,0.0,0.0,26.0,81.5,1.6,0.0,0.0,0.0,0.0,10.8,,1.0,1.0,1.0,1.0,1.0,1.0,1.0,1.0,1.0,1.0,1.0,1.0,1.0,1.0,1.0,1.0,1.0,1.0,1.0,1.0,1.0,1.0,1.0,1.0,1.0,1.0,1.0,1.0,1.0,1.0,0.0
2648014,1,01/11/1975,1,81.5,298.2,24.0,15.0,1.0,1,0.0,2057.3,1.0,13.8,30.1,44.2,7.0,0.0,16.7,0.0,0.0,15.2,0.0,0.0,0.0,0.0,0.0,0.0,4.3,31.7,1.1,2.2,12.0,0.0,0.0,26.0,81.5,1.6,0.0,0.0,0.0,0.0,10.8,,1.0,1.0,1.0,1.0,1.0,1.0,1.0,1.0,1.0,1.0,1.0,1.0,1.0,1.0,1.0,1.0,1.0,1.0,1.0,1.0,1.0,1.0,1.0,1.0,1.0,1.0,1.0,1.0,1.0,1.0,0.0
2648014,2,01/10/1975,1,36.2,153.9,2.0,15.0,1.0,1,0.0,1875.8,2.0,0.0,36.2,25.8,3.2,0.0,14.8,8.0,0.8,1.2,2.6,23.2,3.5,1.5,6.8,0.0,0.0,0.0,0.0,22.0,0.0,0.0,0.0,0.0,0.0,0.0,0.0,0.0,0.0,0.0,2.6,1.7,1.0,1.0,1.0,1.0,1.0,1.0,1.0,1.0,1.0,1.0,1.0,1.0,1.0,1.0,1.0,1.0,1.0,1.0,1.0,1.0,1.0,1.0,1.0,1.0,1.0,1.0,1.0,1.0,1.0,1.0,1.0
2648014,1,01/10/1975,1,36.2,153.9,2.0,15.0,1.0,1,0.0,2057.3,1.0,0.0,36.2,25.8,3.2,0.0,14.8,8.0,0.8,1.2,2.6,23.2,3.5,1.5,6.8,0.0,0.0,0.0,0.0,22.0,0.0,0.0,0.0,0.0,0.0,0.0,0.0,0.0,0.0,0.0,2.6,1.7,1.0,1.0,1.0,1.0,1.0,1.0,1.0,1.0,1.0,1.0,1.0,1.0,1.0,1.0,1.0,1.0,1.0,1.0,1.0,1.0,1.0,1.0,1.0,1.0,1.0,1.0,1.0,1.0,1.0,1.0,1.0
2648014,2,01/09/1975,1,18.3,112.3,28.0,15.0,1.0,1,0.0,1875.8,2.0,0.0,0.0,0.0,0.0,0.0,0.0,13.0,0.0,2.0,0.0,0.0,9.0,0.0,0.0,0.0,4.0,3.0,12.0,3.0,3.0,6.0,12.0,5.4,0.5,0.0,0.0,8.7,18.3,0.0,12.4,,1.0,1.0,1.0,1.0,1.0,1.0,1.0,1.0,1.0,1.0,1.0,1.0,1.0,1.0,1.0,1.0,1.0,1.0,1.0,1.0,1.0,1.0,1.0,1.0,1.0,1.0,1.0,1.0,1.0,1.0,0.0
2648014,1,01/09/1975,1,18.3,112.3,28.0,15.0,1.0,1,0.0,2057.3,1.0,0.0,0.0,0.0,0.0,0.0,0.0,13.0,0.0,2.0,0.0,0.0,9.0,0.0,0.0,0.0,4.0,3.0,12.0,3.0,3.0,6.0,12.0,5.4,0.5,0.0,0.0,8.7,18.3,0.0,12.4,,1.0,1.0,1.0,1.0,1.0,1.0,1.0,1.0,1.0,1.0,1.0,1.0,1.0,1.0,1.0,1.0,1.0,1.0,1.0,1.0,1.0,1.0,1.0,1.0,1.0,1.0,1.0,1.0,1.0,1.0,0.0
2648014,2,01/08/1975,1,62.0,177.6,31.0,8.0,1.0,1,0.0,1875.8,2.0,0.0,0.0,0.0,0.0,16.0,33.0,12.0,31.0,11.0,2.0,0.0,0.0,0.0,0.0,0.0,0.0,10.6,0.0,0.0,0.0,0.0,0.0,0.0,0.0,0.0,0.0,0.0,0.0,0.0,0.0,62.0,1.0,1.0,1.0,1.0,1.0,1.0,1.0,1.0,1.0,1.0,1.0,1.0,1.0,1.0,1.0,1.0,1.0,1.0,1.0,1.0,1.0,1.0,1.0,1.0,1.0,1.0,1.0,1.0,1.0,1.0,1.0
2648014,1,01/08/1975,1,62.0,177.6,31.0,8.0,1.0,1,0.0,2057.3,1.0,0.0,0.0,0.0,0.0,16.0,33.0,12.0,31.0,11.0,2.0,0.0,0.0,0.0,0.0,0.0,0.0,10.6,0.0,0.0,0.0,0.0,0.0,0.0,0.0,0.0,0.0,0.0,0.0,0.0,0.0,62.0,1.0,1.0,1.0,1.0,1.0,1.0,1.0,1.0,1.0,1.0,1.0,1.0,1.0,1.0,1.0,1.0,1.0,1.0,1.0,1.0,1.0,1.0,1.0,1.0,1.0,1.0,1.0,1.0,1.0,1.0,1.0
2648014,2,01/07/1975,1,42.0,81.5,16.0,5.0,1.0,1,0.0,1875.8,2.0,7.5,0.0,0.0,0.0,15.0,0.0,0.0,0.0,0.0,0.0,0.0,0.0,0.0,0.0,16.0,42.0,0.0,0.0,0.0,0.0,0.0,1.0,0.0,0.0,0.0,0.0,0.0,0.0,0.0,0.0,0.0,1.0,1.0,1.0,1.0,1.0,1.0,1.0,1.0,1.0,1.0,1.0,1.0,1.0,1.0,1.0,1.0,1.0,1.0,1.0,1.0,1.0,1.0,1.0,1.0,1.0,1.0,1.0,1.0,1.0,1.0,1.0
2648014,1,01/07/1975,1,42.0,81.5,16.0,5.0,1.0,1,0.0,2057.3,1.0,7.5,0.0,0.0,0.0,15.0,0.0,0.0,0.0,0.0,0.0,0.0,0.0,0.0,0.0,16.0,42.0,0.0,0.0,0.0,0.0,0.0,1.0,0.0,0.0,0.0,0.0,0.0,0.0,0.0,0.0,0.0,1.0,1.0,1.0,1.0,1.0,1.0,1.0,1.0,1.0,1.0,1.0,1.0,1.0,1.0,1.0,1.0,1.0,1.0,1.0,1.0,1.0,1.0,1.0,1.0,1.0,1.0,1.0,1.0,1.0,1.0,1.0
2648014,2,01/06/1975,1,32.0,87.9,23.0,14.0,1.0,1,0.0,1875.8,2.0,7.0,8.5,10.0,0.5,1.5,0.0,0.0,0.0,0.0,0.0,0.0,2.0,0.0,0.0,0.0,2.5,5.0,2.0,1.0,1.5,0.0,7.4,32.0,0.0,7.0,0.0,0.0,0.0,0.0,0.0,,1.0,1.0,1.0,1.0,1.0,1.0,1.0,1.0,1.0,1.0,1.0,1.0,1.0,1.0,1.0,1.0,1.0,1.0,1.0,1.0,1.0,1.0,1.0,1.0,1.0,1.0,1.0,1.0,1.0,1.0,0.0
2648014,1,01/06/1975,1,32.0,87.9,23.0,14.0,1.0,1,0.0,2057.3,1.0,7.0,8.5,10.0,0.5,1.5,0.0,0.0,0.0,0.0,0.0,0.0,2.0,0.0,0.0,0.0,2.5,5.0,2.0,1.0,1.5,0.0,7.4,32.0,0.0,7.0,0.0,0.0,0.0,0.0,0.0,,1.0,1.0,1.0,1.0,1.0,1.0,1.0,1.0,1.0,1.0,1.0,1.0,1.0,1.0,1.0,1.0,1.0,1.0,1.0,1.0,1.0,1.0,1.0,1.0,1.0,1.0,1.0,1.0,1.0,1.0,0.0
2648014,2,01/05/1975,1,,94.0,,,0.0,2,0.0,1875.8,2.0,,,,,,,,,,,,,,,,,,2.5,1.0,25.0,3.0,0.0,0.0,0.0,14.0,2.0,0.0,0.0,0.0,0.0,0.0,0.0,0.0,0.0,0.0,0.0,0.0,0.0,0.0,0.0,0.0,0.0,0.0,0.0,0.0,0.0,0.0,0.0,1.0,1.0,1.0,1.0,1.0,1.0,1.0,1.0,1.0,1.0,1.0,1.0,1.0,1.0
2648014,1,01/05/1975,1,120.0,275.5,17.0,14.0,1.0,1,0.0,2057.3,1.0,19.0,2.0,0.0,0.0,0.0,0.0,1.0,2.0,0.0,0.0,0.0,0.0,0.0,1.0,13.0,70.0,120.0,2.5,1.0,25.0,3.0,0.0,0.0,0.0,14.0,2.0,0.0,0.0,0.0,0.0,0.0,1.0,1.0,1.0,1.0,1.0,1.0,1.0,1.0,1.0,1.0,1.0,1.0,1.0,1.0,1.0,1.0,1.0,1.0,1.0,1.0,1.0,1.0,1.0,1.0,1.0,1.0,1.0,1.0,1.0,1.0,1.0
2648014,2,01/04/1975,1,23.0,125.6,14.0,12.0,1.0,1,0.0,1875.8,2.0,0.0,3.5,22.0,4.5,10.0,13.5,15.6,4.0,4.5,0.0,15.0,0.0,0.0,23.0,5.0,0.0,0.0,0.0,0.0,0.0,0.0,0.0,5.0,0.0,0.0,0.0,0.0,0.0,0.0,0.0,,1.0,1.0,1.0,1.0,1.0,1.0,1.0,1.0,1.0,1.0,1.0,1.0,1.0,1.0,1.0,1.0,1.0,1.0,1.0,1.0,1.0,1.0,1.0,1.0,1.0,1.0,1.0,1.0,1.0,1.0,0.0
2648014,1,01/04/1975,1,23.0,125.6,14.0,12.0,1.0,1,0.0,2057.3,1.0,0.0,3.5,22.0,4.5,10.0,13.5,15.6,4.0,4.5,0.0,15.0,0.0,0.0,23.0,5.0,0.0,0.0,0.0,0.0,0.0,0.0,0.0,5.0,0.0,0.0,0.0,0.0,0.0,0.0,0.0,,1.0,1.0,1.0,1.0,1.0,1.0,1.0,1.0,1.0,1.0,1.0,1.0,1.0,1.0,1.0,1.0,1.0,1.0,1.0,1.0,1.0,1.0,1.0,1.0,1.0,1.0,1.0,1.0,1.0,1.0,0.0
2648014,2,01/03/1975,1,34.0,157.0,17.0,16.0,1.0,1,0.0,1875.8,2.0,0.0,0.0,14.5,14.1,0.0,2.0,16.0,6.0,0.0,0.0,0.0,4.5,8.0,0.0,0.0,5.0,34.0,8.4,7.0,7.0,1.0,0.0,2.5,0.0,0.0,0.0,3.0,0.0,24.0,0.0,0.0,1.0,1.0,1.0,1.0,1.0,1.0,1.0,1.0,1.0,1.0,1.0,1.0,1.0,1.0,1.0,1.0,1.0,1.0,1.0,1.0,1.0,1.0,1.0,1.0,1.0,1.0,1.0,1.0,1.0,1.0,1.0
2648014,1,01/03/1975,1,34.0,157.0,17.0,16.0,1.0,1,0.0,2057.3,1.0,0.0,0.0,14.5,14.1,0.0,2.0,16.0,6.0,0.0,0.0,0.0,4.5,8.0,0.0,0.0,5.0,34.0,8.4,7.0,7.0,1.0,0.0,2.5,0.0,0.0,0.0,3.0,0.0,24.0,0.0,0.0,1.0,1.0,1.0,1.0,1.0,1.0,1.0,1.0,1.0,1.0,1.0,1.0,1.0,1.0,1.0,1.0,1.0,1.0,1.0,1.0,1.0,1.0,1.0,1.0,1.0,1.0,1.0,1.0,1.0,1.0,1.0
2648014,2,01/02/1975,1,37.6,154.2,8.0,11.0,1.0,1,0.0,1875.8,2.0,0.0,19.0,0.0,1.6,0.0,4.0,0.0,37.6,0.0,0.0,0.0,0.0,0.0,0.0,0.0,0.0,13.0,7.0,0.0,6.0,0.0,0.0,0.0,4.0,9.0,29.0,24.0,0.0,,,,1.0,1.0,1.0,1.0,1.0,1.0,1.0,1.0,1.0,1.0,1.0,1.0,1.0,1.0,1.0,1.0,1.0,1.0,1.0,1.0,1.0,1.0,1.0,1.0,1.0,1.0,1.0,1.0,0.0,0.0,0.0
2648014,1,01/02/1975,1,37.6,154.2,8.0,11.0,1.0,1,0.0,2057.3,1.0,0.0,19.0,0.0,1.6,0.0,4.0,0.0,37.6,0.0,0.0,0.0,0.0,0.0,0.0,0.0,0.0,13.0,7.0,0.0,6.0,0.0,0.0,0.0,4.0,9.0,29.0,24.0,0.0,,,,1.0,1.0,1.0,1.0,1.0,1.0,1.0,1.0,1.0,1.0,1.0,1.0,1.0,1.0,1.0,1.0,1.0,1.0,1.0,1.0,1.0,1.0,1.0,1.0,1.0,1.0,1.0,1.0,0.0,0.0,0.0
2648014,2,01/01/1975,1,148.0,254.0,7.0,11.0,1.0,1,0.0,1875.8,2.0,0.0,5.0,0.0,0.0,0.0,39.0,148.0,0.0,3.0,0.0,0.0,17.0,0.0,0.0,0.0,11.0,0.0,3.0,0.0,0.0,0.0,0.0,0.0,0.0,0.0,0.0,18.0,8.0,1.0,1.0,0.0,1.0,1.0,1.0,1.0,1.0,1.0,1.0,1.0,1.0,1.0,1.0,1.0,1.0,1.0,1.0,1.0,1.0,1.0,1.0,1.0,1.0,1.0,1.0,1.0,1.0,1.0,1.0,1.0,1.0,1.0,1.0
2648014,1,01/01/1975,1,148.0,254.0,7.0,11.0,1.0,1,0.0,2057.3,1.0,0.0,5.0,0.0,0.0,0.0,39.0,148.0,0.0,3.0,0.0,0.0,17.0,0.0,0.0,0.0,11.0,0.0,3.0,0.0,0.0,0.0,0.0,0.0,0.0,0.0,0.0,18.0,8.0,1.0,1.0,0.0,1.0,1.0,1.0,1.0,1.0,1.0,1.0,1.0,1.0,1.0,1.0,1.0,1.0,1.0,1.0,1.0,1.0,1.0,1.0,1.0,1.0,1.0,1.0,1.0,1.0,1.0,1.0,1.0,1.0,1.0,1.0
2648014,2,01/12/1974,1,52.0,174.0,31.0,14.0,1.0,1,0.0,1919.9,3.0,0.0,0.0,11.0,0.0,1.0,0.0,0.0,0.0,0.0,18.0,0.0,0.0,2.0,0.0,2.0,0.0,0.0,28.0,20.0,8.0,0.0,14.0,0.0,0.0,5.0,2.0,0.0,8.0,3.0,0.0,52.0,1.0,1.0,1.0,1.0,1.0,1.0,1.0,1.0,1.0,1.0,1.0,1.0,1.0,1.0,1.0,1.0,1.0,1.0,1.0,1.0,1.0,1.0,1.0,1.0,1.0,1.0,1.0,1.0,1.0,1.0,1.0
2648014,1,01/12/1974,1,52.0,174.0,31.0,14.0,1.0,1,0.0,1919.9,1.0,0.0,0.0,11.0,0.0,1.0,0.0,0.0,0.0,0.0,18.0,0.0,0.0,2.0,0.0,2.0,0.0,0.0,28.0,20.0,8.0,0.0,14.0,0.0,0.0,5.0,2.0,0.0,8.0,3.0,0.0,52.0,1.0,1.0,1.0,1.0,1.0,1.0,1.0,1.0,1.0,1.0,1.0,1.0,1.0,1.0,1.0,1.0,1.0,1.0,1.0,1.0,1.0,1.0,1.0,1.0,1.0,1.0,1.0,1.0,1.0,1.0,1.0
2648014,2,01/11/1974,1,60.0,136.0,6.0,8.0,1.0,1,0.0,1919.9,3.0,0.0,0.0,0.0,0.0,0.0,60.0,0.0,0.0,0.0,0.0,0.0,0.0,6.0,0.0,0.0,0.0,0.0,0.0,0.0,20.0,0.0,9.0,6.0,0.0,0.0,0.0,16.0,17.0,2.0,0.0,,1.0,1.0,1.0,1.0,1.0,1.0,1.0,1.0,1.0,1.0,1.0,1.0,1.0,1.0,1.0,1.0,1.0,1.0,1.0,1.0,1.0,1.0,1.0,1.0,1.0,1.0,1.0,1.0,1.0,1.0,0.0
2648014,1,01/11/1974,1,60.0,136.0,6.0,8.0,1.0,1,0.0,1919.9,1.0,0.0,0.0,0.0,0.0,0.0,60.0,0.0,0.0,0.0,0.0,0.0,0.0,6.0,0.0,0.0,0.0,0.0,0.0,0.0,20.0,0.0,9.0,6.0,0.0,0.0,0.0,16.0,17.0,2.0,0.0,,1.0,1.0,1.0,1.0,1.0,1.0,1.0,1.0,1.0,1.0,1.0,1.0,1.0,1.0,1.0,1.0,1.0,1.0,1.0,1.0,1.0,1.0,1.0,1.0,1.0,1.0,1.0,1.0,1.0,1.0,0.0
2648014,2,01/10/1974,1,30.0,97.3,26.0,9.0,1.0,1,0.0,1919.9,3.0,0.0,2.0,0.0,6.0,6.4,0.0,0.0,0.0,0.0,0.0,0.0,0.0,0.0,0.0,0.0,0.0,2.0,0.0,0.0,0.0,0.0,0.0,0.0,22.6,2.0,30.0,21.0,0.0,0.0,5.3,0.0,1.0,1.0,1.0,1.0,1.0,1.0,1.0,1.0,1.0,1.0,1.0,1.0,1.0,1.0,1.0,1.0,1.0,1.0,1.0,1.0,1.0,1.0,1.0,1.0,1.0,1.0,1.0,1.0,1.0,1.0,1.0
2648014,1,01/10/1974,1,30.0,97.3,26.0,9.0,1.0,1,0.0,1919.9,1.0,0.0,2.0,0.0,6.0,6.4,0.0,0.0,0.0,0.0,0.0,0.0,0.0,0.0,0.0,0.0,0.0,2.0,0.0,0.0,0.0,0.0,0.0,0.0,22.6,2.0,30.0,21.0,0.0,0.0,5.3,0.0,1.0,1.0,1.0,1.0,1.0,1.0,1.0,1.0,1.0,1.0,1.0,1.0,1.0,1.0,1.0,1.0,1.0,1.0,1.0,1.0,1.0,1.0,1.0,1.0,1.0,1.0,1.0,1.0,1.0,1.0,1.0
2648014,2,01/09/1974,1,21.3,63.3,1.0,10.0,1.0,1,0.0,1919.9,3.0,21.3,1.0,2.0,1.5,0.3,18.0,2.2,2.0,0.0,0.0,0.0,0.0,0.0,0.0,0.0,0.0,0.0,0.0,0.0,0.0,0.0,0.0,0.0,0.0,0.0,0.0,12.0,3.0,0.0,0.0,,1.0,1.0,1.0,1.0,1.0,1.0,1.0,1.0,1.0,1.0,1.0,1.0,1.0,1.0,1.0,1.0,1.0,1.0,1.0,1.0,1.0,1.0,1.0,1.0,1.0,1.0,1.0,1.0,1.0,1.0,0.0
2648014,1,01/09/1974,1,21.3,63.3,1.0,10.0,1.0,1,0.0,1919.9,1.0,21.3,1.0,2.0,1.5,0.3,18.0,2.2,2.0,0.0,0.0,0.0,0.0,0.0,0.0,0.0,0.0,0.0,0.0,0.0,0.0,0.0,0.0,0.0,0.0,0.0,0.0,12.0,3.0,0.0,0.0,,1.0,1.0,1.0,1.0,1.0,1.0,1.0,1.0,1.0,1.0,1.0,1.0,1.0,1.0,1.0,1.0,1.0,1.0,1.0,1.0,1.0,1.0,1.0,1.0,1.0,1.0,1.0,1.0,1.0,1.0,0.0
2648014,2,01/08/1974,1,27.0,36.5,31.0,4.0,1.0,1,0.0,1919.9,3.0,0.0,0.0,0.0,0.0,0.0,0.0,0.0,0.0,0.0,0.0,0.0,0.0,0.0,0.0,0.0,0.0,0.0,0.0,0.0,0.0,0.0,0.0,0.0,0.0,0.0,0.0,0.1,3.4,6.0,0.0,27.0,1.0,1.0,1.0,1.0,1.0,1.0,1.0,1.0,1.0,1.0,1.0,1.0,1.0,1.0,1.0,1.0,1.0,1.0,1.0,1.0,1.0,1.0,1.0,1.0,1.0,1.0,1.0,1.0,1.0,1.0,1.0
2648014,1,01/08/1974,1,27.0,36.5,31.0,4.0,1.0,1,0.0,1919.9,1.0,0.0,0.0,0.0,0.0,0.0,0.0,0.0,0.0,0.0,0.0,0.0,0.0,0.0,0.0,0.0,0.0,0.0,0.0,0.0,0.0,0.0,0.0,0.0,0.0,0.0,0.0,0.1,3.4,6.0,0.0,27.0,1.0,1.0,1.0,1.0,1.0,1.0,1.0,1.0,1.0,1.0,1.0,1.0,1.0,1.0,1.0,1.0,1.0,1.0,1.0,1.0,1.0,1.0,1.0,1.0,1.0,1.0,1.0,1.0,1.0,1.0,1.0
2648014,2,01/07/1974,1,120.0,242.2,22.0,11.0,1.0,1,0.0,1919.9,3.0,0.0,0.0,0.0,0.0,0.5,0.1,0.0,0.0,0.0,0.0,0.0,0.0,0.0,0.0,0.0,0.0,0.0,0.0,3.0,7.0,21.0,120.0,36.5,24.0,27.0,0.0,0.0,0.0,0.1,0.0,3.0,1.0,1.0,1.0,1.0,1.0,1.0,1.0,1.0,1.0,1.0,1.0,1.0,1.0,1.0,1.0,1.0,1.0,1.0,1.0,1.0,1.0,1.0,1.0,1.0,1.0,1.0,1.0,1.0,1.0,1.0,1.0
2648014,1,01/07/1974,1,120.0,242.2,22.0,11.0,1.0,1,0.0,1919.9,1.0,0.0,0.0,0.0,0.0,0.5,0.1,0.0,0.0,0.0,0.0,0.0,0.0,0.0,0.0,0.0,0.0,0.0,0.0,3.0,7.0,21.0,120.0,36.5,24.0,27.0,0.0,0.0,0.0,0.1,0.0,3.0,1.0,1.0,1.0,1.0,1.0,1.0,1.0,1.0,1.0,1.0,1.0,1.0,1.0,1.0,1.0,1.0,1.0,1.0,1.0,1.0,1.0,1.0,1.0,1.0,1.0,1.0,1.0,1.0,1.0,1.0,1.0
2648014,2,01/06/1974,1,24.0,79.6,25.0,12.0,1.0,1,0.0,1919.9,3.0,0.0,0.0,0.0,0.0,0.0,0.0,16.4,3.0,0.0,8.0,1.0,0.0,0.0,0.0,0.0,4.0,0.0,4.0,1.6,1.0,7.6,0.0,0.0,0.0,24.0,7.0,0.0,2.0,0.0,0.0,,1.0,1.0,1.0,1.0,1.0,1.0,1.0,1.0,1.0,1.0,1.0,1.0,1.0,1.0,1.0,1.0,1.0,1.0,1.0,1.0,1.0,1.0,1.0,1.0,1.0,1.0,1.0,1.0,1.0,1.0,0.0
2648014,1,01/06/1974,1,24.0,79.6,25.0,12.0,1.0,1,0.0,1919.9,1.0,0.0,0.0,0.0,0.0,0.0,0.0,16.4,3.0,0.0,8.0,1.0,0.0,0.0,0.0,0.0,4.0,0.0,4.0,1.6,1.0,7.6,0.0,0.0,0.0,24.0,7.0,0.0,2.0,0.0,0.0,,1.0,1.0,1.0,1.0,1.0,1.0,1.0,1.0,1.0,1.0,1.0,1.0,1.0,1.0,1.0,1.0,1.0,1.0,1.0,1.0,1.0,1.0,1.0,1.0,1.0,1.0,1.0,1.0,1.0,1.0,0.0
2648014,2,01/05/1974,1,20.0,51.8,26.0,9.0,1.0,1,0.0,1919.9,3.0,7.0,0.0,0.0,0.0,0.0,0.0,0.0,0.5,6.0,0.0,0.1,0.0,3.5,0.0,0.0,0.0,0.0,0.3,14.3,0.0,0.0,0.0,0.0,0.1,0.0,20.0,0.0,0.0,0.0,0.0,0.0,1.0,1.0,1.0,1.0,1.0,1.0,1.0,1.0,1.0,1.0,1.0,1.0,1.0,1.0,1.0,1.0,1.0,1.0,1.0,1.0,1.0,1.0,1.0,1.0,1.0,1.0,1.0,1.0,1.0,1.0,1.0
2648014,1,01/05/1974,1,20.0,51.8,26.0,9.0,1.0,1,0.0,1919.9,1.0,7.0,0.0,0.0,0.0,0.0,0.0,0.0,0.5,6.0,0.0,0.1,0.0,3.5,0.0,0.0,0.0,0.0,0.3,14.3,0.0,0.0,0.0,0.0,0.1,0.0,20.0,0.0,0.0,0.0,0.0,0.0,1.0,1.0,1.0,1.0,1.0,1.0,1.0,1.0,1.0,1.0,1.0,1.0,1.0,1.0,1.0,1.0,1.0,1.0,1.0,1.0,1.0,1.0,1.0,1.0,1.0,1.0,1.0,1.0,1.0,1.0,1.0
2648014,2,01/04/1974,1,21.0,70.1,26.0,10.0,1.0,1,0.0,1919.9,3.0,0.0,15.7,0.1,5.6,0.0,0.0,0.0,0.0,0.0,0.0,11.6,0.0,0.0,0.0,0.0,0.0,0.1,0.0,0.0,0.0,3.7,0.0,0.0,1.2,6.6,21.0,0.0,0.0,4.5,0.0,,1.0,1.0,1.0,1.0,1.0,1.0,1.0,1.0,1.0,1.0,1.0,1.0,1.0,1.0,1.0,1.0,1.0,1.0,1.0,1.0,1.0,1.0,1.0,1.0,1.0,1.0,1.0,1.0,1.0,1.0,0.0
2648014,1,01/04/1974,1,21.0,70.1,26.0,10.0,1.0,1,0.0,1919.9,1.0,0.0,15.7,0.1,5.6,0.0,0.0,0.0,0.0,0.0,0.0,11.6,0.0,0.0,0.0,0.0,0.0,0.1,0.0,0.0,0.0,3.7,0.0,0.0,1.2,6.6,21.0,0.0,0.0,4.5,0.0,,1.0,1.0,1.0,1.0,1.0,1.0,1.0,1.0,1.0,1.0,1.0,1.0,1.0,1.0,1.0,1.0,1.0,1.0,1.0,1.0,1.0,1.0,1.0,1.0,1.0,1.0,1.0,1.0,1.0,1.0,0.0
2648014,2,01/03/1974,1,124.0,481.0,16.0,17.0,1.0,1,0.0,1919.9,3.0,42.0,0.0,0.0,30.0,3.0,32.0,15.0,8.0,10.0,0.0,18.0,35.0,36.0,0.0,0.0,124.0,0.0,1.0,0.0,10.0,13.5,17.5,61.0,0.0,25.0,0.0,0.0,0.0,0.0,0.0,0.0,1.0,1.0,1.0,1.0,1.0,1.0,1.0,1.0,1.0,1.0,1.0,1.0,1.0,1.0,1.0,1.0,1.0,1.0,1.0,1.0,1.0,1.0,1.0,1.0,1.0,1.0,1.0,1.0,1.0,1.0,1.0
2648014,1,01/03/1974,1,124.0,481.0,16.0,17.0,1.0,1,0.0,1919.9,1.0,42.0,0.0,0.0,30.0,3.0,32.0,15.0,8.0,10.0,0.0,18.0,35.0,36.0,0.0,0.0,124.0,0.0,1.0,0.0,10.0,13.5,17.5,61.0,0.0,25.0,0.0,0.0,0.0,0.0,0.0,0.0,1.0,1.0,1.0,1.0,1.0,1.0,1.0,1.0,1.0,1.0,1.0,1.0,1.0,1.0,1.0,1.0,1.0,1.0,1.0,1.0,1.0,1.0,1.0,1.0,1.0,1.0,1.0,1.0,1.0,1.0,1.0
2648014,2,01/02/1974,1,33.0,185.0,24.0,12.0,1.0,1,0.0,1919.9,3.0,9.5,3.0,6.0,0.0,0.0,0.0,0.0,0.0,0.0,0.0,0.0,0.0,0.0,0.0,0.0,20.0,24.0,0.0,2.0,4.5,18.0,25.0,32.0,33.0,0.0,8.0,0.0,0.0,,,,1.0,1.0,1.0,1.0,1.0,1.0,1.0,1.0,1.0,1.0,1.0,1.0,1.0,1.0,1.0,1.0,1.0,1.0,1.0,1.0,1.0,1.0,1.0,1.0,1.0,1.0,1.0,1.0,0.0,0.0,0.0
2648014,1,01/02/1974,1,33.0,185.0,24.0,12.0,1.0,1,0.0,1919.9,1.0,9.5,3.0,6.0,0.0,0.0,0.0,0.0,0.0,0.0,0.0,0.0,0.0,0.0,0.0,0.0,20.0,24.0,0.0,2.0,4.5,18.0,25.0,32.0,33.0,0.0,8.0,0.0,0.0,,,,1.0,1.0,1.0,1.0,1.0,1.0,1.0,1.0,1.0,1.0,1.0,1.0,1.0,1.0,1.0,1.0,1.0,1.0,1.0,1.0,1.0,1.0,1.0,1.0,1.0,1.0,1.0,1.0,0.0,0.0,0.0
2648014,2,01/01/1974,1,82.0,303.1,8.0,20.0,1.0,3,0.0,1919.9,3.0,15.0,4.0,6.5,4.0,0.0,0.0,20.0,82.0,1.0,4.5,0.0,0.0,7.5,28.5,0.0,13.0,14.5,2.6,9.5,1.5,0.0,1.0,0.0,0.0,0.0,0.0,13.0,2.0,65.0,8.0,0.0,1.0,1.0,1.0,1.0,1.0,1.0,1.0,1.0,1.0,1.0,1.0,1.0,1.0,1.0,1.0,1.0,1.0,1.0,1.0,1.0,1.0,1.0,1.0,1.0,1.0,1.0,1.0,1.0,1.0,1.0,1.0
2648014,1,01/01/1974,1,82.0,303.1,8.0,20.0,1.0,1,0.0,1919.9,1.0,15.0,4.0,6.5,4.0,0.0,0.0,20.0,82.0,1.0,4.5,0.0,0.0,7.5,28.5,0.0,13.0,14.5,2.6,9.5,1.5,0.0,1.0,0.0,0.0,0.0,0.0,13.0,2.0,65.0,8.0,0.0,1.0,1.0,1.0,1.0,1.0,1.0,1.0,1.0,1.0,1.0,1.0,1.0,1.0,1.0,1.0,1.0,1.0,1.0,1.0,1.0,1.0,1.0,1.0,1.0,1.0,1.0,1.0,1.0,1.0,1.0,1.0
2648014,2,01/12/1973,1,66.0,232.0,19.0,21.0,1.0,1,0.0,2023.4,1.0,0.0,0.0,3.7,13.0,8.5,3.5,10.4,8.6,10.5,2.5,1.3,0.0,0.0,0.0,0.0,16.0,0.0,0.0,66.0,0.0,6.5,4.5,11.4,28.6,10.0,3.5,2.5,5.0,4.0,0.0,12.0,1.0,1.0,1.0,1.0,1.0,1.0,1.0,1.0,1.0,1.0,1.0,1.0,1.0,1.0,1.0,1.0,1.0,1.0,1.0,1.0,1.0,1.0,1.0,1.0,1.0,1.0,1.0,1.0,1.0,1.0,1.0
2648014,1,01/12/1973,1,66.0,232.0,19.0,21.0,1.0,1,0.0,2023.4,1.0,0.0,0.0,3.7,13.0,8.5,3.5,10.4,8.6,10.5,2.5,1.3,0.0,0.0,0.0,0.0,16.0,0.0,0.0,66.0,0.0,6.5,4.5,11.4,28.6,10.0,3.5,2.5,5.0,4.0,0.0,12.0,1.0,1.0,1.0,1.0,1.0,1.0,1.0,1.0,1.0,1.0,1.0,1.0,1.0,1.0,1.0,1.0,1.0,1.0,1.0,1.0,1.0,1.0,1.0,1.0,1.0,1.0,1.0,1.0,1.0,1.0,1.0
2648014,2,01/11/1973,1,64.0,135.0,17.0,13.0,1.0,1,0.0,2023.4,1.0,10.0,12.0,0.0,5.5,0.0,6.5,0.0,2.5,0.0,2.0,2.0,6.0,4.5,5.5,4.0,0.0,64.0,0.0,0.0,0.0,0.0,0.0,0.0,10.5,0.0,0.0,0.0,0.0,0.0,0.0,,1.0,1.0,1.0,1.0,1.0,1.0,1.0,1.0,1.0,1.0,1.0,1.0,1.0,1.0,1.0,1.0,1.0,1.0,1.0,1.0,1.0,1.0,1.0,1.0,1.0,1.0,1.0,1.0,1.0,1.0,0.0
2648014,1,01/11/1973,1,64.0,135.0,17.0,13.0,1.0,1,0.0,2023.4,1.0,10.0,12.0,0.0,5.5,0.0,6.5,0.0,2.5,0.0,2.0,2.0,6.0,4.5,5.5,4.0,0.0,64.0,0.0,0.0,0.0,0.0,0.0,0.0,10.5,0.0,0.0,0.0,0.0,0.0,0.0,,1.0,1.0,1.0,1.0,1.0,1.0,1.0,1.0,1.0,1.0,1.0,1.0,1.0,1.0,1.0,1.0,1.0,1.0,1.0,1.0,1.0,1.0,1.0,1.0,1.0,1.0,1.0,1.0,1.0,1.0,0.0
2648014,2,01/10/1973,1,28.0,94.5,11.0,12.0,1.0,1,0.0,2023.4,1.0,12.5,5.0,5.5,0.0,0.0,0.0,0.0,0.0,6.5,3.5,28.0,0.5,0.0,0.0,0.0,0.0,0.0,0.0,0.0,0.0,0.0,0.0,12.5,1.0,2.5,0.0,11.0,6.0,0.0,0.0,0.0,1.0,1.0,1.0,1.0,1.0,1.0,1.0,1.0,1.0,1.0,1.0,1.0,1.0,1.0,1.0,1.0,1.0,1.0,1.0,1.0,1.0,1.0,1.0,1.0,1.0,1.0,1.0,1.0,1.0,1.0,1.0
2648014,1,01/10/1973,1,28.0,94.5,11.0,12.0,1.0,1,0.0,2023.4,1.0,12.5,5.0,5.5,0.0,0.0,0.0,0.0,0.0,6.5,3.5,28.0,0.5,0.0,0.0,0.0,0.0,0.0,0.0,0.0,0.0,0.0,0.0,12.5,1.0,2.5,0.0,11.0,6.0,0.0,0.0,0.0,1.0,1.0,1.0,1.0,1.0,1.0,1.0,1.0,1.0,1.0,1.0,1.0,1.0,1.0,1.0,1.0,1.0,1.0,1.0,1.0,1.0,1.0,1.0,1.0,1.0,1.0,1.0,1.0,1.0,1.0,1.0
2648014,2,01/09/1973,1,35.0,178.9,20.0,20.0,1.0,1,0.0,2023.4,1.0,0.0,0.0,1.7,0.0,0.0,4.5,1.2,0.0,0.0,7.0,19.6,11.3,15.0,20.3,3.2,3.1,0.6,0.0,22.0,35.0,6.2,0.0,0.0,6.0,8.2,0.0,2.0,3.0,2.0,7.0,,1.0,1.0,1.0,1.0,1.0,1.0,1.0,1.0,1.0,1.0,1.0,1.0,1.0,1.0,1.0,1.0,1.0,1.0,1.0,1.0,1.0,1.0,1.0,1.0,1.0,1.0,1.0,1.0,1.0,1.0,0.0
2648014,1,01/09/1973,1,35.0,178.9,20.0,20.0,1.0,1,0.0,2023.4,1.0,0.0,0.0,1.7,0.0,0.0,4.5,1.2,0.0,0.0,7.0,19.6,11.3,15.0,20.3,3.2,3.1,0.6,0.0,22.0,35.0,6.2,0.0,0.0,6.0,8.2,0.0,2.0,3.0,2.0,7.0,,1.0,1.0,1.0,1.0,1.0,1.0,1.0,1.0,1.0,1.0,1.0,1.0,1.0,1.0,1.0,1.0,1.0,1.0,1.0,1.0,1.0,1.0,1.0,1.0,1.0,1.0,1.0,1.0,1.0,1.0,0.0
2648014,2,01/08/1973,1,51.0,212.9,21.0,12.0,1.0,1,0.0,2023.4,1.0,0.0,0.0,0.0,0.0,0.0,0.0,0.0,0.0,0.0,2.6,4.5,20.1,0.0,0.0,0.0,0.0,0.0,0.0,0.0,7.0,51.0,18.0,10.0,4.0,12.0,35.0,37.5,11.2,0.0,0.0,0.0,1.0,1.0,1.0,1.0,1.0,1.0,1.0,1.0,1.0,1.0,1.0,1.0,1.0,1.0,1.0,1.0,1.0,1.0,1.0,1.0,1.0,1.0,1.0,1.0,1.0,1.0,1.0,1.0,1.0,1.0,1.0
2648014,1,01/08/1973,1,51.0,212.9,21.0,12.0,1.0,1,0.0,2023.4,1.0,0.0,0.0,0.0,0.0,0.0,0.0,0.0,0.0,0.0,2.6,4.5,20.1,0.0,0.0,0.0,0.0,0.0,0.0,0.0,7.0,51.0,18.0,10.0,4.0,12.0,35.0,37.5,11.2,0.0,0.0,0.0,1.0,1.0,1.0,1.0,1.0,1.0,1.0,1.0,1.0,1.0,1.0,1.0,1.0,1.0,1.0,1.0,1.0,1.0,1.0,1.0,1.0,1.0,1.0,1.0,1.0,1.0,1.0,1.0,1.0,1.0,1.0
2648014,2,01/07/1973,1,72.2,149.4,21.0,8.0,1.0,1,0.0,2023.4,1.0,15.0,20.5,4.0,0.0,0.0,0.0,0.0,0.0,0.0,0.0,0.0,0.0,0.0,0.0,0.0,0.0,0.0,3.0,3.4,29.8,72.2,0.0,0.0,0.0,1.5,0.0,0.0,0.0,0.0,0.0,0.0,1.0,1.0,1.0,1.0,1.0,1.0,1.0,1.0,1.0,1.0,1.0,1.0,1.0,1.0,1.0,1.0,1.0,1.0,1.0,1.0,1.0,1.0,1.0,1.0,1.0,1.0,1.0,1.0,1.0,1.0,1.0
2648014,1,01/07/1973,1,72.2,149.4,21.0,8.0,1.0,1,0.0,2023.4,1.0,15.0,20.5,4.0,0.0,0.0,0.0,0.0,0.0,0.0,0.0,0.0,0.0,0.0,0.0,0.0,0.0,0.0,3.0,3.4,29.8,72.2,0.0,0.0,0.0,1.5,0.0,0.0,0.0,0.0,0.0,0.0,1.0,1.0,1.0,1.0,1.0,1.0,1.0,1.0,1.0,1.0,1.0,1.0,1.0,1.0,1.0,1.0,1.0,1.0,1.0,1.0,1.0,1.0,1.0,1.0,1.0,1.0,1.0,1.0,1.0,1.0,1.0
2648014,2,01/06/1973,1,53.0,140.2,17.0,7.0,1.0,1,0.0,2023.4,1.0,0.0,0.0,0.0,0.0,0.0,0.0,0.0,0.0,6.2,0.0,0.0,0.0,0.0,1.5,0.0,0.0,53.0,0.0,0.0,0.0,0.0,3.5,32.2,40.2,0.0,3.6,0.0,0.0,0.0,0.0,,1.0,1.0,1.0,1.0,1.0,1.0,1.0,1.0,1.0,1.0,1.0,1.0,1.0,1.0,1.0,1.0,1.0,1.0,1.0,1.0,1.0,1.0,1.0,1.0,1.0,1.0,1.0,1.0,1.0,1.0,0.0
2648014,1,01/06/1973,1,53.0,140.2,17.0,7.0,1.0,1,0.0,2023.4,1.0,0.0,0.0,0.0,0.0,0.0,0.0,0.0,0.0,6.2,0.0,0.0,0.0,0.0,1.5,0.0,0.0,53.0,0.0,0.0,0.0,0.0,3.5,32.2,40.2,0.0,3.6,0.0,0.0,0.0,0.0,,1.0,1.0,1.0,1.0,1.0,1.0,1.0,1.0,1.0,1.0,1.0,1.0,1.0,1.0,1.0,1.0,1.0,1.0,1.0,1.0,1.0,1.0,1.0,1.0,1.0,1.0,1.0,1.0,1.0,1.0,0.0
2648014,2,01/05/1973,1,25.0,98.9,26.0,10.0,1.0,1,0.0,2023.4,1.0,0.0,0.0,4.5,7.0,8.2,12.2,12.0,0.0,2.5,0.0,0.0,0.0,0.0,0.0,0.0,0.5,0.0,0.0,0.0,0.0,23.0,0.0,0.0,4.0,0.0,25.0,0.0,0.0,0.0,0.0,0.0,1.0,1.0,1.0,1.0,1.0,1.0,1.0,1.0,1.0,1.0,1.0,1.0,1.0,1.0,1.0,1.0,1.0,1.0,1.0,1.0,1.0,1.0,1.0,1.0,1.0,1.0,1.0,1.0,1.0,1.0,1.0
2648014,1,01/05/1973,1,25.0,98.9,26.0,10.0,1.0,1,0.0,2023.4,1.0,0.0,0.0,4.5,7.0,8.2,12.2,12.0,0.0,2.5,0.0,0.0,0.0,0.0,0.0,0.0,0.5,0.0,0.0,0.0,0.0,23.0,0.0,0.0,4.0,0.0,25.0,0.0,0.0,0.0,0.0,0.0,1.0,1.0,1.0,1.0,1.0,1.0,1.0,1.0,1.0,1.0,1.0,1.0,1.0,1.0,1.0,1.0,1.0,1.0,1.0,1.0,1.0,1.0,1.0,1.0,1.0,1.0,1.0,1.0,1.0,1.0,1.0
2648014,2,01/04/1973,1,49.0,199.0,14.0,12.0,1.0,1,0.0,2023.4,1.0,0.0,0.0,0.0,0.0,0.0,14.5,14.5,7.4,0.0,0.0,0.0,0.0,5.4,49.0,0.0,0.0,12.0,23.0,22.0,4.0,0.0,0.0,0.0,0.0,0.0,7.2,0.0,0.0,38.0,2.0,,1.0,1.0,1.0,1.0,1.0,1.0,1.0,1.0,1.0,1.0,1.0,1.0,1.0,1.0,1.0,1.0,1.0,1.0,1.0,1.0,1.0,1.0,1.0,1.0,1.0,1.0,1.0,1.0,1.0,1.0,0.0
2648014,1,01/04/1973,1,49.0,199.0,14.0,12.0,1.0,1,0.0,2023.4,1.0,0.0,0.0,0.0,0.0,0.0,14.5,14.5,7.4,0.0,0.0,0.0,0.0,5.4,49.0,0.0,0.0,12.0,23.0,22.0,4.0,0.0,0.0,0.0,0.0,0.0,7.2,0.0,0.0,38.0,2.0,,1.0,1.0,1.0,1.0,1.0,1.0,1.0,1.0,1.0,1.0,1.0,1.0,1.0,1.0,1.0,1.0,1.0,1.0,1.0,1.0,1.0,1.0,1.0,1.0,1.0,1.0,1.0,1.0,1.0,1.0,0.0
2648014,2,01/03/1973,1,53.2,137.1,9.0,11.0,1.0,1,0.0,2023.4,1.0,0.0,0.0,3.0,2.6,0.0,0.0,0.0,3.5,53.2,0.0,0.0,0.0,0.0,0.0,0.0,0.0,0.0,0.0,0.0,18.2,9.0,0.0,18.3,12.4,9.5,0.0,0.0,0.0,1.2,0.0,6.2,1.0,1.0,1.0,1.0,1.0,1.0,1.0,1.0,1.0,1.0,1.0,1.0,1.0,1.0,1.0,1.0,1.0,1.0,1.0,1.0,1.0,1.0,1.0,1.0,1.0,1.0,1.0,1.0,1.0,1.0,1.0
2648014,1,01/03/1973,1,53.2,137.1,9.0,11.0,1.0,1,0.0,2023.4,1.0,0.0,0.0,3.0,2.6,0.0,0.0,0.0,3.5,53.2,0.0,0.0,0.0,0.0,0.0,0.0,0.0,0.0,0.0,0.0,18.2,9.0,0.0,18.3,12.4,9.5,0.0,0.0,0.0,1.2,0.0,6.2,1.0,1.0,1.0,1.0,1.0,1.0,1.0,1.0,1.0,1.0,1.0,1.0,1.0,1.0,1.0,1.0,1.0,1.0,1.0,1.0,1.0,1.0,1.0,1.0,1.0,1.0,1.0,1.0,1.0,1.0,1.0
2648014,2,01/02/1973,1,66.2,150.6,19.0,11.0,1.0,1,0.0,2023.4,1.0,0.0,0.0,0.0,0.0,13.0,6.0,0.0,0.0,0.0,0.0,5.0,11.0,0.0,16.2,6.0,9.0,7.0,5.0,66.2,0.0,0.0,0.0,0.0,0.0,6.2,0.0,0.0,0.0,,,,1.0,1.0,1.0,1.0,1.0,1.0,1.0,1.0,1.0,1.0,1.0,1.0,1.0,1.0,1.0,1.0,1.0,1.0,1.0,1.0,1.0,1.0,1.0,1.0,1.0,1.0,1.0,1.0,0.0,0.0,0.0
2648014,1,01/02/1973,1,66.2,150.6,19.0,11.0,1.0,1,0.0,2023.4,1.0,0.0,0.0,0.0,0.0,13.0,6.0,0.0,0.0,0.0,0.0,5.0,11.0,0.0,16.2,6.0,9.0,7.0,5.0,66.2,0.0,0.0,0.0,0.0,0.0,6.2,0.0,0.0,0.0,,,,1.0,1.0,1.0,1.0,1.0,1.0,1.0,1.0,1.0,1.0,1.0,1.0,1.0,1.0,1.0,1.0,1.0,1.0,1.0,1.0,1.0,1.0,1.0,1.0,1.0,1.0,1.0,1.0,0.0,0.0,0.0
2648014,2,01/01/1973,1,72.4,294.9,24.0,16.0,1.0,1,0.0,2023.4,1.0,17.2,0.0,16.2,0.0,15.0,0.0,0.0,29.0,9.0,12.0,0.0,18.0,14.0,0.0,14.0,6.4,0.0,0.0,0.0,0.0,9.7,2.7,49.5,72.4,9.6,0.0,0.2,0.0,0.0,0.0,0.0,1.0,1.0,1.0,1.0,1.0,1.0,1.0,1.0,1.0,1.0,1.0,1.0,1.0,1.0,1.0,1.0,1.0,1.0,1.0,1.0,1.0,1.0,1.0,1.0,1.0,1.0,1.0,1.0,1.0,1.0,1.0
2648014,1,01/01/1973,1,72.4,294.9,24.0,16.0,1.0,1,0.0,2023.4,1.0,17.2,0.0,16.2,0.0,15.0,0.0,0.0,29.0,9.0,12.0,0.0,18.0,14.0,0.0,14.0,6.4,0.0,0.0,0.0,0.0,9.7,2.7,49.5,72.4,9.6,0.0,0.2,0.0,0.0,0.0,0.0,1.0,1.0,1.0,1.0,1.0,1.0,1.0,1.0,1.0,1.0,1.0,1.0,1.0,1.0,1.0,1.0,1.0,1.0,1.0,1.0,1.0,1.0,1.0,1.0,1.0,1.0,1.0,1.0,1.0,1.0,1.0
2648014,1,01/12/1972,1,198.0,367.7,3.0,14.0,1.0,1,0.0,3193.9,1.0,6.0,34.0,198.0,42.0,0.5,0.0,1.0,0.0,0.0,0.0,6.0,0.0,0.0,0.5,0.0,0.0,0.0,0.0,19.5,0.2,2.0,2.0,20.0,36.0,0.0,0.0,0.0,0.0,0.0,0.0,0.0,1.0,1.0,1.0,1.0,1.0,1.0,1.0,1.0,1.0,1.0,1.0,1.0,1.0,1.0,1.0,1.0,1.0,1.0,1.0,1.0,1.0,1.0,1.0,1.0,1.0,1.0,1.0,1.0,1.0,1.0,1.0
2648014,1,01/11/1972,1,56.5,277.5,10.0,16.0,1.0,1,0.0,3193.9,1.0,0.0,0.0,0.0,14.0,7.0,0.5,0.5,0.0,21.0,56.5,0.0,0.0,28.0,14.0,28.0,14.5,14.5,14.5,49.4,0.0,0.0,0.0,0.0,14.0,0.5,0.0,0.0,0.0,0.0,0.6,,1.0,1.0,1.0,1.0,1.0,1.0,1.0,1.0,1.0,1.0,1.0,1.0,1.0,1.0,1.0,1.0,1.0,1.0,1.0,1.0,1.0,1.0,1.0,1.0,1.0,1.0,1.0,1.0,1.0,1.0,0.0
2648014,1,01/10/1972,1,41.0,255.8,15.0,24.0,1.0,1,0.0,3193.9,1.0,28.0,14.0,14.0,7.0,14.0,9.0,7.0,7.0,0.0,0.0,3.0,10.0,20.0,25.0,41.0,5.0,1.0,1.0,1.0,0.0,0.0,19.0,1.0,5.0,0.0,0.0,0.0,2.0,18.0,3.5,0.3,1.0,1.0,1.0,1.0,1.0,1.0,1.0,1.0,1.0,1.0,1.0,1.0,1.0,1.0,1.0,1.0,1.0,1.0,1.0,1.0,1.0,1.0,1.0,1.0,1.0,1.0,1.0,1.0,1.0,1.0,1.0
2648014,1,01/09/1972,1,28.0,211.8,27.0,24.0,1.0,1,0.0,3193.9,1.0,0.0,1.4,1.4,7.5,0.0,0.0,0.0,7.5,7.2,7.5,14.5,14.3,5.0,14.5,5.5,1.6,18.0,2.5,1.5,0.4,4.5,14.3,6.0,24.0,0.2,24.0,28.0,0.5,0.0,0.0,,1.0,1.0,1.0,1.0,1.0,1.0,1.0,1.0,1.0,1.0,1.0,1.0,1.0,1.0,1.0,1.0,1.0,1.0,1.0,1.0,1.0,1.0,1.0,1.0,1.0,1.0,1.0,1.0,1.0,1.0,0.0
2648014,1,01/08/1972,1,36.0,151.5,27.0,9.0,1.0,1,0.0,3193.9,1.0,0.0,0.0,4.0,1.5,0.0,17.5,0.0,0.0,0.0,0.0,0.0,0.0,0.0,0.0,0.0,0.0,0.0,0.0,0.0,0.0,0.0,7.0,0.0,28.0,33.0,21.0,36.0,3.5,0.0,0.0,0.0,1.0,1.0,1.0,1.0,1.0,1.0,1.0,1.0,1.0,1.0,1.0,1.0,1.0,1.0,1.0,1.0,1.0,1.0,1.0,1.0,1.0,1.0,1.0,1.0,1.0,1.0,1.0,1.0,1.0,1.0,1.0
2648014,1,01/07/1972,1,36.3,196.0,17.0,15.0,1.0,1,0.0,3193.9,1.0,0.0,0.0,0.0,7.0,21.0,0.0,0.0,0.0,0.0,0.0,14.0,31.0,21.0,14.0,5.0,21.0,36.3,11.5,1.5,0.9,0.0,0.0,0.0,9.0,2.5,0.3,0.0,0.0,0.0,0.0,0.0,1.0,1.0,1.0,1.0,1.0,1.0,1.0,1.0,1.0,1.0,1.0,1.0,1.0,1.0,1.0,1.0,1.0,1.0,1.0,1.0,1.0,1.0,1.0,1.0,1.0,1.0,1.0,1.0,1.0,1.0,1.0
2648014,1,01/06/1972,1,63.3,261.2,18.0,13.0,1.0,1,0.0,3193.9,1.0,0.0,0.0,0.0,14.0,14.0,0.0,0.0,0.0,0.0,0.0,14.0,7.0,5.0,14.0,7.0,56.0,42.5,63.3,13.0,0.0,0.0,0.0,0.0,0.0,4.0,0.0,0.0,7.4,0.0,0.0,,1.0,1.0,1.0,1.0,1.0,1.0,1.0,1.0,1.0,1.0,1.0,1.0,1.0,1.0,1.0,1.0,1.0,1.0,1.0,1.0,1.0,1.0,1.0,1.0,1.0,1.0,1.0,1.0,1.0,1.0,0.0
2648014,1,01/05/1972,1,14.0,31.0,16.0,4.0,1.0,1,0.0,3193.9,1.0,5.0,7.0,0.0,0.0,0.0,0.0,0.0,0.0,0.0,0.0,0.0,0.0,0.0,0.0,0.0,14.0,0.0,0.0,0.0,0.0,0.0,0.0,0.0,0.0,0.0,0.0,0.0,0.0,5.0,0.0,0.0,1.0,1.0,1.0,1.0,1.0,1.0,1.0,1.0,1.0,1.0,1.0,1.0,1.0,1.0,1.0,1.0,1.0,1.0,1.0,1.0,1.0,1.0,1.0,1.0,1.0,1.0,1.0,1.0,1.0,1.0,1.0
2648014,1,01/04/1972,1,28.0,120.0,29.0,10.0,1.0,1,0.0,3193.9,1.0,14.0,14.0,0.5,0.0,0.0,0.0,0.0,0.0,0.0,0.5,14.0,0.0,0.0,0.0,14.0,0.0,0.0,14.0,0.0,0.0,0.0,0.0,0.0,0.0,0.0,0.0,14.0,0.0,28.0,7.0,,1.0,1.0,1.0,1.0,1.0,1.0,1.0,1.0,1.0,1.0,1.0,1.0,1.0,1.0,1.0,1.0,1.0,1.0,1.0,1.0,1.0,1.0,1.0,1.0,1.0,1.0,1.0,1.0,1.0,1.0,0.0
2648014,1,01/03/1972,1,70.0,382.5,30.0,13.0,1.0,1,0.0,3193.9,1.0,0.0,0.0,7.0,0.0,0.0,46.0,14.0,14.0,28.0,46.0,14.0,0.0,0.0,0.0,0.0,0.0,0.0,0.0,0.0,0.0,0.0,0.0,0.0,0.0,0.0,0.5,14.0,42.0,42.0,70.0,45.0,1.0,1.0,1.0,1.0,1.0,1.0,1.0,1.0,1.0,1.0,1.0,1.0,1.0,1.0,1.0,1.0,1.0,1.0,1.0,1.0,1.0,1.0,1.0,1.0,1.0,1.0,1.0,1.0,1.0,1.0,1.0
2648014,1,01/02/1972,1,84.0,463.0,11.0,19.0,1.0,1,0.0,3193.9,1.0,14.0,7.0,0.0,0.0,0.0,0.0,42.0,35.0,14.0,14.0,84.0,70.0,14.0,14.0,21.0,42.0,14.0,0.0,0.0,5.0,5.0,5.0,0.0,0.0,21.0,28.0,0.0,0.0,14.0,,,1.0,1.0,1.0,1.0,1.0,1.0,1.0,1.0,1.0,1.0,1.0,1.0,1.0,1.0,1.0,1.0,1.0,1.0,1.0,1.0,1.0,1.0,1.0,1.0,1.0,1.0,1.0,1.0,1.0,0.0,0.0
2648014,1,01/01/1972,1,65.0,475.9,7.0,16.0,1.0,1,0.0,3193.9,1.0,0.0,16.0,0.0,0.0,60.0,17.0,65.0,50.9,4.0,12.0,4.0,4.0,0.0,0.0,0.0,0.0,0.0,38.0,22.0,16.0,16.0,65.0,36.0,0.0,0.0,0.0,0.0,50.0,0.0,0.0,0.0,1.0,1.0,1.0,1.0,1.0,1.0,1.0,1.0,1.0,1.0,1.0,1.0,1.0,1.0,1.0,1.0,1.0,1.0,1.0,1.0,1.0,1.0,1.0,1.0,1.0,1.0,1.0,1.0,1.0,1.0,1.0
2648014,2,01/12/1971,1,23.0,53.0,2.0,3.0,1.0,1,0.0,1728.0,2.0,0.0,23.0,0.0,0.0,0.0,0.0,0.0,0.0,0.0,0.0,0.0,0.0,9.0,0.0,0.0,0.0,0.0,0.0,0.0,0.0,0.0,21.0,0.0,0.0,0.0,0.0,0.0,0.0,0.0,0.0,0.0,1.0,1.0,1.0,1.0,1.0,1.0,1.0,1.0,1.0,1.0,1.0,1.0,1.0,1.0,1.0,1.0,1.0,1.0,1.0,1.0,1.0,1.0,1.0,1.0,1.0,1.0,1.0,1.0,1.0,1.0,1.0
2648014,1,01/12/1971,1,23.0,53.0,2.0,3.0,1.0,1,0.0,1901.9,1.0,0.0,23.0,0.0,0.0,0.0,0.0,0.0,0.0,0.0,0.0,0.0,0.0,9.0,0.0,0.0,0.0,0.0,0.0,0.0,0.0,0.0,21.0,0.0,0.0,0.0,0.0,0.0,0.0,0.0,0.0,0.0,1.0,1.0,1.0,1.0,1.0,1.0,1.0,1.0,1.0,1.0,1.0,1.0,1.0,1.0,1.0,1.0,1.0,1.0,1.0,1.0,1.0,1.0,1.0,1.0,1.0,1.0,1.0,1.0,1.0,1.0,1.0
2648014,2,01/11/1971,1,35.0,70.8,26.0,6.0,1.0,1,0.0,1728.0,2.0,5.0,0.0,5.0,7.4,5.4,0.0,0.0,0.0,0.0,0.0,0.0,0.0,0.0,0.0,0.0,0.0,0.0,0.0,0.0,0.0,0.0,0.0,0.0,0.0,0.0,35.0,0.0,0.0,13.0,0.0,,1.0,1.0,1.0,1.0,1.0,1.0,1.0,1.0,1.0,1.0,1.0,1.0,1.0,1.0,1.0,1.0,1.0,1.0,1.0,1.0,1.0,1.0,1.0,1.0,1.0,1.0,1.0,1.0,1.0,1.0,0.0
2648014,1,01/11/1971,1,35.0,70.8,26.0,6.0,1.0,1,0.0,1901.9,1.0,5.0,0.0,5.0,7.4,5.4,0.0,0.0,0.0,0.0,0.0,0.0,0.0,0.0,0.0,0.0,0.0,0.0,0.0,0.0,0.0,0.0,0.0,0.0,0.0,0.0,35.0,0.0,0.0,13.0,0.0,,1.0,1.0,1.0,1.0,1.0,1.0,1.0,1.0,1.0,1.0,1.0,1.0,1.0,1.0,1.0,1.0,1.0,1.0,1.0,1.0,1.0,1.0,1.0,1.0,1.0,1.0,1.0,1.0,1.0,1.0,0.0
2648014,2,01/10/1971,1,,143.0,,,0.0,2,0.0,1728.0,2.0,0.0,0.0,0.0,0.0,0.0,,,,,,,,0.0,0.0,0.0,0.0,14.0,0.0,0.0,0.0,0.0,7.4,14.5,0.0,0.0,0.0,0.0,0.0,0.0,0.0,19.0,1.0,1.0,1.0,1.0,1.0,0.0,0.0,0.0,0.0,0.0,0.0,0.0,1.0,1.0,1.0,1.0,1.0,1.0,1.0,1.0,1.0,1.0,1.0,1.0,1.0,1.0,1.0,1.0,1.0,1.0,1.0
2648014,1,01/10/1971,1,72.5,316.9,11.0,11.0,1.0,1,0.0,1901.9,1.0,0.0,0.0,0.0,0.0,0.0,42.0,21.0,21.0,21.0,42.0,72.5,42.5,0.0,0.0,0.0,0.0,14.0,0.0,0.0,0.0,0.0,7.4,14.5,0.0,0.0,0.0,0.0,0.0,0.0,0.0,19.0,1.0,1.0,1.0,1.0,1.0,1.0,1.0,1.0,1.0,1.0,1.0,1.0,1.0,1.0,1.0,1.0,1.0,1.0,1.0,1.0,1.0,1.0,1.0,1.0,1.0,1.0,1.0,1.0,1.0,1.0,1.0
2648014,2,01/09/1971,1,31.0,169.0,6.0,8.0,1.0,1,0.0,1728.0,2.0,19.0,0.0,0.0,0.0,0.0,31.0,0.0,0.0,0.0,30.0,0.0,31.0,0.0,0.0,0.0,0.0,0.0,0.0,0.0,0.0,0.0,19.0,20.0,14.0,0.0,5.0,0.0,0.0,0.0,0.0,,1.0,1.0,1.0,1.0,1.0,1.0,1.0,1.0,1.0,1.0,1.0,1.0,1.0,1.0,1.0,1.0,1.0,1.0,1.0,1.0,1.0,1.0,1.0,1.0,1.0,1.0,1.0,1.0,1.0,1.0,0.0
2648014,1,01/09/1971,1,31.0,169.0,6.0,8.0,1.0,1,0.0,1901.9,1.0,19.0,0.0,0.0,0.0,0.0,31.0,0.0,0.0,0.0,30.0,0.0,31.0,0.0,0.0,0.0,0.0,0.0,0.0,0.0,0.0,0.0,19.0,20.0,14.0,0.0,5.0,0.0,0.0,0.0,0.0,,1.0,1.0,1.0,1.0,1.0,1.0,1.0,1.0,1.0,1.0,1.0,1.0,1.0,1.0,1.0,1.0,1.0,1.0,1.0,1.0,1.0,1.0,1.0,1.0,1.0,1.0,1.0,1.0,1.0,1.0,0.0
2648014,2,01/08/1971,1,34.0,72.3,30.0,5.0,1.0,1,0.0,1728.0,2.0,2.0,0.0,0.0,0.0,0.0,4.0,19.0,0.0,0.0,0.0,0.0,0.0,0.0,0.0,0.0,13.3,0.0,0.0,0.0,0.0,0.0,0.0,0.0,0.0,0.0,0.0,0.0,0.0,0.0,34.0,0.0,1.0,1.0,1.0,1.0,1.0,1.0,1.0,1.0,1.0,1.0,1.0,1.0,1.0,1.0,1.0,1.0,1.0,1.0,1.0,1.0,1.0,1.0,1.0,1.0,1.0,1.0,1.0,1.0,1.0,1.0,1.0
2648014,1,01/08/1971,1,34.0,72.3,30.0,5.0,1.0,1,0.0,1901.9,1.0,2.0,0.0,0.0,0.0,0.0,4.0,19.0,0.0,0.0,0.0,0.0,0.0,0.0,0.0,0.0,13.3,0.0,0.0,0.0,0.0,0.0,0.0,0.0,0.0,0.0,0.0,0.0,0.0,0.0,34.0,0.0,1.0,1.0,1.0,1.0,1.0,1.0,1.0,1.0,1.0,1.0,1.0,1.0,1.0,1.0,1.0,1.0,1.0,1.0,1.0,1.0,1.0,1.0,1.0,1.0,1.0,1.0,1.0,1.0,1.0,1.0,1.0
2648014,2,01/07/1971,1,64.0,113.7,15.0,6.0,1.0,1,0.0,1728.0,2.0,16.0,0.0,12.0,0.0,0.0,0.0,0.0,0.0,0.0,0.0,0.0,0.0,0.0,0.0,64.0,0.0,0.0,0.0,0.0,0.0,0.0,0.0,0.0,0.0,0.0,0.0,0.0,0.0,1.0,12.7,8.0,1.0,1.0,1.0,1.0,1.0,1.0,1.0,1.0,1.0,1.0,1.0,1.0,1.0,1.0,1.0,1.0,1.0,1.0,1.0,1.0,1.0,1.0,1.0,1.0,1.0,1.0,1.0,1.0,1.0,1.0,1.0
2648014,1,01/07/1971,1,64.0,113.7,15.0,6.0,1.0,1,0.0,1901.9,1.0,16.0,0.0,12.0,0.0,0.0,0.0,0.0,0.0,0.0,0.0,0.0,0.0,0.0,0.0,64.0,0.0,0.0,0.0,0.0,0.0,0.0,0.0,0.0,0.0,0.0,0.0,0.0,0.0,1.0,12.7,8.0,1.0,1.0,1.0,1.0,1.0,1.0,1.0,1.0,1.0,1.0,1.0,1.0,1.0,1.0,1.0,1.0,1.0,1.0,1.0,1.0,1.0,1.0,1.0,1.0,1.0,1.0,1.0,1.0,1.0,1.0,1.0
2648014,2,01/06/1971,1,59.0,97.5,7.0,7.0,1.0,1,0.0,1728.0,2.0,0.0,7.9,0.0,9.2,2.5,0.0,59.0,0.0,0.0,10.0,0.0,0.0,0.0,0.0,0.0,0.0,5.9,3.0,0.0,0.0,0.0,0.0,0.0,0.0,0.0,0.0,0.0,0.0,0.0,0.0,,1.0,1.0,1.0,1.0,1.0,1.0,1.0,1.0,1.0,1.0,1.0,1.0,1.0,1.0,1.0,1.0,1.0,1.0,1.0,1.0,1.0,1.0,1.0,1.0,1.0,1.0,1.0,1.0,1.0,1.0,0.0
2648014,1,01/06/1971,1,59.0,97.5,7.0,7.0,1.0,1,0.0,1901.9,1.0,0.0,7.9,0.0,9.2,2.5,0.0,59.0,0.0,0.0,10.0,0.0,0.0,0.0,0.0,0.0,0.0,5.9,3.0,0.0,0.0,0.0,0.0,0.0,0.0,0.0,0.0,0.0,0.0,0.0,0.0,,1.0,1.0,1.0,1.0,1.0,1.0,1.0,1.0,1.0,1.0,1.0,1.0,1.0,1.0,1.0,1.0,1.0,1.0,1.0,1.0,1.0,1.0,1.0,1.0,1.0,1.0,1.0,1.0,1.0,1.0,0.0
2648014,2,01/05/1971,1,36.0,118.0,24.0,6.0,1.0,1,0.0,1728.0,2.0,0.0,0.0,0.0,0.0,35.0,0.0,24.0,12.0,7.0,0.0,0.0,0.0,0.0,0.0,0.0,0.0,0.0,0.0,0.0,0.0,0.0,0.0,0.0,36.0,4.0,0.0,0.0,0.0,0.0,0.0,0.0,1.0,1.0,1.0,1.0,1.0,1.0,1.0,1.0,1.0,1.0,1.0,1.0,1.0,1.0,1.0,1.0,1.0,1.0,1.0,1.0,1.0,1.0,1.0,1.0,1.0,1.0,1.0,1.0,1.0,1.0,1.0
2648014,1,01/05/1971,1,36.0,118.0,24.0,6.0,1.0,1,0.0,1901.9,1.0,0.0,0.0,0.0,0.0,35.0,0.0,24.0,12.0,7.0,0.0,0.0,0.0,0.0,0.0,0.0,0.0,0.0,0.0,0.0,0.0,0.0,0.0,0.0,36.0,4.0,0.0,0.0,0.0,0.0,0.0,0.0,1.0,1.0,1.0,1.0,1.0,1.0,1.0,1.0,1.0,1.0,1.0,1.0,1.0,1.0,1.0,1.0,1.0,1.0,1.0,1.0,1.0,1.0,1.0,1.0,1.0,1.0,1.0,1.0,1.0,1.0,1.0
2648014,2,01/04/1971,1,102.0,195.0,15.0,6.0,1.0,1,0.0,1728.0,2.0,0.0,0.0,0.0,29.5,0.0,0.0,0.0,0.0,0.0,0.0,0.0,0.0,0.0,0.0,102.0,0.0,0.0,7.0,0.0,0.0,30.0,22.0,0.0,0.0,0.0,0.0,0.0,0.0,0.0,4.5,,1.0,1.0,1.0,1.0,1.0,1.0,1.0,1.0,1.0,1.0,1.0,1.0,1.0,1.0,1.0,1.0,1.0,1.0,1.0,1.0,1.0,1.0,1.0,1.0,1.0,1.0,1.0,1.0,1.0,1.0,0.0
2648014,1,01/04/1971,1,102.0,195.0,15.0,6.0,1.0,1,0.0,1901.9,1.0,0.0,0.0,0.0,29.5,0.0,0.0,0.0,0.0,0.0,0.0,0.0,0.0,0.0,0.0,102.0,0.0,0.0,7.0,0.0,0.0,30.0,22.0,0.0,0.0,0.0,0.0,0.0,0.0,0.0,4.5,,1.0,1.0,1.0,1.0,1.0,1.0,1.0,1.0,1.0,1.0,1.0,1.0,1.0,1.0,1.0,1.0,1.0,1.0,1.0,1.0,1.0,1.0,1.0,1.0,1.0,1.0,1.0,1.0,1.0,1.0,0.0
2648014,2,01/03/1971,1,35.0,174.5,26.0,11.0,1.0,1,0.0,1728.0,2.0,0.0,0.0,8.0,0.0,0.0,5.0,0.0,0.0,0.0,7.5,0.0,0.0,11.0,25.0,0.0,0.0,0.0,0.0,10.0,10.0,0.0,21.0,0.0,15.0,0.0,35.0,27.0,0.0,0.0,0.0,0.0,1.0,1.0,1.0,1.0,1.0,1.0,1.0,1.0,1.0,1.0,1.0,1.0,1.0,1.0,1.0,1.0,1.0,1.0,1.0,1.0,1.0,1.0,1.0,1.0,1.0,1.0,1.0,1.0,1.0,1.0,1.0
2648014,1,01/03/1971,1,35.0,174.5,26.0,11.0,1.0,1,0.0,1901.9,1.0,0.0,0.0,8.0,0.0,0.0,5.0,0.0,0.0,0.0,7.5,0.0,0.0,11.0,25.0,0.0,0.0,0.0,0.0,10.0,10.0,0.0,21.0,0.0,15.0,0.0,35.0,27.0,0.0,0.0,0.0,0.0,1.0,1.0,1.0,1.0,1.0,1.0,1.0,1.0,1.0,1.0,1.0,1.0,1.0,1.0,1.0,1.0,1.0,1.0,1.0,1.0,1.0,1.0,1.0,1.0,1.0,1.0,1.0,1.0,1.0,1.0,1.0
2648014,2,01/02/1971,1,48.0,189.5,18.0,9.0,1.0,1,0.0,1728.0,2.0,0.0,0.0,0.0,25.0,0.0,0.0,3.5,12.0,0.0,0.0,0.0,0.0,32.0,0.0,0.0,0.0,0.0,48.0,0.0,0.0,18.5,0.0,0.0,29.0,6.5,0.0,0.0,15.0,,,,1.0,1.0,1.0,1.0,1.0,1.0,1.0,1.0,1.0,1.0,1.0,1.0,1.0,1.0,1.0,1.0,1.0,1.0,1.0,1.0,1.0,1.0,1.0,1.0,1.0,1.0,1.0,1.0,0.0,0.0,0.0
2648014,1,01/02/1971,1,48.0,189.5,18.0,9.0,1.0,1,0.0,1901.9,1.0,0.0,0.0,0.0,25.0,0.0,0.0,3.5,12.0,0.0,0.0,0.0,0.0,32.0,0.0,0.0,0.0,0.0,48.0,0.0,0.0,18.5,0.0,0.0,29.0,6.5,0.0,0.0,15.0,,,,1.0,1.0,1.0,1.0,1.0,1.0,1.0,1.0,1.0,1.0,1.0,1.0,1.0,1.0,1.0,1.0,1.0,1.0,1.0,1.0,1.0,1.0,1.0,1.0,1.0,1.0,1.0,1.0,0.0,0.0,0.0
2648014,2,01/01/1971,1,71.0,331.7,6.0,13.0,1.0,1,0.0,1728.0,2.0,28.0,27.5,14.0,7.0,14.0,71.0,2.7,0.0,0.0,28.0,1.0,0.0,0.0,52.0,0.0,0.0,0.0,0.0,0.0,33.0,0.0,16.5,0.0,0.0,0.0,0.0,0.0,0.0,0.0,37.0,0.0,1.0,1.0,1.0,1.0,1.0,1.0,1.0,1.0,1.0,1.0,1.0,1.0,1.0,1.0,1.0,1.0,1.0,1.0,1.0,1.0,1.0,1.0,1.0,1.0,1.0,1.0,1.0,1.0,1.0,1.0,1.0
2648014,1,01/01/1971,1,71.0,331.7,6.0,13.0,1.0,1,0.0,1901.9,1.0,28.0,27.5,14.0,7.0,14.0,71.0,2.7,0.0,0.0,28.0,1.0,0.0,0.0,52.0,0.0,0.0,0.0,0.0,0.0,33.0,0.0,16.5,0.0,0.0,0.0,0.0,0.0,0.0,0.0,37.0,0.0,1.0,1.0,1.0,1.0,1.0,1.0,1.0,1.0,1.0,1.0,1.0,1.0,1.0,1.0,1.0,1.0,1.0,1.0,1.0,1.0,1.0,1.0,1.0,1.0,1.0,1.0,1.0,1.0,1.0,1.0,1.0
2648014,2,01/12/1970,1,,165.0,,,0.0,2,0.0,1666.2,2.0,6.5,9.8,0.0,0.0,0.0,0.0,0.5,0.0,,,,,,,,,,,,,,,,,,0.0,0.0,0.0,0.0,22.1,0.0,1.0,1.0,1.0,1.0,1.0,1.0,1.0,1.0,0.0,0.0,0.0,0.0,0.0,0.0,0.0,0.0,0.0,0.0,0.0,0.0,0.0,0.0,0.0,0.0,0.0,1.0,1.0,1.0,1.0,1.0,1.0
2648014,1,01/12/1970,1,73.0,349.1,21.0,16.0,1.0,1,0.0,2236.6,1.0,6.5,9.8,0.0,0.0,0.0,0.0,0.5,0.0,61.5,12.0,0.0,8.4,3.0,22.7,0.5,0.0,6.0,8.7,0.0,0.0,73.0,0.0,73.0,31.7,9.7,0.0,0.0,0.0,0.0,22.1,0.0,1.0,1.0,1.0,1.0,1.0,1.0,1.0,1.0,1.0,1.0,1.0,1.0,1.0,1.0,1.0,1.0,1.0,1.0,1.0,1.0,1.0,1.0,1.0,1.0,1.0,1.0,1.0,1.0,1.0,1.0,1.0
2648014,2,01/11/1970,1,,51.0,,,0.0,2,0.0,1666.2,2.0,,,,,,,,,,,,,,,,0.0,0.0,0.0,0.0,0.0,0.0,0.0,0.0,0.0,0.0,0.0,0.0,0.0,21.4,49.0,,0.0,0.0,0.0,0.0,0.0,0.0,0.0,0.0,0.0,0.0,0.0,0.0,0.0,0.0,0.0,1.0,1.0,1.0,1.0,1.0,1.0,1.0,1.0,1.0,1.0,1.0,1.0,1.0,1.0,1.0,0.0
2648014,1,01/11/1970,1,49.0,163.8,30.0,9.0,1.0,1,0.0,2236.6,1.0,0.0,7.5,0.0,0.0,0.0,21.4,7.0,14.0,42.5,0.5,0.5,0.0,0.0,0.0,0.0,0.0,0.0,0.0,0.0,0.0,0.0,0.0,0.0,0.0,0.0,0.0,0.0,0.0,21.4,49.0,,1.0,1.0,1.0,1.0,1.0,1.0,1.0,1.0,1.0,1.0,1.0,1.0,1.0,1.0,1.0,1.0,1.0,1.0,1.0,1.0,1.0,1.0,1.0,1.0,1.0,1.0,1.0,1.0,1.0,1.0,0.0
2648014,2,01/10/1970,1,,71.0,,,0.0,2,0.0,1666.2,2.0,0.0,0.0,0.0,0.0,0.0,0.0,0.0,14.4,14.5,0.0,0.0,0.0,0.0,0.0,0.0,,,,,,,,,,,,,,,,,1.0,1.0,1.0,1.0,1.0,1.0,1.0,1.0,1.0,1.0,1.0,1.0,1.0,1.0,1.0,0.0,0.0,0.0,0.0,0.0,0.0,0.0,0.0,0.0,0.0,0.0,0.0,0.0,0.0,0.0,0.0
2648014,1,01/10/1970,1,49.0,221.5,24.0,16.0,1.0,1,0.0,2236.6,1.0,0.0,0.0,0.0,0.0,0.0,0.0,0.0,14.4,14.5,0.0,0.0,0.0,0.0,0.0,0.0,14.4,7.4,7.4,14.5,0.0,7.0,7.5,14.4,49.0,14.0,21.5,14.0,7.0,7.0,0.0,7.5,1.0,1.0,1.0,1.0,1.0,1.0,1.0,1.0,1.0,1.0,1.0,1.0,1.0,1.0,1.0,1.0,1.0,1.0,1.0,1.0,1.0,1.0,1.0,1.0,1.0,1.0,1.0,1.0,1.0,1.0,1.0
2648014,2,01/09/1970,1,30.3,130.8,14.0,10.0,1.0,1,0.0,1666.2,2.0,0.0,0.0,0.0,0.0,5.0,5.0,0.0,0.0,0.0,0.0,0.0,0.0,0.0,30.3,0.0,6.3,0.0,0.0,0.0,0.0,25.3,9.8,0.0,0.0,1.8,25.7,0.0,0.3,21.3,0.0,,1.0,1.0,1.0,1.0,1.0,1.0,1.0,1.0,1.0,1.0,1.0,1.0,1.0,1.0,1.0,1.0,1.0,1.0,1.0,1.0,1.0,1.0,1.0,1.0,1.0,1.0,1.0,1.0,1.0,1.0,0.0
2648014,1,01/09/1970,1,30.3,130.8,14.0,10.0,1.0,1,0.0,2236.6,1.0,0.0,0.0,0.0,0.0,5.0,5.0,0.0,0.0,0.0,0.0,0.0,0.0,0.0,30.3,0.0,6.3,0.0,0.0,0.0,0.0,25.3,9.8,0.0,0.0,1.8,25.7,0.0,0.3,21.3,0.0,,1.0,1.0,1.0,1.0,1.0,1.0,1.0,1.0,1.0,1.0,1.0,1.0,1.0,1.0,1.0,1.0,1.0,1.0,1.0,1.0,1.0,1.0,1.0,1.0,1.0,1.0,1.0,1.0,1.0,1.0,0.0
2648014,2,01/08/1970,1,35.0,134.2,24.0,7.0,1.0,1,0.0,1666.2,2.0,0.0,0.0,0.0,0.0,0.0,0.0,0.0,0.0,0.0,0.0,0.0,0.0,0.0,0.0,0.0,0.0,0.0,0.0,0.0,0.0,0.0,0.0,0.0,35.0,7.0,14.0,14.5,28.3,0.0,7.0,28.4,1.0,1.0,1.0,1.0,1.0,1.0,1.0,1.0,1.0,1.0,1.0,1.0,1.0,1.0,1.0,1.0,1.0,1.0,1.0,1.0,1.0,1.0,1.0,1.0,1.0,1.0,1.0,1.0,1.0,1.0,1.0
2648014,1,01/08/1970,1,35.0,134.2,24.0,7.0,1.0,1,0.0,2236.6,1.0,0.0,0.0,0.0,0.0,0.0,0.0,0.0,0.0,0.0,0.0,0.0,0.0,0.0,0.0,0.0,0.0,0.0,0.0,0.0,0.0,0.0,0.0,0.0,35.0,7.0,14.0,14.5,28.3,0.0,7.0,28.4,1.0,1.0,1.0,1.0,1.0,1.0,1.0,1.0,1.0,1.0,1.0,1.0,1.0,1.0,1.0,1.0,1.0,1.0,1.0,1.0,1.0,1.0,1.0,1.0,1.0,1.0,1.0,1.0,1.0,1.0,1.0
2648014,2,01/07/1970,1,21.0,105.3,23.0,15.0,1.0,1,0.0,1666.2,2.0,0.0,5.0,4.0,0.0,7.0,0.0,0.0,0.0,0.0,5.2,15.8,0.0,2.7,6.7,2.7,17.5,0.0,0.0,0.0,0.0,0.0,0.0,21.0,4.0,6.2,0.0,0.0,1.9,4.0,0.0,1.6,1.0,1.0,1.0,1.0,1.0,1.0,1.0,1.0,1.0,1.0,1.0,1.0,1.0,1.0,1.0,1.0,1.0,1.0,1.0,1.0,1.0,1.0,1.0,1.0,1.0,1.0,1.0,1.0,1.0,1.0,1.0
2648014,1,01/07/1970,1,21.0,105.3,23.0,15.0,1.0,1,0.0,2236.6,1.0,0.0,5.0,4.0,0.0,7.0,0.0,0.0,0.0,0.0,5.2,15.8,0.0,2.7,6.7,2.7,17.5,0.0,0.0,0.0,0.0,0.0,0.0,21.0,4.0,6.2,0.0,0.0,1.9,4.0,0.0,1.6,1.0,1.0,1.0,1.0,1.0,1.0,1.0,1.0,1.0,1.0,1.0,1.0,1.0,1.0,1.0,1.0,1.0,1.0,1.0,1.0,1.0,1.0,1.0,1.0,1.0,1.0,1.0,1.0,1.0,1.0,1.0
2648014,2,01/06/1970,1,,191.0,,,0.0,2,0.0,1666.2,2.0,0.0,0.0,0.0,0.0,0.0,21.5,14.0,60.5,0.0,0.0,0.0,0.0,14.0,7.0,0.0,,,,,,,,,,,,,,,,,1.0,1.0,1.0,1.0,1.0,1.0,1.0,1.0,1.0,1.0,1.0,1.0,1.0,1.0,1.0,0.0,0.0,0.0,0.0,0.0,0.0,0.0,0.0,0.0,0.0,0.0,0.0,0.0,0.0,0.0,0.0
2648014,1,01/06/1970,1,60.5,314.0,8.0,11.0,1.0,1,0.0,2236.6,1.0,0.0,0.0,0.0,0.0,0.0,21.5,14.0,60.5,0.0,0.0,0.0,0.0,14.0,7.0,0.0,0.0,0.0,22.0,0.0,0.0,0.0,0.0,0.0,0.0,0.0,21.0,49.0,21.0,56.0,28.0,,1.0,1.0,1.0,1.0,1.0,1.0,1.0,1.0,1.0,1.0,1.0,1.0,1.0,1.0,1.0,1.0,1.0,1.0,1.0,1.0,1.0,1.0,1.0,1.0,1.0,1.0,1.0,1.0,1.0,1.0,0.0
2648014,2,01/05/1970,1,42.5,136.5,8.0,9.0,1.0,1,0.0,1666.2,2.0,0.0,0.0,0.0,0.0,13.5,13.5,10.6,42.5,0.0,0.0,0.0,0.0,0.0,0.0,7.5,7.5,21.4,0.0,13.0,7.0,0.0,0.0,0.0,0.0,0.0,0.0,0.0,0.0,0.0,0.0,0.0,1.0,1.0,1.0,1.0,1.0,1.0,1.0,1.0,1.0,1.0,1.0,1.0,1.0,1.0,1.0,1.0,1.0,1.0,1.0,1.0,1.0,1.0,1.0,1.0,1.0,1.0,1.0,1.0,1.0,1.0,1.0
2648014,1,01/05/1970,1,42.5,136.5,8.0,9.0,1.0,1,0.0,2236.6,1.0,0.0,0.0,0.0,0.0,13.5,13.5,10.6,42.5,0.0,0.0,0.0,0.0,0.0,0.0,7.5,7.5,21.4,0.0,13.0,7.0,0.0,0.0,0.0,0.0,0.0,0.0,0.0,0.0,0.0,0.0,0.0,1.0,1.0,1.0,1.0,1.0,1.0,1.0,1.0,1.0,1.0,1.0,1.0,1.0,1.0,1.0,1.0,1.0,1.0,1.0,1.0,1.0,1.0,1.0,1.0,1.0,1.0,1.0,1.0,1.0,1.0,1.0
2648014,2,01/04/1970,1,49.0,130.2,4.0,10.0,1.0,1,0.0,1666.2,2.0,2.5,2.5,1.5,49.0,0.0,11.0,18.5,14.0,5.0,3.0,0.0,0.0,0.0,0.0,0.0,0.0,0.0,0.0,0.0,0.0,0.0,0.0,0.0,0.0,0.0,0.0,0.0,0.0,0.0,23.2,,1.0,1.0,1.0,1.0,1.0,1.0,1.0,1.0,1.0,1.0,1.0,1.0,1.0,1.0,1.0,1.0,1.0,1.0,1.0,1.0,1.0,1.0,1.0,1.0,1.0,1.0,1.0,1.0,1.0,1.0,0.0
2648014,1,01/04/1970,1,49.0,130.2,4.0,10.0,1.0,1,0.0,2236.6,1.0,2.5,2.5,1.5,49.0,0.0,11.0,18.5,14.0,5.0,3.0,0.0,0.0,0.0,0.0,0.0,0.0,0.0,0.0,0.0,0.0,0.0,0.0,0.0,0.0,0.0,0.0,0.0,0.0,0.0,23.2,,1.0,1.0,1.0,1.0,1.0,1.0,1.0,1.0,1.0,1.0,1.0,1.0,1.0,1.0,1.0,1.0,1.0,1.0,1.0,1.0,1.0,1.0,1.0,1.0,1.0,1.0,1.0,1.0,1.0,1.0,0.0
2648014,2,01/03/1970,1,36.0,154.5,11.0,9.0,1.0,1,0.0,1666.2,2.0,0.0,21.0,15.0,3.0,0.0,0.0,32.0,8.0,0.0,0.0,36.0,18.0,0.0,0.0,0.0,18.0,3.5,0.0,0.0,0.0,0.0,0.0,0.0,0.0,0.0,0.0,0.0,0.0,0.0,0.0,0.0,1.0,1.0,1.0,1.0,1.0,1.0,1.0,1.0,1.0,1.0,1.0,1.0,1.0,1.0,1.0,1.0,1.0,1.0,1.0,1.0,1.0,1.0,1.0,1.0,1.0,1.0,1.0,1.0,1.0,1.0,1.0
2648014,1,01/03/1970,1,36.0,154.5,11.0,9.0,1.0,1,0.0,2236.6,1.0,0.0,21.0,15.0,3.0,0.0,0.0,32.0,8.0,0.0,0.0,36.0,18.0,0.0,0.0,0.0,18.0,3.5,0.0,0.0,0.0,0.0,0.0,0.0,0.0,0.0,0.0,0.0,0.0,0.0,0.0,0.0,1.0,1.0,1.0,1.0,1.0,1.0,1.0,1.0,1.0,1.0,1.0,1.0,1.0,1.0,1.0,1.0,1.0,1.0,1.0,1.0,1.0,1.0,1.0,1.0,1.0,1.0,1.0,1.0,1.0,1.0,1.0
2648014,2,01/02/1970,1,37.5,234.7,4.0,12.0,1.0,1,0.0,1666.2,2.0,0.0,0.0,0.0,37.5,20.0,36.5,0.0,0.0,17.0,0.0,0.0,0.0,0.0,20.0,10.0,16.5,0.0,0.0,0.0,0.0,0.0,20.5,15.2,20.5,10.0,0.0,11.0,0.0,,,,1.0,1.0,1.0,1.0,1.0,1.0,1.0,1.0,1.0,1.0,1.0,1.0,1.0,1.0,1.0,1.0,1.0,1.0,1.0,1.0,1.0,1.0,1.0,1.0,1.0,1.0,1.0,1.0,0.0,0.0,0.0
2648014,1,01/02/1970,1,37.5,234.7,4.0,12.0,1.0,1,0.0,2236.6,1.0,0.0,0.0,0.0,37.5,20.0,36.5,0.0,0.0,17.0,0.0,0.0,0.0,0.0,20.0,10.0,16.5,0.0,0.0,0.0,0.0,0.0,20.5,15.2,20.5,10.0,0.0,11.0,0.0,,,,1.0,1.0,1.0,1.0,1.0,1.0,1.0,1.0,1.0,1.0,1.0,1.0,1.0,1.0,1.0,1.0,1.0,1.0,1.0,1.0,1.0,1.0,1.0,1.0,1.0,1.0,1.0,1.0,0.0,0.0,0.0
2648014,2,01/01/1970,1,23.0,162.0,1.0,15.0,1.0,1,0.0,1666.2,2.0,23.0,12.0,0.0,15.0,16.0,0.0,0.5,0.0,17.0,5.5,0.0,0.0,8.5,0.0,0.0,10.5,0.0,0.0,16.0,11.5,0.0,0.0,10.5,0.0,0.0,0.0,12.5,0.0,0.5,0.0,3.0,1.0,1.0,1.0,1.0,1.0,1.0,1.0,1.0,1.0,1.0,1.0,1.0,1.0,1.0,1.0,1.0,1.0,1.0,1.0,1.0,1.0,1.0,1.0,1.0,1.0,1.0,1.0,1.0,1.0,1.0,1.0
2648014,1,01/01/1970,1,23.0,162.0,1.0,15.0,1.0,1,0.0,2236.6,1.0,23.0,12.0,0.0,15.0,16.0,0.0,0.5,0.0,17.0,5.5,0.0,0.0,8.5,0.0,0.0,10.5,0.0,0.0,16.0,11.5,0.0,0.0,10.5,0.0,0.0,0.0,12.5,0.0,0.5,0.0,3.0,1.0,1.0,1.0,1.0,1.0,1.0,1.0,1.0,1.0,1.0,1.0,1.0,1.0,1.0,1.0,1.0,1.0,1.0,1.0,1.0,1.0,1.0,1.0,1.0,1.0,1.0,1.0,1.0,1.0,1.0,1.0
2648014,2,01/12/1969,1,15.7,84.4,10.0,9.0,1.0,1,0.0,1797.0,2.0,0.0,0.0,0.0,0.0,0.0,0.0,0.0,7.0,5.2,15.7,0.0,15.0,9.0,7.2,0.0,0.0,0.0,0.0,0.0,0.0,0.0,0.0,10.5,8.5,6.3,0.0,0.0,0.0,0.0,0.0,0.0,1.0,1.0,1.0,1.0,1.0,1.0,1.0,1.0,1.0,1.0,1.0,1.0,1.0,1.0,1.0,1.0,1.0,1.0,1.0,1.0,1.0,1.0,1.0,1.0,1.0,1.0,1.0,1.0,1.0,1.0,1.0
2648014,1,01/12/1969,1,15.7,84.4,10.0,9.0,1.0,1,0.0,,0.0,0.0,0.0,0.0,0.0,0.0,0.0,0.0,7.0,5.2,15.7,0.0,15.0,9.0,7.2,0.0,0.0,0.0,0.0,0.0,0.0,0.0,0.0,10.5,8.5,6.3,0.0,0.0,0.0,0.0,0.0,0.0,1.0,1.0,1.0,1.0,1.0,1.0,1.0,1.0,1.0,1.0,1.0,1.0,1.0,1.0,1.0,1.0,1.0,1.0,1.0,1.0,1.0,1.0,1.0,1.0,1.0,1.0,1.0,1.0,1.0,1.0,1.0
2648014,2,01/11/1969,1,,169.0,,,0.0,2,0.0,1797.0,2.0,0.0,0.0,0.0,0.0,0.0,0.0,51.5,0.0,0.0,0.5,,,,,,,,,,,18.0,9.5,0.0,4.3,4.0,0.0,0.0,0.0,28.6,0.0,,1.0,1.0,1.0,1.0,1.0,1.0,1.0,1.0,1.0,1.0,0.0,0.0,0.0,0.0,0.0,0.0,0.0,0.0,0.0,0.0,1.0,1.0,1.0,1.0,1.0,1.0,1.0,1.0,1.0,1.0,0.0
2648014,1,01/11/1969,1,125.0,347.9,14.0,14.0,1.0,1,0.0,,0.0,0.0,0.0,0.0,0.0,0.0,0.0,51.5,0.0,0.0,0.5,0.0,11.5,42.0,125.0,10.0,10.0,0.0,0.0,23.0,10.0,18.0,9.5,0.0,4.3,4.0,0.0,0.0,0.0,28.6,0.0,,1.0,1.0,1.0,1.0,1.0,1.0,1.0,1.0,1.0,1.0,1.0,1.0,1.0,1.0,1.0,1.0,1.0,1.0,1.0,1.0,1.0,1.0,1.0,1.0,1.0,1.0,1.0,1.0,1.0,1.0,0.0
2648014,2,01/10/1969,1,30.5,119.3,6.0,8.0,1.0,1,0.0,1797.0,2.0,10.2,0.0,0.0,0.0,0.0,30.5,0.0,0.0,0.0,0.0,0.0,0.0,0.0,0.0,0.0,0.7,25.0,0.0,0.0,3.3,0.0,0.0,29.2,0.0,0.0,0.0,0.0,0.0,8.4,12.0,0.0,1.0,1.0,1.0,1.0,1.0,1.0,1.0,1.0,1.0,1.0,1.0,1.0,1.0,1.0,1.0,1.0,1.0,1.0,1.0,1.0,1.0,1.0,1.0,1.0,1.0,1.0,1.0,1.0,1.0,1.0,1.0
2648014,1,01/10/1969,1,30.5,119.3,6.0,8.0,1.0,1,0.0,,0.0,10.2,0.0,0.0,0.0,0.0,30.5,0.0,0.0,0.0,0.0,0.0,0.0,0.0,0.0,0.0,0.7,25.0,0.0,0.0,3.3,0.0,0.0,29.2,0.0,0.0,0.0,0.0,0.0,8.4,12.0,0.0,1.0,1.0,1.0,1.0,1.0,1.0,1.0,1.0,1.0,1.0,1.0,1.0,1.0,1.0,1.0,1.0,1.0,1.0,1.0,1.0,1.0,1.0,1.0,1.0,1.0,1.0,1.0,1.0,1.0,1.0,1.0
2648014,2,01/09/1969,1,34.6,91.0,7.0,6.0,1.0,1,0.0,1797.0,2.0,0.0,0.0,0.0,13.6,0.0,0.0,34.6,0.0,0.0,0.0,0.0,0.0,0.0,0.0,0.0,0.0,0.0,0.0,14.0,0.0,0.0,0.0,0.0,5.2,0.0,3.3,0.0,0.0,20.3,0.0,,1.0,1.0,1.0,1.0,1.0,1.0,1.0,1.0,1.0,1.0,1.0,1.0,1.0,1.0,1.0,1.0,1.0,1.0,1.0,1.0,1.0,1.0,1.0,1.0,1.0,1.0,1.0,1.0,1.0,1.0,0.0
2648014,1,01/09/1969,1,34.6,91.0,7.0,6.0,1.0,1,0.0,,0.0,0.0,0.0,0.0,13.6,0.0,0.0,34.6,0.0,0.0,0.0,0.0,0.0,0.0,0.0,0.0,0.0,0.0,0.0,14.0,0.0,0.0,0.0,0.0,5.2,0.0,3.3,0.0,0.0,20.3,0.0,,1.0,1.0,1.0,1.0,1.0,1.0,1.0,1.0,1.0,1.0,1.0,1.0,1.0,1.0,1.0,1.0,1.0,1.0,1.0,1.0,1.0,1.0,1.0,1.0,1.0,1.0,1.0,1.0,1.0,1.0,0.0
2648014,2,01/08/1969,1,,88.0,,,0.0,2,0.0,1797.0,2.0,,,,,,,,,,,,,,,,,,,,,,,,,,,,,,,,0.0,0.0,0.0,0.0,0.0,0.0,0.0,0.0,0.0,0.0,0.0,0.0,0.0,0.0,0.0,0.0,0.0,0.0,0.0,0.0,0.0,0.0,0.0,0.0,0.0,0.0,0.0,0.0,0.0,0.0,0.0
2648014,2,01/07/1969,1,23.5,44.8,8.0,2.0,1.0,1,0.0,1797.0,2.0,0.0,0.0,0.0,0.0,0.0,0.0,21.3,23.5,0.0,0.0,0.0,0.0,0.0,0.0,0.0,0.0,0.0,0.0,0.0,0.0,0.0,0.0,0.0,0.0,0.0,0.0,0.0,0.0,0.0,0.0,0.0,1.0,1.0,1.0,1.0,1.0,1.0,1.0,1.0,1.0,1.0,1.0,1.0,1.0,1.0,1.0,1.0,1.0,1.0,1.0,1.0,1.0,1.0,1.0,1.0,1.0,1.0,1.0,1.0,1.0,1.0,1.0
2648014,1,01/07/1969,1,23.5,44.8,8.0,2.0,1.0,1,0.0,,0.0,0.0,0.0,0.0,0.0,0.0,0.0,21.3,23.5,0.0,0.0,0.0,0.0,0.0,0.0,0.0,0.0,0.0,0.0,0.0,0.0,0.0,0.0,0.0,0.0,0.0,0.0,0.0,0.0,0.0,0.0,0.0,1.0,1.0,1.0,1.0,1.0,1.0,1.0,1.0,1.0,1.0,1.0,1.0,1.0,1.0,1.0,1.0,1.0,1.0,1.0,1.0,1.0,1.0,1.0,1.0,1.0,1.0,1.0,1.0,1.0,1.0,1.0
2648014,2,01/06/1969,1,49.2,234.6,22.0,13.0,1.0,1,0.0,1797.0,2.0,0.0,0.0,25.0,0.0,0.0,0.0,0.0,0.0,0.2,0.0,0.0,0.0,0.0,0.0,0.0,0.0,18.0,16.2,26.0,26.0,18.0,49.2,18.4,22.5,1.4,10.4,3.3,0.0,0.0,0.0,,1.0,1.0,1.0,1.0,1.0,1.0,1.0,1.0,1.0,1.0,1.0,1.0,1.0,1.0,1.0,1.0,1.0,1.0,1.0,1.0,1.0,1.0,1.0,1.0,1.0,1.0,1.0,1.0,1.0,1.0,0.0
2648014,1,01/06/1969,1,49.2,234.6,22.0,13.0,1.0,1,0.0,,0.0,0.0,0.0,25.0,0.0,0.0,0.0,0.0,0.0,0.2,0.0,0.0,0.0,0.0,0.0,0.0,0.0,18.0,16.2,26.0,26.0,18.0,49.2,18.4,22.5,1.4,10.4,3.3,0.0,0.0,0.0,,1.0,1.0,1.0,1.0,1.0,1.0,1.0,1.0,1.0,1.0,1.0,1.0,1.0,1.0,1.0,1.0,1.0,1.0,1.0,1.0,1.0,1.0,1.0,1.0,1.0,1.0,1.0,1.0,1.0,1.0,0.0
2648014,2,01/05/1969,1,,90.0,,,0.0,2,0.0,1797.0,2.0,0.0,0.0,12.5,0.0,0.0,0.0,0.0,0.0,0.0,0.0,0.0,9.0,0.0,0.0,0.0,0.0,0.0,0.0,0.0,0.0,,,,,,,,,,,,1.0,1.0,1.0,1.0,1.0,1.0,1.0,1.0,1.0,1.0,1.0,1.0,1.0,1.0,1.0,1.0,1.0,1.0,1.0,1.0,0.0,0.0,0.0,0.0,0.0,0.0,0.0,0.0,0.0,0.0,0.0
2648014,1,01/05/1969,1,103.0,208.5,28.0,7.0,1.0,1,0.0,,0.0,0.0,0.0,12.5,0.0,0.0,0.0,0.0,0.0,0.0,0.0,0.0,9.0,0.0,0.0,0.0,0.0,0.0,0.0,0.0,0.0,0.0,0.0,0.0,29.0,25.0,28.0,0.0,103.0,2.0,0.0,0.0,1.0,1.0,1.0,1.0,1.0,1.0,1.0,1.0,1.0,1.0,1.0,1.0,1.0,1.0,1.0,1.0,1.0,1.0,1.0,1.0,1.0,1.0,1.0,1.0,1.0,1.0,1.0,1.0,1.0,1.0,1.0
2648014,2,01/04/1969,1,50.0,204.8,5.0,11.0,1.0,1,0.0,1797.0,2.0,0.0,13.0,9.0,19.0,50.0,0.0,0.0,0.0,0.0,0.0,3.0,0.0,0.0,0.0,5.5,27.0,2.5,0.0,0.0,0.0,0.0,0.8,40.0,0.0,0.0,0.0,0.0,0.0,35.0,0.0,,1.0,1.0,1.0,1.0,1.0,1.0,1.0,1.0,1.0,1.0,1.0,1.0,1.0,1.0,1.0,1.0,1.0,1.0,1.0,1.0,1.0,1.0,1.0,1.0,1.0,1.0,1.0,1.0,1.0,1.0,0.0
2648014,1,01/04/1969,1,50.0,204.8,5.0,11.0,1.0,1,0.0,,0.0,0.0,13.0,9.0,19.0,50.0,0.0,0.0,0.0,0.0,0.0,3.0,0.0,0.0,0.0,5.5,27.0,2.5,0.0,0.0,0.0,0.0,0.8,40.0,0.0,0.0,0.0,0.0,0.0,35.0,0.0,,1.0,1.0,1.0,1.0,1.0,1.0,1.0,1.0,1.0,1.0,1.0,1.0,1.0,1.0,1.0,1.0,1.0,1.0,1.0,1.0,1.0,1.0,1.0,1.0,1.0,1.0,1.0,1.0,1.0,1.0,0.0
2648014,2,01/03/1969,1,49.0,243.8,1.0,9.0,1.0,1,0.0,1797.0,2.0,49.0,9.0,0.0,30.6,0.0,0.0,0.0,0.0,0.0,0.0,0.0,19.3,34.0,0.0,0.0,0.0,0.0,0.0,0.0,16.8,0.0,26.0,0.0,0.0,0.0,0.0,0.0,0.0,28.3,0.0,30.8,1.0,1.0,1.0,1.0,1.0,1.0,1.0,1.0,1.0,1.0,1.0,1.0,1.0,1.0,1.0,1.0,1.0,1.0,1.0,1.0,1.0,1.0,1.0,1.0,1.0,1.0,1.0,1.0,1.0,1.0,1.0
2648014,1,01/03/1969,1,49.0,243.8,1.0,9.0,1.0,1,0.0,,0.0,49.0,9.0,0.0,30.6,0.0,0.0,0.0,0.0,0.0,0.0,0.0,19.3,34.0,0.0,0.0,0.0,0.0,0.0,0.0,16.8,0.0,26.0,0.0,0.0,0.0,0.0,0.0,0.0,28.3,0.0,30.8,1.0,1.0,1.0,1.0,1.0,1.0,1.0,1.0,1.0,1.0,1.0,1.0,1.0,1.0,1.0,1.0,1.0,1.0,1.0,1.0,1.0,1.0,1.0,1.0,1.0,1.0,1.0,1.0,1.0,1.0,1.0
2648014,2,01/02/1969,1,39.0,158.8,19.0,11.0,1.0,1,0.0,1797.0,2.0,0.0,0.0,0.0,0.0,0.0,0.0,5.5,0.0,35.0,9.0,7.0,0.0,1.3,0.0,2.0,0.0,0.0,0.0,39.0,20.0,3.0,1.0,0.0,0.0,0.0,0.0,0.0,36.0,,,,1.0,1.0,1.0,1.0,1.0,1.0,1.0,1.0,1.0,1.0,1.0,1.0,1.0,1.0,1.0,1.0,1.0,1.0,1.0,1.0,1.0,1.0,1.0,1.0,1.0,1.0,1.0,1.0,0.0,0.0,0.0
2648014,1,01/02/1969,1,39.0,158.8,19.0,11.0,1.0,1,0.0,,0.0,0.0,0.0,0.0,0.0,0.0,0.0,5.5,0.0,35.0,9.0,7.0,0.0,1.3,0.0,2.0,0.0,0.0,0.0,39.0,20.0,3.0,1.0,0.0,0.0,0.0,0.0,0.0,36.0,,,,1.0,1.0,1.0,1.0,1.0,1.0,1.0,1.0,1.0,1.0,1.0,1.0,1.0,1.0,1.0,1.0,1.0,1.0,1.0,1.0,1.0,1.0,1.0,1.0,1.0,1.0,1.0,1.0,0.0,0.0,0.0
2648014,2,01/01/1969,1,80.0,268.5,24.0,16.0,1.0,1,0.0,1797.0,2.0,15.4,26.5,9.2,21.3,6.7,0.0,27.5,7.0,3.4,0.0,1.6,0.0,0.0,2.0,0.0,0.0,0.0,0.0,0.0,0.0,0.0,7.6,9.0,80.0,0.0,0.0,22.3,6.0,23.0,0.0,0.0,1.0,1.0,1.0,1.0,1.0,1.0,1.0,1.0,1.0,1.0,1.0,1.0,1.0,1.0,1.0,1.0,1.0,1.0,1.0,1.0,1.0,1.0,1.0,1.0,1.0,1.0,1.0,1.0,1.0,1.0,1.0
2648014,1,01/01/1969,1,80.0,268.5,24.0,16.0,1.0,1,0.0,,0.0,15.4,26.5,9.2,21.3,6.7,0.0,27.5,7.0,3.4,0.0,1.6,0.0,0.0,2.0,0.0,0.0,0.0,0.0,0.0,0.0,0.0,7.6,9.0,80.0,0.0,0.0,22.3,6.0,23.0,0.0,0.0,1.0,1.0,1.0,1.0,1.0,1.0,1.0,1.0,1.0,1.0,1.0,1.0,1.0,1.0,1.0,1.0,1.0,1.0,1.0,1.0,1.0,1.0,1.0,1.0,1.0,1.0,1.0,1.0,1.0,1.0,1.0
2648014,2,01/12/1968,1,68.5,144.1,24.0,18.0,1.0,1,0.0,1504.8,3.0,20.7,2.5,3.5,0.0,2.4,2.0,0.0,0.0,0.2,1.0,2.5,0.0,0.0,0.0,0.0,0.0,5.3,0.8,0.0,2.1,3.0,14.0,7.0,68.5,1.3,0.0,0.0,0.0,4.5,2.8,0.0,1.0,1.0,1.0,1.0,1.0,1.0,1.0,1.0,1.0,1.0,1.0,1.0,1.0,1.0,1.0,1.0,1.0,1.0,1.0,1.0,1.0,1.0,1.0,1.0,1.0,1.0,1.0,1.0,1.0,1.0,1.0
2648014,1,01/12/1968,1,68.5,144.1,24.0,18.0,1.0,1,0.0,1771.0,1.0,20.7,2.5,3.5,0.0,2.4,2.0,0.0,0.0,0.2,1.0,2.5,0.0,0.0,0.0,0.0,0.0,5.3,0.8,0.0,2.1,3.0,14.0,7.0,68.5,1.3,0.0,0.0,0.0,4.5,2.8,0.0,1.0,1.0,1.0,1.0,1.0,1.0,1.0,1.0,1.0,1.0,1.0,1.0,1.0,1.0,1.0,1.0,1.0,1.0,1.0,1.0,1.0,1.0,1.0,1.0,1.0,1.0,1.0,1.0,1.0,1.0,1.0
2648014,2,01/11/1968,1,21.2,55.0,28.0,18.0,1.0,1,0.0,1504.8,3.0,7.6,0.4,7.2,0.5,0.3,7.3,0.5,0.4,0.6,7.3,0.3,0.2,0.0,0.2,0.0,0.0,0.2,0.0,0.0,0.0,0.0,0.0,0.0,0.0,0.0,0.3,0.2,21.2,0.3,0.0,,1.0,1.0,1.0,1.0,1.0,1.0,1.0,1.0,1.0,1.0,1.0,1.0,1.0,1.0,1.0,1.0,1.0,1.0,1.0,1.0,1.0,1.0,1.0,1.0,1.0,1.0,1.0,1.0,1.0,1.0,0.0
2648014,1,01/11/1968,1,21.2,55.0,28.0,18.0,1.0,1,0.0,1771.0,1.0,7.6,0.4,7.2,0.5,0.3,7.3,0.5,0.4,0.6,7.3,0.3,0.2,0.0,0.2,0.0,0.0,0.2,0.0,0.0,0.0,0.0,0.0,0.0,0.0,0.0,0.3,0.2,21.2,0.3,0.0,,1.0,1.0,1.0,1.0,1.0,1.0,1.0,1.0,1.0,1.0,1.0,1.0,1.0,1.0,1.0,1.0,1.0,1.0,1.0,1.0,1.0,1.0,1.0,1.0,1.0,1.0,1.0,1.0,1.0,1.0,0.0
2648014,2,01/10/1968,1,,144.0,,,0.0,2,0.0,1504.8,3.0,0.0,0.0,0.0,0.0,0.0,0.0,0.0,0.4,7.5,28.4,,,,,,,,,,,,,,,,,,,,,,1.0,1.0,1.0,1.0,1.0,1.0,1.0,1.0,1.0,1.0,0.0,0.0,0.0,0.0,0.0,0.0,0.0,0.0,0.0,0.0,0.0,0.0,0.0,0.0,0.0,0.0,0.0,0.0,0.0,0.0,0.0
2648014,1,01/10/1968,1,42.3,266.2,30.0,22.0,1.0,1,0.0,1771.0,1.0,0.0,0.0,0.0,0.0,0.0,0.0,0.0,0.4,7.5,28.4,35.3,21.0,14.6,7.3,0.3,0.3,14.3,7.2,0.0,21.0,0.4,0.3,0.4,7.0,0.0,7.3,14.5,7.3,14.6,42.3,14.5,1.0,1.0,1.0,1.0,1.0,1.0,1.0,1.0,1.0,1.0,1.0,1.0,1.0,1.0,1.0,1.0,1.0,1.0,1.0,1.0,1.0,1.0,1.0,1.0,1.0,1.0,1.0,1.0,1.0,1.0,1.0
2648014,2,01/09/1968,1,21.5,82.0,22.0,12.0,1.0,1,0.0,1504.8,3.0,0.0,0.0,0.0,0.0,0.0,0.0,0.0,0.0,0.0,0.0,0.0,7.2,7.5,14.0,0.6,0.0,0.0,0.0,0.6,7.3,0.6,21.5,0.5,0.0,0.6,0.3,0.0,0.0,21.3,0.0,,1.0,1.0,1.0,1.0,1.0,1.0,1.0,1.0,1.0,1.0,1.0,1.0,1.0,1.0,1.0,1.0,1.0,1.0,1.0,1.0,1.0,1.0,1.0,1.0,1.0,1.0,1.0,1.0,1.0,1.0,0.0
2648014,1,01/09/1968,1,21.5,82.0,22.0,12.0,1.0,1,0.0,1771.0,1.0,0.0,0.0,0.0,0.0,0.0,0.0,0.0,0.0,0.0,0.0,0.0,7.2,7.5,14.0,0.6,0.0,0.0,0.0,0.6,7.3,0.6,21.5,0.5,0.0,0.6,0.3,0.0,0.0,21.3,0.0,,1.0,1.0,1.0,1.0,1.0,1.0,1.0,1.0,1.0,1.0,1.0,1.0,1.0,1.0,1.0,1.0,1.0,1.0,1.0,1.0,1.0,1.0,1.0,1.0,1.0,1.0,1.0,1.0,1.0,1.0,0.0
2648014,2,01/08/1968,1,28.0,51.7,30.0,6.0,1.0,1,0.0,1504.8,3.0,0.0,0.0,0.0,0.0,0.0,0.0,0.7,0.6,14.6,0.0,0.0,0.0,0.0,0.0,0.0,0.0,0.0,0.0,0.0,0.0,0.0,0.0,0.0,0.0,0.0,7.5,0.3,0.0,0.0,28.0,0.0,1.0,1.0,1.0,1.0,1.0,1.0,1.0,1.0,1.0,1.0,1.0,1.0,1.0,1.0,1.0,1.0,1.0,1.0,1.0,1.0,1.0,1.0,1.0,1.0,1.0,1.0,1.0,1.0,1.0,1.0,1.0
2648014,1,01/08/1968,1,28.0,51.7,30.0,6.0,1.0,1,0.0,1771.0,1.0,0.0,0.0,0.0,0.0,0.0,0.0,0.7,0.6,14.6,0.0,0.0,0.0,0.0,0.0,0.0,0.0,0.0,0.0,0.0,0.0,0.0,0.0,0.0,0.0,0.0,7.5,0.3,0.0,0.0,28.0,0.0,1.0,1.0,1.0,1.0,1.0,1.0,1.0,1.0,1.0,1.0,1.0,1.0,1.0,1.0,1.0,1.0,1.0,1.0,1.0,1.0,1.0,1.0,1.0,1.0,1.0,1.0,1.0,1.0,1.0,1.0,1.0
2648014,2,01/07/1968,1,49.4,94.0,10.0,6.0,1.0,1,0.0,1504.8,3.0,0.0,0.0,0.0,0.5,0.0,0.0,0.0,0.0,0.0,49.4,0.0,0.0,0.0,0.0,7.5,0.0,0.0,0.0,0.0,14.5,0.0,0.0,0.0,0.0,7.5,0.0,0.0,0.0,14.6,0.0,0.0,1.0,1.0,1.0,1.0,1.0,1.0,1.0,1.0,1.0,1.0,1.0,1.0,1.0,1.0,1.0,1.0,1.0,1.0,1.0,1.0,1.0,1.0,1.0,1.0,1.0,1.0,1.0,1.0,1.0,1.0,1.0
2648014,1,01/07/1968,1,49.4,94.0,10.0,6.0,1.0,1,0.0,1771.0,1.0,0.0,0.0,0.0,0.5,0.0,0.0,0.0,0.0,0.0,49.4,0.0,0.0,0.0,0.0,7.5,0.0,0.0,0.0,0.0,14.5,0.0,0.0,0.0,0.0,7.5,0.0,0.0,0.0,14.6,0.0,0.0,1.0,1.0,1.0,1.0,1.0,1.0,1.0,1.0,1.0,1.0,1.0,1.0,1.0,1.0,1.0,1.0,1.0,1.0,1.0,1.0,1.0,1.0,1.0,1.0,1.0,1.0,1.0,1.0,1.0,1.0,1.0
2648014,2,01/06/1968,1,8.5,24.0,19.0,4.0,1.0,1,0.0,1504.8,3.0,0.0,0.0,0.0,0.0,0.0,0.0,7.5,0.0,0.0,0.0,7.5,0.0,0.0,0.0,0.0,0.0,0.0,0.0,8.5,0.0,0.0,0.0,0.0,0.0,0.0,0.0,0.0,0.0,0.0,0.5,,1.0,1.0,1.0,1.0,1.0,1.0,1.0,1.0,1.0,1.0,1.0,1.0,1.0,1.0,1.0,1.0,1.0,1.0,1.0,1.0,1.0,1.0,1.0,1.0,1.0,1.0,1.0,1.0,1.0,1.0,0.0
2648014,1,01/06/1968,1,8.5,24.0,19.0,4.0,1.0,1,0.0,1771.0,1.0,0.0,0.0,0.0,0.0,0.0,0.0,7.5,0.0,0.0,0.0,7.5,0.0,0.0,0.0,0.0,0.0,0.0,0.0,8.5,0.0,0.0,0.0,0.0,0.0,0.0,0.0,0.0,0.0,0.0,0.5,,1.0,1.0,1.0,1.0,1.0,1.0,1.0,1.0,1.0,1.0,1.0,1.0,1.0,1.0,1.0,1.0,1.0,1.0,1.0,1.0,1.0,1.0,1.0,1.0,1.0,1.0,1.0,1.0,1.0,1.0,0.0
2648014,2,01/05/1968,1,35.5,72.1,16.0,5.0,1.0,1,0.0,1504.8,3.0,0.0,0.0,0.0,0.0,0.0,0.0,0.0,0.0,0.0,0.5,0.0,0.0,0.0,0.0,14.3,35.5,0.0,0.0,0.0,0.0,0.0,0.0,0.0,7.5,0.0,0.0,0.0,14.3,0.0,0.0,0.0,1.0,1.0,1.0,1.0,1.0,1.0,1.0,1.0,1.0,1.0,1.0,1.0,1.0,1.0,1.0,1.0,1.0,1.0,1.0,1.0,1.0,1.0,1.0,1.0,1.0,1.0,1.0,1.0,1.0,1.0,1.0
2648014,1,01/05/1968,1,35.5,72.1,16.0,5.0,1.0,1,0.0,1771.0,1.0,0.0,0.0,0.0,0.0,0.0,0.0,0.0,0.0,0.0,0.5,0.0,0.0,0.0,0.0,14.3,35.5,0.0,0.0,0.0,0.0,0.0,0.0,0.0,7.5,0.0,0.0,0.0,14.3,0.0,0.0,0.0,1.0,1.0,1.0,1.0,1.0,1.0,1.0,1.0,1.0,1.0,1.0,1.0,1.0,1.0,1.0,1.0,1.0,1.0,1.0,1.0,1.0,1.0,1.0,1.0,1.0,1.0,1.0,1.0,1.0,1.0,1.0
2648014,2,01/04/1968,1,35.5,148.8,19.0,6.0,1.0,3,0.0,1504.8,3.0,21.5,21.0,14.3,0.0,28.0,0.0,0.0,0.0,0.0,0.0,0.0,0.0,0.0,0.0,0.0,0.0,0.0,28.5,35.5,0.0,0.0,0.0,0.0,0.0,0.0,0.0,0.0,0.0,0.0,0.0,,1.0,1.0,1.0,1.0,1.0,1.0,1.0,1.0,1.0,1.0,1.0,1.0,1.0,1.0,1.0,1.0,1.0,1.0,1.0,1.0,1.0,1.0,1.0,1.0,1.0,1.0,1.0,1.0,1.0,1.0,0.0
2648014,1,01/04/1968,1,35.5,148.8,19.0,6.0,1.0,1,0.0,1771.0,1.0,21.5,21.0,14.3,0.0,28.0,0.0,0.0,0.0,0.0,0.0,0.0,0.0,0.0,0.0,0.0,0.0,0.0,28.5,35.5,0.0,0.0,0.0,0.0,0.0,0.0,0.0,0.0,0.0,0.0,0.0,,1.0,1.0,1.0,1.0,1.0,1.0,1.0,1.0,1.0,1.0,1.0,1.0,1.0,1.0,1.0,1.0,1.0,1.0,1.0,1.0,1.0,1.0,1.0,1.0,1.0,1.0,1.0,1.0,1.0,1.0,0.0
2648014,2,01/03/1968,1,49.3,180.1,22.0,10.0,1.0,3,0.0,1504.8,3.0,0.0,0.0,0.0,0.0,0.0,14.2,0.0,0.0,0.0,14.4,13.0,14.5,14.4,0.0,14.0,21.0,14.3,0.0,0.0,0.0,0.0,49.3,0.0,0.0,0.0,0.0,11.0,0.0,0.0,0.0,0.0,1.0,1.0,1.0,1.0,1.0,1.0,1.0,1.0,1.0,1.0,1.0,1.0,1.0,1.0,1.0,1.0,1.0,1.0,1.0,1.0,1.0,1.0,1.0,1.0,1.0,1.0,1.0,1.0,1.0,1.0,1.0
2648014,1,01/03/1968,1,49.3,180.1,22.0,10.0,1.0,1,0.0,1771.0,1.0,0.0,0.0,0.0,0.0,0.0,14.2,0.0,0.0,0.0,14.4,13.0,14.5,14.4,0.0,14.0,21.0,14.3,0.0,0.0,0.0,0.0,49.3,0.0,0.0,0.0,0.0,11.0,0.0,0.0,0.0,0.0,1.0,1.0,1.0,1.0,1.0,1.0,1.0,1.0,1.0,1.0,1.0,1.0,1.0,1.0,1.0,1.0,1.0,1.0,1.0,1.0,1.0,1.0,1.0,1.0,1.0,1.0,1.0,1.0,1.0,1.0,1.0
2648014,2,01/02/1968,1,,91.0,,,0.0,2,0.0,1504.8,3.0,,,,,,,,,,,,,,,,,,,,,,0.0,7.4,0.0,0.0,0.0,0.0,0.0,0.0,,,0.0,0.0,0.0,0.0,0.0,0.0,0.0,0.0,0.0,0.0,0.0,0.0,0.0,0.0,0.0,0.0,0.0,0.0,0.0,0.0,0.0,1.0,1.0,1.0,1.0,1.0,1.0,1.0,1.0,0.0,0.0
2648014,1,01/02/1968,1,80.2,235.0,4.0,7.0,1.0,1,0.0,1771.0,1.0,0.0,20.2,0.0,80.2,0.0,0.0,0.0,0.0,0.0,0.0,0.0,0.0,35.0,0.0,0.0,0.0,0.0,21.2,0.6,0.0,70.4,0.0,7.4,0.0,0.0,0.0,0.0,0.0,0.0,,,1.0,1.0,1.0,1.0,1.0,1.0,1.0,1.0,1.0,1.0,1.0,1.0,1.0,1.0,1.0,1.0,1.0,1.0,1.0,1.0,1.0,1.0,1.0,1.0,1.0,1.0,1.0,1.0,1.0,0.0,0.0
2648014,2,01/01/1968,1,105.4,418.0,16.0,14.0,1.0,3,0.0,1504.8,3.0,21.5,56.3,21.6,0.0,0.0,0.0,0.0,0.0,0.0,42.5,0.0,0.0,42.3,21.0,28.0,105.4,21.3,0.5,0.0,14.3,21.3,13.0,0.0,0.0,0.0,0.0,0.0,0.0,0.0,0.0,9.0,1.0,1.0,1.0,1.0,1.0,1.0,1.0,1.0,1.0,1.0,1.0,1.0,1.0,1.0,1.0,1.0,1.0,1.0,1.0,1.0,1.0,1.0,1.0,1.0,1.0,1.0,1.0,1.0,1.0,1.0,1.0
2648014,1,01/01/1968,1,105.4,418.0,16.0,14.0,1.0,1,0.0,1771.0,1.0,21.5,56.3,21.6,0.0,0.0,0.0,0.0,0.0,0.0,42.5,0.0,0.0,42.3,21.0,28.0,105.4,21.3,0.5,0.0,14.3,21.3,13.0,0.0,0.0,0.0,0.0,0.0,0.0,0.0,0.0,9.0,1.0,1.0,1.0,1.0,1.0,1.0,1.0,1.0,1.0,1.0,1.0,1.0,1.0,1.0,1.0,1.0,1.0,1.0,1.0,1.0,1.0,1.0,1.0,1.0,1.0,1.0,1.0,1.0,1.0,1.0,1.0
2648014,2,01/12/1967,1,36.5,191.4,2.0,17.0,1.0,1,0.0,1932.7,3.0,0.0,36.5,0.5,0.1,0.0,0.0,0.0,36.2,3.0,3.2,6.5,1.0,0.0,0.0,10.0,13.3,1.5,2.3,0.0,0.0,0.0,14.0,0.0,0.0,0.0,0.0,2.2,0.0,18.8,21.0,21.3,1.0,1.0,1.0,1.0,1.0,1.0,1.0,1.0,1.0,1.0,1.0,1.0,1.0,1.0,1.0,1.0,1.0,1.0,1.0,1.0,1.0,1.0,1.0,1.0,1.0,1.0,1.0,1.0,1.0,1.0,1.0
2648014,1,01/12/1967,1,36.5,191.4,2.0,17.0,1.0,1,0.0,2169.7,1.0,0.0,36.5,0.5,0.1,0.0,0.0,0.0,36.2,3.0,3.2,6.5,1.0,0.0,0.0,10.0,13.3,1.5,2.3,0.0,0.0,0.0,14.0,0.0,0.0,0.0,0.0,2.2,0.0,18.8,21.0,21.3,1.0,1.0,1.0,1.0,1.0,1.0,1.0,1.0,1.0,1.0,1.0,1.0,1.0,1.0,1.0,1.0,1.0,1.0,1.0,1.0,1.0,1.0,1.0,1.0,1.0,1.0,1.0,1.0,1.0,1.0,1.0
2648014,2,01/11/1967,1,,209.0,,,0.0,2,0.0,1932.7,3.0,2.5,3.5,1.0,0.0,1.5,0.0,0.0,0.0,0.0,0.0,0.0,0.0,0.0,0.0,0.0,,,,,,,,,,,,,,,,,1.0,1.0,1.0,1.0,1.0,1.0,1.0,1.0,1.0,1.0,1.0,1.0,1.0,1.0,1.0,0.0,0.0,0.0,0.0,0.0,0.0,0.0,0.0,0.0,0.0,0.0,0.0,0.0,0.0,0.0,0.0
2648014,1,01/11/1967,1,112.0,446.0,16.0,14.0,1.0,1,0.0,2169.7,1.0,2.5,3.5,1.0,0.0,1.5,0.0,0.0,0.0,0.0,0.0,0.0,0.0,0.0,0.0,0.0,112.0,42.0,91.0,2.0,0.0,0.0,0.0,0.5,0.0,0.0,21.0,21.0,63.0,84.0,1.0,,1.0,1.0,1.0,1.0,1.0,1.0,1.0,1.0,1.0,1.0,1.0,1.0,1.0,1.0,1.0,1.0,1.0,1.0,1.0,1.0,1.0,1.0,1.0,1.0,1.0,1.0,1.0,1.0,1.0,1.0,0.0
2648014,2,01/10/1967,1,100.0,191.5,18.0,15.0,1.0,3,0.0,1932.7,3.0,0.0,6.0,0.0,0.0,0.0,0.0,0.0,0.0,0.0,0.0,2.9,3.3,0.0,0.0,0.0,13.7,0.0,100.0,17.0,7.6,13.5,1.8,1.3,4.0,0.8,0.0,14.1,1.0,4.5,0.0,0.0,1.0,1.0,1.0,1.0,1.0,1.0,1.0,1.0,1.0,1.0,1.0,1.0,1.0,1.0,1.0,1.0,1.0,1.0,1.0,1.0,1.0,1.0,1.0,1.0,1.0,1.0,1.0,1.0,1.0,1.0,1.0
2648014,1,01/10/1967,1,100.0,191.5,18.0,15.0,1.0,1,0.0,2169.7,1.0,0.0,6.0,0.0,0.0,0.0,0.0,0.0,0.0,0.0,0.0,2.9,3.3,0.0,0.0,0.0,13.7,0.0,100.0,17.0,7.6,13.5,1.8,1.3,4.0,0.8,0.0,14.1,1.0,4.5,0.0,0.0,1.0,1.0,1.0,1.0,1.0,1.0,1.0,1.0,1.0,1.0,1.0,1.0,1.0,1.0,1.0,1.0,1.0,1.0,1.0,1.0,1.0,1.0,1.0,1.0,1.0,1.0,1.0,1.0,1.0,1.0,1.0
2648014,2,01/09/1967,1,24.4,128.3,12.0,15.0,1.0,1,0.0,1932.7,3.0,0.0,0.0,0.0,0.0,13.5,0.0,0.0,17.5,0.0,0.5,2.2,24.4,0.0,0.0,0.0,0.0,1.4,2.5,2.0,1.7,9.0,18.1,23.0,5.0,5.3,0.0,0.0,2.2,0.0,0.0,,1.0,1.0,1.0,1.0,1.0,1.0,1.0,1.0,1.0,1.0,1.0,1.0,1.0,1.0,1.0,1.0,1.0,1.0,1.0,1.0,1.0,1.0,1.0,1.0,1.0,1.0,1.0,1.0,1.0,1.0,0.0
2648014,1,01/09/1967,1,24.4,128.3,12.0,15.0,1.0,1,0.0,2169.7,1.0,0.0,0.0,0.0,0.0,13.5,0.0,0.0,17.5,0.0,0.5,2.2,24.4,0.0,0.0,0.0,0.0,1.4,2.5,2.0,1.7,9.0,18.1,23.0,5.0,5.3,0.0,0.0,2.2,0.0,0.0,,1.0,1.0,1.0,1.0,1.0,1.0,1.0,1.0,1.0,1.0,1.0,1.0,1.0,1.0,1.0,1.0,1.0,1.0,1.0,1.0,1.0,1.0,1.0,1.0,1.0,1.0,1.0,1.0,1.0,1.0,0.0
2648014,2,01/08/1967,1,12.6,34.9,13.0,8.0,1.0,1,0.0,1932.7,3.0,0.0,0.0,0.0,0.0,0.0,6.0,0.0,0.0,0.0,0.0,0.0,0.0,12.6,3.0,0.0,0.0,0.0,0.0,0.0,0.0,8.0,1.0,1.8,1.0,0.0,0.0,0.0,0.0,1.5,0.0,0.0,1.0,1.0,1.0,1.0,1.0,1.0,1.0,1.0,1.0,1.0,1.0,1.0,1.0,1.0,1.0,1.0,1.0,1.0,1.0,1.0,1.0,1.0,1.0,1.0,1.0,1.0,1.0,1.0,1.0,1.0,1.0
2648014,1,01/08/1967,1,12.6,34.9,13.0,8.0,1.0,1,0.0,2169.7,1.0,0.0,0.0,0.0,0.0,0.0,6.0,0.0,0.0,0.0,0.0,0.0,0.0,12.6,3.0,0.0,0.0,0.0,0.0,0.0,0.0,8.0,1.0,1.8,1.0,0.0,0.0,0.0,0.0,1.5,0.0,0.0,1.0,1.0,1.0,1.0,1.0,1.0,1.0,1.0,1.0,1.0,1.0,1.0,1.0,1.0,1.0,1.0,1.0,1.0,1.0,1.0,1.0,1.0,1.0,1.0,1.0,1.0,1.0,1.0,1.0,1.0,1.0
2648014,2,01/07/1967,1,41.0,109.2,16.0,8.0,1.0,1,0.0,1932.7,3.0,0.0,0.0,0.0,0.0,0.0,0.0,0.0,0.0,0.0,14.2,0.5,36.6,13.7,0.0,0.0,41.0,2.3,0.0,0.0,0.0,0.4,0.0,0.0,0.0,0.0,0.5,0.0,0.0,0.0,0.0,0.0,1.0,1.0,1.0,1.0,1.0,1.0,1.0,1.0,1.0,1.0,1.0,1.0,1.0,1.0,1.0,1.0,1.0,1.0,1.0,1.0,1.0,1.0,1.0,1.0,1.0,1.0,1.0,1.0,1.0,1.0,1.0
2648014,1,01/07/1967,1,41.0,109.2,16.0,8.0,1.0,1,0.0,2169.7,1.0,0.0,0.0,0.0,0.0,0.0,0.0,0.0,0.0,0.0,14.2,0.5,36.6,13.7,0.0,0.0,41.0,2.3,0.0,0.0,0.0,0.4,0.0,0.0,0.0,0.0,0.5,0.0,0.0,0.0,0.0,0.0,1.0,1.0,1.0,1.0,1.0,1.0,1.0,1.0,1.0,1.0,1.0,1.0,1.0,1.0,1.0,1.0,1.0,1.0,1.0,1.0,1.0,1.0,1.0,1.0,1.0,1.0,1.0,1.0,1.0,1.0,1.0
2648014,2,01/06/1967,1,37.9,92.1,5.0,6.0,1.0,1,0.0,1932.7,3.0,0.0,2.1,10.0,10.5,37.9,0.0,0.0,0.0,0.0,0.0,0.0,0.0,9.3,22.3,0.0,0.0,0.0,0.0,0.0,0.0,0.0,0.0,0.0,0.0,0.0,0.0,0.0,0.0,0.0,0.0,,1.0,1.0,1.0,1.0,1.0,1.0,1.0,1.0,1.0,1.0,1.0,1.0,1.0,1.0,1.0,1.0,1.0,1.0,1.0,1.0,1.0,1.0,1.0,1.0,1.0,1.0,1.0,1.0,1.0,1.0,0.0
2648014,1,01/06/1967,1,37.9,92.1,5.0,6.0,1.0,1,0.0,2169.7,1.0,0.0,2.1,10.0,10.5,37.9,0.0,0.0,0.0,0.0,0.0,0.0,0.0,9.3,22.3,0.0,0.0,0.0,0.0,0.0,0.0,0.0,0.0,0.0,0.0,0.0,0.0,0.0,0.0,0.0,0.0,,1.0,1.0,1.0,1.0,1.0,1.0,1.0,1.0,1.0,1.0,1.0,1.0,1.0,1.0,1.0,1.0,1.0,1.0,1.0,1.0,1.0,1.0,1.0,1.0,1.0,1.0,1.0,1.0,1.0,1.0,0.0
2648014,2,01/05/1967,1,26.5,44.4,22.0,7.0,1.0,1,0.0,1932.7,3.0,0.0,0.0,0.0,0.0,0.0,1.3,3.3,0.0,0.0,0.0,0.0,0.0,0.0,0.0,0.0,1.7,0.0,0.0,2.3,0.0,5.4,26.5,0.0,0.0,0.0,0.0,0.0,0.0,0.0,3.9,0.0,1.0,1.0,1.0,1.0,1.0,1.0,1.0,1.0,1.0,1.0,1.0,1.0,1.0,1.0,1.0,1.0,1.0,1.0,1.0,1.0,1.0,1.0,1.0,1.0,1.0,1.0,1.0,1.0,1.0,1.0,1.0
2648014,1,01/05/1967,1,26.5,44.4,22.0,7.0,1.0,1,0.0,2169.7,1.0,0.0,0.0,0.0,0.0,0.0,1.3,3.3,0.0,0.0,0.0,0.0,0.0,0.0,0.0,0.0,1.7,0.0,0.0,2.3,0.0,5.4,26.5,0.0,0.0,0.0,0.0,0.0,0.0,0.0,3.9,0.0,1.0,1.0,1.0,1.0,1.0,1.0,1.0,1.0,1.0,1.0,1.0,1.0,1.0,1.0,1.0,1.0,1.0,1.0,1.0,1.0,1.0,1.0,1.0,1.0,1.0,1.0,1.0,1.0,1.0,1.0,1.0
2648014,2,01/04/1967,1,12.4,24.7,14.0,7.0,1.0,1,0.0,1932.7,3.0,0.0,0.0,0.0,0.0,4.2,1.0,0.0,0.0,0.0,0.0,0.0,0.0,0.0,12.4,1.3,0.0,0.0,0.0,0.0,0.0,0.0,0.0,0.0,0.0,0.0,0.0,2.0,0.0,1.8,2.0,,1.0,1.0,1.0,1.0,1.0,1.0,1.0,1.0,1.0,1.0,1.0,1.0,1.0,1.0,1.0,1.0,1.0,1.0,1.0,1.0,1.0,1.0,1.0,1.0,1.0,1.0,1.0,1.0,1.0,1.0,0.0
2648014,1,01/04/1967,1,12.4,24.7,14.0,7.0,1.0,1,0.0,2169.7,1.0,0.0,0.0,0.0,0.0,4.2,1.0,0.0,0.0,0.0,0.0,0.0,0.0,0.0,12.4,1.3,0.0,0.0,0.0,0.0,0.0,0.0,0.0,0.0,0.0,0.0,0.0,2.0,0.0,1.8,2.0,,1.0,1.0,1.0,1.0,1.0,1.0,1.0,1.0,1.0,1.0,1.0,1.0,1.0,1.0,1.0,1.0,1.0,1.0,1.0,1.0,1.0,1.0,1.0,1.0,1.0,1.0,1.0,1.0,1.0,1.0,0.0
2648014,2,01/03/1967,1,72.0,165.4,28.0,15.0,1.0,1,0.0,1932.7,3.0,0.0,0.0,6.0,16.5,15.2,0.2,0.5,0.2,0.0,0.0,0.5,0.0,0.0,0.0,0.0,0.0,1.2,2.3,4.0,0.0,0.0,0.0,0.0,7.0,0.0,4.0,21.2,72.0,0.0,0.0,14.6,1.0,1.0,1.0,1.0,1.0,1.0,1.0,1.0,1.0,1.0,1.0,1.0,1.0,1.0,1.0,1.0,1.0,1.0,1.0,1.0,1.0,1.0,1.0,1.0,1.0,1.0,1.0,1.0,1.0,1.0,1.0
2648014,1,01/03/1967,1,72.0,165.4,28.0,15.0,1.0,1,0.0,2169.7,1.0,0.0,0.0,6.0,16.5,15.2,0.2,0.5,0.2,0.0,0.0,0.5,0.0,0.0,0.0,0.0,0.0,1.2,2.3,4.0,0.0,0.0,0.0,0.0,7.0,0.0,4.0,21.2,72.0,0.0,0.0,14.6,1.0,1.0,1.0,1.0,1.0,1.0,1.0,1.0,1.0,1.0,1.0,1.0,1.0,1.0,1.0,1.0,1.0,1.0,1.0,1.0,1.0,1.0,1.0,1.0,1.0,1.0,1.0,1.0,1.0,1.0,1.0
2648014,2,01/02/1967,1,98.2,475.3,11.0,15.0,1.0,1,0.0,1932.7,3.0,47.8,77.6,28.8,0.0,0.0,0.0,0.0,11.0,0.0,31.9,98.2,25.2,0.0,0.0,0.0,18.0,33.0,19.1,12.3,0.0,0.0,0.0,0.0,6.0,33.4,3.0,0.0,30.0,,,,1.0,1.0,1.0,1.0,1.0,1.0,1.0,1.0,1.0,1.0,1.0,1.0,1.0,1.0,1.0,1.0,1.0,1.0,1.0,1.0,1.0,1.0,1.0,1.0,1.0,1.0,1.0,1.0,0.0,0.0,0.0
2648014,1,01/02/1967,1,98.2,475.3,11.0,15.0,1.0,1,0.0,2169.7,1.0,47.8,77.6,28.8,0.0,0.0,0.0,0.0,11.0,0.0,31.9,98.2,25.2,0.0,0.0,0.0,18.0,33.0,19.1,12.3,0.0,0.0,0.0,0.0,6.0,33.4,3.0,0.0,30.0,,,,1.0,1.0,1.0,1.0,1.0,1.0,1.0,1.0,1.0,1.0,1.0,1.0,1.0,1.0,1.0,1.0,1.0,1.0,1.0,1.0,1.0,1.0,1.0,1.0,1.0,1.0,1.0,1.0,0.0,0.0,0.0
2648014,2,01/01/1967,1,41.5,266.5,24.0,21.0,1.0,1,0.0,1932.7,3.0,28.0,5.6,10.2,9.2,0.0,0.0,0.0,22.5,9.0,0.0,0.0,0.0,3.2,11.7,17.5,0.0,0.0,14.5,0.0,1.5,21.5,9.0,2.0,41.5,17.5,7.6,5.8,1.0,7.5,0.0,20.2,1.0,1.0,1.0,1.0,1.0,1.0,1.0,1.0,1.0,1.0,1.0,1.0,1.0,1.0,1.0,1.0,1.0,1.0,1.0,1.0,1.0,1.0,1.0,1.0,1.0,1.0,1.0,1.0,1.0,1.0,1.0
2648014,1,01/01/1967,1,41.5,266.5,24.0,21.0,1.0,1,0.0,2169.7,1.0,28.0,5.6,10.2,9.2,0.0,0.0,0.0,22.5,9.0,0.0,0.0,0.0,3.2,11.7,17.5,0.0,0.0,14.5,0.0,1.5,21.5,9.0,2.0,41.5,17.5,7.6,5.8,1.0,7.5,0.0,20.2,1.0,1.0,1.0,1.0,1.0,1.0,1.0,1.0,1.0,1.0,1.0,1.0,1.0,1.0,1.0,1.0,1.0,1.0,1.0,1.0,1.0,1.0,1.0,1.0,1.0,1.0,1.0,1.0,1.0,1.0,1.0
2648014,2,01/12/1966,1,46.0,227.4,12.0,16.0,1.0,1,0.0,2010.4,1.0,7.8,24.5,0.0,0.0,0.0,0.0,0.0,0.0,0.0,0.0,0.0,46.0,8.2,5.1,3.2,10.2,0.0,0.0,5.1,30.3,12.5,10.1,0.0,13.7,5.1,0.0,5.1,40.0,0.5,0.0,0.0,1.0,1.0,1.0,1.0,1.0,1.0,1.0,1.0,1.0,1.0,1.0,1.0,1.0,1.0,1.0,1.0,1.0,1.0,1.0,1.0,1.0,1.0,1.0,1.0,1.0,1.0,1.0,1.0,1.0,1.0,1.0
2648014,1,01/12/1966,1,46.0,227.4,12.0,16.0,1.0,1,0.0,2010.4,1.0,7.8,24.5,0.0,0.0,0.0,0.0,0.0,0.0,0.0,0.0,0.0,46.0,8.2,5.1,3.2,10.2,0.0,0.0,5.1,30.3,12.5,10.1,0.0,13.7,5.1,0.0,5.1,40.0,0.5,0.0,0.0,1.0,1.0,1.0,1.0,1.0,1.0,1.0,1.0,1.0,1.0,1.0,1.0,1.0,1.0,1.0,1.0,1.0,1.0,1.0,1.0,1.0,1.0,1.0,1.0,1.0,1.0,1.0,1.0,1.0,1.0,1.0
2648014,2,01/11/1966,1,38.0,130.6,17.0,7.0,1.0,1,0.0,2010.4,1.0,6.5,0.0,0.0,0.0,0.0,5.0,0.0,0.0,0.0,0.0,0.0,0.0,5.7,37.1,20.5,0.0,38.0,0.0,0.0,0.0,0.0,0.0,0.0,0.0,0.0,0.0,0.0,0.0,0.0,17.8,,1.0,1.0,1.0,1.0,1.0,1.0,1.0,1.0,1.0,1.0,1.0,1.0,1.0,1.0,1.0,1.0,1.0,1.0,1.0,1.0,1.0,1.0,1.0,1.0,1.0,1.0,1.0,1.0,1.0,1.0,0.0
2648014,1,01/11/1966,1,38.0,130.6,17.0,7.0,1.0,1,0.0,2010.4,1.0,6.5,0.0,0.0,0.0,0.0,5.0,0.0,0.0,0.0,0.0,0.0,0.0,5.7,37.1,20.5,0.0,38.0,0.0,0.0,0.0,0.0,0.0,0.0,0.0,0.0,0.0,0.0,0.0,0.0,17.8,,1.0,1.0,1.0,1.0,1.0,1.0,1.0,1.0,1.0,1.0,1.0,1.0,1.0,1.0,1.0,1.0,1.0,1.0,1.0,1.0,1.0,1.0,1.0,1.0,1.0,1.0,1.0,1.0,1.0,1.0,0.0
2648014,2,01/10/1966,1,46.0,261.3,23.0,15.0,1.0,1,0.0,2010.4,1.0,0.0,0.0,31.0,0.0,0.0,13.8,10.0,25.0,0.0,0.0,0.0,10.8,0.0,0.0,0.0,6.8,4.3,16.2,0.0,0.0,0.0,10.0,46.0,0.0,0.0,0.0,26.0,10.0,10.3,15.0,26.1,1.0,1.0,1.0,1.0,1.0,1.0,1.0,1.0,1.0,1.0,1.0,1.0,1.0,1.0,1.0,1.0,1.0,1.0,1.0,1.0,1.0,1.0,1.0,1.0,1.0,1.0,1.0,1.0,1.0,1.0,1.0
2648014,1,01/10/1966,1,46.0,261.3,23.0,15.0,1.0,1,0.0,2010.4,1.0,0.0,0.0,31.0,0.0,0.0,13.8,10.0,25.0,0.0,0.0,0.0,10.8,0.0,0.0,0.0,6.8,4.3,16.2,0.0,0.0,0.0,10.0,46.0,0.0,0.0,0.0,26.0,10.0,10.3,15.0,26.1,1.0,1.0,1.0,1.0,1.0,1.0,1.0,1.0,1.0,1.0,1.0,1.0,1.0,1.0,1.0,1.0,1.0,1.0,1.0,1.0,1.0,1.0,1.0,1.0,1.0,1.0,1.0,1.0,1.0,1.0,1.0
2648014,2,01/09/1966,1,20.1,86.8,4.0,9.0,1.0,1,0.0,2010.4,1.0,7.3,5.0,9.5,20.1,13.0,0.0,0.0,0.0,0.0,0.0,0.0,0.0,0.0,5.1,12.0,0.0,0.0,0.0,0.0,0.0,0.0,0.0,0.0,0.0,0.0,0.0,0.0,7.8,7.0,0.0,,1.0,1.0,1.0,1.0,1.0,1.0,1.0,1.0,1.0,1.0,1.0,1.0,1.0,1.0,1.0,1.0,1.0,1.0,1.0,1.0,1.0,1.0,1.0,1.0,1.0,1.0,1.0,1.0,1.0,1.0,0.0
2648014,1,01/09/1966,1,20.1,86.8,4.0,9.0,1.0,1,0.0,2010.4,1.0,7.3,5.0,9.5,20.1,13.0,0.0,0.0,0.0,0.0,0.0,0.0,0.0,0.0,5.1,12.0,0.0,0.0,0.0,0.0,0.0,0.0,0.0,0.0,0.0,0.0,0.0,0.0,7.8,7.0,0.0,,1.0,1.0,1.0,1.0,1.0,1.0,1.0,1.0,1.0,1.0,1.0,1.0,1.0,1.0,1.0,1.0,1.0,1.0,1.0,1.0,1.0,1.0,1.0,1.0,1.0,1.0,1.0,1.0,1.0,1.0,0.0
2648014,2,01/08/1966,1,36.8,80.8,15.0,5.0,1.0,1,0.0,2010.4,1.0,0.0,0.0,0.0,0.0,0.0,0.0,0.0,0.0,0.0,0.0,0.0,0.0,0.0,0.0,36.8,0.0,0.0,0.0,0.0,0.0,0.0,3.4,3.0,28.3,0.0,0.0,0.0,0.0,0.0,0.0,9.3,1.0,1.0,1.0,1.0,1.0,1.0,1.0,1.0,1.0,1.0,1.0,1.0,1.0,1.0,1.0,1.0,1.0,1.0,1.0,1.0,1.0,1.0,1.0,1.0,1.0,1.0,1.0,1.0,1.0,1.0,1.0
2648014,1,01/08/1966,1,36.8,80.8,15.0,5.0,1.0,1,0.0,2010.4,1.0,0.0,0.0,0.0,0.0,0.0,0.0,0.0,0.0,0.0,0.0,0.0,0.0,0.0,0.0,36.8,0.0,0.0,0.0,0.0,0.0,0.0,3.4,3.0,28.3,0.0,0.0,0.0,0.0,0.0,0.0,9.3,1.0,1.0,1.0,1.0,1.0,1.0,1.0,1.0,1.0,1.0,1.0,1.0,1.0,1.0,1.0,1.0,1.0,1.0,1.0,1.0,1.0,1.0,1.0,1.0,1.0,1.0,1.0,1.0,1.0,1.0,1.0
2648014,2,01/07/1966,1,15.6,25.5,23.0,3.0,1.0,1,0.0,2010.4,1.0,5.8,0.0,0.0,0.0,0.0,0.0,0.0,0.0,0.0,0.0,0.0,0.0,0.0,0.0,4.1,0.0,0.0,0.0,0.0,0.0,0.0,0.0,15.6,0.0,0.0,0.0,0.0,0.0,0.0,0.0,0.0,1.0,1.0,1.0,1.0,1.0,1.0,1.0,1.0,1.0,1.0,1.0,1.0,1.0,1.0,1.0,1.0,1.0,1.0,1.0,1.0,1.0,1.0,1.0,1.0,1.0,1.0,1.0,1.0,1.0,1.0,1.0
2648014,1,01/07/1966,1,15.6,25.5,23.0,3.0,1.0,1,0.0,2010.4,1.0,5.8,0.0,0.0,0.0,0.0,0.0,0.0,0.0,0.0,0.0,0.0,0.0,0.0,0.0,4.1,0.0,0.0,0.0,0.0,0.0,0.0,0.0,15.6,0.0,0.0,0.0,0.0,0.0,0.0,0.0,0.0,1.0,1.0,1.0,1.0,1.0,1.0,1.0,1.0,1.0,1.0,1.0,1.0,1.0,1.0,1.0,1.0,1.0,1.0,1.0,1.0,1.0,1.0,1.0,1.0,1.0,1.0,1.0,1.0,1.0,1.0,1.0
2648014,2,01/06/1966,1,21.0,120.5,30.0,7.0,1.0,1,0.0,2010.4,1.0,0.0,0.0,0.0,0.0,0.0,0.0,0.0,0.0,0.0,0.0,0.0,0.0,0.0,15.0,20.0,18.0,0.0,0.0,0.0,0.0,0.0,11.0,15.5,0.0,0.0,0.0,0.0,0.0,20.0,21.0,,1.0,1.0,1.0,1.0,1.0,1.0,1.0,1.0,1.0,1.0,1.0,1.0,1.0,1.0,1.0,1.0,1.0,1.0,1.0,1.0,1.0,1.0,1.0,1.0,1.0,1.0,1.0,1.0,1.0,1.0,0.0
2648014,1,01/06/1966,1,21.0,120.5,30.0,7.0,1.0,1,0.0,2010.4,1.0,0.0,0.0,0.0,0.0,0.0,0.0,0.0,0.0,0.0,0.0,0.0,0.0,0.0,15.0,20.0,18.0,0.0,0.0,0.0,0.0,0.0,11.0,15.5,0.0,0.0,0.0,0.0,0.0,20.0,21.0,,1.0,1.0,1.0,1.0,1.0,1.0,1.0,1.0,1.0,1.0,1.0,1.0,1.0,1.0,1.0,1.0,1.0,1.0,1.0,1.0,1.0,1.0,1.0,1.0,1.0,1.0,1.0,1.0,1.0,1.0,0.0
2648014,2,01/05/1966,1,32.6,64.2,6.0,3.0,1.0,1,0.0,2010.4,1.0,0.0,0.0,0.0,0.0,0.0,32.6,0.0,0.0,0.0,0.0,27.1,4.5,0.0,0.0,0.0,0.0,0.0,0.0,0.0,0.0,0.0,0.0,0.0,0.0,0.0,0.0,0.0,0.0,0.0,0.0,0.0,1.0,1.0,1.0,1.0,1.0,1.0,1.0,1.0,1.0,1.0,1.0,1.0,1.0,1.0,1.0,1.0,1.0,1.0,1.0,1.0,1.0,1.0,1.0,1.0,1.0,1.0,1.0,1.0,1.0,1.0,1.0
2648014,1,01/05/1966,1,32.6,64.2,6.0,3.0,1.0,1,0.0,2010.4,1.0,0.0,0.0,0.0,0.0,0.0,32.6,0.0,0.0,0.0,0.0,27.1,4.5,0.0,0.0,0.0,0.0,0.0,0.0,0.0,0.0,0.0,0.0,0.0,0.0,0.0,0.0,0.0,0.0,0.0,0.0,0.0,1.0,1.0,1.0,1.0,1.0,1.0,1.0,1.0,1.0,1.0,1.0,1.0,1.0,1.0,1.0,1.0,1.0,1.0,1.0,1.0,1.0,1.0,1.0,1.0,1.0,1.0,1.0,1.0,1.0,1.0,1.0
2648014,2,01/04/1966,1,153.3,303.4,7.0,8.0,1.0,1,0.0,2010.4,1.0,0.0,0.0,0.0,41.4,1.5,49.8,153.3,39.7,1.7,0.0,0.0,0.0,0.0,0.0,0.0,0.0,0.0,0.0,0.0,0.0,0.0,0.0,0.0,0.0,10.9,0.0,0.0,0.0,0.0,5.1,,1.0,1.0,1.0,1.0,1.0,1.0,1.0,1.0,1.0,1.0,1.0,1.0,1.0,1.0,1.0,1.0,1.0,1.0,1.0,1.0,1.0,1.0,1.0,1.0,1.0,1.0,1.0,1.0,1.0,1.0,0.0
2648014,1,01/04/1966,1,153.3,303.4,7.0,8.0,1.0,1,0.0,2010.4,1.0,0.0,0.0,0.0,41.4,1.5,49.8,153.3,39.7,1.7,0.0,0.0,0.0,0.0,0.0,0.0,0.0,0.0,0.0,0.0,0.0,0.0,0.0,0.0,0.0,10.9,0.0,0.0,0.0,0.0,5.1,,1.0,1.0,1.0,1.0,1.0,1.0,1.0,1.0,1.0,1.0,1.0,1.0,1.0,1.0,1.0,1.0,1.0,1.0,1.0,1.0,1.0,1.0,1.0,1.0,1.0,1.0,1.0,1.0,1.0,1.0,0.0
2648014,2,01/03/1966,1,48.5,257.2,22.0,18.0,1.0,1,0.0,2010.4,1.0,38.2,9.5,28.2,35.2,2.6,0.0,2.3,2.5,0.0,3.0,1.0,0.0,0.0,0.0,0.0,0.0,0.0,7.0,0.0,0.0,0.1,48.5,41.0,7.0,0.0,0.0,1.0,10.0,18.5,0.0,1.6,1.0,1.0,1.0,1.0,1.0,1.0,1.0,1.0,1.0,1.0,1.0,1.0,1.0,1.0,1.0,1.0,1.0,1.0,1.0,1.0,1.0,1.0,1.0,1.0,1.0,1.0,1.0,1.0,1.0,1.0,1.0
2648014,1,01/03/1966,1,48.5,257.2,22.0,18.0,1.0,1,0.0,2010.4,1.0,38.2,9.5,28.2,35.2,2.6,0.0,2.3,2.5,0.0,3.0,1.0,0.0,0.0,0.0,0.0,0.0,0.0,7.0,0.0,0.0,0.1,48.5,41.0,7.0,0.0,0.0,1.0,10.0,18.5,0.0,1.6,1.0,1.0,1.0,1.0,1.0,1.0,1.0,1.0,1.0,1.0,1.0,1.0,1.0,1.0,1.0,1.0,1.0,1.0,1.0,1.0,1.0,1.0,1.0,1.0,1.0,1.0,1.0,1.0,1.0,1.0,1.0
2648014,2,01/02/1966,1,84.4,303.5,13.0,16.0,1.0,1,0.0,2010.4,1.0,0.0,0.0,0.0,0.0,0.0,0.0,0.0,0.0,14.0,14.0,7.0,6.2,84.4,20.0,22.2,4.0,0.0,44.5,0.7,2.5,45.0,3.5,0.0,24.0,6.2,5.3,0.0,0.0,,,,1.0,1.0,1.0,1.0,1.0,1.0,1.0,1.0,1.0,1.0,1.0,1.0,1.0,1.0,1.0,1.0,1.0,1.0,1.0,1.0,1.0,1.0,1.0,1.0,1.0,1.0,1.0,1.0,0.0,0.0,0.0
2648014,1,01/02/1966,1,84.4,303.5,13.0,16.0,1.0,1,0.0,2010.4,1.0,0.0,0.0,0.0,0.0,0.0,0.0,0.0,0.0,14.0,14.0,7.0,6.2,84.4,20.0,22.2,4.0,0.0,44.5,0.7,2.5,45.0,3.5,0.0,24.0,6.2,5.3,0.0,0.0,,,,1.0,1.0,1.0,1.0,1.0,1.0,1.0,1.0,1.0,1.0,1.0,1.0,1.0,1.0,1.0,1.0,1.0,1.0,1.0,1.0,1.0,1.0,1.0,1.0,1.0,1.0,1.0,1.0,0.0,0.0,0.0
2648014,2,01/01/1966,1,20.5,149.2,26.0,18.0,1.0,1,0.0,2010.4,1.0,0.0,0.0,18.1,5.0,9.2,0.0,0.0,0.0,10.1,6.1,0.0,5.0,11.0,0.0,3.0,15.0,5.1,2.0,2.0,0.0,0.0,0.0,0.0,0.0,0.0,20.5,12.0,5.0,2.0,15.1,3.0,1.0,1.0,1.0,1.0,1.0,1.0,1.0,1.0,1.0,1.0,1.0,1.0,1.0,1.0,1.0,1.0,1.0,1.0,1.0,1.0,1.0,1.0,1.0,1.0,1.0,1.0,1.0,1.0,1.0,1.0,1.0
2648014,1,01/01/1966,1,20.5,149.2,26.0,18.0,1.0,1,0.0,2010.4,1.0,0.0,0.0,18.1,5.0,9.2,0.0,0.0,0.0,10.1,6.1,0.0,5.0,11.0,0.0,3.0,15.0,5.1,2.0,2.0,0.0,0.0,0.0,0.0,0.0,0.0,20.5,12.0,5.0,2.0,15.1,3.0,1.0,1.0,1.0,1.0,1.0,1.0,1.0,1.0,1.0,1.0,1.0,1.0,1.0,1.0,1.0,1.0,1.0,1.0,1.0,1.0,1.0,1.0,1.0,1.0,1.0,1.0,1.0,1.0,1.0,1.0,1.0
2648014,2,01/12/1965,1,,243.0,,,0.0,2,0.0,1615.4,2.0,,,,,,,,,,,,,,,,,,,,,,,,,,,,,,,,0.0,0.0,0.0,0.0,0.0,0.0,0.0,0.0,0.0,0.0,0.0,0.0,0.0,0.0,0.0,0.0,0.0,0.0,0.0,0.0,0.0,0.0,0.0,0.0,0.0,0.0,0.0,0.0,0.0,0.0,0.0
2648014,2,01/11/1965,1,40.4,164.6,13.0,8.0,1.0,1,0.0,1615.4,2.0,0.0,0.0,0.0,0.0,0.0,40.0,0.0,14.1,0.0,0.0,0.0,29.6,40.4,5.3,20.2,0.0,0.0,0.0,0.0,0.0,0.0,0.0,0.0,0.5,0.0,14.5,0.0,0.0,0.0,0.0,,1.0,1.0,1.0,1.0,1.0,1.0,1.0,1.0,1.0,1.0,1.0,1.0,1.0,1.0,1.0,1.0,1.0,1.0,1.0,1.0,1.0,1.0,1.0,1.0,1.0,1.0,1.0,1.0,1.0,1.0,0.0
2648014,1,01/11/1965,1,40.4,164.6,13.0,8.0,1.0,1,0.0,,0.0,0.0,0.0,0.0,0.0,0.0,40.0,0.0,14.1,0.0,0.0,0.0,29.6,40.4,5.3,20.2,0.0,0.0,0.0,0.0,0.0,0.0,0.0,0.0,0.5,0.0,14.5,0.0,0.0,0.0,0.0,,1.0,1.0,1.0,1.0,1.0,1.0,1.0,1.0,1.0,1.0,1.0,1.0,1.0,1.0,1.0,1.0,1.0,1.0,1.0,1.0,1.0,1.0,1.0,1.0,1.0,1.0,1.0,1.0,1.0,1.0,0.0
2648014,2,01/10/1965,1,57.9,94.9,1.0,4.0,1.0,1,0.0,1615.4,2.0,57.9,0.0,0.0,0.0,0.0,0.0,0.0,0.0,0.0,0.0,8.0,0.0,4.5,0.0,0.0,0.0,0.0,0.0,0.0,0.0,0.0,0.0,0.0,0.0,24.5,0.0,0.0,0.0,0.0,0.0,0.0,1.0,1.0,1.0,1.0,1.0,1.0,1.0,1.0,1.0,1.0,1.0,1.0,1.0,1.0,1.0,1.0,1.0,1.0,1.0,1.0,1.0,1.0,1.0,1.0,1.0,1.0,1.0,1.0,1.0,1.0,1.0
2648014,1,01/10/1965,1,57.9,94.9,1.0,4.0,1.0,1,0.0,,0.0,57.9,0.0,0.0,0.0,0.0,0.0,0.0,0.0,0.0,0.0,8.0,0.0,4.5,0.0,0.0,0.0,0.0,0.0,0.0,0.0,0.0,0.0,0.0,0.0,24.5,0.0,0.0,0.0,0.0,0.0,0.0,1.0,1.0,1.0,1.0,1.0,1.0,1.0,1.0,1.0,1.0,1.0,1.0,1.0,1.0,1.0,1.0,1.0,1.0,1.0,1.0,1.0,1.0,1.0,1.0,1.0,1.0,1.0,1.0,1.0,1.0,1.0
2648014,2,01/09/1965,1,40.0,122.0,27.0,9.0,1.0,1,0.0,1615.4,2.0,0.0,0.0,0.0,0.0,13.7,0.0,0.0,25.2,3.9,0.0,2.8,0.0,0.0,0.0,6.1,0.0,0.0,0.0,0.0,7.2,0.0,0.0,0.0,0.0,0.0,9.8,40.0,13.3,0.0,0.0,,1.0,1.0,1.0,1.0,1.0,1.0,1.0,1.0,1.0,1.0,1.0,1.0,1.0,1.0,1.0,1.0,1.0,1.0,1.0,1.0,1.0,1.0,1.0,1.0,1.0,1.0,1.0,1.0,1.0,1.0,0.0
2648014,1,01/09/1965,1,40.0,122.0,27.0,9.0,1.0,1,0.0,,0.0,0.0,0.0,0.0,0.0,13.7,0.0,0.0,25.2,3.9,0.0,2.8,0.0,0.0,0.0,6.1,0.0,0.0,0.0,0.0,7.2,0.0,0.0,0.0,0.0,0.0,9.8,40.0,13.3,0.0,0.0,,1.0,1.0,1.0,1.0,1.0,1.0,1.0,1.0,1.0,1.0,1.0,1.0,1.0,1.0,1.0,1.0,1.0,1.0,1.0,1.0,1.0,1.0,1.0,1.0,1.0,1.0,1.0,1.0,1.0,1.0,0.0
2648014,2,01/08/1965,1,56.0,104.9,19.0,4.0,1.0,1,0.0,1615.4,2.0,0.0,0.0,0.0,5.8,0.0,0.0,0.0,0.0,0.0,0.0,0.0,0.0,0.0,0.0,0.0,0.0,0.0,0.0,56.0,39.8,3.3,0.0,0.0,0.0,0.0,0.0,0.0,0.0,0.0,0.0,0.0,1.0,1.0,1.0,1.0,1.0,1.0,1.0,1.0,1.0,1.0,1.0,1.0,1.0,1.0,1.0,1.0,1.0,1.0,1.0,1.0,1.0,1.0,1.0,1.0,1.0,1.0,1.0,1.0,1.0,1.0,1.0
2648014,1,01/08/1965,1,56.0,104.9,19.0,4.0,1.0,1,0.0,,0.0,0.0,0.0,0.0,5.8,0.0,0.0,0.0,0.0,0.0,0.0,0.0,0.0,0.0,0.0,0.0,0.0,0.0,0.0,56.0,39.8,3.3,0.0,0.0,0.0,0.0,0.0,0.0,0.0,0.0,0.0,0.0,1.0,1.0,1.0,1.0,1.0,1.0,1.0,1.0,1.0,1.0,1.0,1.0,1.0,1.0,1.0,1.0,1.0,1.0,1.0,1.0,1.0,1.0,1.0,1.0,1.0,1.0,1.0,1.0,1.0,1.0,1.0
2648014,2,01/07/1965,1,69.6,171.6,31.0,8.0,1.0,1,0.0,1615.4,2.0,0.0,5.7,27.4,16.4,20.5,7.2,0.0,0.0,0.0,21.8,0.0,0.0,0.0,0.0,0.0,0.0,3.0,0.0,0.0,0.0,0.0,0.0,0.0,0.0,0.0,0.0,0.0,0.0,0.0,0.0,69.6,1.0,1.0,1.0,1.0,1.0,1.0,1.0,1.0,1.0,1.0,1.0,1.0,1.0,1.0,1.0,1.0,1.0,1.0,1.0,1.0,1.0,1.0,1.0,1.0,1.0,1.0,1.0,1.0,1.0,1.0,1.0
2648014,1,01/07/1965,1,69.6,171.6,31.0,8.0,1.0,1,0.0,,0.0,0.0,5.7,27.4,16.4,20.5,7.2,0.0,0.0,0.0,21.8,0.0,0.0,0.0,0.0,0.0,0.0,3.0,0.0,0.0,0.0,0.0,0.0,0.0,0.0,0.0,0.0,0.0,0.0,0.0,0.0,69.6,1.0,1.0,1.0,1.0,1.0,1.0,1.0,1.0,1.0,1.0,1.0,1.0,1.0,1.0,1.0,1.0,1.0,1.0,1.0,1.0,1.0,1.0,1.0,1.0,1.0,1.0,1.0,1.0,1.0,1.0,1.0
2648014,2,01/06/1965,1,,46.0,,,0.0,2,0.0,1615.4,2.0,,,,,,,,,,,,,,,,,,,,,,,,,,0.4,0.0,0.0,0.0,0.0,,0.0,0.0,0.0,0.0,0.0,0.0,0.0,0.0,0.0,0.0,0.0,0.0,0.0,0.0,0.0,0.0,0.0,0.0,0.0,0.0,0.0,0.0,0.0,0.0,0.0,1.0,1.0,1.0,1.0,1.0,0.0
2648014,1,01/06/1965,1,,0.4,,,0.0,2,0.0,,0.0,,,,,,,,,,,,,,,,,,,,,,,,,,0.4,0.0,0.0,0.0,0.0,,0.0,0.0,0.0,0.0,0.0,0.0,0.0,0.0,0.0,0.0,0.0,0.0,0.0,0.0,0.0,0.0,0.0,0.0,0.0,0.0,0.0,0.0,0.0,0.0,0.0,1.0,1.0,1.0,1.0,1.0,0.0
2648014,2,01/05/1965,1,,191.0,,,0.0,2,0.0,1615.4,2.0,,,,,,,,,,,,,,,,,,,,,,,,,,,,,,,,0.0,0.0,0.0,0.0,0.0,0.0,0.0,0.0,0.0,0.0,0.0,0.0,0.0,0.0,0.0,0.0,0.0,0.0,0.0,0.0,0.0,0.0,0.0,0.0,0.0,0.0,0.0,0.0,0.0,0.0,0.0
2648014,2,01/04/1965,1,,160.0,,,0.0,2,0.0,1615.4,2.0,,,,,,,,,,,,,,,,,,,,,,,,,,,,,,,,0.0,0.0,0.0,0.0,0.0,0.0,0.0,0.0,0.0,0.0,0.0,0.0,0.0,0.0,0.0,0.0,0.0,0.0,0.0,0.0,0.0,0.0,0.0,0.0,0.0,0.0,0.0,0.0,0.0,0.0,0.0
2648014,2,01/03/1965,1,,89.0,,,0.0,2,0.0,1615.4,2.0,0.0,10.2,5.0,14.5,0.0,0.0,0.0,0.0,17.8,13.5,0.0,0.0,0.0,0.0,0.0,0.0,0.0,0.0,,,,,,,,,,,,,,1.0,1.0,1.0,1.0,1.0,1.0,1.0,1.0,1.0,1.0,1.0,1.0,1.0,1.0,1.0,1.0,1.0,1.0,0.0,0.0,0.0,0.0,0.0,0.0,0.0,0.0,0.0,0.0,0.0,0.0,0.0
2648014,1,01/03/1965,1,17.8,61.0,9.0,5.0,1.0,1,1.0,,0.0,0.0,10.2,5.0,14.5,0.0,0.0,0.0,0.0,17.8,13.5,0.0,0.0,0.0,0.0,0.0,0.0,0.0,0.0,,,,,,,,,,,,,0.0,1.0,1.0,1.0,1.0,1.0,1.0,1.0,1.0,1.0,1.0,1.0,1.0,1.0,1.0,1.0,1.0,1.0,1.0,0.0,0.0,0.0,0.0,0.0,0.0,0.0,0.0,0.0,0.0,0.0,0.0,4.0
2648014,2,01/02/1965,1,52.5,141.3,3.0,15.0,1.0,1,0.0,1615.4,2.0,10.7,5.2,52.5,10.5,5.4,10.5,8.2,0.2,0.1,0.0,0.0,0.0,1.4,6.5,0.0,0.0,0.0,0.0,1.4,1.3,0.0,0.0,0.0,0.0,1.6,0.0,0.0,25.8,,,,1.0,1.0,1.0,1.0,1.0,1.0,1.0,1.0,1.0,1.0,1.0,1.0,1.0,1.0,1.0,1.0,1.0,1.0,1.0,1.0,1.0,1.0,1.0,1.0,1.0,1.0,1.0,1.0,0.0,0.0,0.0
2648014,1,01/02/1965,1,52.5,141.3,3.0,15.0,1.0,1,0.0,,0.0,10.7,5.2,52.5,10.5,5.4,10.5,8.2,0.2,0.1,0.0,0.0,0.0,1.4,6.5,0.0,0.0,0.0,0.0,1.4,1.3,0.0,0.0,0.0,0.0,1.6,0.0,0.0,25.8,,,,1.0,1.0,1.0,1.0,1.0,1.0,1.0,1.0,1.0,1.0,1.0,1.0,1.0,1.0,1.0,1.0,1.0,1.0,1.0,1.0,1.0,1.0,1.0,1.0,1.0,1.0,1.0,1.0,0.0,0.0,0.0
2648014,2,01/01/1965,1,25.0,87.1,29.0,7.0,1.0,1,0.0,1615.4,2.0,0.0,0.0,4.6,0.0,0.0,0.0,0.0,14.5,0.0,0.0,0.0,0.0,14.0,0.0,0.0,7.0,0.0,7.0,0.0,0.0,0.0,0.0,0.0,0.0,0.0,0.0,0.0,0.0,25.0,0.0,15.0,1.0,1.0,1.0,1.0,1.0,1.0,1.0,1.0,1.0,1.0,1.0,1.0,1.0,1.0,1.0,1.0,1.0,1.0,1.0,1.0,1.0,1.0,1.0,1.0,1.0,1.0,1.0,1.0,1.0,1.0,1.0
2648014,1,01/01/1965,1,25.0,87.1,29.0,7.0,1.0,1,0.0,,0.0,0.0,0.0,4.6,0.0,0.0,0.0,0.0,14.5,0.0,0.0,0.0,0.0,14.0,0.0,0.0,7.0,0.0,7.0,0.0,0.0,0.0,0.0,0.0,0.0,0.0,0.0,0.0,0.0,25.0,0.0,15.0,1.0,1.0,1.0,1.0,1.0,1.0,1.0,1.0,1.0,1.0,1.0,1.0,1.0,1.0,1.0,1.0,1.0,1.0,1.0,1.0,1.0,1.0,1.0,1.0,1.0,1.0,1.0,1.0,1.0,1.0,1.0
2648014,2,01/12/1964,1,19.5,66.4,23.0,8.0,1.0,1,0.0,876.1,2.0,3.2,0.0,0.0,8.5,4.2,0.0,0.0,0.0,0.0,0.0,0.0,0.0,0.0,0.0,0.0,0.0,0.0,0.0,7.5,7.0,0.0,8.5,19.5,8.0,0.0,0.0,0.0,0.0,0.0,0.0,0.0,1.0,1.0,1.0,1.0,1.0,1.0,1.0,1.0,1.0,1.0,1.0,1.0,1.0,1.0,1.0,1.0,1.0,1.0,1.0,1.0,1.0,1.0,1.0,1.0,1.0,1.0,1.0,1.0,1.0,1.0,1.0
2648014,1,01/12/1964,1,19.5,66.4,23.0,8.0,1.0,1,0.0,744.8,1.0,3.2,0.0,0.0,8.5,4.2,0.0,0.0,0.0,0.0,0.0,0.0,0.0,0.0,0.0,0.0,0.0,0.0,0.0,7.5,7.0,0.0,8.5,19.5,8.0,0.0,0.0,0.0,0.0,0.0,0.0,0.0,1.0,1.0,1.0,1.0,1.0,1.0,1.0,1.0,1.0,1.0,1.0,1.0,1.0,1.0,1.0,1.0,1.0,1.0,1.0,1.0,1.0,1.0,1.0,1.0,1.0,1.0,1.0,1.0,1.0,1.0,1.0
2648014,2,01/11/1964,1,15.5,57.2,30.0,7.0,1.0,1,0.0,876.1,2.0,0.0,0.0,0.0,0.0,6.5,0.0,0.0,0.0,0.0,0.0,0.0,0.0,0.0,5.0,0.0,0.0,3.5,0.0,4.0,0.0,13.5,9.2,0.0,0.0,0.0,0.0,0.0,0.0,0.0,15.5,,1.0,1.0,1.0,1.0,1.0,1.0,1.0,1.0,1.0,1.0,1.0,1.0,1.0,1.0,1.0,1.0,1.0,1.0,1.0,1.0,1.0,1.0,1.0,1.0,1.0,1.0,1.0,1.0,1.0,1.0,0.0
2648014,1,01/11/1964,1,15.5,57.2,30.0,7.0,1.0,1,0.0,744.8,1.0,0.0,0.0,0.0,0.0,6.5,0.0,0.0,0.0,0.0,0.0,0.0,0.0,0.0,5.0,0.0,0.0,3.5,0.0,4.0,0.0,13.5,9.2,0.0,0.0,0.0,0.0,0.0,0.0,0.0,15.5,,1.0,1.0,1.0,1.0,1.0,1.0,1.0,1.0,1.0,1.0,1.0,1.0,1.0,1.0,1.0,1.0,1.0,1.0,1.0,1.0,1.0,1.0,1.0,1.0,1.0,1.0,1.0,1.0,1.0,1.0,0.0
2648014,2,01/10/1964,1,,140.0,,,0.0,2,0.0,876.1,2.0,0.0,0.0,1.5,1.8,0.0,0.0,3.0,4.2,15.0,2.5,,,,,,,,,,6.0,10.0,0.0,0.0,5.0,0.0,15.0,0.0,0.0,0.0,10.0,0.0,1.0,1.0,1.0,1.0,1.0,1.0,1.0,1.0,1.0,1.0,0.0,0.0,0.0,0.0,0.0,0.0,0.0,0.0,0.0,1.0,1.0,1.0,1.0,1.0,1.0,1.0,1.0,1.0,1.0,1.0,1.0
2648014,1,01/10/1964,1,15.0,74.0,9.0,11.0,1.0,1,0.0,744.8,1.0,0.0,0.0,1.5,1.8,0.0,0.0,3.0,4.2,15.0,2.5,0.0,0.0,0.0,0.0,0.0,0.0,0.0,0.0,0.0,6.0,10.0,0.0,0.0,5.0,0.0,15.0,0.0,0.0,0.0,10.0,0.0,1.0,1.0,1.0,1.0,1.0,1.0,1.0,1.0,1.0,1.0,1.0,1.0,1.0,1.0,1.0,1.0,1.0,1.0,1.0,1.0,1.0,1.0,1.0,1.0,1.0,1.0,1.0,1.0,1.0,1.0,1.0
2648014,2,01/09/1964,1,,115.0,,,0.0,2,0.0,876.1,2.0,0.0,23.3,0.0,0.0,0.0,0.0,0.0,3.0,5.0,2.0,4.8,,,,,,,,,,,,,,2.3,3.2,4.1,2.0,0.0,0.0,,1.0,1.0,1.0,1.0,1.0,1.0,1.0,1.0,1.0,1.0,1.0,0.0,0.0,0.0,0.0,0.0,0.0,0.0,0.0,0.0,0.0,0.0,0.0,0.0,1.0,1.0,1.0,1.0,1.0,1.0,0.0
2648014,1,01/09/1964,1,23.3,49.7,2.0,9.0,1.0,1,0.0,744.8,1.0,0.0,23.3,0.0,0.0,0.0,0.0,0.0,3.0,5.0,2.0,4.8,0.0,0.0,0.0,0.0,0.0,0.0,0.0,0.0,0.0,0.0,0.0,0.0,0.0,2.3,3.2,4.1,2.0,0.0,0.0,,1.0,1.0,1.0,1.0,1.0,1.0,1.0,1.0,1.0,1.0,1.0,1.0,1.0,1.0,1.0,1.0,1.0,1.0,1.0,1.0,1.0,1.0,1.0,1.0,1.0,1.0,1.0,1.0,1.0,1.0,0.0
2648014,2,01/08/1964,1,10.0,53.8,2.0,15.0,1.0,1,0.0,876.1,2.0,6.5,10.0,0.0,0.0,0.0,0.0,0.0,5.0,6.1,0.0,0.0,0.0,1.5,2.1,0.0,0.0,0.0,0.0,1.5,3.0,1.5,5.5,0.0,0.0,0.0,1.2,6.5,1.4,0.0,1.0,1.0,1.0,1.0,1.0,1.0,1.0,1.0,1.0,1.0,1.0,1.0,1.0,1.0,1.0,1.0,1.0,1.0,1.0,1.0,1.0,1.0,1.0,1.0,1.0,1.0,1.0,1.0,1.0,1.0,1.0,1.0,1.0
2648014,1,01/08/1964,1,10.0,53.8,2.0,15.0,1.0,1,0.0,744.8,1.0,6.5,10.0,0.0,0.0,0.0,0.0,0.0,5.0,6.1,0.0,0.0,0.0,1.5,2.1,0.0,0.0,0.0,0.0,1.5,3.0,1.5,5.5,0.0,0.0,0.0,1.2,6.5,1.4,0.0,1.0,1.0,1.0,1.0,1.0,1.0,1.0,1.0,1.0,1.0,1.0,1.0,1.0,1.0,1.0,1.0,1.0,1.0,1.0,1.0,1.0,1.0,1.0,1.0,1.0,1.0,1.0,1.0,1.0,1.0,1.0,1.0,1.0
2648014,2,01/07/1964,1,16.0,50.7,25.0,9.0,1.0,1,0.0,876.1,2.0,3.5,2.5,1.7,8.5,4.3,2.0,0.0,0.0,4.2,0.0,0.0,0.0,0.0,0.0,0.0,0.0,0.0,0.0,0.0,0.0,0.0,0.0,0.0,8.0,16.0,0.0,0.0,0.0,0.0,0.0,0.0,1.0,1.0,1.0,1.0,1.0,1.0,1.0,1.0,1.0,1.0,1.0,1.0,1.0,1.0,1.0,1.0,1.0,1.0,1.0,1.0,1.0,1.0,1.0,1.0,1.0,1.0,1.0,1.0,1.0,1.0,1.0
2648014,1,01/07/1964,1,16.0,50.7,25.0,9.0,1.0,1,0.0,744.8,1.0,3.5,2.5,1.7,8.5,4.3,2.0,0.0,0.0,4.2,0.0,0.0,0.0,0.0,0.0,0.0,0.0,0.0,0.0,0.0,0.0,0.0,0.0,0.0,8.0,16.0,0.0,0.0,0.0,0.0,0.0,0.0,1.0,1.0,1.0,1.0,1.0,1.0,1.0,1.0,1.0,1.0,1.0,1.0,1.0,1.0,1.0,1.0,1.0,1.0,1.0,1.0,1.0,1.0,1.0,1.0,1.0,1.0,1.0,1.0,1.0,1.0,1.0
2648014,2,01/06/1964,1,15.5,53.0,24.0,13.0,1.0,1,0.0,876.1,2.0,0.0,0.0,0.0,0.0,0.0,0.0,0.0,0.0,0.0,0.0,7.0,10.0,0.7,1.0,2.5,0.0,0.0,0.0,0.0,0.0,0.2,1.4,0.3,15.5,9.6,4.3,0.0,0.0,0.2,0.3,,1.0,1.0,1.0,1.0,1.0,1.0,1.0,1.0,1.0,1.0,1.0,1.0,1.0,1.0,1.0,1.0,1.0,1.0,1.0,1.0,1.0,1.0,1.0,1.0,1.0,1.0,1.0,1.0,1.0,1.0,0.0
2648014,1,01/06/1964,1,15.5,53.0,24.0,13.0,1.0,1,0.0,744.8,1.0,0.0,0.0,0.0,0.0,0.0,0.0,0.0,0.0,0.0,0.0,7.0,10.0,0.7,1.0,2.5,0.0,0.0,0.0,0.0,0.0,0.2,1.4,0.3,15.5,9.6,4.3,0.0,0.0,0.2,0.3,,1.0,1.0,1.0,1.0,1.0,1.0,1.0,1.0,1.0,1.0,1.0,1.0,1.0,1.0,1.0,1.0,1.0,1.0,1.0,1.0,1.0,1.0,1.0,1.0,1.0,1.0,1.0,1.0,1.0,1.0,0.0
2648014,2,01/05/1964,1,26.2,38.2,1.0,2.0,1.0,1,0.0,876.1,2.0,26.2,0.0,0.0,0.0,12.0,0.0,0.0,0.0,0.0,0.0,0.0,0.0,0.0,0.0,0.0,0.0,0.0,0.0,0.0,0.0,0.0,0.0,0.0,0.0,0.0,0.0,0.0,0.0,0.0,0.0,0.0,1.0,1.0,1.0,1.0,1.0,1.0,1.0,1.0,1.0,1.0,1.0,1.0,1.0,1.0,1.0,1.0,1.0,1.0,1.0,1.0,1.0,1.0,1.0,1.0,1.0,1.0,1.0,1.0,1.0,1.0,1.0
2648014,1,01/05/1964,1,26.2,38.2,1.0,2.0,1.0,1,0.0,744.8,1.0,26.2,0.0,0.0,0.0,12.0,0.0,0.0,0.0,0.0,0.0,0.0,0.0,0.0,0.0,0.0,0.0,0.0,0.0,0.0,0.0,0.0,0.0,0.0,0.0,0.0,0.0,0.0,0.0,0.0,0.0,0.0,1.0,1.0,1.0,1.0,1.0,1.0,1.0,1.0,1.0,1.0,1.0,1.0,1.0,1.0,1.0,1.0,1.0,1.0,1.0,1.0,1.0,1.0,1.0,1.0,1.0,1.0,1.0,1.0,1.0,1.0,1.0
2648014,2,01/04/1964,1,21.8,96.5,19.0,21.0,1.0,1,0.0,876.1,2.0,0.0,0.1,0.0,3.2,0.0,0.0,5.5,0.2,0.0,2.5,10.7,2.3,2.1,1.1,3.5,3.5,1.5,0.0,21.8,0.0,6.5,4.5,0.0,3.5,2.1,2.2,2.1,10.0,0.0,7.6,,1.0,1.0,1.0,1.0,1.0,1.0,1.0,1.0,1.0,1.0,1.0,1.0,1.0,1.0,1.0,1.0,1.0,1.0,1.0,1.0,1.0,1.0,1.0,1.0,1.0,1.0,1.0,1.0,1.0,1.0,0.0
2648014,1,01/04/1964,1,21.8,96.5,19.0,21.0,1.0,1,0.0,744.8,1.0,0.0,0.1,0.0,3.2,0.0,0.0,5.5,0.2,0.0,2.5,10.7,2.3,2.1,1.1,3.5,3.5,1.5,0.0,21.8,0.0,6.5,4.5,0.0,3.5,2.1,2.2,2.1,10.0,0.0,7.6,,1.0,1.0,1.0,1.0,1.0,1.0,1.0,1.0,1.0,1.0,1.0,1.0,1.0,1.0,1.0,1.0,1.0,1.0,1.0,1.0,1.0,1.0,1.0,1.0,1.0,1.0,1.0,1.0,1.0,1.0,0.0
2648014,2,01/03/1964,1,29.1,106.1,7.0,8.0,1.0,1,0.0,876.1,2.0,7.0,0.0,0.0,4.5,0.0,0.0,29.1,0.0,0.0,0.0,0.0,0.0,0.0,10.7,20.0,0.0,0.0,0.0,4.0,3.0,0.0,0.0,0.0,0.0,0.0,0.0,0.0,0.0,0.0,0.0,27.8,1.0,1.0,1.0,1.0,1.0,1.0,1.0,1.0,1.0,1.0,1.0,1.0,1.0,1.0,1.0,1.0,1.0,1.0,1.0,1.0,1.0,1.0,1.0,1.0,1.0,1.0,1.0,1.0,1.0,1.0,1.0
2648014,1,01/03/1964,1,29.1,106.1,7.0,8.0,1.0,1,0.0,744.8,1.0,7.0,0.0,0.0,4.5,0.0,0.0,29.1,0.0,0.0,0.0,0.0,0.0,0.0,10.7,20.0,0.0,0.0,0.0,4.0,3.0,0.0,0.0,0.0,0.0,0.0,0.0,0.0,0.0,0.0,0.0,27.8,1.0,1.0,1.0,1.0,1.0,1.0,1.0,1.0,1.0,1.0,1.0,1.0,1.0,1.0,1.0,1.0,1.0,1.0,1.0,1.0,1.0,1.0,1.0,1.0,1.0,1.0,1.0,1.0,1.0,1.0,1.0
2648014,2,01/02/1964,1,21.5,55.4,18.0,7.0,1.0,1,0.0,876.1,2.0,0.0,7.4,0.8,0.0,0.0,0.0,0.0,0.0,3.5,0.0,0.0,0.2,18.5,3.5,0.0,0.0,0.0,21.5,0.0,0.0,0.0,0.0,0.0,0.0,0.0,0.0,0.0,0.0,0.0,,,1.0,1.0,1.0,1.0,1.0,1.0,1.0,1.0,1.0,1.0,1.0,1.0,1.0,1.0,1.0,1.0,1.0,1.0,1.0,1.0,1.0,1.0,1.0,1.0,1.0,1.0,1.0,1.0,1.0,0.0,0.0
2648014,1,01/02/1964,1,21.5,55.4,18.0,7.0,1.0,1,0.0,744.8,1.0,0.0,7.4,0.8,0.0,0.0,0.0,0.0,0.0,3.5,0.0,0.0,0.2,18.5,3.5,0.0,0.0,0.0,21.5,0.0,0.0,0.0,0.0,0.0,0.0,0.0,0.0,0.0,0.0,0.0,,,1.0,1.0,1.0,1.0,1.0,1.0,1.0,1.0,1.0,1.0,1.0,1.0,1.0,1.0,1.0,1.0,1.0,1.0,1.0,1.0,1.0,1.0,1.0,1.0,1.0,1.0,1.0,1.0,1.0,0.0,0.0
2648014,2,01/01/1964,1,7.0,43.8,20.0,11.0,1.0,1,0.0,876.1,2.0,4.7,0.0,0.0,0.0,0.0,0.0,0.0,0.0,0.0,0.0,4.5,0.0,0.0,3.3,0.0,0.0,0.0,0.0,0.0,7.0,0.0,2.0,7.0,6.0,0.0,1.0,0.0,2.7,3.4,2.2,0.0,1.0,1.0,1.0,1.0,1.0,1.0,1.0,1.0,1.0,1.0,1.0,1.0,1.0,1.0,1.0,1.0,1.0,1.0,1.0,1.0,1.0,1.0,1.0,1.0,1.0,1.0,1.0,1.0,1.0,1.0,1.0
2648014,1,01/01/1964,1,7.0,43.8,20.0,11.0,1.0,1,0.0,744.8,1.0,4.7,0.0,0.0,0.0,0.0,0.0,0.0,0.0,0.0,0.0,4.5,0.0,0.0,3.3,0.0,0.0,0.0,0.0,0.0,7.0,0.0,2.0,7.0,6.0,0.0,1.0,0.0,2.7,3.4,2.2,0.0,1.0,1.0,1.0,1.0,1.0,1.0,1.0,1.0,1.0,1.0,1.0,1.0,1.0,1.0,1.0,1.0,1.0,1.0,1.0,1.0,1.0,1.0,1.0,1.0,1.0,1.0,1.0,1.0,1.0,1.0,1.0
2648014,2,01/12/1963,1,25.3,102.6,5.0,12.0,1.0,1,0.0,1218.3,2.0,0.0,0.0,0.0,0.0,25.3,7.3,0.0,0.0,0.0,0.0,3.2,7.3,0.0,0.0,2.2,5.2,8.3,0.0,0.0,0.0,0.0,0.0,17.2,2.1,0.0,3.1,14.1,0.0,0.0,0.0,7.3,1.0,1.0,1.0,1.0,1.0,1.0,1.0,1.0,1.0,1.0,1.0,1.0,1.0,1.0,1.0,1.0,1.0,1.0,1.0,1.0,1.0,1.0,1.0,1.0,1.0,1.0,1.0,1.0,1.0,1.0,1.0
2648014,1,01/12/1963,1,25.3,102.6,5.0,12.0,1.0,1,0.0,1016.7,1.0,0.0,0.0,0.0,0.0,25.3,7.3,0.0,0.0,0.0,0.0,3.2,7.3,0.0,0.0,2.2,5.2,8.3,0.0,0.0,0.0,0.0,0.0,17.2,2.1,0.0,3.1,14.1,0.0,0.0,0.0,7.3,1.0,1.0,1.0,1.0,1.0,1.0,1.0,1.0,1.0,1.0,1.0,1.0,1.0,1.0,1.0,1.0,1.0,1.0,1.0,1.0,1.0,1.0,1.0,1.0,1.0,1.0,1.0,1.0,1.0,1.0,1.0
2648014,2,01/11/1963,1,24.7,146.6,10.0,27.0,1.0,1,0.0,1218.3,2.0,21.2,4.3,2.1,1.6,1.8,2.3,2.1,1.4,2.3,24.7,2.7,0.2,2.1,1.2,4.3,6.1,12.0,5.7,8.2,4.1,16.4,12.1,0.0,0.0,1.3,1.8,3.2,1.0,0.4,0.0,,1.0,1.0,1.0,1.0,1.0,1.0,1.0,1.0,1.0,1.0,1.0,1.0,1.0,1.0,1.0,1.0,1.0,1.0,1.0,1.0,1.0,1.0,1.0,1.0,1.0,1.0,1.0,1.0,1.0,1.0,0.0
2648014,1,01/11/1963,1,24.7,146.6,10.0,27.0,1.0,1,0.0,1016.7,1.0,21.2,4.3,2.1,1.6,1.8,2.3,2.1,1.4,2.3,24.7,2.7,0.2,2.1,1.2,4.3,6.1,12.0,5.7,8.2,4.1,16.4,12.1,0.0,0.0,1.3,1.8,3.2,1.0,0.4,0.0,,1.0,1.0,1.0,1.0,1.0,1.0,1.0,1.0,1.0,1.0,1.0,1.0,1.0,1.0,1.0,1.0,1.0,1.0,1.0,1.0,1.0,1.0,1.0,1.0,1.0,1.0,1.0,1.0,1.0,1.0,0.0
2648014,2,01/10/1963,1,,192.0,,,0.0,2,0.0,1218.3,2.0,11.6,10.0,12.0,3.1,7.0,0.0,0.0,0.0,0.0,0.0,12.8,,,,,,,,7.0,7.0,0.0,19.5,5.7,0.0,7.0,5.4,0.0,0.4,0.0,0.0,0.0,1.0,1.0,1.0,1.0,1.0,1.0,1.0,1.0,1.0,1.0,1.0,0.0,0.0,0.0,0.0,0.0,0.0,0.0,1.0,1.0,1.0,1.0,1.0,1.0,1.0,1.0,1.0,1.0,1.0,1.0,1.0
2648014,1,01/10/1963,1,19.5,108.5,22.0,13.0,1.0,1,0.0,1016.7,1.0,11.6,10.0,12.0,3.1,7.0,0.0,0.0,0.0,0.0,0.0,12.8,0.0,0.0,0.0,0.0,0.0,0.0,0.0,7.0,7.0,0.0,19.5,5.7,0.0,7.0,5.4,0.0,0.4,0.0,0.0,0.0,1.0,1.0,1.0,1.0,1.0,1.0,1.0,1.0,1.0,1.0,1.0,1.0,1.0,1.0,1.0,1.0,1.0,1.0,1.0,1.0,1.0,1.0,1.0,1.0,1.0,1.0,1.0,1.0,1.0,1.0,1.0
2648014,2,01/09/1963,1,,203.0,,,0.0,2,0.0,1218.3,2.0,,,,,,,,,,,,,,,,7.0,0.0,0.0,0.0,0.0,0.0,0.0,5.8,0.0,10.1,6.5,12.8,5.2,20.1,10.4,,0.0,0.0,0.0,0.0,0.0,0.0,0.0,0.0,0.0,0.0,0.0,0.0,0.0,0.0,0.0,1.0,1.0,1.0,1.0,1.0,1.0,1.0,1.0,1.0,1.0,1.0,1.0,1.0,1.0,1.0,0.0
2648014,1,01/09/1963,1,20.1,84.9,29.0,10.0,1.0,1,0.0,1016.7,1.0,0.0,0.0,0.0,0.0,0.0,0.0,0.0,0.0,0.0,0.0,0.0,0.0,4.0,0.0,3.0,7.0,0.0,0.0,0.0,0.0,0.0,0.0,5.8,0.0,10.1,6.5,12.8,5.2,20.1,10.4,,1.0,1.0,1.0,1.0,1.0,1.0,1.0,1.0,1.0,1.0,1.0,1.0,1.0,1.0,1.0,1.0,1.0,1.0,1.0,1.0,1.0,1.0,1.0,1.0,1.0,1.0,1.0,1.0,1.0,1.0,0.0
2648014,2,01/08/1963,1,11.3,18.9,25.0,2.0,1.0,1,0.0,1218.3,2.0,0.0,0.0,0.0,0.0,0.0,0.0,0.0,0.0,0.0,0.0,0.0,0.0,0.0,0.0,7.6,0.0,0.0,0.0,0.0,0.0,0.0,0.0,0.0,0.0,11.3,0.0,0.0,0.0,0.0,0.0,0.0,1.0,1.0,1.0,1.0,1.0,1.0,1.0,1.0,1.0,1.0,1.0,1.0,1.0,1.0,1.0,1.0,1.0,1.0,1.0,1.0,1.0,1.0,1.0,1.0,1.0,1.0,1.0,1.0,1.0,1.0,1.0
2648014,1,01/08/1963,1,11.3,18.9,25.0,2.0,1.0,1,0.0,1016.7,1.0,0.0,0.0,0.0,0.0,0.0,0.0,0.0,0.0,0.0,0.0,0.0,0.0,0.0,0.0,7.6,0.0,0.0,0.0,0.0,0.0,0.0,0.0,0.0,0.0,11.3,0.0,0.0,0.0,0.0,0.0,0.0,1.0,1.0,1.0,1.0,1.0,1.0,1.0,1.0,1.0,1.0,1.0,1.0,1.0,1.0,1.0,1.0,1.0,1.0,1.0,1.0,1.0,1.0,1.0,1.0,1.0,1.0,1.0,1.0,1.0,1.0,1.0
2648014,2,01/07/1963,1,19.3,19.3,16.0,1.0,1.0,1,0.0,1218.3,2.0,0.0,0.0,0.0,0.0,0.0,0.0,0.0,0.0,0.0,0.0,0.0,0.0,0.0,0.0,0.0,19.3,0.0,0.0,0.0,0.0,0.0,0.0,0.0,0.0,0.0,0.0,0.0,0.0,0.0,0.0,0.0,1.0,1.0,1.0,1.0,1.0,1.0,1.0,1.0,1.0,1.0,1.0,1.0,1.0,1.0,1.0,1.0,1.0,1.0,1.0,1.0,1.0,1.0,1.0,1.0,1.0,1.0,1.0,1.0,1.0,1.0,1.0
2648014,1,01/07/1963,1,19.3,19.3,16.0,1.0,1.0,1,0.0,1016.7,1.0,0.0,0.0,0.0,0.0,0.0,0.0,0.0,0.0,0.0,0.0,0.0,0.0,0.0,0.0,0.0,19.3,0.0,0.0,0.0,0.0,0.0,0.0,0.0,0.0,0.0,0.0,0.0,0.0,0.0,0.0,0.0,1.0,1.0,1.0,1.0,1.0,1.0,1.0,1.0,1.0,1.0,1.0,1.0,1.0,1.0,1.0,1.0,1.0,1.0,1.0,1.0,1.0,1.0,1.0,1.0,1.0,1.0,1.0,1.0,1.0,1.0,1.0
2648014,2,01/06/1963,1,10.5,12.2,15.0,2.0,1.0,1,0.0,1218.3,2.0,0.0,0.0,0.0,0.0,0.0,0.0,1.7,0.0,0.0,0.0,0.0,0.0,0.0,0.0,10.5,0.0,0.0,0.0,0.0,0.0,0.0,0.0,0.0,0.0,0.0,0.0,0.0,0.0,0.0,0.0,,1.0,1.0,1.0,1.0,1.0,1.0,1.0,1.0,1.0,1.0,1.0,1.0,1.0,1.0,1.0,1.0,1.0,1.0,1.0,1.0,1.0,1.0,1.0,1.0,1.0,1.0,1.0,1.0,1.0,1.0,0.0
2648014,1,01/06/1963,1,10.5,12.2,15.0,2.0,1.0,1,0.0,1016.7,1.0,0.0,0.0,0.0,0.0,0.0,0.0,1.7,0.0,0.0,0.0,0.0,0.0,0.0,0.0,10.5,0.0,0.0,0.0,0.0,0.0,0.0,0.0,0.0,0.0,0.0,0.0,0.0,0.0,0.0,0.0,,1.0,1.0,1.0,1.0,1.0,1.0,1.0,1.0,1.0,1.0,1.0,1.0,1.0,1.0,1.0,1.0,1.0,1.0,1.0,1.0,1.0,1.0,1.0,1.0,1.0,1.0,1.0,1.0,1.0,1.0,0.0
2648014,2,01/05/1963,1,16.5,16.5,31.0,1.0,1.0,1,0.0,1218.3,2.0,0.0,0.0,0.0,0.0,0.0,0.0,0.0,0.0,0.0,0.0,0.0,0.0,0.0,0.0,0.0,0.0,0.0,0.0,0.0,0.0,0.0,0.0,0.0,0.0,0.0,0.0,0.0,0.0,0.0,0.0,16.5,1.0,1.0,1.0,1.0,1.0,1.0,1.0,1.0,1.0,1.0,1.0,1.0,1.0,1.0,1.0,1.0,1.0,1.0,1.0,1.0,1.0,1.0,1.0,1.0,1.0,1.0,1.0,1.0,1.0,1.0,1.0
2648014,1,01/05/1963,1,16.5,16.5,31.0,1.0,1.0,1,0.0,1016.7,1.0,0.0,0.0,0.0,0.0,0.0,0.0,0.0,0.0,0.0,0.0,0.0,0.0,0.0,0.0,0.0,0.0,0.0,0.0,0.0,0.0,0.0,0.0,0.0,0.0,0.0,0.0,0.0,0.0,0.0,0.0,16.5,1.0,1.0,1.0,1.0,1.0,1.0,1.0,1.0,1.0,1.0,1.0,1.0,1.0,1.0,1.0,1.0,1.0,1.0,1.0,1.0,1.0,1.0,1.0,1.0,1.0,1.0,1.0,1.0,1.0,1.0,1.0
2648014,2,01/04/1963,1,23.5,40.5,6.0,2.0,1.0,1,0.0,1218.3,2.0,0.0,0.0,0.0,0.0,0.0,23.5,17.0,0.0,0.0,0.0,0.0,0.0,0.0,0.0,0.0,0.0,0.0,0.0,0.0,0.0,0.0,0.0,0.0,0.0,0.0,0.0,0.0,0.0,0.0,0.0,,1.0,1.0,1.0,1.0,1.0,1.0,1.0,1.0,1.0,1.0,1.0,1.0,1.0,1.0,1.0,1.0,1.0,1.0,1.0,1.0,1.0,1.0,1.0,1.0,1.0,1.0,1.0,1.0,1.0,1.0,0.0
2648014,1,01/04/1963,1,23.5,40.5,6.0,2.0,1.0,1,0.0,1016.7,1.0,0.0,0.0,0.0,0.0,0.0,23.5,17.0,0.0,0.0,0.0,0.0,0.0,0.0,0.0,0.0,0.0,0.0,0.0,0.0,0.0,0.0,0.0,0.0,0.0,0.0,0.0,0.0,0.0,0.0,0.0,,1.0,1.0,1.0,1.0,1.0,1.0,1.0,1.0,1.0,1.0,1.0,1.0,1.0,1.0,1.0,1.0,1.0,1.0,1.0,1.0,1.0,1.0,1.0,1.0,1.0,1.0,1.0,1.0,1.0,1.0,0.0
2648014,2,01/03/1963,1,35.1,103.7,11.0,8.0,1.0,1,0.0,1218.3,2.0,0.0,0.0,14.0,0.0,0.0,0.0,0.0,0.0,0.0,0.0,35.1,0.0,0.0,0.0,0.0,10.0,0.0,0.0,0.0,0.0,0.0,0.0,0.0,8.3,0.0,15.0,6.0,5.1,10.2,0.0,0.0,1.0,1.0,1.0,1.0,1.0,1.0,1.0,1.0,1.0,1.0,1.0,1.0,1.0,1.0,1.0,1.0,1.0,1.0,1.0,1.0,1.0,1.0,1.0,1.0,1.0,1.0,1.0,1.0,1.0,1.0,1.0
2648014,1,01/03/1963,1,35.1,103.7,11.0,8.0,1.0,1,0.0,1016.7,1.0,0.0,0.0,14.0,0.0,0.0,0.0,0.0,0.0,0.0,0.0,35.1,0.0,0.0,0.0,0.0,10.0,0.0,0.0,0.0,0.0,0.0,0.0,0.0,8.3,0.0,15.0,6.0,5.1,10.2,0.0,0.0,1.0,1.0,1.0,1.0,1.0,1.0,1.0,1.0,1.0,1.0,1.0,1.0,1.0,1.0,1.0,1.0,1.0,1.0,1.0,1.0,1.0,1.0,1.0,1.0,1.0,1.0,1.0,1.0,1.0,1.0,1.0
2648014,2,01/02/1963,1,43.0,206.6,25.0,13.0,1.0,1,0.0,1218.3,2.0,14.1,14.0,9.5,6.2,3.3,0.0,0.0,0.0,0.0,0.0,0.0,7.5,0.0,0.0,35.3,24.0,0.0,0.0,0.0,0.0,14.0,0.0,0.0,21.0,43.0,13.0,0.0,1.7,,,,1.0,1.0,1.0,1.0,1.0,1.0,1.0,1.0,1.0,1.0,1.0,1.0,1.0,1.0,1.0,1.0,1.0,1.0,1.0,1.0,1.0,1.0,1.0,1.0,1.0,1.0,1.0,1.0,0.0,0.0,0.0
2648014,1,01/02/1963,1,43.0,206.6,25.0,13.0,1.0,1,0.0,1016.7,1.0,14.1,14.0,9.5,6.2,3.3,0.0,0.0,0.0,0.0,0.0,0.0,7.5,0.0,0.0,35.3,24.0,0.0,0.0,0.0,0.0,14.0,0.0,0.0,21.0,43.0,13.0,0.0,1.7,,,,1.0,1.0,1.0,1.0,1.0,1.0,1.0,1.0,1.0,1.0,1.0,1.0,1.0,1.0,1.0,1.0,1.0,1.0,1.0,1.0,1.0,1.0,1.0,1.0,1.0,1.0,1.0,1.0,0.0,0.0,0.0
2648014,2,01/01/1963,1,30.3,156.4,11.0,12.0,1.0,1,0.0,1218.3,2.0,0.0,0.0,0.0,0.0,0.0,0.0,0.0,0.0,2.3,27.3,30.3,5.0,0.0,20.3,10.0,0.0,18.5,16.2,0.0,0.0,0.0,0.0,4.5,0.0,0.0,0.0,3.3,4.3,14.4,0.0,0.0,1.0,1.0,1.0,1.0,1.0,1.0,1.0,1.0,1.0,1.0,1.0,1.0,1.0,1.0,1.0,1.0,1.0,1.0,1.0,1.0,1.0,1.0,1.0,1.0,1.0,1.0,1.0,1.0,1.0,1.0,1.0
2648014,1,01/01/1963,1,30.3,156.4,11.0,12.0,1.0,1,0.0,1016.7,1.0,0.0,0.0,0.0,0.0,0.0,0.0,0.0,0.0,2.3,27.3,30.3,5.0,0.0,20.3,10.0,0.0,18.5,16.2,0.0,0.0,0.0,0.0,4.5,0.0,0.0,0.0,3.3,4.3,14.4,0.0,0.0,1.0,1.0,1.0,1.0,1.0,1.0,1.0,1.0,1.0,1.0,1.0,1.0,1.0,1.0,1.0,1.0,1.0,1.0,1.0,1.0,1.0,1.0,1.0,1.0,1.0,1.0,1.0,1.0,1.0,1.0,1.0
2648014,2,01/12/1962,1,,115.0,,,0.0,2,0.0,1075.0,2.0,0.0,0.0,0.0,36.0,0.0,0.0,0.0,0.0,0.0,0.0,33.3,,,,,,,,,,,,,,,5.0,0.0,0.0,0.0,0.0,0.0,1.0,1.0,1.0,1.0,1.0,1.0,1.0,1.0,1.0,1.0,1.0,0.0,0.0,0.0,0.0,0.0,0.0,0.0,0.0,0.0,0.0,0.0,0.0,0.0,0.0,1.0,1.0,1.0,1.0,1.0,1.0
2648014,1,01/12/1962,1,36.0,74.3,4.0,3.0,1.0,1,0.0,683.1,1.0,0.0,0.0,0.0,36.0,0.0,0.0,0.0,0.0,0.0,0.0,33.3,0.0,0.0,0.0,0.0,0.0,0.0,0.0,0.0,0.0,0.0,0.0,0.0,0.0,0.0,5.0,0.0,0.0,0.0,0.0,0.0,1.0,1.0,1.0,1.0,1.0,1.0,1.0,1.0,1.0,1.0,1.0,1.0,1.0,1.0,1.0,1.0,1.0,1.0,1.0,1.0,1.0,1.0,1.0,1.0,1.0,1.0,1.0,1.0,1.0,1.0,1.0
2648014,2,01/11/1962,1,6.2,13.0,8.0,3.0,1.0,1,0.0,1075.0,2.0,3.1,0.0,0.0,0.0,3.7,0.0,0.0,6.2,0.0,0.0,0.0,0.0,0.0,0.0,0.0,0.0,0.0,0.0,0.0,0.0,0.0,0.0,0.0,0.0,0.0,0.0,0.0,0.0,0.0,0.0,,1.0,1.0,1.0,1.0,1.0,1.0,1.0,1.0,1.0,1.0,1.0,1.0,1.0,1.0,1.0,1.0,1.0,1.0,1.0,1.0,1.0,1.0,1.0,1.0,1.0,1.0,1.0,1.0,1.0,1.0,0.0
2648014,1,01/11/1962,1,6.2,13.0,8.0,3.0,1.0,1,0.0,683.1,1.0,3.1,0.0,0.0,0.0,3.7,0.0,0.0,6.2,0.0,0.0,0.0,0.0,0.0,0.0,0.0,0.0,0.0,0.0,0.0,0.0,0.0,0.0,0.0,0.0,0.0,0.0,0.0,0.0,0.0,0.0,,1.0,1.0,1.0,1.0,1.0,1.0,1.0,1.0,1.0,1.0,1.0,1.0,1.0,1.0,1.0,1.0,1.0,1.0,1.0,1.0,1.0,1.0,1.0,1.0,1.0,1.0,1.0,1.0,1.0,1.0,0.0
2648014,2,01/10/1962,1,16.2,116.1,19.0,13.0,1.0,1,0.0,1075.0,2.0,0.0,12.5,0.0,7.7,0.0,0.0,0.0,0.0,0.0,0.0,15.0,0.0,0.0,0.0,0.0,0.0,9.2,3.0,16.2,7.5,0.0,0.0,0.0,4.5,15.4,0.0,0.0,7.3,7.3,1.1,9.4,1.0,1.0,1.0,1.0,1.0,1.0,1.0,1.0,1.0,1.0,1.0,1.0,1.0,1.0,1.0,1.0,1.0,1.0,1.0,1.0,1.0,1.0,1.0,1.0,1.0,1.0,1.0,1.0,1.0,1.0,1.0
2648014,1,01/10/1962,1,16.2,116.1,19.0,13.0,1.0,1,0.0,683.1,1.0,0.0,12.5,0.0,7.7,0.0,0.0,0.0,0.0,0.0,0.0,15.0,0.0,0.0,0.0,0.0,0.0,9.2,3.0,16.2,7.5,0.0,0.0,0.0,4.5,15.4,0.0,0.0,7.3,7.3,1.1,9.4,1.0,1.0,1.0,1.0,1.0,1.0,1.0,1.0,1.0,1.0,1.0,1.0,1.0,1.0,1.0,1.0,1.0,1.0,1.0,1.0,1.0,1.0,1.0,1.0,1.0,1.0,1.0,1.0,1.0,1.0,1.0
2648014,2,01/09/1962,1,27.0,117.2,21.0,9.0,1.0,1,0.0,1075.0,2.0,0.0,0.0,0.0,0.0,0.0,0.0,0.0,0.0,18.2,9.0,0.0,0.0,8.5,5.3,0.0,0.0,0.0,0.0,12.5,21.0,27.0,0.0,0.0,0.0,0.0,0.0,0.0,0.0,14.2,1.5,,1.0,1.0,1.0,1.0,1.0,1.0,1.0,1.0,1.0,1.0,1.0,1.0,1.0,1.0,1.0,1.0,1.0,1.0,1.0,1.0,1.0,1.0,1.0,1.0,1.0,1.0,1.0,1.0,1.0,1.0,0.0
2648014,1,01/09/1962,1,27.0,117.2,21.0,9.0,1.0,1,0.0,683.1,1.0,0.0,0.0,0.0,0.0,0.0,0.0,0.0,0.0,18.2,9.0,0.0,0.0,8.5,5.3,0.0,0.0,0.0,0.0,12.5,21.0,27.0,0.0,0.0,0.0,0.0,0.0,0.0,0.0,14.2,1.5,,1.0,1.0,1.0,1.0,1.0,1.0,1.0,1.0,1.0,1.0,1.0,1.0,1.0,1.0,1.0,1.0,1.0,1.0,1.0,1.0,1.0,1.0,1.0,1.0,1.0,1.0,1.0,1.0,1.0,1.0,0.0
2648014,2,01/08/1962,1,5.6,5.6,30.0,1.0,1.0,1,0.0,1075.0,2.0,0.0,0.0,0.0,0.0,0.0,0.0,0.0,0.0,0.0,0.0,0.0,0.0,0.0,0.0,0.0,0.0,0.0,0.0,0.0,0.0,0.0,0.0,0.0,0.0,0.0,0.0,0.0,0.0,0.0,5.6,0.0,1.0,1.0,1.0,1.0,1.0,1.0,1.0,1.0,1.0,1.0,1.0,1.0,1.0,1.0,1.0,1.0,1.0,1.0,1.0,1.0,1.0,1.0,1.0,1.0,1.0,1.0,1.0,1.0,1.0,1.0,1.0
2648014,1,01/08/1962,1,5.6,5.6,30.0,1.0,1.0,1,0.0,683.1,1.0,0.0,0.0,0.0,0.0,0.0,0.0,0.0,0.0,0.0,0.0,0.0,0.0,0.0,0.0,0.0,0.0,0.0,0.0,0.0,0.0,0.0,0.0,0.0,0.0,0.0,0.0,0.0,0.0,0.0,5.6,0.0,1.0,1.0,1.0,1.0,1.0,1.0,1.0,1.0,1.0,1.0,1.0,1.0,1.0,1.0,1.0,1.0,1.0,1.0,1.0,1.0,1.0,1.0,1.0,1.0,1.0,1.0,1.0,1.0,1.0,1.0,1.0
2648014,2,01/07/1962,1,,95.0,,,0.0,2,0.0,1075.0,2.0,,,,,,,,,7.2,7.0,0.0,0.0,0.0,0.0,0.0,0.0,1.3,0.0,0.0,0.0,0.0,0.0,0.0,0.0,0.0,10.6,0.0,6.5,0.0,4.9,0.0,0.0,0.0,0.0,0.0,0.0,0.0,0.0,0.0,1.0,1.0,1.0,1.0,1.0,1.0,1.0,1.0,1.0,1.0,1.0,1.0,1.0,1.0,1.0,1.0,1.0,1.0,1.0,1.0,1.0,1.0,1.0
2648014,1,01/07/1962,1,10.6,37.5,26.0,6.0,1.0,1,0.0,683.1,1.0,0.0,0.0,0.0,0.0,0.0,0.0,0.0,0.0,7.2,7.0,0.0,0.0,0.0,0.0,0.0,0.0,1.3,0.0,0.0,0.0,0.0,0.0,0.0,0.0,0.0,10.6,0.0,6.5,0.0,4.9,0.0,1.0,1.0,1.0,1.0,1.0,1.0,1.0,1.0,1.0,1.0,1.0,1.0,1.0,1.0,1.0,1.0,1.0,1.0,1.0,1.0,1.0,1.0,1.0,1.0,1.0,1.0,1.0,1.0,1.0,1.0,1.0
2648014,2,01/06/1962,1,,62.0,,,0.0,2,0.0,1075.0,2.0,0.0,0.0,0.0,0.0,0.0,0.0,0.0,0.0,0.0,14.7,0.0,0.0,0.0,0.0,0.0,0.0,0.0,0.0,0.0,0.0,0.0,12.5,,,,,,,,,,1.0,1.0,1.0,1.0,1.0,1.0,1.0,1.0,1.0,1.0,1.0,1.0,1.0,1.0,1.0,1.0,1.0,1.0,1.0,1.0,1.0,1.0,0.0,0.0,0.0,0.0,0.0,0.0,0.0,0.0,0.0
2648014,1,01/06/1962,1,14.7,27.2,10.0,2.0,1.0,1,0.0,683.1,1.0,0.0,0.0,0.0,0.0,0.0,0.0,0.0,0.0,0.0,14.7,0.0,0.0,0.0,0.0,0.0,0.0,0.0,0.0,0.0,0.0,0.0,12.5,0.0,0.0,0.0,0.0,0.0,0.0,0.0,0.0,,1.0,1.0,1.0,1.0,1.0,1.0,1.0,1.0,1.0,1.0,1.0,1.0,1.0,1.0,1.0,1.0,1.0,1.0,1.0,1.0,1.0,1.0,1.0,1.0,1.0,1.0,1.0,1.0,1.0,1.0,0.0
2648014,2,01/05/1962,1,,85.0,,,0.0,2,0.0,1075.0,2.0,,,,,,,,,,,,,,,,,,,,,,,,,,5.7,3.2,0.0,0.0,0.0,0.0,0.0,0.0,0.0,0.0,0.0,0.0,0.0,0.0,0.0,0.0,0.0,0.0,0.0,0.0,0.0,0.0,0.0,0.0,0.0,0.0,0.0,0.0,0.0,0.0,0.0,1.0,1.0,1.0,1.0,1.0,1.0
2648014,1,01/05/1962,1,5.7,8.9,26.0,2.0,1.0,1,0.0,683.1,1.0,0.0,0.0,0.0,0.0,0.0,0.0,0.0,0.0,0.0,0.0,0.0,0.0,0.0,0.0,0.0,0.0,0.0,0.0,0.0,0.0,0.0,0.0,0.0,0.0,0.0,5.7,3.2,0.0,0.0,0.0,0.0,1.0,1.0,1.0,1.0,1.0,1.0,1.0,1.0,1.0,1.0,1.0,1.0,1.0,1.0,1.0,1.0,1.0,1.0,1.0,1.0,1.0,1.0,1.0,1.0,1.0,1.0,1.0,1.0,1.0,1.0,1.0
2648014,2,01/04/1962,1,,82.0,,,0.0,2,0.0,1075.0,2.0,0.0,0.0,7.3,0.0,0.0,0.0,0.0,0.0,12.9,0.0,0.0,0.0,0.0,0.0,0.0,,,,,,,,,,,,,,,,,1.0,1.0,1.0,1.0,1.0,1.0,1.0,1.0,1.0,1.0,1.0,1.0,1.0,1.0,1.0,0.0,0.0,0.0,0.0,0.0,0.0,0.0,0.0,0.0,0.0,0.0,0.0,0.0,0.0,0.0,0.0
2648014,1,01/04/1962,1,12.9,20.2,9.0,2.0,1.0,1,0.0,683.1,1.0,0.0,0.0,7.3,0.0,0.0,0.0,0.0,0.0,12.9,0.0,0.0,0.0,0.0,0.0,0.0,0.0,0.0,0.0,0.0,0.0,0.0,0.0,0.0,0.0,0.0,0.0,0.0,0.0,0.0,0.0,,1.0,1.0,1.0,1.0,1.0,1.0,1.0,1.0,1.0,1.0,1.0,1.0,1.0,1.0,1.0,1.0,1.0,1.0,1.0,1.0,1.0,1.0,1.0,1.0,1.0,1.0,1.0,1.0,1.0,1.0,0.0
2648014,2,01/03/1962,1,,154.0,,,0.0,2,0.0,1075.0,2.0,0.0,33.0,,,,,,,,,,,,,,,,,,,,,,,,,,,,,,1.0,1.0,0.0,0.0,0.0,0.0,0.0,0.0,0.0,0.0,0.0,0.0,0.0,0.0,0.0,0.0,0.0,0.0,0.0,0.0,0.0,0.0,0.0,0.0,0.0,0.0,0.0,0.0,0.0,0.0,0.0
2648014,1,01/03/1962,1,33.0,33.0,2.0,1.0,1.0,1,0.0,683.1,1.0,0.0,33.0,0.0,0.0,0.0,0.0,0.0,0.0,0.0,0.0,0.0,0.0,0.0,0.0,0.0,0.0,0.0,0.0,0.0,0.0,0.0,0.0,0.0,0.0,0.0,0.0,0.0,0.0,0.0,0.0,0.0,1.0,1.0,1.0,1.0,1.0,1.0,1.0,1.0,1.0,1.0,1.0,1.0,1.0,1.0,1.0,1.0,1.0,1.0,1.0,1.0,1.0,1.0,1.0,1.0,1.0,1.0,1.0,1.0,1.0,1.0,1.0
2648014,2,01/02/1962,1,52.3,103.0,8.0,11.0,1.0,1,0.0,1075.0,2.0,4.1,2.1,1.4,1.3,2.6,0.0,1.2,52.3,1.2,0.2,0.0,0.0,0.6,0.0,0.0,0.0,0.0,0.0,0.0,0.0,36.0,0.0,0.0,0.0,0.0,0.0,0.0,0.0,,,,1.0,1.0,1.0,1.0,1.0,1.0,1.0,1.0,1.0,1.0,1.0,1.0,1.0,1.0,1.0,1.0,1.0,1.0,1.0,1.0,1.0,1.0,1.0,1.0,1.0,1.0,1.0,1.0,0.0,0.0,0.0
2648014,1,01/02/1962,1,52.3,103.0,8.0,11.0,1.0,1,0.0,683.1,1.0,4.1,2.1,1.4,1.3,2.6,0.0,1.2,52.3,1.2,0.2,0.0,0.0,0.6,0.0,0.0,0.0,0.0,0.0,0.0,0.0,36.0,0.0,0.0,0.0,0.0,0.0,0.0,0.0,,,,1.0,1.0,1.0,1.0,1.0,1.0,1.0,1.0,1.0,1.0,1.0,1.0,1.0,1.0,1.0,1.0,1.0,1.0,1.0,1.0,1.0,1.0,1.0,1.0,1.0,1.0,1.0,1.0,0.0,0.0,0.0
2648014,2,01/01/1962,1,65.8,127.1,30.0,11.0,1.0,1,0.0,1075.0,2.0,0.0,0.0,0.0,0.0,0.0,0.0,0.0,0.0,0.0,0.0,0.0,0.0,0.0,0.0,2.5,11.6,1.0,2.1,0.3,0.0,0.0,0.0,1.4,11.1,14.9,12.4,0.0,0.0,0.0,65.8,4.0,1.0,1.0,1.0,1.0,1.0,1.0,1.0,1.0,1.0,1.0,1.0,1.0,1.0,1.0,1.0,1.0,1.0,1.0,1.0,1.0,1.0,1.0,1.0,1.0,1.0,1.0,1.0,1.0,1.0,1.0,1.0
2648014,1,01/01/1962,1,65.8,127.1,30.0,11.0,1.0,1,0.0,683.1,1.0,0.0,0.0,0.0,0.0,0.0,0.0,0.0,0.0,0.0,0.0,0.0,0.0,0.0,0.0,2.5,11.6,1.0,2.1,0.3,0.0,0.0,0.0,1.4,11.1,14.9,12.4,0.0,0.0,0.0,65.8,4.0,1.0,1.0,1.0,1.0,1.0,1.0,1.0,1.0,1.0,1.0,1.0,1.0,1.0,1.0,1.0,1.0,1.0,1.0,1.0,1.0,1.0,1.0,1.0,1.0,1.0,1.0,1.0,1.0,1.0,1.0,1.0
2648014,2,01/12/1961,1,,197.0,,,0.0,2,0.0,1478.7,2.0,,,,,,,,,,,,,,,,3.5,4.8,2.5,0.0,0.0,0.0,0.0,0.0,5.0,0.0,4.7,2.0,5.2,0.0,13.5,0.0,0.0,0.0,0.0,0.0,0.0,0.0,0.0,0.0,0.0,0.0,0.0,0.0,0.0,0.0,0.0,1.0,1.0,1.0,1.0,1.0,1.0,1.0,1.0,1.0,1.0,1.0,1.0,1.0,1.0,1.0,1.0
2648014,1,01/12/1961,1,13.5,41.2,30.0,8.0,1.0,1,0.0,936.9,1.0,0.0,0.0,0.0,0.0,0.0,0.0,0.0,0.0,0.0,0.0,0.0,0.0,0.0,0.0,0.0,3.5,4.8,2.5,0.0,0.0,0.0,0.0,0.0,5.0,0.0,4.7,2.0,5.2,0.0,13.5,0.0,1.0,1.0,1.0,1.0,1.0,1.0,1.0,1.0,1.0,1.0,1.0,1.0,1.0,1.0,1.0,1.0,1.0,1.0,1.0,1.0,1.0,1.0,1.0,1.0,1.0,1.0,1.0,1.0,1.0,1.0,1.0
2648014,2,01/11/1961,1,,250.0,,,0.0,2,0.0,1478.7,2.0,37.0,4.0,6.7,22.5,12.3,14.3,0.0,0.0,0.0,0.0,0.0,0.0,3.0,3.4,,,,,,8.3,10.2,,,,,,,16.7,0.0,0.0,,1.0,1.0,1.0,1.0,1.0,1.0,1.0,1.0,1.0,1.0,1.0,1.0,1.0,1.0,0.0,0.0,0.0,0.0,0.0,1.0,1.0,0.0,0.0,0.0,0.0,0.0,0.0,1.0,1.0,1.0,0.0
2648014,1,01/11/1961,1,37.0,138.4,1.0,11.0,1.0,1,0.0,936.9,1.0,37.0,4.0,6.7,22.5,12.3,14.3,0.0,0.0,0.0,0.0,0.0,0.0,3.0,3.4,0.0,0.0,0.0,0.0,0.0,8.3,10.2,0.0,0.0,0.0,0.0,0.0,0.0,16.7,0.0,0.0,,1.0,1.0,1.0,1.0,1.0,1.0,1.0,1.0,1.0,1.0,1.0,1.0,1.0,1.0,1.0,1.0,1.0,1.0,1.0,1.0,1.0,1.0,1.0,1.0,1.0,1.0,1.0,1.0,1.0,1.0,0.0
2648014,2,01/10/1961,1,60.5,115.0,31.0,10.0,1.0,1,0.0,1478.7,2.0,0.0,0.0,0.0,0.0,0.0,0.0,0.0,0.0,0.0,7.0,0.0,0.0,0.0,0.0,1.4,1.6,0.0,5.8,0.0,1.7,8.2,0.0,0.0,5.1,0.0,11.7,0.0,0.0,0.0,12.0,60.5,1.0,1.0,1.0,1.0,1.0,1.0,1.0,1.0,1.0,1.0,1.0,1.0,1.0,1.0,1.0,1.0,1.0,1.0,1.0,1.0,1.0,1.0,1.0,1.0,1.0,1.0,1.0,1.0,1.0,1.0,1.0
2648014,1,01/10/1961,1,60.5,115.0,31.0,10.0,1.0,1,0.0,936.9,1.0,0.0,0.0,0.0,0.0,0.0,0.0,0.0,0.0,0.0,7.0,0.0,0.0,0.0,0.0,1.4,1.6,0.0,5.8,0.0,1.7,8.2,0.0,0.0,5.1,0.0,11.7,0.0,0.0,0.0,12.0,60.5,1.0,1.0,1.0,1.0,1.0,1.0,1.0,1.0,1.0,1.0,1.0,1.0,1.0,1.0,1.0,1.0,1.0,1.0,1.0,1.0,1.0,1.0,1.0,1.0,1.0,1.0,1.0,1.0,1.0,1.0,1.0
2648014,2,01/09/1961,1,,280.0,,,0.0,2,0.0,1478.7,2.0,6.5,0.0,0.0,0.0,0.0,17.6,18.3,20.5,16.7,8.3,12.7,15.9,,,,,,,,,0.0,6.0,5.5,9.1,0.0,0.0,15.2,0.8,9.1,1.6,,1.0,1.0,1.0,1.0,1.0,1.0,1.0,1.0,1.0,1.0,1.0,1.0,0.0,0.0,0.0,0.0,0.0,0.0,0.0,0.0,1.0,1.0,1.0,1.0,1.0,1.0,1.0,1.0,1.0,1.0,0.0
2648014,1,01/09/1961,1,20.5,163.8,8.0,15.0,1.0,1,0.0,936.9,1.0,6.5,0.0,0.0,0.0,0.0,17.6,18.3,20.5,16.7,8.3,12.7,15.9,0.0,0.0,0.0,0.0,0.0,0.0,0.0,0.0,0.0,6.0,5.5,9.1,0.0,0.0,15.2,0.8,9.1,1.6,,1.0,1.0,1.0,1.0,1.0,1.0,1.0,1.0,1.0,1.0,1.0,1.0,1.0,1.0,1.0,1.0,1.0,1.0,1.0,1.0,1.0,1.0,1.0,1.0,1.0,1.0,1.0,1.0,1.0,1.0,0.0
2648014,2,01/08/1961,1,7.5,7.5,16.0,1.0,1.0,1,0.0,1478.7,2.0,0.0,0.0,0.0,0.0,0.0,0.0,0.0,0.0,0.0,0.0,0.0,0.0,0.0,0.0,0.0,7.5,0.0,0.0,0.0,0.0,0.0,0.0,0.0,0.0,0.0,0.0,0.0,0.0,0.0,0.0,0.0,1.0,1.0,1.0,1.0,1.0,1.0,1.0,1.0,1.0,1.0,1.0,1.0,1.0,1.0,1.0,1.0,1.0,1.0,1.0,1.0,1.0,1.0,1.0,1.0,1.0,1.0,1.0,1.0,1.0,1.0,1.0
2648014,1,01/08/1961,1,7.5,7.5,16.0,1.0,1.0,1,0.0,936.9,1.0,0.0,0.0,0.0,0.0,0.0,0.0,0.0,0.0,0.0,0.0,0.0,0.0,0.0,0.0,0.0,7.5,0.0,0.0,0.0,0.0,0.0,0.0,0.0,0.0,0.0,0.0,0.0,0.0,0.0,0.0,0.0,1.0,1.0,1.0,1.0,1.0,1.0,1.0,1.0,1.0,1.0,1.0,1.0,1.0,1.0,1.0,1.0,1.0,1.0,1.0,1.0,1.0,1.0,1.0,1.0,1.0,1.0,1.0,1.0,1.0,1.0,1.0
2648014,2,01/07/1961,1,,35.0,,,0.0,2,0.0,1478.7,2.0,,,,,,,,,,,,,,,,,,,,,,,,,,,,,,,,0.0,0.0,0.0,0.0,0.0,0.0,0.0,0.0,0.0,0.0,0.0,0.0,0.0,0.0,0.0,0.0,0.0,0.0,0.0,0.0,0.0,0.0,0.0,0.0,0.0,0.0,0.0,0.0,0.0,0.0,0.0
2648014,1,01/07/1961,1,0.0,0.0,1.0,,1.0,1,0.0,936.9,1.0,0.0,0.0,0.0,0.0,0.0,0.0,0.0,0.0,0.0,0.0,0.0,0.0,0.0,0.0,0.0,0.0,0.0,0.0,0.0,0.0,0.0,0.0,0.0,0.0,0.0,0.0,0.0,0.0,0.0,0.0,0.0,1.0,1.0,1.0,1.0,1.0,1.0,1.0,1.0,1.0,1.0,1.0,1.0,1.0,1.0,1.0,1.0,1.0,1.0,1.0,1.0,1.0,1.0,1.0,1.0,1.0,1.0,1.0,1.0,1.0,1.0,1.0
2648014,2,01/06/1961,1,16.0,46.1,12.0,5.0,1.0,1,0.0,1478.7,2.0,0.0,0.0,0.0,0.0,0.0,0.0,0.0,0.0,0.0,0.0,7.5,16.0,7.8,9.5,0.0,0.0,0.0,0.0,0.0,0.0,5.3,0.0,0.0,0.0,0.0,0.0,0.0,0.0,0.0,0.0,,1.0,1.0,1.0,1.0,1.0,1.0,1.0,1.0,1.0,1.0,1.0,1.0,1.0,1.0,1.0,1.0,1.0,1.0,1.0,1.0,1.0,1.0,1.0,1.0,1.0,1.0,1.0,1.0,1.0,1.0,0.0
2648014,1,01/06/1961,1,16.0,46.1,12.0,5.0,1.0,1,0.0,936.9,1.0,0.0,0.0,0.0,0.0,0.0,0.0,0.0,0.0,0.0,0.0,7.5,16.0,7.8,9.5,0.0,0.0,0.0,0.0,0.0,0.0,5.3,0.0,0.0,0.0,0.0,0.0,0.0,0.0,0.0,0.0,,1.0,1.0,1.0,1.0,1.0,1.0,1.0,1.0,1.0,1.0,1.0,1.0,1.0,1.0,1.0,1.0,1.0,1.0,1.0,1.0,1.0,1.0,1.0,1.0,1.0,1.0,1.0,1.0,1.0,1.0,0.0
2648014,2,01/05/1961,1,32.4,50.3,5.0,2.0,1.0,1,0.0,1478.7,2.0,0.0,0.0,0.0,17.9,32.4,0.0,0.0,0.0,0.0,0.0,0.0,0.0,0.0,0.0,0.0,0.0,0.0,0.0,0.0,0.0,0.0,0.0,0.0,0.0,0.0,0.0,0.0,0.0,0.0,0.0,0.0,1.0,1.0,1.0,1.0,1.0,1.0,1.0,1.0,1.0,1.0,1.0,1.0,1.0,1.0,1.0,1.0,1.0,1.0,1.0,1.0,1.0,1.0,1.0,1.0,1.0,1.0,1.0,1.0,1.0,1.0,1.0
2648014,1,01/05/1961,1,32.4,50.3,5.0,2.0,1.0,1,0.0,936.9,1.0,0.0,0.0,0.0,17.9,32.4,0.0,0.0,0.0,0.0,0.0,0.0,0.0,0.0,0.0,0.0,0.0,0.0,0.0,0.0,0.0,0.0,0.0,0.0,0.0,0.0,0.0,0.0,0.0,0.0,0.0,0.0,1.0,1.0,1.0,1.0,1.0,1.0,1.0,1.0,1.0,1.0,1.0,1.0,1.0,1.0,1.0,1.0,1.0,1.0,1.0,1.0,1.0,1.0,1.0,1.0,1.0,1.0,1.0,1.0,1.0,1.0,1.0
2648014,2,01/04/1961,1,13.5,23.4,13.0,3.0,1.0,1,0.0,1478.7,2.0,0.0,0.0,0.0,0.0,0.0,0.0,0.0,0.0,0.0,0.0,0.0,0.0,13.5,0.0,0.0,4.2,0.0,0.0,0.0,0.0,0.0,0.0,0.0,0.0,5.7,0.0,0.0,0.0,0.0,0.0,,1.0,1.0,1.0,1.0,1.0,1.0,1.0,1.0,1.0,1.0,1.0,1.0,1.0,1.0,1.0,1.0,1.0,1.0,1.0,1.0,1.0,1.0,1.0,1.0,1.0,1.0,1.0,1.0,1.0,1.0,0.0
2648014,1,01/04/1961,1,13.5,23.4,13.0,3.0,1.0,1,0.0,936.9,1.0,0.0,0.0,0.0,0.0,0.0,0.0,0.0,0.0,0.0,0.0,0.0,0.0,13.5,0.0,0.0,4.2,0.0,0.0,0.0,0.0,0.0,0.0,0.0,0.0,5.7,0.0,0.0,0.0,0.0,0.0,,1.0,1.0,1.0,1.0,1.0,1.0,1.0,1.0,1.0,1.0,1.0,1.0,1.0,1.0,1.0,1.0,1.0,1.0,1.0,1.0,1.0,1.0,1.0,1.0,1.0,1.0,1.0,1.0,1.0,1.0,0.0
2648014,2,01/03/1961,1,,133.0,,,0.0,2,0.0,1478.7,2.0,,,,,,8.5,11.0,7.0,,,,15.2,10.5,0.0,2.7,2.3,0.0,5.3,15.0,1.5,4.0,0.0,0.0,0.0,0.0,4.8,,,,,,0.0,0.0,0.0,0.0,0.0,1.0,1.0,1.0,0.0,0.0,0.0,1.0,1.0,1.0,1.0,1.0,1.0,1.0,1.0,1.0,1.0,1.0,1.0,1.0,1.0,1.0,0.0,0.0,0.0,0.0,0.0
2648014,1,01/03/1961,1,15.2,87.8,12.0,12.0,1.0,1,0.0,936.9,1.0,0.0,0.0,0.0,0.0,0.0,8.5,11.0,7.0,0.0,0.0,0.0,15.2,10.5,0.0,2.7,2.3,0.0,5.3,15.0,1.5,4.0,0.0,0.0,0.0,0.0,4.8,0.0,0.0,0.0,0.0,0.0,1.0,1.0,1.0,1.0,1.0,1.0,1.0,1.0,1.0,1.0,1.0,1.0,1.0,1.0,1.0,1.0,1.0,1.0,1.0,1.0,1.0,1.0,1.0,1.0,1.0,1.0,1.0,1.0,1.0,1.0,1.0
2648014,2,01/02/1961,1,58.0,212.4,27.0,11.0,1.0,1,0.0,1478.7,2.0,0.0,0.0,0.0,0.0,0.0,12.5,8.5,0.0,0.0,7.2,0.0,0.0,0.0,0.0,35.7,3.0,26.0,23.5,0.0,0.0,0.0,0.0,16.5,14.0,0.0,0.0,58.0,7.5,,,,1.0,1.0,1.0,1.0,1.0,1.0,1.0,1.0,1.0,1.0,1.0,1.0,1.0,1.0,1.0,1.0,1.0,1.0,1.0,1.0,1.0,1.0,1.0,1.0,1.0,1.0,1.0,1.0,0.0,0.0,0.0
2648014,1,01/02/1961,1,58.0,212.4,27.0,11.0,1.0,1,0.0,936.9,1.0,0.0,0.0,0.0,0.0,0.0,12.5,8.5,0.0,0.0,7.2,0.0,0.0,0.0,0.0,35.7,3.0,26.0,23.5,0.0,0.0,0.0,0.0,16.5,14.0,0.0,0.0,58.0,7.5,,,,1.0,1.0,1.0,1.0,1.0,1.0,1.0,1.0,1.0,1.0,1.0,1.0,1.0,1.0,1.0,1.0,1.0,1.0,1.0,1.0,1.0,1.0,1.0,1.0,1.0,1.0,1.0,1.0,0.0,0.0,0.0
2648014,2,01/01/1961,1,,129.0,,,0.0,2,0.0,1478.7,2.0,,,,,,,,1.8,0.0,0.0,0.0,2.4,1.2,0.0,0.0,0.0,0.0,0.0,1.2,2.1,0.0,0.0,0.0,0.0,3.4,18.2,10.4,2.6,6.5,0.0,1.2,0.0,0.0,0.0,0.0,0.0,0.0,0.0,1.0,1.0,1.0,1.0,1.0,1.0,1.0,1.0,1.0,1.0,1.0,1.0,1.0,1.0,1.0,1.0,1.0,1.0,1.0,1.0,1.0,1.0,1.0,1.0
2648014,1,01/01/1961,1,18.2,51.0,26.0,11.0,1.0,1,0.0,936.9,1.0,0.0,0.0,0.0,0.0,0.0,0.0,0.0,1.8,0.0,0.0,0.0,2.4,1.2,0.0,0.0,0.0,0.0,0.0,1.2,2.1,0.0,0.0,0.0,0.0,3.4,18.2,10.4,2.6,6.5,0.0,1.2,1.0,1.0,1.0,1.0,1.0,1.0,1.0,1.0,1.0,1.0,1.0,1.0,1.0,1.0,1.0,1.0,1.0,1.0,1.0,1.0,1.0,1.0,1.0,1.0,1.0,1.0,1.0,1.0,1.0,1.0,1.0
2648014,2,01/12/1960,1,,92.0,,,0.0,2,0.0,1624.4,2.0,,,,,,,,,,,,,,,,,,,,,0.0,0.0,0.0,0.0,0.0,23.0,0.0,0.0,0.0,0.0,0.0,0.0,0.0,0.0,0.0,0.0,0.0,0.0,0.0,0.0,0.0,0.0,0.0,0.0,0.0,0.0,0.0,0.0,0.0,0.0,0.0,1.0,1.0,1.0,1.0,1.0,1.0,1.0,1.0,1.0,1.0,1.0
2648014,1,01/12/1960,1,23.0,23.0,26.0,1.0,1.0,1,0.0,1001.3,1.0,0.0,0.0,0.0,0.0,0.0,0.0,0.0,0.0,0.0,0.0,0.0,0.0,0.0,0.0,0.0,0.0,0.0,0.0,0.0,0.0,0.0,0.0,0.0,0.0,0.0,23.0,0.0,0.0,0.0,0.0,0.0,1.0,1.0,1.0,1.0,1.0,1.0,1.0,1.0,1.0,1.0,1.0,1.0,1.0,1.0,1.0,1.0,1.0,1.0,1.0,1.0,1.0,1.0,1.0,1.0,1.0,1.0,1.0,1.0,1.0,1.0,1.0
2648014,2,01/11/1960,1,,267.0,,,0.0,2,0.0,1624.4,2.0,0.0,4.6,0.0,0.0,0.0,7.9,0.0,0.0,0.0,0.0,4.0,,,,,,,,,,,,,,,0.0,61.5,41.5,14.3,2.5,,1.0,1.0,1.0,1.0,1.0,1.0,1.0,1.0,1.0,1.0,1.0,0.0,0.0,0.0,0.0,0.0,0.0,0.0,0.0,0.0,0.0,0.0,0.0,0.0,0.0,1.0,1.0,1.0,1.0,1.0,0.0
2648014,1,01/11/1960,1,61.5,136.3,27.0,7.0,1.0,1,0.0,1001.3,1.0,0.0,4.6,0.0,0.0,0.0,7.9,0.0,0.0,0.0,0.0,4.0,0.0,0.0,0.0,0.0,0.0,0.0,0.0,0.0,0.0,0.0,0.0,0.0,0.0,0.0,0.0,61.5,41.5,14.3,2.5,,1.0,1.0,1.0,1.0,1.0,1.0,1.0,1.0,1.0,1.0,1.0,1.0,1.0,1.0,1.0,1.0,1.0,1.0,1.0,1.0,1.0,1.0,1.0,1.0,1.0,1.0,1.0,1.0,1.0,1.0,0.0
2648014,2,01/10/1960,1,36.5,122.3,26.0,5.0,1.0,1,0.0,1624.4,2.0,0.0,0.0,0.0,0.0,0.0,0.0,0.0,0.0,15.7,0.0,0.0,0.0,0.0,0.0,0.0,0.0,18.7,25.9,0.0,0.0,0.0,0.0,0.0,0.0,0.0,36.5,0.0,0.0,0.0,0.0,25.5,1.0,1.0,1.0,1.0,1.0,1.0,1.0,1.0,1.0,1.0,1.0,1.0,1.0,1.0,1.0,1.0,1.0,1.0,1.0,1.0,1.0,1.0,1.0,1.0,1.0,1.0,1.0,1.0,1.0,1.0,1.0
2648014,1,01/10/1960,1,36.5,122.3,26.0,5.0,1.0,1,0.0,1001.3,1.0,0.0,0.0,0.0,0.0,0.0,0.0,0.0,0.0,15.7,0.0,0.0,0.0,0.0,0.0,0.0,0.0,18.7,25.9,0.0,0.0,0.0,0.0,0.0,0.0,0.0,36.5,0.0,0.0,0.0,0.0,25.5,1.0,1.0,1.0,1.0,1.0,1.0,1.0,1.0,1.0,1.0,1.0,1.0,1.0,1.0,1.0,1.0,1.0,1.0,1.0,1.0,1.0,1.0,1.0,1.0,1.0,1.0,1.0,1.0,1.0,1.0,1.0
2648014,2,01/09/1960,1,,71.0,,,0.0,2,0.0,1624.4,2.0,0.0,0.0,0.0,0.0,0.0,,,,,,,,,,,0.0,0.0,0.0,0.0,0.0,0.0,0.0,0.0,0.0,5.2,0.0,0.0,0.0,0.0,0.0,,1.0,1.0,1.0,1.0,1.0,0.0,0.0,0.0,0.0,0.0,0.0,0.0,0.0,0.0,0.0,1.0,1.0,1.0,1.0,1.0,1.0,1.0,1.0,1.0,1.0,1.0,1.0,1.0,1.0,1.0,0.0
2648014,1,01/09/1960,1,5.2,5.2,25.0,1.0,1.0,1,0.0,1001.3,1.0,0.0,0.0,0.0,0.0,0.0,0.0,0.0,0.0,0.0,0.0,0.0,0.0,0.0,0.0,0.0,0.0,0.0,0.0,0.0,0.0,0.0,0.0,0.0,0.0,5.2,0.0,0.0,0.0,0.0,0.0,,1.0,1.0,1.0,1.0,1.0,1.0,1.0,1.0,1.0,1.0,1.0,1.0,1.0,1.0,1.0,1.0,1.0,1.0,1.0,1.0,1.0,1.0,1.0,1.0,1.0,1.0,1.0,1.0,1.0,1.0,0.0
2648014,2,01/08/1960,1,,215.0,,,0.0,2,0.0,1624.4,2.0,15.3,17.2,4.9,,,,,,,,,,,,8.8,0.0,6.5,15.6,0.0,0.0,0.0,2.1,2.2,5.1,,,,,,,,1.0,1.0,1.0,0.0,0.0,0.0,0.0,0.0,0.0,0.0,0.0,0.0,0.0,0.0,1.0,1.0,1.0,1.0,1.0,1.0,1.0,1.0,1.0,1.0,0.0,0.0,0.0,0.0,0.0,0.0,0.0
2648014,1,01/08/1960,1,17.2,77.7,2.0,9.0,1.0,1,0.0,1001.3,1.0,15.3,17.2,4.9,0.0,0.0,0.0,0.0,0.0,0.0,0.0,0.0,0.0,0.0,0.0,8.8,0.0,6.5,15.6,0.0,0.0,0.0,2.1,2.2,5.1,0.0,0.0,0.0,0.0,0.0,0.0,0.0,1.0,1.0,1.0,1.0,1.0,1.0,1.0,1.0,1.0,1.0,1.0,1.0,1.0,1.0,1.0,1.0,1.0,1.0,1.0,1.0,1.0,1.0,1.0,1.0,1.0,1.0,1.0,1.0,1.0,1.0,1.0
2648014,2,01/07/1960,1,9.8,9.8,18.0,1.0,1.0,1,0.0,1624.4,2.0,0.0,0.0,0.0,0.0,0.0,0.0,0.0,0.0,0.0,0.0,0.0,0.0,0.0,0.0,0.0,0.0,0.0,9.8,0.0,0.0,0.0,0.0,0.0,0.0,0.0,0.0,0.0,0.0,0.0,0.0,0.0,1.0,1.0,1.0,1.0,1.0,1.0,1.0,1.0,1.0,1.0,1.0,1.0,1.0,1.0,1.0,1.0,1.0,1.0,1.0,1.0,1.0,1.0,1.0,1.0,1.0,1.0,1.0,1.0,1.0,1.0,1.0
2648014,1,01/07/1960,1,9.8,9.8,18.0,1.0,1.0,1,0.0,1001.3,1.0,0.0,0.0,0.0,0.0,0.0,0.0,0.0,0.0,0.0,0.0,0.0,0.0,0.0,0.0,0.0,0.0,0.0,9.8,0.0,0.0,0.0,0.0,0.0,0.0,0.0,0.0,0.0,0.0,0.0,0.0,0.0,1.0,1.0,1.0,1.0,1.0,1.0,1.0,1.0,1.0,1.0,1.0,1.0,1.0,1.0,1.0,1.0,1.0,1.0,1.0,1.0,1.0,1.0,1.0,1.0,1.0,1.0,1.0,1.0,1.0,1.0,1.0
2648014,2,01/06/1960,1,17.4,24.6,24.0,2.0,1.0,1,0.0,1624.4,2.0,0.0,0.0,0.0,0.0,0.0,0.0,0.0,0.0,0.0,0.0,0.0,0.0,0.0,0.0,0.0,0.0,0.0,0.0,0.0,0.0,0.0,0.0,7.2,17.4,0.0,0.0,0.0,0.0,0.0,0.0,,1.0,1.0,1.0,1.0,1.0,1.0,1.0,1.0,1.0,1.0,1.0,1.0,1.0,1.0,1.0,1.0,1.0,1.0,1.0,1.0,1.0,1.0,1.0,1.0,1.0,1.0,1.0,1.0,1.0,1.0,0.0
2648014,1,01/06/1960,1,17.4,24.6,24.0,2.0,1.0,1,0.0,1001.3,1.0,0.0,0.0,0.0,0.0,0.0,0.0,0.0,0.0,0.0,0.0,0.0,0.0,0.0,0.0,0.0,0.0,0.0,0.0,0.0,0.0,0.0,0.0,7.2,17.4,0.0,0.0,0.0,0.0,0.0,0.0,,1.0,1.0,1.0,1.0,1.0,1.0,1.0,1.0,1.0,1.0,1.0,1.0,1.0,1.0,1.0,1.0,1.0,1.0,1.0,1.0,1.0,1.0,1.0,1.0,1.0,1.0,1.0,1.0,1.0,1.0,0.0
2648014,2,01/05/1960,1,40.0,76.3,20.0,3.0,1.0,1,0.0,1624.4,2.0,0.0,0.0,0.0,0.0,0.0,0.0,0.0,0.0,0.0,0.0,0.0,0.0,0.0,0.0,24.3,0.0,0.0,0.0,0.0,40.0,12.0,0.0,0.0,0.0,0.0,0.0,0.0,0.0,0.0,0.0,0.0,1.0,1.0,1.0,1.0,1.0,1.0,1.0,1.0,1.0,1.0,1.0,1.0,1.0,1.0,1.0,1.0,1.0,1.0,1.0,1.0,1.0,1.0,1.0,1.0,1.0,1.0,1.0,1.0,1.0,1.0,1.0
2648014,1,01/05/1960,1,40.0,76.3,20.0,3.0,1.0,1,0.0,1001.3,1.0,0.0,0.0,0.0,0.0,0.0,0.0,0.0,0.0,0.0,0.0,0.0,0.0,0.0,0.0,24.3,0.0,0.0,0.0,0.0,40.0,12.0,0.0,0.0,0.0,0.0,0.0,0.0,0.0,0.0,0.0,0.0,1.0,1.0,1.0,1.0,1.0,1.0,1.0,1.0,1.0,1.0,1.0,1.0,1.0,1.0,1.0,1.0,1.0,1.0,1.0,1.0,1.0,1.0,1.0,1.0,1.0,1.0,1.0,1.0,1.0,1.0,1.0
2648014,2,01/04/1960,1,,63.0,,,0.0,2,0.0,1624.4,2.0,0.0,0.0,7.5,4.6,0.0,0.0,0.0,0.0,0.0,0.0,0.0,0.0,0.0,0.0,0.0,0.0,0.0,0.0,0.0,0.0,,,,,,,,,,,,1.0,1.0,1.0,1.0,1.0,1.0,1.0,1.0,1.0,1.0,1.0,1.0,1.0,1.0,1.0,1.0,1.0,1.0,1.0,1.0,0.0,0.0,0.0,0.0,0.0,0.0,0.0,0.0,0.0,0.0,0.0
2648014,1,01/04/1960,1,7.5,12.1,3.0,2.0,1.0,1,0.0,1001.3,1.0,0.0,0.0,7.5,4.6,0.0,0.0,0.0,0.0,0.0,0.0,0.0,0.0,0.0,0.0,0.0,0.0,0.0,0.0,0.0,0.0,0.0,0.0,0.0,0.0,0.0,0.0,0.0,0.0,0.0,0.0,,1.0,1.0,1.0,1.0,1.0,1.0,1.0,1.0,1.0,1.0,1.0,1.0,1.0,1.0,1.0,1.0,1.0,1.0,1.0,1.0,1.0,1.0,1.0,1.0,1.0,1.0,1.0,1.0,1.0,1.0,0.0
2648014,2,01/03/1960,1,,205.0,,,0.0,2,0.0,1624.4,2.0,17.5,58.5,21.3,0.0,0.0,0.0,0.0,0.0,0.0,0.0,0.0,0.0,0.0,7.5,8.9,,,,,,,,,,,,,,10.5,0.0,0.0,1.0,1.0,1.0,1.0,1.0,1.0,1.0,1.0,1.0,1.0,1.0,1.0,1.0,1.0,1.0,0.0,0.0,0.0,0.0,0.0,0.0,0.0,0.0,0.0,0.0,0.0,0.0,0.0,1.0,1.0,1.0
2648014,1,01/03/1960,1,58.5,124.2,2.0,6.0,1.0,1,0.0,1001.3,1.0,17.5,58.5,21.3,0.0,0.0,0.0,0.0,0.0,0.0,0.0,0.0,0.0,0.0,7.5,8.9,0.0,0.0,0.0,0.0,0.0,0.0,0.0,0.0,0.0,0.0,0.0,0.0,0.0,10.5,0.0,0.0,1.0,1.0,1.0,1.0,1.0,1.0,1.0,1.0,1.0,1.0,1.0,1.0,1.0,1.0,1.0,1.0,1.0,1.0,1.0,1.0,1.0,1.0,1.0,1.0,1.0,1.0,1.0,1.0,1.0,1.0,1.0
2648014,2,01/02/1960,1,36.5,231.4,2.0,16.0,1.0,1,0.0,1624.4,2.0,13.5,36.5,32.0,12.5,13.0,0.0,0.0,0.0,0.0,10.0,11.0,10.5,0.0,0.0,32.0,10.0,0.0,4.0,7.5,0.0,12.5,0.0,0.0,0.0,0.0,0.0,5.3,8.5,12.6,,,1.0,1.0,1.0,1.0,1.0,1.0,1.0,1.0,1.0,1.0,1.0,1.0,1.0,1.0,1.0,1.0,1.0,1.0,1.0,1.0,1.0,1.0,1.0,1.0,1.0,1.0,1.0,1.0,1.0,0.0,0.0
2648014,1,01/02/1960,1,36.5,231.4,2.0,16.0,1.0,1,0.0,1001.3,1.0,13.5,36.5,32.0,12.5,13.0,0.0,0.0,0.0,0.0,10.0,11.0,10.5,0.0,0.0,32.0,10.0,0.0,4.0,7.5,0.0,12.5,0.0,0.0,0.0,0.0,0.0,5.3,8.5,12.6,,,1.0,1.0,1.0,1.0,1.0,1.0,1.0,1.0,1.0,1.0,1.0,1.0,1.0,1.0,1.0,1.0,1.0,1.0,1.0,1.0,1.0,1.0,1.0,1.0,1.0,1.0,1.0,1.0,1.0,0.0,0.0
2648014,2,01/01/1960,1,,247.0,,,0.0,2,0.0,1624.4,2.0,9.5,0.0,0.0,6.6,6.0,0.0,0.0,54.2,4.1,18.6,,,,,,,,14.6,16.8,6.4,0.0,0.0,0.0,0.0,0.0,0.0,0.3,0.0,2.4,4.3,14.6,1.0,1.0,1.0,1.0,1.0,1.0,1.0,1.0,1.0,1.0,0.0,0.0,0.0,0.0,0.0,0.0,0.0,1.0,1.0,1.0,1.0,1.0,1.0,1.0,1.0,1.0,1.0,1.0,1.0,1.0,1.0
2648014,1,01/01/1960,1,54.2,158.4,8.0,13.0,1.0,1,0.0,1001.3,1.0,9.5,0.0,0.0,6.6,6.0,0.0,0.0,54.2,4.1,18.6,0.0,0.0,0.0,0.0,0.0,0.0,0.0,14.6,16.8,6.4,0.0,0.0,0.0,0.0,0.0,0.0,0.3,0.0,2.4,4.3,14.6,1.0,1.0,1.0,1.0,1.0,1.0,1.0,1.0,1.0,1.0,1.0,1.0,1.0,1.0,1.0,1.0,1.0,1.0,1.0,1.0,1.0,1.0,1.0,1.0,1.0,1.0,1.0,1.0,1.0,1.0,1.0
2648014,2,01/12/1959,1,,88.0,,,0.0,2,0.0,1048.3,2.0,0.0,0.0,0.0,0.0,0.0,0.0,0.0,15.5,0.0,5.7,0.0,0.0,0.0,0.0,0.0,0.0,14.0,,,,,,,,,,,,,,,1.0,1.0,1.0,1.0,1.0,1.0,1.0,1.0,1.0,1.0,1.0,1.0,1.0,1.0,1.0,1.0,1.0,0.0,0.0,0.0,0.0,0.0,0.0,0.0,0.0,0.0,0.0,0.0,0.0,0.0,0.0
2648014,1,01/12/1959,1,15.5,35.2,8.0,3.0,1.0,1,0.0,651.1,1.0,0.0,0.0,0.0,0.0,0.0,0.0,0.0,15.5,0.0,5.7,0.0,0.0,0.0,0.0,0.0,0.0,14.0,0.0,0.0,0.0,0.0,0.0,0.0,0.0,0.0,0.0,0.0,0.0,0.0,0.0,0.0,1.0,1.0,1.0,1.0,1.0,1.0,1.0,1.0,1.0,1.0,1.0,1.0,1.0,1.0,1.0,1.0,1.0,1.0,1.0,1.0,1.0,1.0,1.0,1.0,1.0,1.0,1.0,1.0,1.0,1.0,1.0
2648014,2,01/11/1959,1,,86.0,,,0.0,2,0.0,1048.3,2.0,0.0,0.0,0.0,0.0,0.0,0.0,0.0,0.0,0.0,0.0,0.0,0.0,17.5,0.0,0.0,0.0,0.0,0.0,3.5,,,,,,,,,,,,,1.0,1.0,1.0,1.0,1.0,1.0,1.0,1.0,1.0,1.0,1.0,1.0,1.0,1.0,1.0,1.0,1.0,1.0,1.0,0.0,0.0,0.0,0.0,0.0,0.0,0.0,0.0,0.0,0.0,0.0,0.0
2648014,1,01/11/1959,1,17.5,21.0,13.0,2.0,1.0,1,0.0,651.1,1.0,0.0,0.0,0.0,0.0,0.0,0.0,0.0,0.0,0.0,0.0,0.0,0.0,17.5,0.0,0.0,0.0,0.0,0.0,3.5,0.0,0.0,0.0,0.0,0.0,0.0,0.0,0.0,0.0,0.0,0.0,,1.0,1.0,1.0,1.0,1.0,1.0,1.0,1.0,1.0,1.0,1.0,1.0,1.0,1.0,1.0,1.0,1.0,1.0,1.0,1.0,1.0,1.0,1.0,1.0,1.0,1.0,1.0,1.0,1.0,1.0,0.0
2648014,2,01/10/1959,1,38.5,81.1,20.0,8.0,1.0,1,0.0,1048.3,2.0,0.0,0.0,0.0,6.2,4.3,15.2,2.8,0.0,0.0,0.0,0.0,3.0,8.5,2.6,0.0,0.0,0.0,0.0,0.0,38.5,0.0,0.0,0.0,0.0,0.0,0.0,0.0,0.0,0.0,0.0,0.0,1.0,1.0,1.0,1.0,1.0,1.0,1.0,1.0,1.0,1.0,1.0,1.0,1.0,1.0,1.0,1.0,1.0,1.0,1.0,1.0,1.0,1.0,1.0,1.0,1.0,1.0,1.0,1.0,1.0,1.0,1.0
2648014,1,01/10/1959,1,38.5,81.1,20.0,8.0,1.0,1,0.0,651.1,1.0,0.0,0.0,0.0,6.2,4.3,15.2,2.8,0.0,0.0,0.0,0.0,3.0,8.5,2.6,0.0,0.0,0.0,0.0,0.0,38.5,0.0,0.0,0.0,0.0,0.0,0.0,0.0,0.0,0.0,0.0,0.0,1.0,1.0,1.0,1.0,1.0,1.0,1.0,1.0,1.0,1.0,1.0,1.0,1.0,1.0,1.0,1.0,1.0,1.0,1.0,1.0,1.0,1.0,1.0,1.0,1.0,1.0,1.0,1.0,1.0,1.0,1.0
2648014,2,01/09/1959,1,,173.0,,,0.0,2,0.0,1048.3,2.0,0.4,7.3,0.4,10.3,,,,,,,10.8,,,,,3.0,,,,5.0,,,,,,7.5,1.4,0.0,0.0,0.0,,1.0,1.0,1.0,1.0,0.0,0.0,0.0,0.0,0.0,0.0,1.0,0.0,0.0,0.0,0.0,1.0,0.0,0.0,0.0,1.0,0.0,0.0,0.0,0.0,0.0,1.0,1.0,1.0,1.0,1.0,0.0
2648014,1,01/09/1959,1,10.8,46.1,11.0,9.0,1.0,1,0.0,651.1,1.0,0.4,7.3,0.4,10.3,0.0,0.0,0.0,0.0,0.0,0.0,10.8,0.0,0.0,0.0,0.0,3.0,0.0,0.0,0.0,5.0,0.0,0.0,0.0,0.0,0.0,7.5,1.4,0.0,0.0,0.0,,1.0,1.0,1.0,1.0,1.0,1.0,1.0,1.0,1.0,1.0,1.0,1.0,1.0,1.0,1.0,1.0,1.0,1.0,1.0,1.0,1.0,1.0,1.0,1.0,1.0,1.0,1.0,1.0,1.0,1.0,0.0
2648014,2,01/08/1959,1,24.5,72.2,31.0,8.0,1.0,1,0.0,1048.3,2.0,12.4,1.5,0.0,0.0,0.0,0.0,6.2,0.0,0.0,0.0,0.0,2.5,0.0,6.2,0.0,0.0,0.0,0.0,0.0,0.0,8.4,0.0,0.0,0.0,0.0,0.0,0.0,0.0,0.0,10.5,24.5,1.0,1.0,1.0,1.0,1.0,1.0,1.0,1.0,1.0,1.0,1.0,1.0,1.0,1.0,1.0,1.0,1.0,1.0,1.0,1.0,1.0,1.0,1.0,1.0,1.0,1.0,1.0,1.0,1.0,1.0,1.0
2648014,1,01/08/1959,1,24.5,72.2,31.0,8.0,1.0,1,0.0,651.1,1.0,12.4,1.5,0.0,0.0,0.0,0.0,6.2,0.0,0.0,0.0,0.0,2.5,0.0,6.2,0.0,0.0,0.0,0.0,0.0,0.0,8.4,0.0,0.0,0.0,0.0,0.0,0.0,0.0,0.0,10.5,24.5,1.0,1.0,1.0,1.0,1.0,1.0,1.0,1.0,1.0,1.0,1.0,1.0,1.0,1.0,1.0,1.0,1.0,1.0,1.0,1.0,1.0,1.0,1.0,1.0,1.0,1.0,1.0,1.0,1.0,1.0,1.0
2648014,2,01/07/1959,1,11.8,11.8,31.0,1.0,1.0,1,0.0,1048.3,2.0,0.0,0.0,0.0,0.0,0.0,0.0,0.0,0.0,0.0,0.0,0.0,0.0,0.0,0.0,0.0,0.0,0.0,0.0,0.0,0.0,0.0,0.0,0.0,0.0,0.0,0.0,0.0,0.0,0.0,0.0,11.8,1.0,1.0,1.0,1.0,1.0,1.0,1.0,1.0,1.0,1.0,1.0,1.0,1.0,1.0,1.0,1.0,1.0,1.0,1.0,1.0,1.0,1.0,1.0,1.0,1.0,1.0,1.0,1.0,1.0,1.0,1.0
2648014,1,01/07/1959,1,11.8,11.8,31.0,1.0,1.0,1,0.0,651.1,1.0,0.0,0.0,0.0,0.0,0.0,0.0,0.0,0.0,0.0,0.0,0.0,0.0,0.0,0.0,0.0,0.0,0.0,0.0,0.0,0.0,0.0,0.0,0.0,0.0,0.0,0.0,0.0,0.0,0.0,0.0,11.8,1.0,1.0,1.0,1.0,1.0,1.0,1.0,1.0,1.0,1.0,1.0,1.0,1.0,1.0,1.0,1.0,1.0,1.0,1.0,1.0,1.0,1.0,1.0,1.0,1.0,1.0,1.0,1.0,1.0,1.0,1.0
2648014,2,01/06/1959,1,18.5,24.7,23.0,2.0,1.0,1,0.0,1048.3,2.0,0.0,0.0,0.0,0.0,0.0,0.0,0.0,0.0,0.0,0.0,0.0,0.0,0.0,0.0,0.0,0.0,0.0,0.0,0.0,0.0,0.0,0.0,18.5,6.2,0.0,0.0,0.0,0.0,0.0,0.0,,1.0,1.0,1.0,1.0,1.0,1.0,1.0,1.0,1.0,1.0,1.0,1.0,1.0,1.0,1.0,1.0,1.0,1.0,1.0,1.0,1.0,1.0,1.0,1.0,1.0,1.0,1.0,1.0,1.0,1.0,0.0
2648014,1,01/06/1959,1,18.5,24.7,23.0,2.0,1.0,1,0.0,651.1,1.0,0.0,0.0,0.0,0.0,0.0,0.0,0.0,0.0,0.0,0.0,0.0,0.0,0.0,0.0,0.0,0.0,0.0,0.0,0.0,0.0,0.0,0.0,18.5,6.2,0.0,0.0,0.0,0.0,0.0,0.0,,1.0,1.0,1.0,1.0,1.0,1.0,1.0,1.0,1.0,1.0,1.0,1.0,1.0,1.0,1.0,1.0,1.0,1.0,1.0,1.0,1.0,1.0,1.0,1.0,1.0,1.0,1.0,1.0,1.0,1.0,0.0
2648014,2,01/05/1959,1,17.5,44.0,21.0,6.0,1.0,1,0.0,1048.3,2.0,0.0,0.0,0.0,6.4,0.0,0.0,0.0,0.0,0.0,0.0,0.0,0.0,0.0,0.0,0.0,0.0,0.0,0.0,7.0,3.5,17.5,0.0,0.0,0.0,0.0,0.0,0.0,0.0,2.6,7.0,0.0,1.0,1.0,1.0,1.0,1.0,1.0,1.0,1.0,1.0,1.0,1.0,1.0,1.0,1.0,1.0,1.0,1.0,1.0,1.0,1.0,1.0,1.0,1.0,1.0,1.0,1.0,1.0,1.0,1.0,1.0,1.0
2648014,1,01/05/1959,1,17.5,44.0,21.0,6.0,1.0,1,0.0,651.1,1.0,0.0,0.0,0.0,6.4,0.0,0.0,0.0,0.0,0.0,0.0,0.0,0.0,0.0,0.0,0.0,0.0,0.0,0.0,7.0,3.5,17.5,0.0,0.0,0.0,0.0,0.0,0.0,0.0,2.6,7.0,0.0,1.0,1.0,1.0,1.0,1.0,1.0,1.0,1.0,1.0,1.0,1.0,1.0,1.0,1.0,1.0,1.0,1.0,1.0,1.0,1.0,1.0,1.0,1.0,1.0,1.0,1.0,1.0,1.0,1.0,1.0,1.0
2648014,2,01/04/1959,1,32.5,75.8,6.0,4.0,1.0,1,0.0,1048.3,2.0,0.0,0.0,0.0,0.0,0.0,32.5,0.0,0.0,0.0,0.0,0.0,0.0,0.0,0.0,0.0,0.0,0.0,0.0,0.0,5.3,0.0,0.0,17.0,0.0,0.0,21.0,0.0,0.0,0.0,0.0,,1.0,1.0,1.0,1.0,1.0,1.0,1.0,1.0,1.0,1.0,1.0,1.0,1.0,1.0,1.0,1.0,1.0,1.0,1.0,1.0,1.0,1.0,1.0,1.0,1.0,1.0,1.0,1.0,1.0,1.0,0.0
2648014,1,01/04/1959,1,32.5,75.8,6.0,4.0,1.0,1,0.0,651.1,1.0,0.0,0.0,0.0,0.0,0.0,32.5,0.0,0.0,0.0,0.0,0.0,0.0,0.0,0.0,0.0,0.0,0.0,0.0,0.0,5.3,0.0,0.0,17.0,0.0,0.0,21.0,0.0,0.0,0.0,0.0,,1.0,1.0,1.0,1.0,1.0,1.0,1.0,1.0,1.0,1.0,1.0,1.0,1.0,1.0,1.0,1.0,1.0,1.0,1.0,1.0,1.0,1.0,1.0,1.0,1.0,1.0,1.0,1.0,1.0,1.0,0.0
2648014,2,01/03/1959,1,,104.0,,,0.0,2,0.0,1048.3,2.0,,,,,,,,,,,,,,,,0.0,0.0,0.0,0.0,12.7,0.0,0.0,40.4,3.0,0.0,0.0,0.0,0.0,0.0,0.0,0.0,0.0,0.0,0.0,0.0,0.0,0.0,0.0,0.0,0.0,0.0,0.0,0.0,0.0,0.0,0.0,1.0,1.0,1.0,1.0,1.0,1.0,1.0,1.0,1.0,1.0,1.0,1.0,1.0,1.0,1.0,1.0
2648014,1,01/03/1959,1,40.4,56.1,23.0,3.0,1.0,1,0.0,651.1,1.0,0.0,0.0,0.0,0.0,0.0,0.0,0.0,0.0,0.0,0.0,0.0,0.0,0.0,0.0,0.0,0.0,0.0,0.0,0.0,12.7,0.0,0.0,40.4,3.0,0.0,0.0,0.0,0.0,0.0,0.0,0.0,1.0,1.0,1.0,1.0,1.0,1.0,1.0,1.0,1.0,1.0,1.0,1.0,1.0,1.0,1.0,1.0,1.0,1.0,1.0,1.0,1.0,1.0,1.0,1.0,1.0,1.0,1.0,1.0,1.0,1.0,1.0
2648014,2,01/02/1959,1,10.5,89.7,10.0,13.0,1.0,1,0.0,1048.3,2.0,0.0,0.0,0.0,7.0,0.0,4.7,0.0,0.0,9.3,10.5,10.2,0.0,0.0,0.0,3.5,8.5,9.6,7.0,0.0,0.0,0.0,0.0,6.5,7.4,0.0,2.7,2.8,0.0,,,,1.0,1.0,1.0,1.0,1.0,1.0,1.0,1.0,1.0,1.0,1.0,1.0,1.0,1.0,1.0,1.0,1.0,1.0,1.0,1.0,1.0,1.0,1.0,1.0,1.0,1.0,1.0,1.0,0.0,0.0,0.0
2648014,1,01/02/1959,1,10.5,89.7,10.0,13.0,1.0,1,0.0,651.1,1.0,0.0,0.0,0.0,7.0,0.0,4.7,0.0,0.0,9.3,10.5,10.2,0.0,0.0,0.0,3.5,8.5,9.6,7.0,0.0,0.0,0.0,0.0,6.5,7.4,0.0,2.7,2.8,0.0,,,,1.0,1.0,1.0,1.0,1.0,1.0,1.0,1.0,1.0,1.0,1.0,1.0,1.0,1.0,1.0,1.0,1.0,1.0,1.0,1.0,1.0,1.0,1.0,1.0,1.0,1.0,1.0,1.0,0.0,0.0,0.0
2648014,2,01/01/1959,1,,198.0,,,0.0,2,0.0,1048.3,2.0,2.2,5.1,1.4,3.6,4.1,3.0,3.2,1.1,4.4,6.7,26.5,4.1,0.2,2.7,3.3,2.7,1.5,4.2,1.7,0.0,0.0,0.9,10.7,,,,,,,,,1.0,1.0,1.0,1.0,1.0,1.0,1.0,1.0,1.0,1.0,1.0,1.0,1.0,1.0,1.0,1.0,1.0,1.0,1.0,1.0,1.0,1.0,1.0,0.0,0.0,0.0,0.0,0.0,0.0,0.0,0.0
2648014,1,01/01/1959,1,26.5,93.4,11.0,22.0,1.0,1,0.0,651.1,1.0,2.2,5.1,1.4,3.6,4.1,3.0,3.2,1.1,4.4,6.7,26.5,4.1,0.2,2.7,3.3,2.7,1.5,4.2,1.7,0.0,0.0,0.9,10.7,0.0,0.0,0.0,0.0,0.0,0.0,0.1,0.0,1.0,1.0,1.0,1.0,1.0,1.0,1.0,1.0,1.0,1.0,1.0,1.0,1.0,1.0,1.0,1.0,1.0,1.0,1.0,1.0,1.0,1.0,1.0,1.0,1.0,1.0,1.0,1.0,1.0,1.0,1.0
2648014,2,01/12/1958,1,39.5,110.2,19.0,9.0,1.0,1,0.0,1361.1,2.0,0.0,0.0,0.0,0.0,0.0,4.6,0.0,0.0,0.0,0.0,0.0,0.0,0.0,0.0,24.0,4.3,0.0,0.0,39.5,10.8,3.5,4.5,0.0,7.0,0.0,12.0,0.0,0.0,0.0,0.0,0.0,1.0,1.0,1.0,1.0,1.0,1.0,1.0,1.0,1.0,1.0,1.0,1.0,1.0,1.0,1.0,1.0,1.0,1.0,1.0,1.0,1.0,1.0,1.0,1.0,1.0,1.0,1.0,1.0,1.0,1.0,1.0
2648014,1,01/12/1958,1,39.5,110.2,19.0,9.0,1.0,1,0.0,943.9,1.0,0.0,0.0,0.0,0.0,0.0,4.6,0.0,0.0,0.0,0.0,0.0,0.0,0.0,0.0,24.0,4.3,0.0,0.0,39.5,10.8,3.5,4.5,0.0,7.0,0.0,12.0,0.0,0.0,0.0,0.0,0.0,1.0,1.0,1.0,1.0,1.0,1.0,1.0,1.0,1.0,1.0,1.0,1.0,1.0,1.0,1.0,1.0,1.0,1.0,1.0,1.0,1.0,1.0,1.0,1.0,1.0,1.0,1.0,1.0,1.0,1.0,1.0
2648014,2,01/11/1958,1,,133.0,,,0.0,2,0.0,1361.1,2.0,10.3,,,,,,,,,,15.5,11.7,4.6,0.0,0.0,0.0,10.3,0.0,0.0,4.8,0.0,0.0,0.0,5.0,7.0,0.0,0.0,0.0,0.0,4.9,,1.0,0.0,0.0,0.0,0.0,0.0,0.0,0.0,0.0,0.0,1.0,1.0,1.0,1.0,1.0,1.0,1.0,1.0,1.0,1.0,1.0,1.0,1.0,1.0,1.0,1.0,1.0,1.0,1.0,1.0,0.0
2648014,1,01/11/1958,1,15.5,74.1,11.0,9.0,1.0,1,0.0,943.9,1.0,10.3,0.0,0.0,0.0,0.0,0.0,0.0,0.0,0.0,0.0,15.5,11.7,4.6,0.0,0.0,0.0,10.3,0.0,0.0,4.8,0.0,0.0,0.0,5.0,7.0,0.0,0.0,0.0,0.0,4.9,,1.0,1.0,1.0,1.0,1.0,1.0,1.0,1.0,1.0,1.0,1.0,1.0,1.0,1.0,1.0,1.0,1.0,1.0,1.0,1.0,1.0,1.0,1.0,1.0,1.0,1.0,1.0,1.0,1.0,1.0,0.0
2648014,2,01/10/1958,1,,150.0,,,0.0,2,0.0,1361.1,2.0,0.0,0.0,0.0,0.0,5.0,7.9,0.0,0.0,0.0,0.0,24.3,0.0,2.5,,,,,,,,19.1,,,,,,,,,,23.5,1.0,1.0,1.0,1.0,1.0,1.0,1.0,1.0,1.0,1.0,1.0,1.0,1.0,0.0,0.0,0.0,0.0,0.0,0.0,0.0,1.0,0.0,0.0,0.0,0.0,0.0,0.0,0.0,0.0,0.0,1.0
2648014,1,01/10/1958,1,24.3,82.3,11.0,6.0,1.0,1,0.0,943.9,1.0,0.0,0.0,0.0,0.0,5.0,7.9,0.0,0.0,0.0,0.0,24.3,0.0,2.5,0.0,0.0,0.0,0.0,0.0,0.0,0.0,19.1,0.0,0.0,0.0,0.0,0.0,0.0,0.0,0.0,0.0,23.5,1.0,1.0,1.0,1.0,1.0,1.0,1.0,1.0,1.0,1.0,1.0,1.0,1.0,1.0,1.0,1.0,1.0,1.0,1.0,1.0,1.0,1.0,1.0,1.0,1.0,1.0,1.0,1.0,1.0,1.0,1.0
2648014,2,01/09/1958,1,,147.0,,,0.0,2,0.0,1361.1,2.0,0.0,0.0,2.4,0.0,0.0,3.1,0.0,6.5,14.6,20.4,0.0,0.0,13.3,8.5,5.5,0.0,0.0,0.0,0.0,0.0,0.0,0.0,0.0,5.9,,,,,,,,1.0,1.0,1.0,1.0,1.0,1.0,1.0,1.0,1.0,1.0,1.0,1.0,1.0,1.0,1.0,1.0,1.0,1.0,1.0,1.0,1.0,1.0,1.0,1.0,0.0,0.0,0.0,0.0,0.0,0.0,0.0
2648014,1,01/09/1958,1,20.4,80.2,10.0,9.0,1.0,1,0.0,943.9,1.0,0.0,0.0,2.4,0.0,0.0,3.1,0.0,6.5,14.6,20.4,0.0,0.0,13.3,8.5,5.5,0.0,0.0,0.0,0.0,0.0,0.0,0.0,0.0,5.9,0.0,0.0,0.0,0.0,0.0,0.0,,1.0,1.0,1.0,1.0,1.0,1.0,1.0,1.0,1.0,1.0,1.0,1.0,1.0,1.0,1.0,1.0,1.0,1.0,1.0,1.0,1.0,1.0,1.0,1.0,1.0,1.0,1.0,1.0,1.0,1.0,0.0
2648014,2,01/08/1958,1,16.3,34.9,29.0,4.0,1.0,1,0.0,1361.1,2.0,0.0,0.0,0.0,0.0,0.0,0.0,9.2,8.8,0.0,0.0,0.0,0.6,0.0,0.0,0.0,0.0,0.0,0.0,0.0,0.0,0.0,0.0,0.0,0.0,0.0,0.0,0.0,0.0,16.3,0.0,0.0,1.0,1.0,1.0,1.0,1.0,1.0,1.0,1.0,1.0,1.0,1.0,1.0,1.0,1.0,1.0,1.0,1.0,1.0,1.0,1.0,1.0,1.0,1.0,1.0,1.0,1.0,1.0,1.0,1.0,1.0,1.0
2648014,1,01/08/1958,1,16.3,34.9,29.0,4.0,1.0,1,0.0,943.9,1.0,0.0,0.0,0.0,0.0,0.0,0.0,9.2,8.8,0.0,0.0,0.0,0.6,0.0,0.0,0.0,0.0,0.0,0.0,0.0,0.0,0.0,0.0,0.0,0.0,0.0,0.0,0.0,0.0,16.3,0.0,0.0,1.0,1.0,1.0,1.0,1.0,1.0,1.0,1.0,1.0,1.0,1.0,1.0,1.0,1.0,1.0,1.0,1.0,1.0,1.0,1.0,1.0,1.0,1.0,1.0,1.0,1.0,1.0,1.0,1.0,1.0,1.0
2648014,2,01/07/1958,1,14.5,37.2,14.0,5.0,1.0,1,0.0,1361.1,2.0,0.0,0.0,0.0,0.0,0.0,0.0,0.0,0.0,0.0,0.0,0.0,0.0,6.0,14.5,7.7,0.5,0.0,0.0,0.0,0.0,0.0,0.0,0.0,0.0,0.0,0.0,0.0,8.5,0.0,0.0,0.0,1.0,1.0,1.0,1.0,1.0,1.0,1.0,1.0,1.0,1.0,1.0,1.0,1.0,1.0,1.0,1.0,1.0,1.0,1.0,1.0,1.0,1.0,1.0,1.0,1.0,1.0,1.0,1.0,1.0,1.0,1.0
2648014,1,01/07/1958,1,14.5,37.2,14.0,5.0,1.0,1,0.0,943.9,1.0,0.0,0.0,0.0,0.0,0.0,0.0,0.0,0.0,0.0,0.0,0.0,0.0,6.0,14.5,7.7,0.5,0.0,0.0,0.0,0.0,0.0,0.0,0.0,0.0,0.0,0.0,0.0,8.5,0.0,0.0,0.0,1.0,1.0,1.0,1.0,1.0,1.0,1.0,1.0,1.0,1.0,1.0,1.0,1.0,1.0,1.0,1.0,1.0,1.0,1.0,1.0,1.0,1.0,1.0,1.0,1.0,1.0,1.0,1.0,1.0,1.0,1.0
2648014,2,01/06/1958,1,,104.0,,,0.0,2,0.0,1361.1,2.0,0.0,0.0,0.0,0.0,0.0,0.0,0.0,0.0,0.0,0.0,22.0,0.0,12.6,12.0,0.0,0.0,5.2,6.5,,,,,,,,,,,,,,1.0,1.0,1.0,1.0,1.0,1.0,1.0,1.0,1.0,1.0,1.0,1.0,1.0,1.0,1.0,1.0,1.0,1.0,0.0,0.0,0.0,0.0,0.0,0.0,0.0,0.0,0.0,0.0,0.0,0.0,0.0
2648014,1,01/06/1958,1,22.0,58.3,11.0,5.0,1.0,1,0.0,943.9,1.0,0.0,0.0,0.0,0.0,0.0,0.0,0.0,0.0,0.0,0.0,22.0,0.0,12.6,12.0,0.0,0.0,5.2,6.5,0.0,0.0,0.0,0.0,0.0,0.0,0.0,0.0,0.0,0.0,0.0,0.0,,1.0,1.0,1.0,1.0,1.0,1.0,1.0,1.0,1.0,1.0,1.0,1.0,1.0,1.0,1.0,1.0,1.0,1.0,1.0,1.0,1.0,1.0,1.0,1.0,1.0,1.0,1.0,1.0,1.0,1.0,0.0
2648014,2,01/05/1958,1,13.5,51.2,28.0,9.0,1.0,1,0.0,1361.1,2.0,0.0,4.0,0.0,3.5,9.4,4.1,0.0,0.0,0.0,0.0,0.0,0.0,5.5,0.0,0.0,0.0,0.0,0.0,0.0,0.0,0.0,0.0,5.0,0.0,0.0,1.2,5.0,13.5,0.0,0.0,0.0,1.0,1.0,1.0,1.0,1.0,1.0,1.0,1.0,1.0,1.0,1.0,1.0,1.0,1.0,1.0,1.0,1.0,1.0,1.0,1.0,1.0,1.0,1.0,1.0,1.0,1.0,1.0,1.0,1.0,1.0,1.0
2648014,1,01/05/1958,1,13.5,51.2,28.0,9.0,1.0,1,0.0,943.9,1.0,0.0,4.0,0.0,3.5,9.4,4.1,0.0,0.0,0.0,0.0,0.0,0.0,5.5,0.0,0.0,0.0,0.0,0.0,0.0,0.0,0.0,0.0,5.0,0.0,0.0,1.2,5.0,13.5,0.0,0.0,0.0,1.0,1.0,1.0,1.0,1.0,1.0,1.0,1.0,1.0,1.0,1.0,1.0,1.0,1.0,1.0,1.0,1.0,1.0,1.0,1.0,1.0,1.0,1.0,1.0,1.0,1.0,1.0,1.0,1.0,1.0,1.0
2648014,2,01/04/1958,1,20.5,101.2,22.0,13.0,1.0,1,0.0,1361.1,2.0,16.0,0.3,0.0,0.0,0.0,0.0,0.0,0.0,12.2,12.9,0.0,0.0,4.1,3.1,0.0,0.3,0.0,0.0,3.6,12.1,2.2,20.5,0.0,0.0,0.0,5.4,8.5,0.0,0.0,0.0,,1.0,1.0,1.0,1.0,1.0,1.0,1.0,1.0,1.0,1.0,1.0,1.0,1.0,1.0,1.0,1.0,1.0,1.0,1.0,1.0,1.0,1.0,1.0,1.0,1.0,1.0,1.0,1.0,1.0,1.0,0.0
2648014,1,01/04/1958,1,20.5,101.2,22.0,13.0,1.0,1,0.0,943.9,1.0,16.0,0.3,0.0,0.0,0.0,0.0,0.0,0.0,12.2,12.9,0.0,0.0,4.1,3.1,0.0,0.3,0.0,0.0,3.6,12.1,2.2,20.5,0.0,0.0,0.0,5.4,8.5,0.0,0.0,0.0,,1.0,1.0,1.0,1.0,1.0,1.0,1.0,1.0,1.0,1.0,1.0,1.0,1.0,1.0,1.0,1.0,1.0,1.0,1.0,1.0,1.0,1.0,1.0,1.0,1.0,1.0,1.0,1.0,1.0,1.0,0.0
2648014,2,01/03/1958,1,20.2,101.3,15.0,12.0,1.0,1,0.0,1361.1,2.0,4.3,0.0,0.0,0.0,0.0,0.0,10.0,0.9,0.0,0.0,0.0,0.0,0.0,0.0,20.2,15.8,1.4,6.8,9.5,0.0,0.0,0.0,0.0,12.6,0.0,0.0,0.0,2.2,0.0,14.2,3.4,1.0,1.0,1.0,1.0,1.0,1.0,1.0,1.0,1.0,1.0,1.0,1.0,1.0,1.0,1.0,1.0,1.0,1.0,1.0,1.0,1.0,1.0,1.0,1.0,1.0,1.0,1.0,1.0,1.0,1.0,1.0
2648014,1,01/03/1958,1,20.2,101.3,15.0,12.0,1.0,1,0.0,943.9,1.0,4.3,0.0,0.0,0.0,0.0,0.0,10.0,0.9,0.0,0.0,0.0,0.0,0.0,0.0,20.2,15.8,1.4,6.8,9.5,0.0,0.0,0.0,0.0,12.6,0.0,0.0,0.0,2.2,0.0,14.2,3.4,1.0,1.0,1.0,1.0,1.0,1.0,1.0,1.0,1.0,1.0,1.0,1.0,1.0,1.0,1.0,1.0,1.0,1.0,1.0,1.0,1.0,1.0,1.0,1.0,1.0,1.0,1.0,1.0,1.0,1.0,1.0
2648014,2,01/02/1958,1,,258.0,,,0.0,2,0.0,1361.1,2.0,0.0,0.0,0.0,0.0,0.0,1.6,3.2,1.4,,,,,,,3.7,,,,,,21.0,1.0,0.0,0.0,10.3,19.2,5.0,13.5,,,,1.0,1.0,1.0,1.0,1.0,1.0,1.0,1.0,0.0,0.0,0.0,0.0,0.0,0.0,1.0,0.0,0.0,0.0,0.0,0.0,1.0,1.0,1.0,1.0,1.0,1.0,1.0,1.0,0.0,0.0,0.0
2648014,1,01/02/1958,1,21.0,79.9,21.0,10.0,1.0,1,0.0,943.9,1.0,0.0,0.0,0.0,0.0,0.0,1.6,3.2,1.4,0.0,0.0,0.0,0.0,0.0,0.0,3.7,0.0,0.0,0.0,0.0,0.0,21.0,1.0,0.0,0.0,10.3,19.2,5.0,13.5,,,,1.0,1.0,1.0,1.0,1.0,1.0,1.0,1.0,1.0,1.0,1.0,1.0,1.0,1.0,1.0,1.0,1.0,1.0,1.0,1.0,1.0,1.0,1.0,1.0,1.0,1.0,1.0,1.0,0.0,0.0,0.0
2648014,2,01/01/1958,1,46.2,133.1,17.0,9.0,1.0,1,0.0,1361.1,2.0,0.0,0.0,0.0,0.0,0.0,0.0,0.0,0.0,0.0,2.7,1.8,0.0,0.0,25.2,0.0,0.0,46.2,15.4,0.0,0.0,0.0,0.0,0.0,4.2,20.4,0.4,16.8,0.0,0.0,0.0,0.0,1.0,1.0,1.0,1.0,1.0,1.0,1.0,1.0,1.0,1.0,1.0,1.0,1.0,1.0,1.0,1.0,1.0,1.0,1.0,1.0,1.0,1.0,1.0,1.0,1.0,1.0,1.0,1.0,1.0,1.0,1.0
2648014,1,01/01/1958,1,46.2,133.1,17.0,9.0,1.0,1,0.0,943.9,1.0,0.0,0.0,0.0,0.0,0.0,0.0,0.0,0.0,0.0,2.7,1.8,0.0,0.0,25.2,0.0,0.0,46.2,15.4,0.0,0.0,0.0,0.0,0.0,4.2,20.4,0.4,16.8,0.0,0.0,0.0,0.0,1.0,1.0,1.0,1.0,1.0,1.0,1.0,1.0,1.0,1.0,1.0,1.0,1.0,1.0,1.0,1.0,1.0,1.0,1.0,1.0,1.0,1.0,1.0,1.0,1.0,1.0,1.0,1.0,1.0,1.0,1.0
2648014,2,01/12/1957,1,,131.0,,,0.0,2,0.0,1656.6,2.0,14.7,11.2,1.6,0.0,1.4,0.2,1.4,6.2,0.0,0.0,,,,,,,,,,,,,,,,,,,,,,1.0,1.0,1.0,1.0,1.0,1.0,1.0,1.0,1.0,1.0,0.0,0.0,0.0,0.0,0.0,0.0,0.0,0.0,0.0,0.0,0.0,0.0,0.0,0.0,0.0,0.0,0.0,0.0,0.0,0.0,0.0
2648014,1,01/12/1957,1,14.7,36.7,1.0,7.0,1.0,1,0.0,1188.1,1.0,14.7,11.2,1.6,0.0,1.4,0.2,1.4,6.2,0.0,0.0,0.0,0.0,0.0,0.0,0.0,0.0,0.0,0.0,0.0,0.0,0.0,0.0,0.0,0.0,0.0,0.0,0.0,0.0,0.0,0.0,0.0,1.0,1.0,1.0,1.0,1.0,1.0,1.0,1.0,1.0,1.0,1.0,1.0,1.0,1.0,1.0,1.0,1.0,1.0,1.0,1.0,1.0,1.0,1.0,1.0,1.0,1.0,1.0,1.0,1.0,1.0,1.0
2648014,2,01/11/1957,1,9.1,83.4,8.0,18.0,1.0,1,0.0,1656.6,2.0,0.0,2.1,0.0,4.7,6.8,7.4,8.3,9.1,6.4,0.0,2.4,1.1,0.3,4.4,6.7,4.8,6.7,3.2,4.1,3.3,1.6,0.0,0.0,0.0,0.0,0.0,0.0,0.0,0.0,0.0,,1.0,1.0,1.0,1.0,1.0,1.0,1.0,1.0,1.0,1.0,1.0,1.0,1.0,1.0,1.0,1.0,1.0,1.0,1.0,1.0,1.0,1.0,1.0,1.0,1.0,1.0,1.0,1.0,1.0,1.0,0.0
2648014,1,01/11/1957,1,9.1,83.4,8.0,18.0,1.0,1,0.0,1188.1,1.0,0.0,2.1,0.0,4.7,6.8,7.4,8.3,9.1,6.4,0.0,2.4,1.1,0.3,4.4,6.7,4.8,6.7,3.2,4.1,3.3,1.6,0.0,0.0,0.0,0.0,0.0,0.0,0.0,0.0,0.0,,1.0,1.0,1.0,1.0,1.0,1.0,1.0,1.0,1.0,1.0,1.0,1.0,1.0,1.0,1.0,1.0,1.0,1.0,1.0,1.0,1.0,1.0,1.0,1.0,1.0,1.0,1.0,1.0,1.0,1.0,0.0
2648014,2,01/10/1957,1,14.6,102.6,30.0,15.0,1.0,1,0.0,1656.6,2.0,0.0,0.0,1.1,0.0,0.0,0.0,0.0,0.0,0.0,0.0,9.4,7.1,9.2,0.5,0.0,0.0,0.0,0.0,0.0,10.6,4.9,7.8,8.4,0.0,6.1,4.7,3.4,2.1,0.0,14.6,12.7,1.0,1.0,1.0,1.0,1.0,1.0,1.0,1.0,1.0,1.0,1.0,1.0,1.0,1.0,1.0,1.0,1.0,1.0,1.0,1.0,1.0,1.0,1.0,1.0,1.0,1.0,1.0,1.0,1.0,1.0,1.0
2648014,1,01/10/1957,1,14.6,102.6,30.0,15.0,1.0,1,0.0,1188.1,1.0,0.0,0.0,1.1,0.0,0.0,0.0,0.0,0.0,0.0,0.0,9.4,7.1,9.2,0.5,0.0,0.0,0.0,0.0,0.0,10.6,4.9,7.8,8.4,0.0,6.1,4.7,3.4,2.1,0.0,14.6,12.7,1.0,1.0,1.0,1.0,1.0,1.0,1.0,1.0,1.0,1.0,1.0,1.0,1.0,1.0,1.0,1.0,1.0,1.0,1.0,1.0,1.0,1.0,1.0,1.0,1.0,1.0,1.0,1.0,1.0,1.0,1.0
2648014,2,01/09/1957,1,,257.0,,,0.0,2,0.0,1656.6,2.0,0.0,0.2,20.7,32.6,0.0,2.6,16.4,2.0,,,,,7.6,9.4,23.7,6.4,0.0,0.0,2.6,3.4,4.1,13.2,1.3,,,,,,,,,1.0,1.0,1.0,1.0,1.0,1.0,1.0,1.0,0.0,0.0,0.0,0.0,1.0,1.0,1.0,1.0,1.0,1.0,1.0,1.0,1.0,1.0,1.0,0.0,0.0,0.0,0.0,0.0,0.0,0.0,0.0
2648014,1,01/09/1957,1,32.6,146.2,4.0,15.0,1.0,1,0.0,1188.1,1.0,0.0,0.2,20.7,32.6,0.0,2.6,16.4,2.0,0.0,0.0,0.0,0.0,7.6,9.4,23.7,6.4,0.0,0.0,2.6,3.4,4.1,13.2,1.3,0.0,0.0,0.0,0.0,0.0,0.0,0.0,,1.0,1.0,1.0,1.0,1.0,1.0,1.0,1.0,1.0,1.0,1.0,1.0,1.0,1.0,1.0,1.0,1.0,1.0,1.0,1.0,1.0,1.0,1.0,1.0,1.0,1.0,1.0,1.0,1.0,1.0,0.0
2648014,2,01/08/1957,1,,200.0,,,0.0,2,0.0,1656.6,2.0,14.5,7.2,,,,,,,,,9.2,0.0,0.0,1.2,0.0,4.2,19.6,38.5,6.7,,,,,,,,,,,1.2,9.7,1.0,1.0,0.0,0.0,0.0,0.0,0.0,0.0,0.0,0.0,1.0,1.0,1.0,1.0,1.0,1.0,1.0,1.0,1.0,0.0,0.0,0.0,0.0,0.0,0.0,0.0,0.0,0.0,0.0,1.0,1.0
2648014,1,01/08/1957,1,38.5,112.0,18.0,10.0,1.0,1,0.0,1188.1,1.0,14.5,7.2,0.0,0.0,0.0,0.0,0.0,0.0,0.0,0.0,9.2,0.0,0.0,1.2,0.0,4.2,19.6,38.5,6.7,0.0,0.0,0.0,0.0,0.0,0.0,0.0,0.0,0.0,0.0,1.2,9.7,1.0,1.0,1.0,1.0,1.0,1.0,1.0,1.0,1.0,1.0,1.0,1.0,1.0,1.0,1.0,1.0,1.0,1.0,1.0,1.0,1.0,1.0,1.0,1.0,1.0,1.0,1.0,1.0,1.0,1.0,1.0
2648014,2,01/07/1957,1,,230.0,,,0.0,2,0.0,1656.6,2.0,,,,,,,,,,,,,,,14.7,10.3,0.0,2.1,8.4,12.1,0.2,4.2,7.4,6.1,4.1,0.0,0.0,0.0,0.0,16.8,20.4,0.0,0.0,0.0,0.0,0.0,0.0,0.0,0.0,0.0,0.0,0.0,0.0,0.0,0.0,1.0,1.0,1.0,1.0,1.0,1.0,1.0,1.0,1.0,1.0,1.0,1.0,1.0,1.0,1.0,1.0,1.0
2648014,1,01/07/1957,1,20.4,136.1,31.0,21.0,1.0,1,0.0,1188.1,1.0,6.3,7.9,1.2,0.7,0.3,7.7,0.4,0.0,0.1,0.0,0.0,0.0,0.0,4.7,14.7,10.3,0.0,2.1,8.4,12.1,0.2,4.2,7.4,6.1,4.1,0.0,0.0,0.0,0.0,16.8,20.4,1.0,1.0,1.0,1.0,1.0,1.0,1.0,1.0,1.0,1.0,1.0,1.0,1.0,1.0,1.0,1.0,1.0,1.0,1.0,1.0,1.0,1.0,1.0,1.0,1.0,1.0,1.0,1.0,1.0,1.0,1.0
2648014,2,01/06/1957,1,,112.0,,,0.0,2,0.0,1656.6,2.0,0.0,0.0,0.0,0.0,2.4,4.2,3.1,2.0,,,,,,,,1.1,1.6,0.0,0.0,0.0,0.0,0.0,0.1,0.1,0.0,0.0,8.7,2.4,1.7,3.1,,1.0,1.0,1.0,1.0,1.0,1.0,1.0,1.0,0.0,0.0,0.0,0.0,0.0,0.0,0.0,1.0,1.0,1.0,1.0,1.0,1.0,1.0,1.0,1.0,1.0,1.0,1.0,1.0,1.0,1.0,0.0
2648014,1,01/06/1957,1,8.7,30.5,27.0,12.0,1.0,1,0.0,1188.1,1.0,0.0,0.0,0.0,0.0,2.4,4.2,3.1,2.0,0.0,0.0,0.0,0.0,0.0,0.0,0.0,1.1,1.6,0.0,0.0,0.0,0.0,0.0,0.1,0.1,0.0,0.0,8.7,2.4,1.7,3.1,,1.0,1.0,1.0,1.0,1.0,1.0,1.0,1.0,1.0,1.0,1.0,1.0,1.0,1.0,1.0,1.0,1.0,1.0,1.0,1.0,1.0,1.0,1.0,1.0,1.0,1.0,1.0,1.0,1.0,1.0,0.0
2648014,2,01/05/1957,1,30.4,103.8,8.0,13.0,1.0,1,0.0,1656.6,2.0,0.0,0.0,0.0,0.0,6.4,3.1,9.2,30.4,18.1,13.8,14.1,5.1,0.7,0.0,0.0,0.0,0.0,0.0,0.0,0.0,0.0,0.0,0.0,0.0,0.0,0.0,0.9,1.1,0.7,0.2,0.0,1.0,1.0,1.0,1.0,1.0,1.0,1.0,1.0,1.0,1.0,1.0,1.0,1.0,1.0,1.0,1.0,1.0,1.0,1.0,1.0,1.0,1.0,1.0,1.0,1.0,1.0,1.0,1.0,1.0,1.0,1.0
2648014,1,01/05/1957,1,30.4,103.8,8.0,13.0,1.0,1,0.0,1188.1,1.0,0.0,0.0,0.0,0.0,6.4,3.1,9.2,30.4,18.1,13.8,14.1,5.1,0.7,0.0,0.0,0.0,0.0,0.0,0.0,0.0,0.0,0.0,0.0,0.0,0.0,0.0,0.9,1.1,0.7,0.2,0.0,1.0,1.0,1.0,1.0,1.0,1.0,1.0,1.0,1.0,1.0,1.0,1.0,1.0,1.0,1.0,1.0,1.0,1.0,1.0,1.0,1.0,1.0,1.0,1.0,1.0,1.0,1.0,1.0,1.0,1.0,1.0
2648014,2,01/04/1957,1,46.9,110.7,14.0,21.0,1.0,1,0.0,1656.6,2.0,0.0,0.0,0.0,0.1,4.6,1.2,0.4,2.3,0.0,0.0,0.0,0.0,6.4,46.9,0.0,0.0,0.2,0.9,1.2,1.4,0.6,3.2,1.0,4.1,3.8,25.4,1.1,2.4,2.1,1.4,,1.0,1.0,1.0,1.0,1.0,1.0,1.0,1.0,1.0,1.0,1.0,1.0,1.0,1.0,1.0,1.0,1.0,1.0,1.0,1.0,1.0,1.0,1.0,1.0,1.0,1.0,1.0,1.0,1.0,1.0,0.0
2648014,1,01/04/1957,1,46.9,110.7,14.0,21.0,1.0,1,0.0,1188.1,1.0,0.0,0.0,0.0,0.1,4.6,1.2,0.4,2.3,0.0,0.0,0.0,0.0,6.4,46.9,0.0,0.0,0.2,0.9,1.2,1.4,0.6,3.2,1.0,4.1,3.8,25.4,1.1,2.4,2.1,1.4,,1.0,1.0,1.0,1.0,1.0,1.0,1.0,1.0,1.0,1.0,1.0,1.0,1.0,1.0,1.0,1.0,1.0,1.0,1.0,1.0,1.0,1.0,1.0,1.0,1.0,1.0,1.0,1.0,1.0,1.0,0.0
2648014,2,01/03/1957,1,48.2,153.1,4.0,14.0,1.0,1,0.0,1656.6,2.0,0.0,0.0,0.0,48.2,1.2,2.4,0.0,0.0,0.0,6.4,24.2,8.4,0.0,0.0,0.0,0.0,0.0,0.0,6.4,10.8,4.7,0.0,0.0,0.0,0.0,14.4,4.8,6.4,12.4,2.4,0.0,1.0,1.0,1.0,1.0,1.0,1.0,1.0,1.0,1.0,1.0,1.0,1.0,1.0,1.0,1.0,1.0,1.0,1.0,1.0,1.0,1.0,1.0,1.0,1.0,1.0,1.0,1.0,1.0,1.0,1.0,1.0
2648014,1,01/03/1957,1,48.2,153.1,4.0,14.0,1.0,1,0.0,1188.1,1.0,0.0,0.0,0.0,48.2,1.2,2.4,0.0,0.0,0.0,6.4,24.2,8.4,0.0,0.0,0.0,0.0,0.0,0.0,6.4,10.8,4.7,0.0,0.0,0.0,0.0,14.4,4.8,6.4,12.4,2.4,0.0,1.0,1.0,1.0,1.0,1.0,1.0,1.0,1.0,1.0,1.0,1.0,1.0,1.0,1.0,1.0,1.0,1.0,1.0,1.0,1.0,1.0,1.0,1.0,1.0,1.0,1.0,1.0,1.0,1.0,1.0,1.0
2648014,2,01/02/1957,1,40.3,107.5,3.0,19.0,1.0,1,0.0,1656.6,2.0,2.1,3.4,40.3,9.6,1.4,0.7,4.2,7.4,2.3,6.4,2.6,10.4,4.4,2.6,1.1,0.0,0.0,0.0,0.0,0.0,2.1,1.2,4.1,0.0,0.0,1.2,0.0,0.0,,,,1.0,1.0,1.0,1.0,1.0,1.0,1.0,1.0,1.0,1.0,1.0,1.0,1.0,1.0,1.0,1.0,1.0,1.0,1.0,1.0,1.0,1.0,1.0,1.0,1.0,1.0,1.0,1.0,0.0,0.0,0.0
2648014,1,01/02/1957,1,40.3,107.5,3.0,19.0,1.0,1,0.0,1188.1,1.0,2.1,3.4,40.3,9.6,1.4,0.7,4.2,7.4,2.3,6.4,2.6,10.4,4.4,2.6,1.1,0.0,0.0,0.0,0.0,0.0,2.1,1.2,4.1,0.0,0.0,1.2,0.0,0.0,,,,1.0,1.0,1.0,1.0,1.0,1.0,1.0,1.0,1.0,1.0,1.0,1.0,1.0,1.0,1.0,1.0,1.0,1.0,1.0,1.0,1.0,1.0,1.0,1.0,1.0,1.0,1.0,1.0,0.0,0.0,0.0
2648014,2,01/01/1957,1,12.4,65.5,19.0,17.0,1.0,1,0.0,1656.6,2.0,0.0,0.0,0.0,0.0,0.0,0.0,0.1,0.3,0.1,2.5,0.0,0.0,0.0,10.4,11.2,9.7,1.6,2.4,12.4,4.6,5.7,0.0,0.3,1.2,1.0,1.4,0.6,0.0,0.0,0.0,0.0,1.0,1.0,1.0,1.0,1.0,1.0,1.0,1.0,1.0,1.0,1.0,1.0,1.0,1.0,1.0,1.0,1.0,1.0,1.0,1.0,1.0,1.0,1.0,1.0,1.0,1.0,1.0,1.0,1.0,1.0,1.0
2648014,1,01/01/1957,1,12.4,65.5,19.0,17.0,1.0,1,0.0,1188.1,1.0,0.0,0.0,0.0,0.0,0.0,0.0,0.1,0.3,0.1,2.5,0.0,0.0,0.0,10.4,11.2,9.7,1.6,2.4,12.4,4.6,5.7,0.0,0.3,1.2,1.0,1.4,0.6,0.0,0.0,0.0,0.0,1.0,1.0,1.0,1.0,1.0,1.0,1.0,1.0,1.0,1.0,1.0,1.0,1.0,1.0,1.0,1.0,1.0,1.0,1.0,1.0,1.0,1.0,1.0,1.0,1.0,1.0,1.0,1.0,1.0,1.0,1.0
2648014,2,01/12/1956,1,18.4,95.8,5.0,12.0,1.0,1,0.0,1024.0,2.0,0.0,0.0,0.0,8.6,18.4,2.3,0.0,0.0,0.0,0.0,0.0,16.4,10.2,1.4,0.0,0.0,0.0,4.1,10.6,6.4,0.0,0.0,0.0,4.2,10.6,2.6,0.0,0.0,0.0,0.0,0.0,1.0,1.0,1.0,1.0,1.0,1.0,1.0,1.0,1.0,1.0,1.0,1.0,1.0,1.0,1.0,1.0,1.0,1.0,1.0,1.0,1.0,1.0,1.0,1.0,1.0,1.0,1.0,1.0,1.0,1.0,1.0
2648014,1,01/12/1956,1,18.4,95.8,5.0,12.0,1.0,1,0.0,867.3,1.0,0.0,0.0,0.0,8.6,18.4,2.3,0.0,0.0,0.0,0.0,0.0,16.4,10.2,1.4,0.0,0.0,0.0,4.1,10.6,6.4,0.0,0.0,0.0,4.2,10.6,2.6,0.0,0.0,0.0,0.0,0.0,1.0,1.0,1.0,1.0,1.0,1.0,1.0,1.0,1.0,1.0,1.0,1.0,1.0,1.0,1.0,1.0,1.0,1.0,1.0,1.0,1.0,1.0,1.0,1.0,1.0,1.0,1.0,1.0,1.0,1.0,1.0
2648014,2,01/11/1956,1,2.4,11.5,4.0,8.0,1.0,1,0.0,1024.0,2.0,1.2,1.7,2.1,2.4,1.3,0.4,0.0,0.0,0.0,0.0,0.0,0.0,0.0,0.0,0.0,0.0,0.0,0.0,0.0,0.4,2.0,0.0,0.0,0.0,0.0,0.0,0.0,0.0,0.0,0.0,,1.0,1.0,1.0,1.0,1.0,1.0,1.0,1.0,1.0,1.0,1.0,1.0,1.0,1.0,1.0,1.0,1.0,1.0,1.0,1.0,1.0,1.0,1.0,1.0,1.0,1.0,1.0,1.0,1.0,1.0,0.0
2648014,1,01/11/1956,1,2.4,11.5,4.0,8.0,1.0,1,0.0,867.3,1.0,1.2,1.7,2.1,2.4,1.3,0.4,0.0,0.0,0.0,0.0,0.0,0.0,0.0,0.0,0.0,0.0,0.0,0.0,0.0,0.4,2.0,0.0,0.0,0.0,0.0,0.0,0.0,0.0,0.0,0.0,,1.0,1.0,1.0,1.0,1.0,1.0,1.0,1.0,1.0,1.0,1.0,1.0,1.0,1.0,1.0,1.0,1.0,1.0,1.0,1.0,1.0,1.0,1.0,1.0,1.0,1.0,1.0,1.0,1.0,1.0,0.0
2648014,2,01/10/1956,1,9.4,94.8,24.0,24.0,1.0,1,0.0,1024.0,2.0,0.0,3.6,2.7,1.4,3.1,2.8,0.0,4.2,6.1,5.8,4.7,3.6,4.2,0.0,1.2,3.4,2.6,2.8,6.0,0.0,0.0,4.6,8.7,9.4,1.2,2.2,0.0,0.0,2.6,4.8,3.1,1.0,1.0,1.0,1.0,1.0,1.0,1.0,1.0,1.0,1.0,1.0,1.0,1.0,1.0,1.0,1.0,1.0,1.0,1.0,1.0,1.0,1.0,1.0,1.0,1.0,1.0,1.0,1.0,1.0,1.0,1.0
2648014,1,01/10/1956,1,9.4,94.8,24.0,24.0,1.0,1,0.0,867.3,1.0,0.0,3.6,2.7,1.4,3.1,2.8,0.0,4.2,6.1,5.8,4.7,3.6,4.2,0.0,1.2,3.4,2.6,2.8,6.0,0.0,0.0,4.6,8.7,9.4,1.2,2.2,0.0,0.0,2.6,4.8,3.1,1.0,1.0,1.0,1.0,1.0,1.0,1.0,1.0,1.0,1.0,1.0,1.0,1.0,1.0,1.0,1.0,1.0,1.0,1.0,1.0,1.0,1.0,1.0,1.0,1.0,1.0,1.0,1.0,1.0,1.0,1.0
2648014,2,01/09/1956,1,,117.0,,,0.0,2,0.0,1024.0,2.0,,,,,,,,,,,0.0,0.0,2.4,14.2,0.0,0.0,3.2,1.4,9.2,1.0,0.0,1.4,1.7,3.4,4.7,2.1,0.0,0.0,0.1,0.0,,0.0,0.0,0.0,0.0,0.0,0.0,0.0,0.0,0.0,0.0,1.0,1.0,1.0,1.0,1.0,1.0,1.0,1.0,1.0,1.0,1.0,1.0,1.0,1.0,1.0,1.0,1.0,1.0,1.0,1.0,0.0
2648014,1,01/09/1956,1,14.2,48.8,14.0,14.0,1.0,1,0.0,867.3,1.0,0.0,0.0,0.0,2.4,0.0,1.6,0.0,0.0,0.0,0.0,0.0,0.0,2.4,14.2,0.0,0.0,3.2,1.4,9.2,1.0,0.0,1.4,1.7,3.4,4.7,2.1,0.0,0.0,0.1,0.0,,1.0,1.0,1.0,1.0,1.0,1.0,1.0,1.0,1.0,1.0,1.0,1.0,1.0,1.0,1.0,1.0,1.0,1.0,1.0,1.0,1.0,1.0,1.0,1.0,1.0,1.0,1.0,1.0,1.0,1.0,0.0
2648014,2,01/08/1956,1,7.6,37.0,1.0,18.0,1.0,1,0.0,1024.0,2.0,7.6,0.0,0.0,0.0,2.4,4.6,3.2,1.2,1.0,2.1,1.2,2.4,1.8,3.1,1.4,0.3,0.0,0.0,1.2,1.4,0.6,0.4,1.1,0.0,0.0,0.0,0.0,0.0,0.0,0.0,0.0,1.0,1.0,1.0,1.0,1.0,1.0,1.0,1.0,1.0,1.0,1.0,1.0,1.0,1.0,1.0,1.0,1.0,1.0,1.0,1.0,1.0,1.0,1.0,1.0,1.0,1.0,1.0,1.0,1.0,1.0,1.0
2648014,1,01/08/1956,1,7.6,37.0,1.0,18.0,1.0,1,0.0,867.3,1.0,7.6,0.0,0.0,0.0,2.4,4.6,3.2,1.2,1.0,2.1,1.2,2.4,1.8,3.1,1.4,0.3,0.0,0.0,1.2,1.4,0.6,0.4,1.1,0.0,0.0,0.0,0.0,0.0,0.0,0.0,0.0,1.0,1.0,1.0,1.0,1.0,1.0,1.0,1.0,1.0,1.0,1.0,1.0,1.0,1.0,1.0,1.0,1.0,1.0,1.0,1.0,1.0,1.0,1.0,1.0,1.0,1.0,1.0,1.0,1.0,1.0,1.0
2648014,2,01/07/1956,1,16.4,29.5,31.0,7.0,1.0,1,0.0,1024.0,2.0,2.8,1.2,1.4,1.1,0.0,0.0,0.0,0.0,3.2,3.4,0.0,0.0,0.0,0.0,0.0,0.0,0.0,0.0,0.0,0.0,0.0,0.0,0.0,0.0,0.0,0.0,0.0,0.0,0.0,0.0,16.4,1.0,1.0,1.0,1.0,1.0,1.0,1.0,1.0,1.0,1.0,1.0,1.0,1.0,1.0,1.0,1.0,1.0,1.0,1.0,1.0,1.0,1.0,1.0,1.0,1.0,1.0,1.0,1.0,1.0,1.0,1.0
2648014,1,01/07/1956,1,16.4,29.5,31.0,7.0,1.0,1,0.0,867.3,1.0,2.8,1.2,1.4,1.1,0.0,0.0,0.0,0.0,3.2,3.4,0.0,0.0,0.0,0.0,0.0,0.0,0.0,0.0,0.0,0.0,0.0,0.0,0.0,0.0,0.0,0.0,0.0,0.0,0.0,0.0,16.4,1.0,1.0,1.0,1.0,1.0,1.0,1.0,1.0,1.0,1.0,1.0,1.0,1.0,1.0,1.0,1.0,1.0,1.0,1.0,1.0,1.0,1.0,1.0,1.0,1.0,1.0,1.0,1.0,1.0,1.0,1.0
2648014,2,01/06/1956,1,16.1,57.4,26.0,17.0,1.0,1,0.0,1024.0,2.0,3.6,0.0,0.0,0.0,0.0,0.0,0.0,0.0,0.0,0.0,2.1,3.4,0.0,2.2,2.4,5.6,2.2,1.0,0.0,1.3,0.6,1.2,2.1,1.6,0.0,16.1,0.0,6.2,3.7,2.1,,1.0,1.0,1.0,1.0,1.0,1.0,1.0,1.0,1.0,1.0,1.0,1.0,1.0,1.0,1.0,1.0,1.0,1.0,1.0,1.0,1.0,1.0,1.0,1.0,1.0,1.0,1.0,1.0,1.0,1.0,0.0
2648014,1,01/06/1956,1,16.1,57.4,26.0,17.0,1.0,1,0.0,867.3,1.0,3.6,0.0,0.0,0.0,0.0,0.0,0.0,0.0,0.0,0.0,2.1,3.4,0.0,2.2,2.4,5.6,2.2,1.0,0.0,1.3,0.6,1.2,2.1,1.6,0.0,16.1,0.0,6.2,3.7,2.1,,1.0,1.0,1.0,1.0,1.0,1.0,1.0,1.0,1.0,1.0,1.0,1.0,1.0,1.0,1.0,1.0,1.0,1.0,1.0,1.0,1.0,1.0,1.0,1.0,1.0,1.0,1.0,1.0,1.0,1.0,0.0
2648014,2,01/05/1956,1,14.4,81.3,20.0,16.0,1.0,1,0.0,1024.0,2.0,6.7,8.8,2.1,0.0,14.2,3.5,0.2,9.5,0.0,0.0,0.0,0.0,0.0,0.0,0.0,0.0,0.0,0.0,0.0,14.4,4.2,0.0,0.0,2.4,6.2,1.2,0.0,2.1,1.4,2.3,2.1,1.0,1.0,1.0,1.0,1.0,1.0,1.0,1.0,1.0,1.0,1.0,1.0,1.0,1.0,1.0,1.0,1.0,1.0,1.0,1.0,1.0,1.0,1.0,1.0,1.0,1.0,1.0,1.0,1.0,1.0,1.0
2648014,1,01/05/1956,1,14.4,81.3,20.0,16.0,1.0,1,0.0,867.3,1.0,6.7,8.8,2.1,0.0,14.2,3.5,0.2,9.5,0.0,0.0,0.0,0.0,0.0,0.0,0.0,0.0,0.0,0.0,0.0,14.4,4.2,0.0,0.0,2.4,6.2,1.2,0.0,2.1,1.4,2.3,2.1,1.0,1.0,1.0,1.0,1.0,1.0,1.0,1.0,1.0,1.0,1.0,1.0,1.0,1.0,1.0,1.0,1.0,1.0,1.0,1.0,1.0,1.0,1.0,1.0,1.0,1.0,1.0,1.0,1.0,1.0,1.0
2648014,2,01/04/1956,1,17.3,93.4,18.0,26.0,1.0,1,0.0,1024.0,2.0,0.0,1.7,0.2,0.4,0.3,1.2,3.2,1.6,2.1,1.1,2.1,2.4,3.1,6.4,2.2,1.6,2.1,17.3,3.2,4.6,1.4,1.2,0.0,0.0,0.0,2.5,14.6,4.6,8.1,4.2,,1.0,1.0,1.0,1.0,1.0,1.0,1.0,1.0,1.0,1.0,1.0,1.0,1.0,1.0,1.0,1.0,1.0,1.0,1.0,1.0,1.0,1.0,1.0,1.0,1.0,1.0,1.0,1.0,1.0,1.0,0.0
2648014,1,01/04/1956,1,17.3,93.4,18.0,26.0,1.0,1,0.0,867.3,1.0,0.0,1.7,0.2,0.4,0.3,1.2,3.2,1.6,2.1,1.1,2.1,2.4,3.1,6.4,2.2,1.6,2.1,17.3,3.2,4.6,1.4,1.2,0.0,0.0,0.0,2.5,14.6,4.6,8.1,4.2,,1.0,1.0,1.0,1.0,1.0,1.0,1.0,1.0,1.0,1.0,1.0,1.0,1.0,1.0,1.0,1.0,1.0,1.0,1.0,1.0,1.0,1.0,1.0,1.0,1.0,1.0,1.0,1.0,1.0,1.0,0.0
2648014,2,01/03/1956,1,10.4,116.0,27.0,24.0,1.0,1,0.0,1024.0,2.0,6.2,9.4,0.0,0.0,2.4,3.6,4.2,4.1,3.4,2.4,3.7,0.0,0.0,4.1,6.8,9.2,5.6,4.6,0.0,0.0,2.6,4.6,5.1,3.7,9.1,6.2,10.4,2.2,1.3,1.1,0.0,1.0,1.0,1.0,1.0,1.0,1.0,1.0,1.0,1.0,1.0,1.0,1.0,1.0,1.0,1.0,1.0,1.0,1.0,1.0,1.0,1.0,1.0,1.0,1.0,1.0,1.0,1.0,1.0,1.0,1.0,1.0
2648014,1,01/03/1956,1,10.4,116.0,27.0,24.0,1.0,1,0.0,867.3,1.0,6.2,9.4,0.0,0.0,2.4,3.6,4.2,4.1,3.4,2.4,3.7,0.0,0.0,4.1,6.8,9.2,5.6,4.6,0.0,0.0,2.6,4.6,5.1,3.7,9.1,6.2,10.4,2.2,1.3,1.1,0.0,1.0,1.0,1.0,1.0,1.0,1.0,1.0,1.0,1.0,1.0,1.0,1.0,1.0,1.0,1.0,1.0,1.0,1.0,1.0,1.0,1.0,1.0,1.0,1.0,1.0,1.0,1.0,1.0,1.0,1.0,1.0
2648014,2,01/02/1956,1,,140.0,,,0.0,2,0.0,1024.0,2.0,2.4,3.6,,,,,,,,,2.2,7.6,2.6,0.5,1.2,1.4,0.0,0.0,0.0,0.0,0.0,1.2,2.4,4.2,6.4,8.1,2.7,1.4,3.6,,,1.0,1.0,0.0,0.0,0.0,0.0,0.0,0.0,0.0,0.0,1.0,1.0,1.0,1.0,1.0,1.0,1.0,1.0,1.0,1.0,1.0,1.0,1.0,1.0,1.0,1.0,1.0,1.0,1.0,0.0,0.0
2648014,1,01/02/1956,1,8.1,51.5,26.0,16.0,1.0,1,0.0,867.3,1.0,2.4,3.6,0.0,0.0,0.0,0.0,0.0,0.0,0.0,0.0,2.2,7.6,2.6,0.5,1.2,1.4,0.0,0.0,0.0,0.0,0.0,1.2,2.4,4.2,6.4,8.1,2.7,1.4,3.6,,,1.0,1.0,1.0,1.0,1.0,1.0,1.0,1.0,1.0,1.0,1.0,1.0,1.0,1.0,1.0,1.0,1.0,1.0,1.0,1.0,1.0,1.0,1.0,1.0,1.0,1.0,1.0,1.0,1.0,0.0,0.0
2648014,2,01/01/1956,1,35.2,150.3,23.0,19.0,1.0,1,0.0,1024.0,2.0,0.0,12.2,0.0,0.0,0.0,6.6,0.0,0.0,0.0,1.2,0.0,0.0,0.0,0.0,0.0,2.4,4.8,5.1,3.4,2.1,1.4,23.6,35.2,4.6,5.1,4.8,5.7,6.4,16.2,6.4,3.1,1.0,1.0,1.0,1.0,1.0,1.0,1.0,1.0,1.0,1.0,1.0,1.0,1.0,1.0,1.0,1.0,1.0,1.0,1.0,1.0,1.0,1.0,1.0,1.0,1.0,1.0,1.0,1.0,1.0,1.0,1.0
2648014,1,01/01/1956,1,35.2,150.3,23.0,19.0,1.0,1,0.0,867.3,1.0,0.0,12.2,0.0,0.0,0.0,6.6,0.0,0.0,0.0,1.2,0.0,0.0,0.0,0.0,0.0,2.4,4.8,5.1,3.4,2.1,1.4,23.6,35.2,4.6,5.1,4.8,5.7,6.4,16.2,6.4,3.1,1.0,1.0,1.0,1.0,1.0,1.0,1.0,1.0,1.0,1.0,1.0,1.0,1.0,1.0,1.0,1.0,1.0,1.0,1.0,1.0,1.0,1.0,1.0,1.0,1.0,1.0,1.0,1.0,1.0,1.0,1.0
2648014,2,01/12/1955,1,27.2,107.4,3.0,14.0,1.0,1,0.0,964.5,2.0,1.5,7.5,27.2,2.4,0.0,0.0,9.4,0.0,0.0,0.0,0.0,0.0,0.0,0.0,0.0,0.0,0.0,0.0,0.0,0.0,16.4,14.3,0.0,10.2,4.7,2.5,1.2,2.2,3.3,4.6,0.0,1.0,1.0,1.0,1.0,1.0,1.0,1.0,1.0,1.0,1.0,1.0,1.0,1.0,1.0,1.0,1.0,1.0,1.0,1.0,1.0,1.0,1.0,1.0,1.0,1.0,1.0,1.0,1.0,1.0,1.0,1.0
2648014,1,01/12/1955,1,27.2,107.4,3.0,14.0,1.0,1,0.0,806.2,1.0,1.5,7.5,27.2,2.4,0.0,0.0,9.4,0.0,0.0,0.0,0.0,0.0,0.0,0.0,0.0,0.0,0.0,0.0,0.0,0.0,16.4,14.3,0.0,10.2,4.7,2.5,1.2,2.2,3.3,4.6,0.0,1.0,1.0,1.0,1.0,1.0,1.0,1.0,1.0,1.0,1.0,1.0,1.0,1.0,1.0,1.0,1.0,1.0,1.0,1.0,1.0,1.0,1.0,1.0,1.0,1.0,1.0,1.0,1.0,1.0,1.0,1.0
2648014,2,01/11/1955,1,24.8,85.0,21.0,9.0,1.0,1,0.0,964.5,2.0,10.4,4.6,3.8,0.0,0.0,0.0,0.0,0.0,0.0,9.5,2.2,2.7,0.0,0.0,0.0,0.0,0.0,0.0,0.0,16.4,24.8,10.6,0.0,0.0,0.0,0.0,0.0,0.0,0.0,0.0,,1.0,1.0,1.0,1.0,1.0,1.0,1.0,1.0,1.0,1.0,1.0,1.0,1.0,1.0,1.0,1.0,1.0,1.0,1.0,1.0,1.0,1.0,1.0,1.0,1.0,1.0,1.0,1.0,1.0,1.0,0.0
2648014,1,01/11/1955,1,24.8,85.0,21.0,9.0,1.0,1,0.0,806.2,1.0,10.4,4.6,3.8,0.0,0.0,0.0,0.0,0.0,0.0,9.5,2.2,2.7,0.0,0.0,0.0,0.0,0.0,0.0,0.0,16.4,24.8,10.6,0.0,0.0,0.0,0.0,0.0,0.0,0.0,0.0,,1.0,1.0,1.0,1.0,1.0,1.0,1.0,1.0,1.0,1.0,1.0,1.0,1.0,1.0,1.0,1.0,1.0,1.0,1.0,1.0,1.0,1.0,1.0,1.0,1.0,1.0,1.0,1.0,1.0,1.0,0.0
2648014,2,01/10/1955,1,6.4,14.3,30.0,4.0,1.0,1,0.0,964.5,2.0,0.0,0.0,0.0,0.0,0.0,0.0,0.0,0.0,0.0,0.0,0.0,0.0,0.0,0.0,0.0,0.0,0.0,1.2,1.1,0.0,0.0,0.0,0.0,0.0,0.0,0.0,0.0,0.0,0.0,6.4,5.6,1.0,1.0,1.0,1.0,1.0,1.0,1.0,1.0,1.0,1.0,1.0,1.0,1.0,1.0,1.0,1.0,1.0,1.0,1.0,1.0,1.0,1.0,1.0,1.0,1.0,1.0,1.0,1.0,1.0,1.0,1.0
2648014,1,01/10/1955,1,6.4,14.3,30.0,4.0,1.0,1,0.0,806.2,1.0,0.0,0.0,0.0,0.0,0.0,0.0,0.0,0.0,0.0,0.0,0.0,0.0,0.0,0.0,0.0,0.0,0.0,1.2,1.1,0.0,0.0,0.0,0.0,0.0,0.0,0.0,0.0,0.0,0.0,6.4,5.6,1.0,1.0,1.0,1.0,1.0,1.0,1.0,1.0,1.0,1.0,1.0,1.0,1.0,1.0,1.0,1.0,1.0,1.0,1.0,1.0,1.0,1.0,1.0,1.0,1.0,1.0,1.0,1.0,1.0,1.0,1.0
2648014,2,01/09/1955,1,,95.0,,,0.0,2,0.0,964.5,2.0,0.0,0.0,12.4,10.6,2.1,,,,,,,,,,,,,,,,,,,1.4,4.3,6.1,4.2,0.0,0.0,0.0,,1.0,1.0,1.0,1.0,1.0,0.0,0.0,0.0,0.0,0.0,0.0,0.0,0.0,0.0,0.0,0.0,0.0,0.0,0.0,0.0,0.0,0.0,0.0,1.0,1.0,1.0,1.0,1.0,1.0,1.0,0.0
2648014,1,01/09/1955,1,12.4,41.1,3.0,7.0,1.0,1,0.0,806.2,1.0,0.0,0.0,12.4,10.6,2.1,0.0,0.0,0.0,0.0,0.0,0.0,0.0,0.0,0.0,0.0,0.0,0.0,0.0,0.0,0.0,0.0,0.0,0.0,1.4,4.3,6.1,4.2,0.0,0.0,0.0,,1.0,1.0,1.0,1.0,1.0,1.0,1.0,1.0,1.0,1.0,1.0,1.0,1.0,1.0,1.0,1.0,1.0,1.0,1.0,1.0,1.0,1.0,1.0,1.0,1.0,1.0,1.0,1.0,1.0,1.0,0.0
2648014,2,01/08/1955,1,,46.0,,,0.0,2,0.0,964.5,2.0,,,,,,,,,,,,,,,3.2,0.0,0.0,0.0,0.0,1.4,0.0,0.0,0.0,0.0,2.3,1.2,1.2,0.0,0.0,0.0,0.0,0.0,0.0,0.0,0.0,0.0,0.0,0.0,0.0,0.0,0.0,0.0,0.0,0.0,0.0,1.0,1.0,1.0,1.0,1.0,1.0,1.0,1.0,1.0,1.0,1.0,1.0,1.0,1.0,1.0,1.0,1.0
2648014,1,01/08/1955,1,3.2,13.6,15.0,7.0,1.0,1,0.0,806.2,1.0,0.0,0.0,0.0,0.0,0.0,1.2,3.1,0.0,0.0,0.0,0.0,0.0,0.0,0.0,3.2,0.0,0.0,0.0,0.0,1.4,0.0,0.0,0.0,0.0,2.3,1.2,1.2,0.0,0.0,0.0,0.0,1.0,1.0,1.0,1.0,1.0,1.0,1.0,1.0,1.0,1.0,1.0,1.0,1.0,1.0,1.0,1.0,1.0,1.0,1.0,1.0,1.0,1.0,1.0,1.0,1.0,1.0,1.0,1.0,1.0,1.0,1.0
2648014,2,01/07/1955,1,18.6,82.1,3.0,11.0,1.0,1,0.0,964.5,2.0,0.0,3.2,18.6,10.2,8.4,6.1,0.0,10.3,2.4,1.2,0.0,0.0,0.0,0.0,0.0,0.0,0.0,0.0,0.0,0.0,0.0,0.0,0.0,0.0,0.0,0.0,0.0,16.3,4.4,1.0,0.0,1.0,1.0,1.0,1.0,1.0,1.0,1.0,1.0,1.0,1.0,1.0,1.0,1.0,1.0,1.0,1.0,1.0,1.0,1.0,1.0,1.0,1.0,1.0,1.0,1.0,1.0,1.0,1.0,1.0,1.0,1.0
2648014,1,01/07/1955,1,18.6,82.1,3.0,11.0,1.0,1,0.0,806.2,1.0,0.0,3.2,18.6,10.2,8.4,6.1,0.0,10.3,2.4,1.2,0.0,0.0,0.0,0.0,0.0,0.0,0.0,0.0,0.0,0.0,0.0,0.0,0.0,0.0,0.0,0.0,0.0,16.3,4.4,1.0,0.0,1.0,1.0,1.0,1.0,1.0,1.0,1.0,1.0,1.0,1.0,1.0,1.0,1.0,1.0,1.0,1.0,1.0,1.0,1.0,1.0,1.0,1.0,1.0,1.0,1.0,1.0,1.0,1.0,1.0,1.0,1.0
2648014,2,01/06/1955,1,14.2,66.5,13.0,14.0,1.0,1,0.0,964.5,2.0,12.2,0.0,0.0,0.0,0.0,2.2,1.4,0.0,0.0,0.0,1.5,5.3,14.2,0.0,2.4,3.7,2.6,1.1,2.4,3.7,0.0,10.4,3.4,0.0,0.0,0.0,0.0,0.0,0.0,0.0,,1.0,1.0,1.0,1.0,1.0,1.0,1.0,1.0,1.0,1.0,1.0,1.0,1.0,1.0,1.0,1.0,1.0,1.0,1.0,1.0,1.0,1.0,1.0,1.0,1.0,1.0,1.0,1.0,1.0,1.0,0.0
2648014,1,01/06/1955,1,14.2,66.5,13.0,14.0,1.0,1,0.0,806.2,1.0,12.2,0.0,0.0,0.0,0.0,2.2,1.4,0.0,0.0,0.0,1.5,5.3,14.2,0.0,2.4,3.7,2.6,1.1,2.4,3.7,0.0,10.4,3.4,0.0,0.0,0.0,0.0,0.0,0.0,0.0,,1.0,1.0,1.0,1.0,1.0,1.0,1.0,1.0,1.0,1.0,1.0,1.0,1.0,1.0,1.0,1.0,1.0,1.0,1.0,1.0,1.0,1.0,1.0,1.0,1.0,1.0,1.0,1.0,1.0,1.0,0.0
2648014,2,01/05/1955,1,55.5,123.0,17.0,9.0,1.0,1,0.0,964.5,2.0,0.0,0.0,0.0,0.0,0.0,3.3,0.0,0.0,0.0,0.0,0.0,0.0,0.0,0.0,0.2,2.2,55.5,15.7,28.8,6.7,0.0,0.0,0.0,0.0,0.0,0.0,0.0,0.0,0.0,4.2,6.4,1.0,1.0,1.0,1.0,1.0,1.0,1.0,1.0,1.0,1.0,1.0,1.0,1.0,1.0,1.0,1.0,1.0,1.0,1.0,1.0,1.0,1.0,1.0,1.0,1.0,1.0,1.0,1.0,1.0,1.0,1.0
2648014,1,01/05/1955,1,55.5,123.0,17.0,9.0,1.0,1,0.0,806.2,1.0,0.0,0.0,0.0,0.0,0.0,3.3,0.0,0.0,0.0,0.0,0.0,0.0,0.0,0.0,0.2,2.2,55.5,15.7,28.8,6.7,0.0,0.0,0.0,0.0,0.0,0.0,0.0,0.0,0.0,4.2,6.4,1.0,1.0,1.0,1.0,1.0,1.0,1.0,1.0,1.0,1.0,1.0,1.0,1.0,1.0,1.0,1.0,1.0,1.0,1.0,1.0,1.0,1.0,1.0,1.0,1.0,1.0,1.0,1.0,1.0,1.0,1.0
2648014,2,01/04/1955,1,5.2,39.5,11.0,16.0,1.0,1,0.0,964.5,2.0,0.0,2.0,2.1,3.4,4.2,4.4,0.0,0.0,0.0,0.0,5.2,0.8,1.4,0.7,2.2,3.7,1.4,2.1,0.4,0.0,0.0,0.0,0.0,0.0,0.0,0.0,4.3,1.2,0.0,0.0,,1.0,1.0,1.0,1.0,1.0,1.0,1.0,1.0,1.0,1.0,1.0,1.0,1.0,1.0,1.0,1.0,1.0,1.0,1.0,1.0,1.0,1.0,1.0,1.0,1.0,1.0,1.0,1.0,1.0,1.0,0.0
2648014,1,01/04/1955,1,5.2,39.5,11.0,16.0,1.0,1,0.0,806.2,1.0,0.0,2.0,2.1,3.4,4.2,4.4,0.0,0.0,0.0,0.0,5.2,0.8,1.4,0.7,2.2,3.7,1.4,2.1,0.4,0.0,0.0,0.0,0.0,0.0,0.0,0.0,4.3,1.2,0.0,0.0,,1.0,1.0,1.0,1.0,1.0,1.0,1.0,1.0,1.0,1.0,1.0,1.0,1.0,1.0,1.0,1.0,1.0,1.0,1.0,1.0,1.0,1.0,1.0,1.0,1.0,1.0,1.0,1.0,1.0,1.0,0.0
2648014,2,01/03/1955,1,,106.0,,,0.0,2,0.0,964.5,2.0,0.0,0.0,0.0,0.0,0.0,3.2,2.4,1.2,0.0,0.0,0.0,0.0,0.0,2.6,0.0,,,,,,,,,,,6.4,8.2,2.2,4.3,2.1,1.4,1.0,1.0,1.0,1.0,1.0,1.0,1.0,1.0,1.0,1.0,1.0,1.0,1.0,1.0,1.0,0.0,0.0,0.0,0.0,0.0,0.0,0.0,0.0,0.0,0.0,1.0,1.0,1.0,1.0,1.0,1.0
2648014,1,01/03/1955,1,8.2,34.0,27.0,10.0,1.0,1,0.0,806.2,1.0,0.0,0.0,0.0,0.0,0.0,3.2,2.4,1.2,0.0,0.0,0.0,0.0,0.0,2.6,0.0,0.0,0.0,0.0,0.0,0.0,0.0,0.0,0.0,0.0,0.0,6.4,8.2,2.2,4.3,2.1,1.4,1.0,1.0,1.0,1.0,1.0,1.0,1.0,1.0,1.0,1.0,1.0,1.0,1.0,1.0,1.0,1.0,1.0,1.0,1.0,1.0,1.0,1.0,1.0,1.0,1.0,1.0,1.0,1.0,1.0,1.0,1.0
2648014,2,01/02/1955,1,47.5,133.0,11.0,9.0,1.0,1,0.0,964.5,2.0,3.6,0.0,0.0,0.0,0.0,0.0,0.0,0.0,0.0,7.3,47.5,2.4,0.0,0.0,0.0,0.0,0.0,0.0,0.0,0.0,0.0,42.8,12.2,0.2,0.0,6.4,10.6,0.0,,,,1.0,1.0,1.0,1.0,1.0,1.0,1.0,1.0,1.0,1.0,1.0,1.0,1.0,1.0,1.0,1.0,1.0,1.0,1.0,1.0,1.0,1.0,1.0,1.0,1.0,1.0,1.0,1.0,0.0,0.0,0.0
2648014,1,01/02/1955,1,47.5,133.0,11.0,9.0,1.0,1,0.0,806.2,1.0,3.6,0.0,0.0,0.0,0.0,0.0,0.0,0.0,0.0,7.3,47.5,2.4,0.0,0.0,0.0,0.0,0.0,0.0,0.0,0.0,0.0,42.8,12.2,0.2,0.0,6.4,10.6,0.0,,,,1.0,1.0,1.0,1.0,1.0,1.0,1.0,1.0,1.0,1.0,1.0,1.0,1.0,1.0,1.0,1.0,1.0,1.0,1.0,1.0,1.0,1.0,1.0,1.0,1.0,1.0,1.0,1.0,0.0,0.0,0.0
2648014,2,01/01/1955,1,18.2,66.7,24.0,12.0,1.0,1,0.0,964.5,2.0,0.1,0.0,4.2,2.2,0.0,0.0,0.0,0.0,6.4,8.6,14.0,0.0,2.6,1.4,0.0,0.0,6.6,0.0,0.0,0.0,0.0,0.0,0.0,18.2,1.2,0.0,0.0,0.0,0.0,0.0,1.2,1.0,1.0,1.0,1.0,1.0,1.0,1.0,1.0,1.0,1.0,1.0,1.0,1.0,1.0,1.0,1.0,1.0,1.0,1.0,1.0,1.0,1.0,1.0,1.0,1.0,1.0,1.0,1.0,1.0,1.0,1.0
2648014,1,01/01/1955,1,18.2,66.7,24.0,12.0,1.0,1,0.0,806.2,1.0,0.1,0.0,4.2,2.2,0.0,0.0,0.0,0.0,6.4,8.6,14.0,0.0,2.6,1.4,0.0,0.0,6.6,0.0,0.0,0.0,0.0,0.0,0.0,18.2,1.2,0.0,0.0,0.0,0.0,0.0,1.2,1.0,1.0,1.0,1.0,1.0,1.0,1.0,1.0,1.0,1.0,1.0,1.0,1.0,1.0,1.0,1.0,1.0,1.0,1.0,1.0,1.0,1.0,1.0,1.0,1.0,1.0,1.0,1.0,1.0,1.0,1.0
2648014,2,01/12/1954,1,,80.0,,,0.0,2,0.0,1525.8,2.0,,,,,,,,,,,,,14.6,2.4,0.0,0.0,20.4,0.0,0.0,0.0,0.0,0.2,0.0,0.0,0.0,0.0,0.4,0.5,1.0,1.2,0.0,0.0,0.0,0.0,0.0,0.0,0.0,0.0,0.0,0.0,0.0,0.0,0.0,1.0,1.0,1.0,1.0,1.0,1.0,1.0,1.0,1.0,1.0,1.0,1.0,1.0,1.0,1.0,1.0,1.0,1.0,1.0
2648014,1,01/12/1954,1,20.4,43.1,17.0,10.0,1.0,1,0.0,845.4,1.0,1.2,0.0,0.0,0.0,0.0,0.0,0.0,1.2,0.0,0.0,0.0,0.0,14.6,2.4,0.0,0.0,20.4,0.0,0.0,0.0,0.0,0.2,0.0,0.0,0.0,0.0,0.4,0.5,1.0,1.2,0.0,1.0,1.0,1.0,1.0,1.0,1.0,1.0,1.0,1.0,1.0,1.0,1.0,1.0,1.0,1.0,1.0,1.0,1.0,1.0,1.0,1.0,1.0,1.0,1.0,1.0,1.0,1.0,1.0,1.0,1.0,1.0
2648014,2,01/11/1954,1,,56.0,,,0.0,2,0.0,1525.8,2.0,,,,,,,,,,,0.0,0.0,2.2,3.5,0.0,0.0,0.0,0.0,0.0,0.0,0.0,0.0,0.0,0.0,0.0,0.0,0.0,3.1,4.2,1.0,,0.0,0.0,0.0,0.0,0.0,0.0,0.0,0.0,0.0,0.0,1.0,1.0,1.0,1.0,1.0,1.0,1.0,1.0,1.0,1.0,1.0,1.0,1.0,1.0,1.0,1.0,1.0,1.0,1.0,1.0,0.0
2648014,1,01/11/1954,1,4.2,14.4,29.0,8.0,1.0,1,0.0,845.4,1.0,0.0,0.0,0.0,0.1,0.0,0.0,0.0,0.0,0.1,0.2,0.0,0.0,2.2,3.5,0.0,0.0,0.0,0.0,0.0,0.0,0.0,0.0,0.0,0.0,0.0,0.0,0.0,3.1,4.2,1.0,,1.0,1.0,1.0,1.0,1.0,1.0,1.0,1.0,1.0,1.0,1.0,1.0,1.0,1.0,1.0,1.0,1.0,1.0,1.0,1.0,1.0,1.0,1.0,1.0,1.0,1.0,1.0,1.0,1.0,1.0,0.0
2648014,2,01/10/1954,1,,212.0,,,0.0,2,0.0,1525.8,2.0,0.0,4.2,5.8,5.3,1.2,12.8,0.2,1.0,0.0,1.3,2.3,2.1,1.6,0.0,2.4,1.6,2.4,4.4,20.5,8.6,31.5,,,,,,,,,,,1.0,1.0,1.0,1.0,1.0,1.0,1.0,1.0,1.0,1.0,1.0,1.0,1.0,1.0,1.0,1.0,1.0,1.0,1.0,1.0,1.0,0.0,0.0,0.0,0.0,0.0,0.0,0.0,0.0,0.0,0.0
2648014,1,01/10/1954,1,31.5,117.4,21.0,20.0,1.0,1,0.0,845.4,1.0,0.0,4.2,5.8,5.3,1.2,12.8,0.2,1.0,0.0,1.3,2.3,2.1,1.6,0.0,2.4,1.6,2.4,4.4,20.5,8.6,31.5,8.0,0.0,0.0,0.0,0.0,0.0,0.2,0.0,0.0,0.0,1.0,1.0,1.0,1.0,1.0,1.0,1.0,1.0,1.0,1.0,1.0,1.0,1.0,1.0,1.0,1.0,1.0,1.0,1.0,1.0,1.0,1.0,1.0,1.0,1.0,1.0,1.0,1.0,1.0,1.0,1.0
2648014,2,01/09/1954,1,19.2,67.2,28.0,16.0,1.0,1,0.0,1525.8,2.0,0.0,0.0,0.0,0.0,0.0,0.0,0.0,0.0,0.2,0.4,0.2,3.0,1.6,2.2,3.2,2.4,0.0,0.0,6.2,4.4,3.4,0.0,0.0,0.0,1.0,6.2,9.4,19.2,4.2,0.0,,1.0,1.0,1.0,1.0,1.0,1.0,1.0,1.0,1.0,1.0,1.0,1.0,1.0,1.0,1.0,1.0,1.0,1.0,1.0,1.0,1.0,1.0,1.0,1.0,1.0,1.0,1.0,1.0,1.0,1.0,0.0
2648014,1,01/09/1954,1,19.2,67.2,28.0,16.0,1.0,1,0.0,845.4,1.0,0.0,0.0,0.0,0.0,0.0,0.0,0.0,0.0,0.2,0.4,0.2,3.0,1.6,2.2,3.2,2.4,0.0,0.0,6.2,4.4,3.4,0.0,0.0,0.0,1.0,6.2,9.4,19.2,4.2,0.0,,1.0,1.0,1.0,1.0,1.0,1.0,1.0,1.0,1.0,1.0,1.0,1.0,1.0,1.0,1.0,1.0,1.0,1.0,1.0,1.0,1.0,1.0,1.0,1.0,1.0,1.0,1.0,1.0,1.0,1.0,0.0
2648014,2,01/08/1954,1,7.2,12.5,21.0,5.0,1.0,1,0.0,1525.8,2.0,0.0,0.0,0.0,0.0,0.0,0.0,0.0,0.0,0.0,0.0,0.0,0.0,0.0,0.0,0.0,0.0,0.0,0.0,0.0,0.0,7.2,0.3,0.0,0.0,0.0,1.4,2.2,1.4,0.0,0.0,0.0,1.0,1.0,1.0,1.0,1.0,1.0,1.0,1.0,1.0,1.0,1.0,1.0,1.0,1.0,1.0,1.0,1.0,1.0,1.0,1.0,1.0,1.0,1.0,1.0,1.0,1.0,1.0,1.0,1.0,1.0,1.0
2648014,1,01/08/1954,1,7.2,12.5,21.0,5.0,1.0,1,0.0,845.4,1.0,0.0,0.0,0.0,0.0,0.0,0.0,0.0,0.0,0.0,0.0,0.0,0.0,0.0,0.0,0.0,0.0,0.0,0.0,0.0,0.0,7.2,0.3,0.0,0.0,0.0,1.4,2.2,1.4,0.0,0.0,0.0,1.0,1.0,1.0,1.0,1.0,1.0,1.0,1.0,1.0,1.0,1.0,1.0,1.0,1.0,1.0,1.0,1.0,1.0,1.0,1.0,1.0,1.0,1.0,1.0,1.0,1.0,1.0,1.0,1.0,1.0,1.0
2648014,2,01/07/1954,1,,99.0,,,0.0,2,0.0,1525.8,2.0,0.1,0.3,0.2,4.8,10.2,,,,,,,,4.2,0.0,1.2,0.0,0.0,0.0,0.0,0.0,0.0,2.2,0.0,0.0,10.2,16.4,2.7,1.2,0.0,0.0,0.0,1.0,1.0,1.0,1.0,1.0,0.0,0.0,0.0,0.0,0.0,0.0,0.0,1.0,1.0,1.0,1.0,1.0,1.0,1.0,1.0,1.0,1.0,1.0,1.0,1.0,1.0,1.0,1.0,1.0,1.0,1.0
2648014,1,01/07/1954,1,16.4,53.7,26.0,12.0,1.0,1,0.0,845.4,1.0,0.1,0.3,0.2,4.8,10.2,0.0,0.0,0.0,0.0,0.0,0.0,0.0,4.2,0.0,1.2,0.0,0.0,0.0,0.0,0.0,0.0,2.2,0.0,0.0,10.2,16.4,2.7,1.2,0.0,0.0,0.0,1.0,1.0,1.0,1.0,1.0,1.0,1.0,1.0,1.0,1.0,1.0,1.0,1.0,1.0,1.0,1.0,1.0,1.0,1.0,1.0,1.0,1.0,1.0,1.0,1.0,1.0,1.0,1.0,1.0,1.0,1.0
2648014,2,01/06/1954,1,,86.0,,,0.0,2,0.0,1525.8,2.0,1.5,0.0,0.0,0.0,1.4,3.2,4.2,2.3,1.2,0.0,6.3,0.0,0.0,1.5,0.3,,,,,,,,,,,0.0,0.0,0.0,0.0,0.2,,1.0,1.0,1.0,1.0,1.0,1.0,1.0,1.0,1.0,1.0,1.0,1.0,1.0,1.0,1.0,0.0,0.0,0.0,0.0,0.0,0.0,0.0,0.0,0.0,0.0,1.0,1.0,1.0,1.0,1.0,0.0
2648014,1,01/06/1954,1,6.3,36.5,11.0,16.0,1.0,1,0.0,845.4,1.0,1.5,0.0,0.0,0.0,1.4,3.2,4.2,2.3,1.2,0.0,6.3,0.0,0.0,1.5,0.3,0.2,4.2,2.2,1.2,0.0,0.0,4.2,2.4,0.0,0.0,0.0,0.0,0.0,0.0,0.2,,1.0,1.0,1.0,1.0,1.0,1.0,1.0,1.0,1.0,1.0,1.0,1.0,1.0,1.0,1.0,1.0,1.0,1.0,1.0,1.0,1.0,1.0,1.0,1.0,1.0,1.0,1.0,1.0,1.0,1.0,0.0
2648014,2,01/05/1954,1,,182.0,,,0.0,2,0.0,1525.8,2.0,,,,,,,,,,30.5,4.7,0.0,22.5,0.0,0.0,0.0,19.2,22.5,5.2,0.0,0.0,0.0,0.0,0.0,3.5,0.0,0.0,0.0,0.0,0.0,0.0,0.0,0.0,0.0,0.0,0.0,0.0,0.0,0.0,0.0,1.0,1.0,1.0,1.0,1.0,1.0,1.0,1.0,1.0,1.0,1.0,1.0,1.0,1.0,1.0,1.0,1.0,1.0,1.0,1.0,1.0,1.0
2648014,1,01/05/1954,1,30.5,111.2,10.0,9.0,1.0,1,0.0,845.4,1.0,0.0,0.0,0.0,2.1,1.0,0.0,0.0,0.0,0.0,30.5,4.7,0.0,22.5,0.0,0.0,0.0,19.2,22.5,5.2,0.0,0.0,0.0,0.0,0.0,3.5,0.0,0.0,0.0,0.0,0.0,0.0,1.0,1.0,1.0,1.0,1.0,1.0,1.0,1.0,1.0,1.0,1.0,1.0,1.0,1.0,1.0,1.0,1.0,1.0,1.0,1.0,1.0,1.0,1.0,1.0,1.0,1.0,1.0,1.0,1.0,1.0,1.0
2648014,2,01/04/1954,1,,227.0,,,0.0,2,0.0,1525.8,2.0,44.3,30.8,13.2,2.6,,,,,,,,6.4,2.6,0.0,0.0,0.0,3.3,,,,,,,,,1.1,1.3,0.0,0.0,0.0,,1.0,1.0,1.0,1.0,0.0,0.0,0.0,0.0,0.0,0.0,0.0,1.0,1.0,1.0,1.0,1.0,1.0,0.0,0.0,0.0,0.0,0.0,0.0,0.0,0.0,1.0,1.0,1.0,1.0,1.0,0.0
2648014,1,01/04/1954,1,44.3,105.6,1.0,9.0,1.0,1,0.0,845.4,1.0,44.3,30.8,13.2,2.6,0.0,0.0,0.0,0.0,0.0,0.0,0.0,6.4,2.6,0.0,0.0,0.0,3.3,0.0,0.0,0.0,0.0,0.0,0.0,0.0,0.0,1.1,1.3,0.0,0.0,0.0,,1.0,1.0,1.0,1.0,1.0,1.0,1.0,1.0,1.0,1.0,1.0,1.0,1.0,1.0,1.0,1.0,1.0,1.0,1.0,1.0,1.0,1.0,1.0,1.0,1.0,1.0,1.0,1.0,1.0,1.0,0.0
2648014,2,01/03/1954,1,58.6,168.1,31.0,18.0,1.0,1,0.0,1525.8,2.0,0.0,3.0,3.2,4.3,6.7,14.1,10.2,23.5,0.0,6.1,3.4,4.3,2.1,1.2,0.0,0.0,2.1,1.2,0.0,0.0,0.0,0.0,0.0,0.0,0.0,0.0,0.0,6.4,8.3,9.4,58.6,1.0,1.0,1.0,1.0,1.0,1.0,1.0,1.0,1.0,1.0,1.0,1.0,1.0,1.0,1.0,1.0,1.0,1.0,1.0,1.0,1.0,1.0,1.0,1.0,1.0,1.0,1.0,1.0,1.0,1.0,1.0
2648014,1,01/03/1954,1,58.6,168.1,31.0,18.0,1.0,1,0.0,845.4,1.0,0.0,3.0,3.2,4.3,6.7,14.1,10.2,23.5,0.0,6.1,3.4,4.3,2.1,1.2,0.0,0.0,2.1,1.2,0.0,0.0,0.0,0.0,0.0,0.0,0.0,0.0,0.0,6.4,8.3,9.4,58.6,1.0,1.0,1.0,1.0,1.0,1.0,1.0,1.0,1.0,1.0,1.0,1.0,1.0,1.0,1.0,1.0,1.0,1.0,1.0,1.0,1.0,1.0,1.0,1.0,1.0,1.0,1.0,1.0,1.0,1.0,1.0
2648014,2,01/02/1954,1,,189.0,,,0.0,2,0.0,1525.8,2.0,0.0,1.2,,,,14.1,2.2,6.4,8.6,4.2,2.5,6.4,1.3,2.4,6.2,4.4,2.1,1.4,,,,,,,,1.2,0.0,0.0,,,,1.0,1.0,0.0,0.0,0.0,1.0,1.0,1.0,1.0,1.0,1.0,1.0,1.0,1.0,1.0,1.0,1.0,1.0,0.0,0.0,0.0,0.0,0.0,0.0,0.0,1.0,1.0,1.0,0.0,0.0,0.0
2648014,1,01/02/1954,1,14.1,64.6,6.0,15.0,1.0,1,0.0,845.4,1.0,0.0,1.2,0.0,0.0,0.0,14.1,2.2,6.4,8.6,4.2,2.5,6.4,1.3,2.4,6.2,4.4,2.1,1.4,0.0,0.0,0.0,0.0,0.0,0.0,0.0,1.2,0.0,0.0,,,,1.0,1.0,1.0,1.0,1.0,1.0,1.0,1.0,1.0,1.0,1.0,1.0,1.0,1.0,1.0,1.0,1.0,1.0,1.0,1.0,1.0,1.0,1.0,1.0,1.0,1.0,1.0,1.0,0.0,0.0,0.0
2648014,2,01/01/1954,1,,147.0,,,0.0,2,0.0,1525.8,2.0,0.0,0.0,8.4,6.3,0.0,0.0,6.3,9.2,4.2,1.2,2.0,1.4,2.6,1.3,2.1,6.1,,,,,,,,,,,,,,,,1.0,1.0,1.0,1.0,1.0,1.0,1.0,1.0,1.0,1.0,1.0,1.0,1.0,1.0,1.0,1.0,0.0,0.0,0.0,0.0,0.0,0.0,0.0,0.0,0.0,0.0,0.0,0.0,0.0,0.0,0.0
2648014,1,01/01/1954,1,9.2,51.1,8.0,12.0,1.0,1,0.0,845.4,1.0,0.0,0.0,8.4,6.3,0.0,0.0,6.3,9.2,4.2,1.2,2.0,1.4,2.6,1.3,2.1,6.1,0.0,0.0,0.0,0.0,0.0,0.0,0.0,0.0,0.0,0.0,0.0,0.0,0.0,0.0,0.0,1.0,1.0,1.0,1.0,1.0,1.0,1.0,1.0,1.0,1.0,1.0,1.0,1.0,1.0,1.0,1.0,1.0,1.0,1.0,1.0,1.0,1.0,1.0,1.0,1.0,1.0,1.0,1.0,1.0,1.0,1.0
2648014,2,01/12/1953,1,14.6,114.8,5.0,21.0,1.0,1,0.0,945.0,2.0,8.2,6.4,10.8,12.4,14.6,13.4,6.4,4.6,2.2,4.2,6.4,4.2,2.2,3.1,1.2,3.3,2.7,0.0,0.0,0.0,0.0,0.0,0.0,0.0,1.0,0.0,2.2,4.1,1.2,0.0,0.0,1.0,1.0,1.0,1.0,1.0,1.0,1.0,1.0,1.0,1.0,1.0,1.0,1.0,1.0,1.0,1.0,1.0,1.0,1.0,1.0,1.0,1.0,1.0,1.0,1.0,1.0,1.0,1.0,1.0,1.0,1.0
2648014,1,01/12/1953,1,14.6,114.8,5.0,21.0,1.0,1,0.0,749.7,1.0,8.2,6.4,10.8,12.4,14.6,13.4,6.4,4.6,2.2,4.2,6.4,4.2,2.2,3.1,1.2,3.3,2.7,0.0,0.0,0.0,0.0,0.0,0.0,0.0,1.0,0.0,2.2,4.1,1.2,0.0,0.0,1.0,1.0,1.0,1.0,1.0,1.0,1.0,1.0,1.0,1.0,1.0,1.0,1.0,1.0,1.0,1.0,1.0,1.0,1.0,1.0,1.0,1.0,1.0,1.0,1.0,1.0,1.0,1.0,1.0,1.0,1.0
2648014,2,01/11/1953,1,20.2,88.0,13.0,16.0,1.0,1,0.0,945.0,2.0,2.4,0.0,1.4,2.4,4.2,1.4,3.2,1.8,2.0,4.2,14.4,18.4,20.2,2.2,0.0,0.0,0.0,0.0,0.0,0.0,0.0,2.2,1.2,0.0,0.0,0.0,0.0,0.0,0.0,6.4,,1.0,1.0,1.0,1.0,1.0,1.0,1.0,1.0,1.0,1.0,1.0,1.0,1.0,1.0,1.0,1.0,1.0,1.0,1.0,1.0,1.0,1.0,1.0,1.0,1.0,1.0,1.0,1.0,1.0,1.0,0.0
2648014,1,01/11/1953,1,20.2,88.0,13.0,16.0,1.0,1,0.0,749.7,1.0,2.4,0.0,1.4,2.4,4.2,1.4,3.2,1.8,2.0,4.2,14.4,18.4,20.2,2.2,0.0,0.0,0.0,0.0,0.0,0.0,0.0,2.2,1.2,0.0,0.0,0.0,0.0,0.0,0.0,6.4,,1.0,1.0,1.0,1.0,1.0,1.0,1.0,1.0,1.0,1.0,1.0,1.0,1.0,1.0,1.0,1.0,1.0,1.0,1.0,1.0,1.0,1.0,1.0,1.0,1.0,1.0,1.0,1.0,1.0,1.0,0.0
2648014,2,01/10/1953,1,,224.0,,,0.0,2,0.0,945.0,2.0,,,,,,,,,,,,,,,,3.4,2.4,6.6,8.4,4.4,2.0,0.0,13.2,0.0,0.0,4.3,8.6,6.4,6.6,8.4,2.4,0.0,0.0,0.0,0.0,0.0,0.0,0.0,0.0,0.0,0.0,0.0,0.0,0.0,0.0,0.0,1.0,1.0,1.0,1.0,1.0,1.0,1.0,1.0,1.0,1.0,1.0,1.0,1.0,1.0,1.0,1.0
2648014,1,01/10/1953,1,13.2,109.6,23.0,21.0,1.0,1,0.0,749.7,1.0,0.2,4.4,6.2,8.4,2.2,0.0,0.0,0.0,0.0,0.0,0.0,0.0,4.6,2.3,4.2,3.4,2.4,6.6,8.4,4.4,2.0,0.0,13.2,0.0,0.0,4.3,8.6,6.4,6.6,8.4,2.4,1.0,1.0,1.0,1.0,1.0,1.0,1.0,1.0,1.0,1.0,1.0,1.0,1.0,1.0,1.0,1.0,1.0,1.0,1.0,1.0,1.0,1.0,1.0,1.0,1.0,1.0,1.0,1.0,1.0,1.0,1.0
2648014,2,01/09/1953,1,16.4,31.1,15.0,11.0,1.0,1,0.0,945.0,2.0,0.0,0.0,0.0,0.0,0.0,0.0,1.4,1.2,0.2,0.4,0.3,0.0,0.2,3.2,16.4,4.2,0.0,0.0,3.4,0.0,0.0,0.0,0.0,0.0,0.0,0.0,0.0,0.0,0.0,0.2,,1.0,1.0,1.0,1.0,1.0,1.0,1.0,1.0,1.0,1.0,1.0,1.0,1.0,1.0,1.0,1.0,1.0,1.0,1.0,1.0,1.0,1.0,1.0,1.0,1.0,1.0,1.0,1.0,1.0,1.0,0.0
2648014,1,01/09/1953,1,16.4,31.1,15.0,11.0,1.0,1,0.0,749.7,1.0,0.0,0.0,0.0,0.0,0.0,0.0,1.4,1.2,0.2,0.4,0.3,0.0,0.2,3.2,16.4,4.2,0.0,0.0,3.4,0.0,0.0,0.0,0.0,0.0,0.0,0.0,0.0,0.0,0.0,0.2,,1.0,1.0,1.0,1.0,1.0,1.0,1.0,1.0,1.0,1.0,1.0,1.0,1.0,1.0,1.0,1.0,1.0,1.0,1.0,1.0,1.0,1.0,1.0,1.0,1.0,1.0,1.0,1.0,1.0,1.0,0.0
2648014,2,01/08/1953,1,,41.0,,,0.0,2,0.0,945.0,2.0,,,,,,,,,,,,,,,,,,0.1,0.1,0.0,0.6,0.0,0.0,0.0,0.0,0.5,4.5,1.4,1.2,0.0,0.0,0.0,0.0,0.0,0.0,0.0,0.0,0.0,0.0,0.0,0.0,0.0,0.0,0.0,0.0,0.0,0.0,0.0,1.0,1.0,1.0,1.0,1.0,1.0,1.0,1.0,1.0,1.0,1.0,1.0,1.0,1.0
2648014,1,01/08/1953,1,4.5,8.4,27.0,7.0,1.0,1,0.0,749.7,1.0,0.0,0.0,0.0,0.0,0.0,0.0,0.0,0.0,0.0,0.0,0.0,0.0,0.0,0.0,0.0,0.0,0.0,0.1,0.1,0.0,0.6,0.0,0.0,0.0,0.0,0.5,4.5,1.4,1.2,0.0,0.0,1.0,1.0,1.0,1.0,1.0,1.0,1.0,1.0,1.0,1.0,1.0,1.0,1.0,1.0,1.0,1.0,1.0,1.0,1.0,1.0,1.0,1.0,1.0,1.0,1.0,1.0,1.0,1.0,1.0,1.0,1.0
2648014,2,01/07/1953,1,9.0,31.8,27.0,6.0,1.0,1,0.0,945.0,2.0,0.0,0.0,0.0,0.0,0.0,0.0,0.0,0.0,0.0,1.2,0.0,0.0,0.0,0.0,0.0,0.0,0.0,0.0,6.6,8.4,0.0,2.4,4.2,0.0,0.0,0.0,9.0,0.0,0.0,0.0,0.0,1.0,1.0,1.0,1.0,1.0,1.0,1.0,1.0,1.0,1.0,1.0,1.0,1.0,1.0,1.0,1.0,1.0,1.0,1.0,1.0,1.0,1.0,1.0,1.0,1.0,1.0,1.0,1.0,1.0,1.0,1.0
2648014,1,01/07/1953,1,9.0,31.8,27.0,6.0,1.0,1,0.0,749.7,1.0,0.0,0.0,0.0,0.0,0.0,0.0,0.0,0.0,0.0,1.2,0.0,0.0,0.0,0.0,0.0,0.0,0.0,0.0,6.6,8.4,0.0,2.4,4.2,0.0,0.0,0.0,9.0,0.0,0.0,0.0,0.0,1.0,1.0,1.0,1.0,1.0,1.0,1.0,1.0,1.0,1.0,1.0,1.0,1.0,1.0,1.0,1.0,1.0,1.0,1.0,1.0,1.0,1.0,1.0,1.0,1.0,1.0,1.0,1.0,1.0,1.0,1.0
2648014,2,01/06/1953,1,4.6,7.0,10.0,2.0,1.0,1,0.0,945.0,2.0,0.0,0.0,0.0,0.0,0.0,0.0,0.0,0.0,0.0,4.6,0.0,0.0,0.0,0.0,0.0,0.0,0.0,0.0,0.0,0.0,0.0,0.0,0.0,0.0,0.0,0.0,0.0,2.4,0.0,0.0,,1.0,1.0,1.0,1.0,1.0,1.0,1.0,1.0,1.0,1.0,1.0,1.0,1.0,1.0,1.0,1.0,1.0,1.0,1.0,1.0,1.0,1.0,1.0,1.0,1.0,1.0,1.0,1.0,1.0,1.0,0.0
2648014,1,01/06/1953,1,4.6,7.0,10.0,2.0,1.0,1,0.0,749.7,1.0,0.0,0.0,0.0,0.0,0.0,0.0,0.0,0.0,0.0,4.6,0.0,0.0,0.0,0.0,0.0,0.0,0.0,0.0,0.0,0.0,0.0,0.0,0.0,0.0,0.0,0.0,0.0,2.4,0.0,0.0,,1.0,1.0,1.0,1.0,1.0,1.0,1.0,1.0,1.0,1.0,1.0,1.0,1.0,1.0,1.0,1.0,1.0,1.0,1.0,1.0,1.0,1.0,1.0,1.0,1.0,1.0,1.0,1.0,1.0,1.0,0.0
2648014,2,01/05/1953,1,,105.0,,,0.0,2,0.0,945.0,2.0,,,,,,,,1.2,0.0,0.0,2.4,4.3,4.8,6.4,8.2,4.4,4.2,2.4,3.6,4.4,0.0,0.0,0.0,0.0,4.6,2.4,3.4,0.0,0.0,0.0,0.0,0.0,0.0,0.0,0.0,0.0,0.0,0.0,1.0,1.0,1.0,1.0,1.0,1.0,1.0,1.0,1.0,1.0,1.0,1.0,1.0,1.0,1.0,1.0,1.0,1.0,1.0,1.0,1.0,1.0,1.0,1.0
2648014,1,01/05/1953,1,8.2,56.7,15.0,14.0,1.0,1,0.0,749.7,1.0,0.0,0.0,0.0,0.0,0.0,0.0,0.0,1.2,0.0,0.0,2.4,4.3,4.8,6.4,8.2,4.4,4.2,2.4,3.6,4.4,0.0,0.0,0.0,0.0,4.6,2.4,3.4,0.0,0.0,0.0,0.0,1.0,1.0,1.0,1.0,1.0,1.0,1.0,1.0,1.0,1.0,1.0,1.0,1.0,1.0,1.0,1.0,1.0,1.0,1.0,1.0,1.0,1.0,1.0,1.0,1.0,1.0,1.0,1.0,1.0,1.0,1.0
2648014,2,01/04/1953,1,6.4,21.0,29.0,5.0,1.0,1,0.0,945.0,2.0,3.4,0.0,0.0,0.0,0.0,4.4,0.0,0.0,2.6,0.0,0.0,0.0,0.0,0.0,0.0,0.0,0.0,0.0,0.0,0.0,0.0,0.0,0.0,0.0,0.0,0.0,0.0,4.2,6.4,0.0,,1.0,1.0,1.0,1.0,1.0,1.0,1.0,1.0,1.0,1.0,1.0,1.0,1.0,1.0,1.0,1.0,1.0,1.0,1.0,1.0,1.0,1.0,1.0,1.0,1.0,1.0,1.0,1.0,1.0,1.0,0.0
2648014,1,01/04/1953,1,6.4,21.0,29.0,5.0,1.0,1,0.0,749.7,1.0,3.4,0.0,0.0,0.0,0.0,4.4,0.0,0.0,2.6,0.0,0.0,0.0,0.0,0.0,0.0,0.0,0.0,0.0,0.0,0.0,0.0,0.0,0.0,0.0,0.0,0.0,0.0,4.2,6.4,0.0,,1.0,1.0,1.0,1.0,1.0,1.0,1.0,1.0,1.0,1.0,1.0,1.0,1.0,1.0,1.0,1.0,1.0,1.0,1.0,1.0,1.0,1.0,1.0,1.0,1.0,1.0,1.0,1.0,1.0,1.0,0.0
2648014,2,01/03/1953,1,18.6,84.2,6.0,15.0,1.0,1,0.0,945.0,2.0,0.0,0.0,2.4,0.0,6.4,18.6,10.4,6.2,0.0,0.0,2.4,0.0,4.6,2.4,1.2,1.0,7.6,0.0,4.8,6.4,4.4,5.4,0.0,0.0,0.0,0.0,0.0,0.0,0.0,0.0,0.0,1.0,1.0,1.0,1.0,1.0,1.0,1.0,1.0,1.0,1.0,1.0,1.0,1.0,1.0,1.0,1.0,1.0,1.0,1.0,1.0,1.0,1.0,1.0,1.0,1.0,1.0,1.0,1.0,1.0,1.0,1.0
2648014,1,01/03/1953,1,18.6,84.2,6.0,15.0,1.0,1,0.0,749.7,1.0,0.0,0.0,2.4,0.0,6.4,18.6,10.4,6.2,0.0,0.0,2.4,0.0,4.6,2.4,1.2,1.0,7.6,0.0,4.8,6.4,4.4,5.4,0.0,0.0,0.0,0.0,0.0,0.0,0.0,0.0,0.0,1.0,1.0,1.0,1.0,1.0,1.0,1.0,1.0,1.0,1.0,1.0,1.0,1.0,1.0,1.0,1.0,1.0,1.0,1.0,1.0,1.0,1.0,1.0,1.0,1.0,1.0,1.0,1.0,1.0,1.0,1.0
2648014,2,01/02/1953,1,26.6,124.7,12.0,13.0,1.0,1,0.0,945.0,2.0,2.1,20.2,6.4,0.0,0.0,0.0,0.0,0.0,4.6,10.8,24.4,26.6,0.0,0.0,4.2,6.4,10.4,0.0,0.0,0.0,0.0,1.0,0.0,0.0,6.4,0.0,1.2,0.0,,,,1.0,1.0,1.0,1.0,1.0,1.0,1.0,1.0,1.0,1.0,1.0,1.0,1.0,1.0,1.0,1.0,1.0,1.0,1.0,1.0,1.0,1.0,1.0,1.0,1.0,1.0,1.0,1.0,0.0,0.0,0.0
2648014,1,01/02/1953,1,26.6,124.7,12.0,13.0,1.0,1,0.0,749.7,1.0,2.1,20.2,6.4,0.0,0.0,0.0,0.0,0.0,4.6,10.8,24.4,26.6,0.0,0.0,4.2,6.4,10.4,0.0,0.0,0.0,0.0,1.0,0.0,0.0,6.4,0.0,1.2,0.0,,,,1.0,1.0,1.0,1.0,1.0,1.0,1.0,1.0,1.0,1.0,1.0,1.0,1.0,1.0,1.0,1.0,1.0,1.0,1.0,1.0,1.0,1.0,1.0,1.0,1.0,1.0,1.0,1.0,0.0,0.0,0.0
2648014,2,01/01/1953,1,16.8,72.4,30.0,13.0,1.0,1,0.0,945.0,2.0,0.0,0.0,0.0,4.2,11.2,0.0,0.0,0.0,0.0,0.0,0.0,13.6,2.0,3.2,1.0,4.4,0.0,0.0,0.0,0.0,0.0,0.0,0.0,0.0,8.4,1.6,0.0,2.2,1.4,16.8,2.4,1.0,1.0,1.0,1.0,1.0,1.0,1.0,1.0,1.0,1.0,1.0,1.0,1.0,1.0,1.0,1.0,1.0,1.0,1.0,1.0,1.0,1.0,1.0,1.0,1.0,1.0,1.0,1.0,1.0,1.0,1.0
2648014,1,01/01/1953,1,16.8,72.4,30.0,13.0,1.0,1,0.0,749.7,1.0,0.0,0.0,0.0,4.2,11.2,0.0,0.0,0.0,0.0,0.0,0.0,13.6,2.0,3.2,1.0,4.4,0.0,0.0,0.0,0.0,0.0,0.0,0.0,0.0,8.4,1.6,0.0,2.2,1.4,16.8,2.4,1.0,1.0,1.0,1.0,1.0,1.0,1.0,1.0,1.0,1.0,1.0,1.0,1.0,1.0,1.0,1.0,1.0,1.0,1.0,1.0,1.0,1.0,1.0,1.0,1.0,1.0,1.0,1.0,1.0,1.0,1.0
2648014,2,01/12/1952,1,,148.0,,,0.0,2,0.0,974.3,2.0,2.4,0.0,0.0,0.0,1.2,0.0,0.0,0.0,0.0,0.0,0.0,0.0,2.2,22.5,2.0,1.0,,,,,,,,,,8.4,0.0,0.0,0.0,2.4,31.4,1.0,1.0,1.0,1.0,1.0,1.0,1.0,1.0,1.0,1.0,1.0,1.0,1.0,1.0,1.0,1.0,0.0,0.0,0.0,0.0,0.0,0.0,0.0,0.0,0.0,1.0,1.0,1.0,1.0,1.0,1.0
2648014,1,01/12/1952,1,31.4,73.5,31.0,9.0,1.0,1,0.0,810.7,1.0,2.4,0.0,0.0,0.0,1.2,0.0,0.0,0.0,0.0,0.0,0.0,0.0,2.2,22.5,2.0,1.0,0.0,0.0,0.0,0.0,0.0,0.0,0.0,0.0,0.0,8.4,0.0,0.0,0.0,2.4,31.4,1.0,1.0,1.0,1.0,1.0,1.0,1.0,1.0,1.0,1.0,1.0,1.0,1.0,1.0,1.0,1.0,1.0,1.0,1.0,1.0,1.0,1.0,1.0,1.0,1.0,1.0,1.0,1.0,1.0,1.0,1.0
2648014,2,01/11/1952,1,5.2,49.5,17.0,17.0,1.0,1,0.0,974.3,2.0,4.2,3.2,2.6,4.3,2.4,0.0,0.0,2.2,2.2,1.2,2.6,0.0,0.0,0.0,0.0,0.0,5.2,2.6,4.2,2.2,4.2,0.0,0.0,2.5,0.0,0.0,0.0,1.2,0.0,2.5,,1.0,1.0,1.0,1.0,1.0,1.0,1.0,1.0,1.0,1.0,1.0,1.0,1.0,1.0,1.0,1.0,1.0,1.0,1.0,1.0,1.0,1.0,1.0,1.0,1.0,1.0,1.0,1.0,1.0,1.0,0.0
2648014,1,01/11/1952,1,5.2,49.5,17.0,17.0,1.0,1,0.0,810.7,1.0,4.2,3.2,2.6,4.3,2.4,0.0,0.0,2.2,2.2,1.2,2.6,0.0,0.0,0.0,0.0,0.0,5.2,2.6,4.2,2.2,4.2,0.0,0.0,2.5,0.0,0.0,0.0,1.2,0.0,2.5,,1.0,1.0,1.0,1.0,1.0,1.0,1.0,1.0,1.0,1.0,1.0,1.0,1.0,1.0,1.0,1.0,1.0,1.0,1.0,1.0,1.0,1.0,1.0,1.0,1.0,1.0,1.0,1.0,1.0,1.0,0.0
2648014,2,01/10/1952,1,30.5,142.2,28.0,14.0,1.0,1,0.0,974.3,2.0,0.0,0.0,0.0,0.0,0.0,0.0,7.0,5.5,0.0,0.0,0.0,0.0,21.5,5.4,0.0,0.0,0.0,7.0,6.4,0.0,29.5,6.2,0.0,0.0,0.0,7.6,2.0,30.5,7.2,4.2,2.2,1.0,1.0,1.0,1.0,1.0,1.0,1.0,1.0,1.0,1.0,1.0,1.0,1.0,1.0,1.0,1.0,1.0,1.0,1.0,1.0,1.0,1.0,1.0,1.0,1.0,1.0,1.0,1.0,1.0,1.0,1.0
2648014,1,01/10/1952,1,30.5,142.2,28.0,14.0,1.0,1,0.0,810.7,1.0,0.0,0.0,0.0,0.0,0.0,0.0,7.0,5.5,0.0,0.0,0.0,0.0,21.5,5.4,0.0,0.0,0.0,7.0,6.4,0.0,29.5,6.2,0.0,0.0,0.0,7.6,2.0,30.5,7.2,4.2,2.2,1.0,1.0,1.0,1.0,1.0,1.0,1.0,1.0,1.0,1.0,1.0,1.0,1.0,1.0,1.0,1.0,1.0,1.0,1.0,1.0,1.0,1.0,1.0,1.0,1.0,1.0,1.0,1.0,1.0,1.0,1.0
2648014,2,01/09/1952,1,,113.0,,,0.0,2,0.0,974.3,2.0,0.0,12.5,7.2,18.4,10.6,0.0,0.0,0.0,0.0,0.0,0.0,0.0,0.0,2.4,2.5,0.0,5.5,0.0,4.6,0.0,0.0,2.0,,,,,,,,,,1.0,1.0,1.0,1.0,1.0,1.0,1.0,1.0,1.0,1.0,1.0,1.0,1.0,1.0,1.0,1.0,1.0,1.0,1.0,1.0,1.0,1.0,0.0,0.0,0.0,0.0,0.0,0.0,0.0,0.0,0.0
2648014,1,01/09/1952,1,18.4,65.7,4.0,9.0,1.0,1,0.0,810.7,1.0,0.0,12.5,7.2,18.4,10.6,0.0,0.0,0.0,0.0,0.0,0.0,0.0,0.0,2.4,2.5,0.0,5.5,0.0,4.6,0.0,0.0,2.0,0.0,0.0,0.0,0.0,0.0,0.0,0.0,0.0,,1.0,1.0,1.0,1.0,1.0,1.0,1.0,1.0,1.0,1.0,1.0,1.0,1.0,1.0,1.0,1.0,1.0,1.0,1.0,1.0,1.0,1.0,1.0,1.0,1.0,1.0,1.0,1.0,1.0,1.0,0.0
2648014,2,01/08/1952,1,,18.0,,,0.0,2,0.0,974.3,2.0,0.0,0.0,0.2,,,,,,,,,,,,,,,,,,,,,1.2,0.0,0.0,0.2,0.0,0.0,0.0,0.0,1.0,1.0,1.0,0.0,0.0,0.0,0.0,0.0,0.0,0.0,0.0,0.0,0.0,0.0,0.0,0.0,0.0,0.0,0.0,0.0,0.0,0.0,0.0,1.0,1.0,1.0,1.0,1.0,1.0,1.0,1.0
2648014,1,01/08/1952,1,1.2,1.6,24.0,3.0,1.0,1,0.0,810.7,1.0,0.0,0.0,0.2,0.0,0.0,0.0,0.0,0.0,0.0,0.0,0.0,0.0,0.0,0.0,0.0,0.0,0.0,0.0,0.0,0.0,0.0,0.0,0.0,1.2,0.0,0.0,0.2,0.0,0.0,0.0,0.0,1.0,1.0,1.0,1.0,1.0,1.0,1.0,1.0,1.0,1.0,1.0,1.0,1.0,1.0,1.0,1.0,1.0,1.0,1.0,1.0,1.0,1.0,1.0,1.0,1.0,1.0,1.0,1.0,1.0,1.0,1.0
2648014,2,01/07/1952,1,,34.0,,,0.0,2,0.0,974.3,2.0,,,,,,,,,,,,,,2.4,0.0,0.0,0.0,0.0,0.0,0.0,0.0,6.2,0.0,0.0,0.0,0.0,0.0,0.0,0.0,0.0,0.0,0.0,0.0,0.0,0.0,0.0,0.0,0.0,0.0,0.0,0.0,0.0,0.0,0.0,1.0,1.0,1.0,1.0,1.0,1.0,1.0,1.0,1.0,1.0,1.0,1.0,1.0,1.0,1.0,1.0,1.0,1.0
2648014,1,01/07/1952,1,6.2,8.6,22.0,2.0,1.0,1,0.0,810.7,1.0,0.0,0.0,0.0,0.0,0.0,0.0,0.0,0.0,0.0,0.0,0.0,0.0,0.0,2.4,0.0,0.0,0.0,0.0,0.0,0.0,0.0,6.2,0.0,0.0,0.0,0.0,0.0,0.0,0.0,0.0,0.0,1.0,1.0,1.0,1.0,1.0,1.0,1.0,1.0,1.0,1.0,1.0,1.0,1.0,1.0,1.0,1.0,1.0,1.0,1.0,1.0,1.0,1.0,1.0,1.0,1.0,1.0,1.0,1.0,1.0,1.0,1.0
2648014,2,01/06/1952,1,26.4,70.0,17.0,11.0,1.0,1,0.0,974.3,2.0,0.0,0.0,0.4,0.0,5.6,4.2,1.5,0.0,1.4,0.0,0.0,0.0,0.0,10.6,2.4,12.2,26.4,0.0,0.0,0.0,0.0,0.0,0.0,0.0,0.0,0.0,0.0,0.0,2.1,3.2,,1.0,1.0,1.0,1.0,1.0,1.0,1.0,1.0,1.0,1.0,1.0,1.0,1.0,1.0,1.0,1.0,1.0,1.0,1.0,1.0,1.0,1.0,1.0,1.0,1.0,1.0,1.0,1.0,1.0,1.0,0.0
2648014,1,01/06/1952,1,26.4,70.0,17.0,11.0,1.0,1,0.0,810.7,1.0,0.0,0.0,0.4,0.0,5.6,4.2,1.5,0.0,1.4,0.0,0.0,0.0,0.0,10.6,2.4,12.2,26.4,0.0,0.0,0.0,0.0,0.0,0.0,0.0,0.0,0.0,0.0,0.0,2.1,3.2,,1.0,1.0,1.0,1.0,1.0,1.0,1.0,1.0,1.0,1.0,1.0,1.0,1.0,1.0,1.0,1.0,1.0,1.0,1.0,1.0,1.0,1.0,1.0,1.0,1.0,1.0,1.0,1.0,1.0,1.0,0.0
2648014,2,01/05/1952,1,22.2,54.0,27.0,5.0,1.0,1,0.0,974.3,2.0,0.0,0.0,0.0,0.0,0.0,0.0,0.0,0.0,0.0,0.0,0.0,0.0,0.0,0.0,0.0,0.0,0.0,0.0,0.0,0.0,0.0,0.0,3.4,12.8,0.0,11.4,22.2,0.0,4.2,0.0,0.0,1.0,1.0,1.0,1.0,1.0,1.0,1.0,1.0,1.0,1.0,1.0,1.0,1.0,1.0,1.0,1.0,1.0,1.0,1.0,1.0,1.0,1.0,1.0,1.0,1.0,1.0,1.0,1.0,1.0,1.0,1.0
2648014,1,01/05/1952,1,22.2,54.0,27.0,5.0,1.0,1,0.0,810.7,1.0,0.0,0.0,0.0,0.0,0.0,0.0,0.0,0.0,0.0,0.0,0.0,0.0,0.0,0.0,0.0,0.0,0.0,0.0,0.0,0.0,0.0,0.0,3.4,12.8,0.0,11.4,22.2,0.0,4.2,0.0,0.0,1.0,1.0,1.0,1.0,1.0,1.0,1.0,1.0,1.0,1.0,1.0,1.0,1.0,1.0,1.0,1.0,1.0,1.0,1.0,1.0,1.0,1.0,1.0,1.0,1.0,1.0,1.0,1.0,1.0,1.0,1.0
2648014,2,01/04/1952,1,14.4,24.2,10.0,4.0,1.0,1,0.0,974.3,2.0,6.2,0.0,0.0,0.0,0.0,2.2,1.4,0.0,0.0,14.4,0.0,0.0,0.0,0.0,0.0,0.0,0.0,0.0,0.0,0.0,0.0,0.0,0.0,0.0,0.0,0.0,0.0,0.0,0.0,0.0,,1.0,1.0,1.0,1.0,1.0,1.0,1.0,1.0,1.0,1.0,1.0,1.0,1.0,1.0,1.0,1.0,1.0,1.0,1.0,1.0,1.0,1.0,1.0,1.0,1.0,1.0,1.0,1.0,1.0,1.0,0.0
2648014,1,01/04/1952,1,14.4,24.2,10.0,4.0,1.0,1,0.0,810.7,1.0,6.2,0.0,0.0,0.0,0.0,2.2,1.4,0.0,0.0,14.4,0.0,0.0,0.0,0.0,0.0,0.0,0.0,0.0,0.0,0.0,0.0,0.0,0.0,0.0,0.0,0.0,0.0,0.0,0.0,0.0,,1.0,1.0,1.0,1.0,1.0,1.0,1.0,1.0,1.0,1.0,1.0,1.0,1.0,1.0,1.0,1.0,1.0,1.0,1.0,1.0,1.0,1.0,1.0,1.0,1.0,1.0,1.0,1.0,1.0,1.0,0.0
2648014,2,01/03/1952,1,10.5,75.2,19.0,15.0,1.0,1,0.0,974.3,2.0,0.0,7.2,0.0,6.2,5.8,0.0,0.0,0.0,3.2,3.1,6.2,0.0,0.0,6.3,7.4,6.2,2.2,1.5,10.5,2.4,0.0,0.0,0.0,0.0,0.0,0.0,0.0,2.4,4.6,0.0,0.0,1.0,1.0,1.0,1.0,1.0,1.0,1.0,1.0,1.0,1.0,1.0,1.0,1.0,1.0,1.0,1.0,1.0,1.0,1.0,1.0,1.0,1.0,1.0,1.0,1.0,1.0,1.0,1.0,1.0,1.0,1.0
2648014,1,01/03/1952,1,10.5,75.2,19.0,15.0,1.0,1,0.0,810.7,1.0,0.0,7.2,0.0,6.2,5.8,0.0,0.0,0.0,3.2,3.1,6.2,0.0,0.0,6.3,7.4,6.2,2.2,1.5,10.5,2.4,0.0,0.0,0.0,0.0,0.0,0.0,0.0,2.4,4.6,0.0,0.0,1.0,1.0,1.0,1.0,1.0,1.0,1.0,1.0,1.0,1.0,1.0,1.0,1.0,1.0,1.0,1.0,1.0,1.0,1.0,1.0,1.0,1.0,1.0,1.0,1.0,1.0,1.0,1.0,1.0,1.0,1.0
2648014,2,01/02/1952,1,21.6,54.3,6.0,8.0,1.0,1,0.0,974.3,2.0,2.5,1.4,0.0,0.0,0.0,21.6,7.0,0.0,0.0,0.0,0.0,0.0,0.0,0.0,0.0,0.0,0.0,0.0,7.0,0.3,0.0,0.0,0.0,0.0,0.0,0.0,8.5,6.0,0.0,,,1.0,1.0,1.0,1.0,1.0,1.0,1.0,1.0,1.0,1.0,1.0,1.0,1.0,1.0,1.0,1.0,1.0,1.0,1.0,1.0,1.0,1.0,1.0,1.0,1.0,1.0,1.0,1.0,1.0,0.0,0.0
2648014,1,01/02/1952,1,21.6,54.3,6.0,8.0,1.0,1,0.0,810.7,1.0,2.5,1.4,0.0,0.0,0.0,21.6,7.0,0.0,0.0,0.0,0.0,0.0,0.0,0.0,0.0,0.0,0.0,0.0,7.0,0.3,0.0,0.0,0.0,0.0,0.0,0.0,8.5,6.0,0.0,,,1.0,1.0,1.0,1.0,1.0,1.0,1.0,1.0,1.0,1.0,1.0,1.0,1.0,1.0,1.0,1.0,1.0,1.0,1.0,1.0,1.0,1.0,1.0,1.0,1.0,1.0,1.0,1.0,1.0,0.0,0.0
2648014,2,01/01/1952,1,94.4,191.9,25.0,9.0,1.0,1,0.0,974.3,2.0,0.0,0.0,0.0,0.0,0.0,0.0,7.3,0.0,0.0,0.0,0.0,28.4,0.0,0.0,0.0,0.0,0.0,0.0,0.0,0.0,1.1,0.0,2.2,24.5,94.4,14.8,6.8,0.0,0.0,0.0,12.4,1.0,1.0,1.0,1.0,1.0,1.0,1.0,1.0,1.0,1.0,1.0,1.0,1.0,1.0,1.0,1.0,1.0,1.0,1.0,1.0,1.0,1.0,1.0,1.0,1.0,1.0,1.0,1.0,1.0,1.0,1.0
2648014,1,01/01/1952,1,94.4,191.9,25.0,9.0,1.0,1,0.0,810.7,1.0,0.0,0.0,0.0,0.0,0.0,0.0,7.3,0.0,0.0,0.0,0.0,28.4,0.0,0.0,0.0,0.0,0.0,0.0,0.0,0.0,1.1,0.0,2.2,24.5,94.4,14.8,6.8,0.0,0.0,0.0,12.4,1.0,1.0,1.0,1.0,1.0,1.0,1.0,1.0,1.0,1.0,1.0,1.0,1.0,1.0,1.0,1.0,1.0,1.0,1.0,1.0,1.0,1.0,1.0,1.0,1.0,1.0,1.0,1.0,1.0,1.0,1.0
2648014,2,01/12/1951,1,14.6,97.3,14.0,15.0,1.0,1,0.0,921.9,3.0,0.0,14.4,8.6,12.4,2.4,0.0,0.0,0.0,0.0,1.6,1.2,2.4,0.0,14.6,10.2,14.2,6.2,1.0,0.0,0.0,0.0,1.5,0.0,0.0,0.0,2.4,4.2,0.0,0.0,0.0,0.0,1.0,1.0,1.0,1.0,1.0,1.0,1.0,1.0,1.0,1.0,1.0,1.0,1.0,1.0,1.0,1.0,1.0,1.0,1.0,1.0,1.0,1.0,1.0,1.0,1.0,1.0,1.0,1.0,1.0,1.0,1.0
2648014,1,01/12/1951,1,14.6,97.3,14.0,15.0,1.0,1,0.0,872.4,1.0,0.0,14.4,8.6,12.4,2.4,0.0,0.0,0.0,0.0,1.6,1.2,2.4,0.0,14.6,10.2,14.2,6.2,1.0,0.0,0.0,0.0,1.5,0.0,0.0,0.0,2.4,4.2,0.0,0.0,0.0,0.0,1.0,1.0,1.0,1.0,1.0,1.0,1.0,1.0,1.0,1.0,1.0,1.0,1.0,1.0,1.0,1.0,1.0,1.0,1.0,1.0,1.0,1.0,1.0,1.0,1.0,1.0,1.0,1.0,1.0,1.0,1.0
2648014,2,01/11/1951,1,14.6,60.5,13.0,16.0,1.0,1,0.0,921.9,3.0,0.0,0.0,0.0,0.0,0.2,6.8,0.0,4.3,2.4,1.2,0.4,0.0,14.6,6.4,4.4,0.0,0.0,0.6,0.8,0.0,1.2,2.2,6.4,6.2,0.0,0.0,0.0,0.0,2.4,0.0,,1.0,1.0,1.0,1.0,1.0,1.0,1.0,1.0,1.0,1.0,1.0,1.0,1.0,1.0,1.0,1.0,1.0,1.0,1.0,1.0,1.0,1.0,1.0,1.0,1.0,1.0,1.0,1.0,1.0,1.0,0.0
2648014,1,01/11/1951,1,14.6,60.5,13.0,16.0,1.0,1,0.0,872.4,1.0,0.0,0.0,0.0,0.0,0.2,6.8,0.0,4.3,2.4,1.2,0.4,0.0,14.6,6.4,4.4,0.0,0.0,0.6,0.8,0.0,1.2,2.2,6.4,6.2,0.0,0.0,0.0,0.0,2.4,0.0,,1.0,1.0,1.0,1.0,1.0,1.0,1.0,1.0,1.0,1.0,1.0,1.0,1.0,1.0,1.0,1.0,1.0,1.0,1.0,1.0,1.0,1.0,1.0,1.0,1.0,1.0,1.0,1.0,1.0,1.0,0.0
2648014,2,01/10/1951,1,22.4,178.1,17.0,15.0,1.0,1,0.0,921.9,3.0,0.0,0.0,0.0,3.2,1.4,21.6,0.0,0.0,0.0,0.0,0.0,2.4,2.2,14.2,16.4,0.0,22.4,20.4,16.2,0.0,0.0,14.4,6.2,4.2,18.3,0.0,0.0,14.6,0.0,0.0,0.0,1.0,1.0,1.0,1.0,1.0,1.0,1.0,1.0,1.0,1.0,1.0,1.0,1.0,1.0,1.0,1.0,1.0,1.0,1.0,1.0,1.0,1.0,1.0,1.0,1.0,1.0,1.0,1.0,1.0,1.0,1.0
2648014,1,01/10/1951,1,22.4,178.1,17.0,15.0,1.0,1,0.0,872.4,1.0,0.0,0.0,0.0,3.2,1.4,21.6,0.0,0.0,0.0,0.0,0.0,2.4,2.2,14.2,16.4,0.0,22.4,20.4,16.2,0.0,0.0,14.4,6.2,4.2,18.3,0.0,0.0,14.6,0.0,0.0,0.0,1.0,1.0,1.0,1.0,1.0,1.0,1.0,1.0,1.0,1.0,1.0,1.0,1.0,1.0,1.0,1.0,1.0,1.0,1.0,1.0,1.0,1.0,1.0,1.0,1.0,1.0,1.0,1.0,1.0,1.0,1.0
2648014,2,01/09/1951,1,27.4,71.6,17.0,6.0,1.0,1,0.0,921.9,3.0,0.0,0.0,0.0,0.0,0.0,0.0,0.0,0.0,0.0,0.0,0.0,0.0,0.0,0.0,0.0,17.2,27.4,14.2,6.4,0.0,0.0,0.0,0.0,2.2,4.2,0.0,0.0,0.0,0.0,0.0,,1.0,1.0,1.0,1.0,1.0,1.0,1.0,1.0,1.0,1.0,1.0,1.0,1.0,1.0,1.0,1.0,1.0,1.0,1.0,1.0,1.0,1.0,1.0,1.0,1.0,1.0,1.0,1.0,1.0,1.0,0.0
2648014,1,01/09/1951,1,27.4,71.6,17.0,6.0,1.0,1,0.0,872.4,1.0,0.0,0.0,0.0,0.0,0.0,0.0,0.0,0.0,0.0,0.0,0.0,0.0,0.0,0.0,0.0,17.2,27.4,14.2,6.4,0.0,0.0,0.0,0.0,2.2,4.2,0.0,0.0,0.0,0.0,0.0,,1.0,1.0,1.0,1.0,1.0,1.0,1.0,1.0,1.0,1.0,1.0,1.0,1.0,1.0,1.0,1.0,1.0,1.0,1.0,1.0,1.0,1.0,1.0,1.0,1.0,1.0,1.0,1.0,1.0,1.0,0.0
2648014,2,01/08/1951,1,5.2,8.0,23.0,5.0,1.0,1,0.0,921.9,3.0,0.0,0.0,0.0,0.0,1.0,0.0,0.1,0.0,0.0,0.0,0.0,0.2,1.5,0.0,0.0,0.0,0.0,0.0,0.0,0.0,0.0,0.0,5.2,0.0,0.0,0.0,0.0,0.0,0.0,0.0,0.0,1.0,1.0,1.0,1.0,1.0,1.0,1.0,1.0,1.0,1.0,1.0,1.0,1.0,1.0,1.0,1.0,1.0,1.0,1.0,1.0,1.0,1.0,1.0,1.0,1.0,1.0,1.0,1.0,1.0,1.0,1.0
2648014,1,01/08/1951,1,5.2,8.0,23.0,5.0,1.0,1,0.0,872.4,1.0,0.0,0.0,0.0,0.0,1.0,0.0,0.1,0.0,0.0,0.0,0.0,0.2,1.5,0.0,0.0,0.0,0.0,0.0,0.0,0.0,0.0,0.0,5.2,0.0,0.0,0.0,0.0,0.0,0.0,0.0,0.0,1.0,1.0,1.0,1.0,1.0,1.0,1.0,1.0,1.0,1.0,1.0,1.0,1.0,1.0,1.0,1.0,1.0,1.0,1.0,1.0,1.0,1.0,1.0,1.0,1.0,1.0,1.0,1.0,1.0,1.0,1.0
2648014,2,01/07/1951,1,43.0,55.0,8.0,2.0,1.0,1,0.0,921.9,3.0,0.0,0.0,0.0,12.0,0.0,0.0,0.0,43.0,0.0,0.0,0.0,0.0,0.0,0.0,0.0,0.0,0.0,0.0,0.0,0.0,0.0,0.0,0.0,0.0,0.0,0.0,0.0,0.0,0.0,0.0,0.0,1.0,1.0,1.0,1.0,1.0,1.0,1.0,1.0,1.0,1.0,1.0,1.0,1.0,1.0,1.0,1.0,1.0,1.0,1.0,1.0,1.0,1.0,1.0,1.0,1.0,1.0,1.0,1.0,1.0,1.0,1.0
2648014,1,01/07/1951,1,4.3,5.5,8.0,2.0,1.0,1,0.0,872.4,1.0,0.0,0.0,0.0,1.2,0.0,0.0,0.0,4.3,0.0,0.0,0.0,0.0,0.0,0.0,0.0,0.0,0.0,0.0,0.0,0.0,0.0,0.0,0.0,0.0,0.0,0.0,0.0,0.0,0.0,0.0,0.0,1.0,1.0,1.0,1.0,1.0,1.0,1.0,1.0,1.0,1.0,1.0,1.0,1.0,1.0,1.0,1.0,1.0,1.0,1.0,1.0,1.0,1.0,1.0,1.0,1.0,1.0,1.0,1.0,1.0,1.0,1.0
2648014,2,01/06/1951,1,10.2,29.4,27.0,5.0,1.0,1,0.0,921.9,3.0,0.0,0.0,0.0,0.0,0.0,4.2,0.0,0.0,0.0,0.0,0.0,0.0,0.0,0.0,0.0,0.0,0.0,4.4,0.0,0.0,0.0,0.0,0.0,0.0,0.0,6.4,10.2,0.0,0.0,4.2,,1.0,1.0,1.0,1.0,1.0,1.0,1.0,1.0,1.0,1.0,1.0,1.0,1.0,1.0,1.0,1.0,1.0,1.0,1.0,1.0,1.0,1.0,1.0,1.0,1.0,1.0,1.0,1.0,1.0,1.0,0.0
2648014,1,01/06/1951,1,10.2,29.4,27.0,5.0,1.0,1,0.0,872.4,1.0,0.0,0.0,0.0,0.0,0.0,4.2,0.0,0.0,0.0,0.0,0.0,0.0,0.0,0.0,0.0,0.0,0.0,4.4,0.0,0.0,0.0,0.0,0.0,0.0,0.0,6.4,10.2,0.0,0.0,4.2,,1.0,1.0,1.0,1.0,1.0,1.0,1.0,1.0,1.0,1.0,1.0,1.0,1.0,1.0,1.0,1.0,1.0,1.0,1.0,1.0,1.0,1.0,1.0,1.0,1.0,1.0,1.0,1.0,1.0,1.0,0.0
2648014,2,01/05/1951,1,14.4,22.1,29.0,3.0,1.0,1,0.0,921.9,3.0,0.0,0.0,0.0,0.0,0.0,0.0,0.0,0.0,0.0,0.0,0.0,0.0,0.0,0.0,0.0,0.0,0.0,0.0,0.0,4.2,0.0,3.5,0.0,0.0,0.0,0.0,0.0,0.0,14.4,0.0,0.0,1.0,1.0,1.0,1.0,1.0,1.0,1.0,1.0,1.0,1.0,1.0,1.0,1.0,1.0,1.0,1.0,1.0,1.0,1.0,1.0,1.0,1.0,1.0,1.0,1.0,1.0,1.0,1.0,1.0,1.0,1.0
2648014,1,01/05/1951,1,14.4,22.1,29.0,3.0,1.0,1,0.0,872.4,1.0,0.0,0.0,0.0,0.0,0.0,0.0,0.0,0.0,0.0,0.0,0.0,0.0,0.0,0.0,0.0,0.0,0.0,0.0,0.0,4.2,0.0,3.5,0.0,0.0,0.0,0.0,0.0,0.0,14.4,0.0,0.0,1.0,1.0,1.0,1.0,1.0,1.0,1.0,1.0,1.0,1.0,1.0,1.0,1.0,1.0,1.0,1.0,1.0,1.0,1.0,1.0,1.0,1.0,1.0,1.0,1.0,1.0,1.0,1.0,1.0,1.0,1.0
2648014,2,01/04/1951,1,7.6,26.0,25.0,7.0,1.0,1,0.0,921.9,3.0,2.4,0.0,0.0,0.0,0.0,0.0,0.0,0.0,4.6,0.0,0.0,0.0,0.0,3.6,3.2,0.0,0.0,0.0,0.0,0.0,0.0,0.0,0.4,0.0,7.6,0.0,0.0,0.0,4.2,0.0,,1.0,1.0,1.0,1.0,1.0,1.0,1.0,1.0,1.0,1.0,1.0,1.0,1.0,1.0,1.0,1.0,1.0,1.0,1.0,1.0,1.0,1.0,1.0,1.0,1.0,1.0,1.0,1.0,1.0,1.0,0.0
2648014,1,01/04/1951,1,7.6,26.0,25.0,7.0,1.0,1,0.0,872.4,1.0,2.4,0.0,0.0,0.0,0.0,0.0,0.0,0.0,4.6,0.0,0.0,0.0,0.0,3.6,3.2,0.0,0.0,0.0,0.0,0.0,0.0,0.0,0.4,0.0,7.6,0.0,0.0,0.0,4.2,0.0,,1.0,1.0,1.0,1.0,1.0,1.0,1.0,1.0,1.0,1.0,1.0,1.0,1.0,1.0,1.0,1.0,1.0,1.0,1.0,1.0,1.0,1.0,1.0,1.0,1.0,1.0,1.0,1.0,1.0,1.0,0.0
2648014,2,01/03/1951,1,14.4,48.8,20.0,11.0,1.0,1,0.0,921.9,3.0,4.2,0.0,0.0,1.4,2.6,1.8,4.3,2.2,4.6,0.0,0.0,0.0,0.0,0.0,0.0,0.0,0.0,0.0,0.0,14.4,2.1,0.0,0.0,0.0,0.0,0.0,0.0,0.0,0.0,4.8,6.4,1.0,1.0,1.0,1.0,1.0,1.0,1.0,1.0,1.0,1.0,1.0,1.0,1.0,1.0,1.0,1.0,1.0,1.0,1.0,1.0,1.0,1.0,1.0,1.0,1.0,1.0,1.0,1.0,1.0,1.0,1.0
2648014,1,01/03/1951,1,14.4,48.8,20.0,11.0,1.0,1,0.0,872.4,1.0,4.2,0.0,0.0,1.4,2.6,1.8,4.3,2.2,4.6,0.0,0.0,0.0,0.0,0.0,0.0,0.0,0.0,0.0,0.0,14.4,2.1,0.0,0.0,0.0,0.0,0.0,0.0,0.0,0.0,4.8,6.4,1.0,1.0,1.0,1.0,1.0,1.0,1.0,1.0,1.0,1.0,1.0,1.0,1.0,1.0,1.0,1.0,1.0,1.0,1.0,1.0,1.0,1.0,1.0,1.0,1.0,1.0,1.0,1.0,1.0,1.0,1.0
2648014,2,01/02/1951,1,18.4,182.8,6.0,27.0,1.0,1,0.0,921.9,3.0,2.1,2.2,4.2,6.4,6.2,18.4,10.8,14.4,4.1,3.3,4.2,2.1,0.0,4.6,2.2,6.0,11.4,10.2,2.4,14.6,16.4,18.2,4.6,2.4,4.2,1.6,4.2,1.4,,,,1.0,1.0,1.0,1.0,1.0,1.0,1.0,1.0,1.0,1.0,1.0,1.0,1.0,1.0,1.0,1.0,1.0,1.0,1.0,1.0,1.0,1.0,1.0,1.0,1.0,1.0,1.0,1.0,0.0,0.0,0.0
2648014,1,01/02/1951,1,18.4,182.8,6.0,27.0,1.0,1,0.0,872.4,1.0,2.1,2.2,4.2,6.4,6.2,18.4,10.8,14.4,4.1,3.3,4.2,2.1,0.0,4.6,2.2,6.0,11.4,10.2,2.4,14.6,16.4,18.2,4.6,2.4,4.2,1.6,4.2,1.4,,,,1.0,1.0,1.0,1.0,1.0,1.0,1.0,1.0,1.0,1.0,1.0,1.0,1.0,1.0,1.0,1.0,1.0,1.0,1.0,1.0,1.0,1.0,1.0,1.0,1.0,1.0,1.0,1.0,0.0,0.0,0.0
2648014,2,01/01/1951,1,33.6,142.3,19.0,24.0,1.0,3,0.0,921.9,3.0,2.2,0.0,6.4,2.6,3.2,4.2,0.0,0.0,0.0,0.0,0.0,2.2,3.2,0.0,4.2,6.4,6.6,2.4,33.6,4.2,6.4,4.2,6.4,6.2,4.6,8.4,6.4,4.2,3.4,6.6,4.1,1.0,1.0,1.0,1.0,1.0,1.0,1.0,1.0,1.0,1.0,1.0,1.0,1.0,1.0,1.0,1.0,1.0,1.0,1.0,1.0,1.0,1.0,1.0,1.0,1.0,1.0,1.0,1.0,1.0,1.0,1.0
2648014,1,01/01/1951,1,33.6,142.3,19.0,24.0,1.0,1,0.0,872.4,1.0,2.2,0.0,6.4,2.6,3.2,4.2,0.0,0.0,0.0,0.0,0.0,2.2,3.2,0.0,4.2,6.4,6.6,2.4,33.6,4.2,6.4,4.2,6.4,6.2,4.6,8.4,6.4,4.2,3.4,6.6,4.1,1.0,1.0,1.0,1.0,1.0,1.0,1.0,1.0,1.0,1.0,1.0,1.0,1.0,1.0,1.0,1.0,1.0,1.0,1.0,1.0,1.0,1.0,1.0,1.0,1.0,1.0,1.0,1.0,1.0,1.0,1.0
2648014,2,01/12/1950,1,6.2,62.3,29.0,20.0,1.0,1,0.0,870.9,3.0,4.4,2.4,3.1,4.2,4.4,2.6,4.2,3.2,2.4,2.8,0.0,0.0,2.2,4.3,0.0,0.0,0.0,0.0,0.0,0.0,0.0,0.0,4.2,2.4,1.8,2.2,1.0,2.1,6.2,0.0,2.2,1.0,1.0,1.0,1.0,1.0,1.0,1.0,1.0,1.0,1.0,1.0,1.0,1.0,1.0,1.0,1.0,1.0,1.0,1.0,1.0,1.0,1.0,1.0,1.0,1.0,1.0,1.0,1.0,1.0,1.0,1.0
2648014,1,01/12/1950,1,6.2,62.3,29.0,20.0,1.0,1,0.0,870.9,1.0,4.4,2.4,3.1,4.2,4.4,2.6,4.2,3.2,2.4,2.8,0.0,0.0,2.2,4.3,0.0,0.0,0.0,0.0,0.0,0.0,0.0,0.0,4.2,2.4,1.8,2.2,1.0,2.1,6.2,0.0,2.2,1.0,1.0,1.0,1.0,1.0,1.0,1.0,1.0,1.0,1.0,1.0,1.0,1.0,1.0,1.0,1.0,1.0,1.0,1.0,1.0,1.0,1.0,1.0,1.0,1.0,1.0,1.0,1.0,1.0,1.0,1.0
2648014,2,01/11/1950,1,6.2,41.2,13.0,12.0,1.0,1,0.0,870.9,3.0,0.0,0.0,0.0,0.0,0.0,0.0,0.0,0.0,0.0,2.4,2.6,4.4,6.2,0.0,0.0,0.0,0.0,3.2,4.4,6.2,0.0,2.2,1.4,0.0,0.0,0.0,3.4,2.6,0.0,2.2,,1.0,1.0,1.0,1.0,1.0,1.0,1.0,1.0,1.0,1.0,1.0,1.0,1.0,1.0,1.0,1.0,1.0,1.0,1.0,1.0,1.0,1.0,1.0,1.0,1.0,1.0,1.0,1.0,1.0,1.0,0.0
2648014,1,01/11/1950,1,6.2,41.2,13.0,12.0,1.0,1,0.0,870.9,1.0,0.0,0.0,0.0,0.0,0.0,0.0,0.0,0.0,0.0,2.4,2.6,4.4,6.2,0.0,0.0,0.0,0.0,3.2,4.4,6.2,0.0,2.2,1.4,0.0,0.0,0.0,3.4,2.6,0.0,2.2,,1.0,1.0,1.0,1.0,1.0,1.0,1.0,1.0,1.0,1.0,1.0,1.0,1.0,1.0,1.0,1.0,1.0,1.0,1.0,1.0,1.0,1.0,1.0,1.0,1.0,1.0,1.0,1.0,1.0,1.0,0.0
2648014,2,01/10/1950,1,14.2,67.4,16.0,14.0,1.0,1,0.0,870.9,3.0,0.0,0.0,0.0,0.0,3.2,2.2,0.0,0.0,2.2,0.0,3.2,2.6,4.4,6.2,8.4,14.2,0.0,7.2,4.4,2.6,4.4,0.0,0.0,0.0,0.0,0.0,0.0,0.0,2.2,0.0,0.0,1.0,1.0,1.0,1.0,1.0,1.0,1.0,1.0,1.0,1.0,1.0,1.0,1.0,1.0,1.0,1.0,1.0,1.0,1.0,1.0,1.0,1.0,1.0,1.0,1.0,1.0,1.0,1.0,1.0,1.0,1.0
2648014,1,01/10/1950,1,14.2,67.4,16.0,14.0,1.0,1,0.0,870.9,1.0,0.0,0.0,0.0,0.0,3.2,2.2,0.0,0.0,2.2,0.0,3.2,2.6,4.4,6.2,8.4,14.2,0.0,7.2,4.4,2.6,4.4,0.0,0.0,0.0,0.0,0.0,0.0,0.0,2.2,0.0,0.0,1.0,1.0,1.0,1.0,1.0,1.0,1.0,1.0,1.0,1.0,1.0,1.0,1.0,1.0,1.0,1.0,1.0,1.0,1.0,1.0,1.0,1.0,1.0,1.0,1.0,1.0,1.0,1.0,1.0,1.0,1.0
2648014,2,01/09/1950,1,21.6,49.2,23.0,9.0,1.0,1,0.0,870.9,3.0,0.0,0.0,0.0,0.0,0.0,0.0,0.0,7.2,4.2,0.0,0.0,0.0,0.0,0.0,0.0,1.4,0.0,0.0,0.0,0.0,12.2,2.2,21.6,0.2,0.1,0.0,0.0,0.0,0.0,0.1,,1.0,1.0,1.0,1.0,1.0,1.0,1.0,1.0,1.0,1.0,1.0,1.0,1.0,1.0,1.0,1.0,1.0,1.0,1.0,1.0,1.0,1.0,1.0,1.0,1.0,1.0,1.0,1.0,1.0,1.0,0.0
2648014,1,01/09/1950,1,21.6,49.2,23.0,9.0,1.0,1,0.0,870.9,1.0,0.0,0.0,0.0,0.0,0.0,0.0,0.0,7.2,4.2,0.0,0.0,0.0,0.0,0.0,0.0,1.4,0.0,0.0,0.0,0.0,12.2,2.2,21.6,0.2,0.1,0.0,0.0,0.0,0.0,0.1,,1.0,1.0,1.0,1.0,1.0,1.0,1.0,1.0,1.0,1.0,1.0,1.0,1.0,1.0,1.0,1.0,1.0,1.0,1.0,1.0,1.0,1.0,1.0,1.0,1.0,1.0,1.0,1.0,1.0,1.0,0.0
2648014,2,01/08/1950,1,11.2,31.2,13.0,9.0,1.0,1,0.0,870.9,3.0,0.0,0.0,3.3,7.2,2.2,0.0,0.0,0.0,1.2,1.4,3.2,0.4,11.2,1.1,0.0,0.0,0.0,0.0,0.0,0.0,0.0,0.0,0.0,0.0,0.0,0.0,0.0,0.0,0.0,0.0,0.0,1.0,1.0,1.0,1.0,1.0,1.0,1.0,1.0,1.0,1.0,1.0,1.0,1.0,1.0,1.0,1.0,1.0,1.0,1.0,1.0,1.0,1.0,1.0,1.0,1.0,1.0,1.0,1.0,1.0,1.0,1.0
2648014,1,01/08/1950,1,11.2,31.2,13.0,9.0,1.0,1,0.0,870.9,1.0,0.0,0.0,3.3,7.2,2.2,0.0,0.0,0.0,1.2,1.4,3.2,0.4,11.2,1.1,0.0,0.0,0.0,0.0,0.0,0.0,0.0,0.0,0.0,0.0,0.0,0.0,0.0,0.0,0.0,0.0,0.0,1.0,1.0,1.0,1.0,1.0,1.0,1.0,1.0,1.0,1.0,1.0,1.0,1.0,1.0,1.0,1.0,1.0,1.0,1.0,1.0,1.0,1.0,1.0,1.0,1.0,1.0,1.0,1.0,1.0,1.0,1.0
2648014,2,01/07/1950,1,10.4,20.0,9.0,5.0,1.0,1,0.0,870.9,3.0,0.0,0.0,0.0,2.2,0.0,0.0,2.8,2.6,10.4,2.0,0.0,0.0,0.0,0.0,0.0,0.0,0.0,0.0,0.0,0.0,0.0,0.0,0.0,0.0,0.0,0.0,0.0,0.0,0.0,0.0,0.0,1.0,1.0,1.0,1.0,1.0,1.0,1.0,1.0,1.0,1.0,1.0,1.0,1.0,1.0,1.0,1.0,1.0,1.0,1.0,1.0,1.0,1.0,1.0,1.0,1.0,1.0,1.0,1.0,1.0,1.0,1.0
2648014,1,01/07/1950,1,10.4,20.0,9.0,5.0,1.0,1,0.0,870.9,1.0,0.0,0.0,0.0,2.2,0.0,0.0,2.8,2.6,10.4,2.0,0.0,0.0,0.0,0.0,0.0,0.0,0.0,0.0,0.0,0.0,0.0,0.0,0.0,0.0,0.0,0.0,0.0,0.0,0.0,0.0,0.0,1.0,1.0,1.0,1.0,1.0,1.0,1.0,1.0,1.0,1.0,1.0,1.0,1.0,1.0,1.0,1.0,1.0,1.0,1.0,1.0,1.0,1.0,1.0,1.0,1.0,1.0,1.0,1.0,1.0,1.0,1.0
2648014,2,01/06/1950,1,13.5,55.1,7.0,8.0,1.0,1,0.0,870.9,3.0,7.2,12.2,0.0,0.0,0.0,3.2,13.5,1.2,0.0,0.0,0.0,0.0,10.5,0.1,0.0,0.0,0.0,0.0,0.0,0.0,0.0,0.0,7.2,0.0,0.0,0.0,0.0,0.0,0.0,0.0,,1.0,1.0,1.0,1.0,1.0,1.0,1.0,1.0,1.0,1.0,1.0,1.0,1.0,1.0,1.0,1.0,1.0,1.0,1.0,1.0,1.0,1.0,1.0,1.0,1.0,1.0,1.0,1.0,1.0,1.0,0.0
2648014,1,01/06/1950,1,13.5,55.1,7.0,8.0,1.0,1,0.0,870.9,1.0,7.2,12.2,0.0,0.0,0.0,3.2,13.5,1.2,0.0,0.0,0.0,0.0,10.5,0.1,0.0,0.0,0.0,0.0,0.0,0.0,0.0,0.0,7.2,0.0,0.0,0.0,0.0,0.0,0.0,0.0,,1.0,1.0,1.0,1.0,1.0,1.0,1.0,1.0,1.0,1.0,1.0,1.0,1.0,1.0,1.0,1.0,1.0,1.0,1.0,1.0,1.0,1.0,1.0,1.0,1.0,1.0,1.0,1.0,1.0,1.0,0.0
2648014,2,01/05/1950,1,24.2,38.7,20.0,5.0,1.0,1,0.0,870.9,3.0,0.0,0.0,9.9,0.2,0.0,0.0,0.0,0.0,0.0,0.0,0.0,0.0,0.0,0.0,0.0,0.0,0.0,0.0,2.2,24.2,0.0,0.0,0.0,0.0,0.0,0.0,0.0,0.0,0.0,0.0,2.2,1.0,1.0,1.0,1.0,1.0,1.0,1.0,1.0,1.0,1.0,1.0,1.0,1.0,1.0,1.0,1.0,1.0,1.0,1.0,1.0,1.0,1.0,1.0,1.0,1.0,1.0,1.0,1.0,1.0,1.0,1.0
2648014,1,01/05/1950,1,24.2,38.7,20.0,5.0,1.0,1,0.0,870.9,1.0,0.0,0.0,9.9,0.2,0.0,0.0,0.0,0.0,0.0,0.0,0.0,0.0,0.0,0.0,0.0,0.0,0.0,0.0,2.2,24.2,0.0,0.0,0.0,0.0,0.0,0.0,0.0,0.0,0.0,0.0,2.2,1.0,1.0,1.0,1.0,1.0,1.0,1.0,1.0,1.0,1.0,1.0,1.0,1.0,1.0,1.0,1.0,1.0,1.0,1.0,1.0,1.0,1.0,1.0,1.0,1.0,1.0,1.0,1.0,1.0,1.0,1.0
2648014,2,01/04/1950,1,21.0,90.5,12.0,15.0,1.0,1,0.0,870.9,3.0,0.8,2.4,18.2,4.2,3.4,0.8,4.2,2.2,6.4,2.4,0.0,21.0,0.0,0.0,14.1,5.0,5.1,0.3,0.0,0.0,0.0,0.0,0.0,0.0,0.0,0.0,0.0,0.0,0.0,0.0,,1.0,1.0,1.0,1.0,1.0,1.0,1.0,1.0,1.0,1.0,1.0,1.0,1.0,1.0,1.0,1.0,1.0,1.0,1.0,1.0,1.0,1.0,1.0,1.0,1.0,1.0,1.0,1.0,1.0,1.0,0.0
2648014,1,01/04/1950,1,21.0,90.5,12.0,15.0,1.0,1,0.0,870.9,1.0,0.8,2.4,18.2,4.2,3.4,0.8,4.2,2.2,6.4,2.4,0.0,21.0,0.0,0.0,14.1,5.0,5.1,0.3,0.0,0.0,0.0,0.0,0.0,0.0,0.0,0.0,0.0,0.0,0.0,0.0,,1.0,1.0,1.0,1.0,1.0,1.0,1.0,1.0,1.0,1.0,1.0,1.0,1.0,1.0,1.0,1.0,1.0,1.0,1.0,1.0,1.0,1.0,1.0,1.0,1.0,1.0,1.0,1.0,1.0,1.0,0.0
2648014,2,01/03/1950,1,27.0,154.5,5.0,25.0,1.0,3,0.0,870.9,3.0,0.0,8.2,13.0,3.0,27.0,8.2,0.0,11.2,4.2,6.4,13.2,4.6,3.2,6.4,5.2,2.2,4.2,2.4,2.2,0.0,0.0,0.0,0.0,3.0,5.7,2.2,7.2,2.4,2.0,4.2,3.0,1.0,1.0,1.0,1.0,1.0,1.0,1.0,1.0,1.0,1.0,1.0,1.0,1.0,1.0,1.0,1.0,1.0,1.0,1.0,1.0,1.0,1.0,1.0,1.0,1.0,1.0,1.0,1.0,1.0,1.0,1.0
2648014,1,01/03/1950,1,27.0,154.5,5.0,25.0,1.0,1,0.0,870.9,1.0,0.0,8.2,13.0,3.0,27.0,8.2,0.0,11.2,4.2,6.4,13.2,4.6,3.2,6.4,5.2,2.2,4.2,2.4,2.2,0.0,0.0,0.0,0.0,3.0,5.7,2.2,7.2,2.4,2.0,4.2,3.0,1.0,1.0,1.0,1.0,1.0,1.0,1.0,1.0,1.0,1.0,1.0,1.0,1.0,1.0,1.0,1.0,1.0,1.0,1.0,1.0,1.0,1.0,1.0,1.0,1.0,1.0,1.0,1.0,1.0,1.0,1.0
2648014,2,01/02/1950,1,17.2,97.8,14.0,14.0,1.0,1,0.0,870.9,3.0,0.0,0.0,0.0,0.0,0.0,14.2,6.4,2.2,0.0,0.0,8.2,0.0,0.0,17.2,2.2,1.2,1.0,5.4,4.2,12.4,10.6,6.4,6.2,0.0,0.0,0.0,0.0,0.0,,,,1.0,1.0,1.0,1.0,1.0,1.0,1.0,1.0,1.0,1.0,1.0,1.0,1.0,1.0,1.0,1.0,1.0,1.0,1.0,1.0,1.0,1.0,1.0,1.0,1.0,1.0,1.0,1.0,0.0,0.0,0.0
2648014,1,01/02/1950,1,17.2,97.8,14.0,14.0,1.0,1,0.0,870.9,1.0,0.0,0.0,0.0,0.0,0.0,14.2,6.4,2.2,0.0,0.0,8.2,0.0,0.0,17.2,2.2,1.2,1.0,5.4,4.2,12.4,10.6,6.4,6.2,0.0,0.0,0.0,0.0,0.0,,,,1.0,1.0,1.0,1.0,1.0,1.0,1.0,1.0,1.0,1.0,1.0,1.0,1.0,1.0,1.0,1.0,1.0,1.0,1.0,1.0,1.0,1.0,1.0,1.0,1.0,1.0,1.0,1.0,0.0,0.0,0.0
2648014,2,01/01/1950,1,44.2,163.0,23.0,13.0,1.0,1,0.0,870.9,3.0,0.0,0.0,0.0,6.4,10.2,2.2,0.0,6.2,9.4,0.0,0.0,0.0,6.2,0.0,0.0,0.0,0.0,35.2,1.4,13.4,0.0,2.4,44.2,0.0,0.0,0.0,0.0,0.0,12.6,13.2,0.0,1.0,1.0,1.0,1.0,1.0,1.0,1.0,1.0,1.0,1.0,1.0,1.0,1.0,1.0,1.0,1.0,1.0,1.0,1.0,1.0,1.0,1.0,1.0,1.0,1.0,1.0,1.0,1.0,1.0,1.0,1.0
2648014,1,01/01/1950,1,44.2,163.0,23.0,13.0,1.0,1,0.0,870.9,1.0,0.0,0.0,0.0,6.4,10.2,2.2,0.0,6.2,9.4,0.0,0.0,0.0,6.2,0.0,0.0,0.0,0.0,35.2,1.4,13.4,0.0,2.4,44.2,0.0,0.0,0.0,0.0,0.0,12.6,13.2,0.0,1.0,1.0,1.0,1.0,1.0,1.0,1.0,1.0,1.0,1.0,1.0,1.0,1.0,1.0,1.0,1.0,1.0,1.0,1.0,1.0,1.0,1.0,1.0,1.0,1.0,1.0,1.0,1.0,1.0,1.0,1.0
2648014,2,01/12/1949,1,18.4,53.4,7.0,7.0,1.0,1,0.0,815.8,2.0,18.2,3.2,0.0,0.0,0.0,0.0,18.4,7.2,0.0,0.0,0.0,0.4,0.0,0.0,0.0,0.0,0.0,0.0,0.0,0.0,0.0,0.0,0.0,0.0,0.0,4.8,1.2,0.0,0.0,0.0,0.0,1.0,1.0,1.0,1.0,1.0,1.0,1.0,1.0,1.0,1.0,1.0,1.0,1.0,1.0,1.0,1.0,1.0,1.0,1.0,1.0,1.0,1.0,1.0,1.0,1.0,1.0,1.0,1.0,1.0,1.0,1.0
2648014,1,01/12/1949,1,18.4,53.4,7.0,7.0,1.0,1,0.0,791.3,1.0,18.2,3.2,0.0,0.0,0.0,0.0,18.4,7.2,0.0,0.0,0.0,0.4,0.0,0.0,0.0,0.0,0.0,0.0,0.0,0.0,0.0,0.0,0.0,0.0,0.0,4.8,1.2,0.0,0.0,0.0,0.0,1.0,1.0,1.0,1.0,1.0,1.0,1.0,1.0,1.0,1.0,1.0,1.0,1.0,1.0,1.0,1.0,1.0,1.0,1.0,1.0,1.0,1.0,1.0,1.0,1.0,1.0,1.0,1.0,1.0,1.0,1.0
2648014,2,01/11/1949,1,15.4,56.8,6.0,9.0,1.0,1,0.0,815.8,2.0,0.0,0.0,0.0,0.0,0.0,15.4,0.0,0.0,2.2,5.2,0.0,0.0,0.0,0.0,0.0,0.0,4.2,0.0,0.0,0.0,0.0,6.4,0.0,4.6,6.4,8.2,4.2,0.0,0.0,0.0,,1.0,1.0,1.0,1.0,1.0,1.0,1.0,1.0,1.0,1.0,1.0,1.0,1.0,1.0,1.0,1.0,1.0,1.0,1.0,1.0,1.0,1.0,1.0,1.0,1.0,1.0,1.0,1.0,1.0,1.0,0.0
2648014,1,01/11/1949,1,15.4,56.8,6.0,9.0,1.0,1,0.0,791.3,1.0,0.0,0.0,0.0,0.0,0.0,15.4,0.0,0.0,2.2,5.2,0.0,0.0,0.0,0.0,0.0,0.0,4.2,0.0,0.0,0.0,0.0,6.4,0.0,4.6,6.4,8.2,4.2,0.0,0.0,0.0,,1.0,1.0,1.0,1.0,1.0,1.0,1.0,1.0,1.0,1.0,1.0,1.0,1.0,1.0,1.0,1.0,1.0,1.0,1.0,1.0,1.0,1.0,1.0,1.0,1.0,1.0,1.0,1.0,1.0,1.0,0.0
2648014,2,01/10/1949,1,10.4,63.7,11.0,15.0,1.0,1,0.0,815.8,2.0,0.0,0.0,6.2,7.4,0.0,0.0,3.6,2.4,2.2,4.2,10.4,8.6,3.2,0.0,0.0,2.2,0.0,0.0,2.4,3.1,4.2,0.0,0.0,0.0,2.2,1.4,0.0,0.0,0.0,0.0,0.0,1.0,1.0,1.0,1.0,1.0,1.0,1.0,1.0,1.0,1.0,1.0,1.0,1.0,1.0,1.0,1.0,1.0,1.0,1.0,1.0,1.0,1.0,1.0,1.0,1.0,1.0,1.0,1.0,1.0,1.0,1.0
2648014,1,01/10/1949,1,10.4,63.7,11.0,15.0,1.0,1,0.0,791.3,1.0,0.0,0.0,6.2,7.4,0.0,0.0,3.6,2.4,2.2,4.2,10.4,8.6,3.2,0.0,0.0,2.2,0.0,0.0,2.4,3.1,4.2,0.0,0.0,0.0,2.2,1.4,0.0,0.0,0.0,0.0,0.0,1.0,1.0,1.0,1.0,1.0,1.0,1.0,1.0,1.0,1.0,1.0,1.0,1.0,1.0,1.0,1.0,1.0,1.0,1.0,1.0,1.0,1.0,1.0,1.0,1.0,1.0,1.0,1.0,1.0,1.0,1.0
2648014,2,01/09/1949,1,11.4,48.3,6.0,12.0,1.0,1,0.0,815.8,2.0,0.0,0.0,0.0,0.0,3.2,11.4,0.0,0.0,0.0,0.0,1.2,5.4,4.4,8.2,2.4,4.2,1.2,1.1,0.0,0.0,2.4,0.0,0.0,0.0,0.0,0.0,3.2,0.0,0.0,0.0,,1.0,1.0,1.0,1.0,1.0,1.0,1.0,1.0,1.0,1.0,1.0,1.0,1.0,1.0,1.0,1.0,1.0,1.0,1.0,1.0,1.0,1.0,1.0,1.0,1.0,1.0,1.0,1.0,1.0,1.0,0.0
2648014,1,01/09/1949,1,11.4,48.3,6.0,12.0,1.0,1,0.0,791.3,1.0,0.0,0.0,0.0,0.0,3.2,11.4,0.0,0.0,0.0,0.0,1.2,5.4,4.4,8.2,2.4,4.2,1.2,1.1,0.0,0.0,2.4,0.0,0.0,0.0,0.0,0.0,3.2,0.0,0.0,0.0,,1.0,1.0,1.0,1.0,1.0,1.0,1.0,1.0,1.0,1.0,1.0,1.0,1.0,1.0,1.0,1.0,1.0,1.0,1.0,1.0,1.0,1.0,1.0,1.0,1.0,1.0,1.0,1.0,1.0,1.0,0.0
2648014,2,01/08/1949,1,17.3,46.3,23.0,9.0,1.0,1,0.0,815.8,2.0,0.0,0.0,0.0,0.0,0.0,2.4,3.2,0.0,0.0,0.0,0.0,0.0,0.0,0.0,8.2,0.0,0.0,0.0,0.0,0.0,4.2,6.0,17.3,0.0,0.0,1.2,3.4,0.4,0.0,0.0,0.0,1.0,1.0,1.0,1.0,1.0,1.0,1.0,1.0,1.0,1.0,1.0,1.0,1.0,1.0,1.0,1.0,1.0,1.0,1.0,1.0,1.0,1.0,1.0,1.0,1.0,1.0,1.0,1.0,1.0,1.0,1.0
2648014,1,01/08/1949,1,17.3,46.3,23.0,9.0,1.0,1,0.0,791.3,1.0,0.0,0.0,0.0,0.0,0.0,2.4,3.2,0.0,0.0,0.0,0.0,0.0,0.0,0.0,8.2,0.0,0.0,0.0,0.0,0.0,4.2,6.0,17.3,0.0,0.0,1.2,3.4,0.4,0.0,0.0,0.0,1.0,1.0,1.0,1.0,1.0,1.0,1.0,1.0,1.0,1.0,1.0,1.0,1.0,1.0,1.0,1.0,1.0,1.0,1.0,1.0,1.0,1.0,1.0,1.0,1.0,1.0,1.0,1.0,1.0,1.0,1.0
2648014,2,01/07/1949,1,,29.0,,,0.0,2,0.0,815.8,2.0,,,,,,,,,,,,,,,4.5,0.0,0.0,0.0,0.0,0.0,0.0,0.0,0.0,0.0,0.0,0.0,0.0,0.0,0.0,0.0,0.0,0.0,0.0,0.0,0.0,0.0,0.0,0.0,0.0,0.0,0.0,0.0,0.0,0.0,0.0,1.0,1.0,1.0,1.0,1.0,1.0,1.0,1.0,1.0,1.0,1.0,1.0,1.0,1.0,1.0,1.0,1.0
2648014,1,01/07/1949,1,4.5,4.5,15.0,1.0,1.0,1,0.0,791.3,1.0,0.0,0.0,0.0,0.0,0.0,0.0,0.0,0.0,0.0,0.0,0.0,0.0,0.0,0.0,4.5,0.0,0.0,0.0,0.0,0.0,0.0,0.0,0.0,0.0,0.0,0.0,0.0,0.0,0.0,0.0,0.0,1.0,1.0,1.0,1.0,1.0,1.0,1.0,1.0,1.0,1.0,1.0,1.0,1.0,1.0,1.0,1.0,1.0,1.0,1.0,1.0,1.0,1.0,1.0,1.0,1.0,1.0,1.0,1.0,1.0,1.0,1.0
2648014,2,01/06/1949,1,25.2,83.2,9.0,11.0,1.0,1,0.0,815.8,2.0,0.0,0.0,0.0,0.0,0.0,23.6,0.0,0.0,25.2,7.4,1.0,3.2,3.4,4.2,8.4,0.0,0.0,0.0,0.0,0.0,0.0,0.0,0.0,0.0,0.0,5.2,1.4,0.0,0.0,0.2,,1.0,1.0,1.0,1.0,1.0,1.0,1.0,1.0,1.0,1.0,1.0,1.0,1.0,1.0,1.0,1.0,1.0,1.0,1.0,1.0,1.0,1.0,1.0,1.0,1.0,1.0,1.0,1.0,1.0,1.0,0.0
2648014,1,01/06/1949,1,25.2,83.2,9.0,11.0,1.0,1,0.0,791.3,1.0,0.0,0.0,0.0,0.0,0.0,23.6,0.0,0.0,25.2,7.4,1.0,3.2,3.4,4.2,8.4,0.0,0.0,0.0,0.0,0.0,0.0,0.0,0.0,0.0,0.0,5.2,1.4,0.0,0.0,0.2,,1.0,1.0,1.0,1.0,1.0,1.0,1.0,1.0,1.0,1.0,1.0,1.0,1.0,1.0,1.0,1.0,1.0,1.0,1.0,1.0,1.0,1.0,1.0,1.0,1.0,1.0,1.0,1.0,1.0,1.0,0.0
2648014,2,01/05/1949,1,9.6,16.0,3.0,3.0,1.0,1,0.0,815.8,2.0,0.0,0.0,9.6,0.0,0.2,0.0,0.0,0.0,0.0,6.2,0.0,0.0,0.0,0.0,0.0,0.0,0.0,0.0,0.0,0.0,0.0,0.0,0.0,0.0,0.0,0.0,0.0,0.0,0.0,0.0,0.0,1.0,1.0,1.0,1.0,1.0,1.0,1.0,1.0,1.0,1.0,1.0,1.0,1.0,1.0,1.0,1.0,1.0,1.0,1.0,1.0,1.0,1.0,1.0,1.0,1.0,1.0,1.0,1.0,1.0,1.0,1.0
2648014,1,01/05/1949,1,9.6,16.0,3.0,3.0,1.0,1,0.0,791.3,1.0,0.0,0.0,9.6,0.0,0.2,0.0,0.0,0.0,0.0,6.2,0.0,0.0,0.0,0.0,0.0,0.0,0.0,0.0,0.0,0.0,0.0,0.0,0.0,0.0,0.0,0.0,0.0,0.0,0.0,0.0,0.0,1.0,1.0,1.0,1.0,1.0,1.0,1.0,1.0,1.0,1.0,1.0,1.0,1.0,1.0,1.0,1.0,1.0,1.0,1.0,1.0,1.0,1.0,1.0,1.0,1.0,1.0,1.0,1.0,1.0,1.0,1.0
2648014,2,01/04/1949,1,25.2,98.7,1.0,12.0,1.0,1,0.0,815.8,2.0,25.2,6.2,1.6,6.2,1.2,1.4,1.2,6.1,2.2,16.4,0.0,0.0,0.0,0.0,0.0,0.0,0.0,0.0,0.0,7.2,0.0,0.0,0.0,0.0,23.8,0.0,0.0,0.0,0.0,0.0,,1.0,1.0,1.0,1.0,1.0,1.0,1.0,1.0,1.0,1.0,1.0,1.0,1.0,1.0,1.0,1.0,1.0,1.0,1.0,1.0,1.0,1.0,1.0,1.0,1.0,1.0,1.0,1.0,1.0,1.0,0.0
2648014,1,01/04/1949,1,25.2,98.7,1.0,12.0,1.0,1,0.0,791.3,1.0,25.2,6.2,1.6,6.2,1.2,1.4,1.2,6.1,2.2,16.4,0.0,0.0,0.0,0.0,0.0,0.0,0.0,0.0,0.0,7.2,0.0,0.0,0.0,0.0,23.8,0.0,0.0,0.0,0.0,0.0,,1.0,1.0,1.0,1.0,1.0,1.0,1.0,1.0,1.0,1.0,1.0,1.0,1.0,1.0,1.0,1.0,1.0,1.0,1.0,1.0,1.0,1.0,1.0,1.0,1.0,1.0,1.0,1.0,1.0,1.0,0.0
2648014,2,01/03/1949,1,28.6,176.0,29.0,18.0,1.0,1,0.0,815.8,2.0,0.0,2.4,12.2,14.6,0.0,0.0,26.4,6.2,0.0,0.0,0.0,0.0,0.0,0.0,0.0,0.0,0.0,4.2,2.2,3.4,2.2,6.0,8.0,0.0,4.2,8.4,14.6,24.8,28.6,6.2,1.4,1.0,1.0,1.0,1.0,1.0,1.0,1.0,1.0,1.0,1.0,1.0,1.0,1.0,1.0,1.0,1.0,1.0,1.0,1.0,1.0,1.0,1.0,1.0,1.0,1.0,1.0,1.0,1.0,1.0,1.0,1.0
2648014,1,01/03/1949,1,28.6,176.0,29.0,18.0,1.0,1,0.0,791.3,1.0,0.0,2.4,12.2,14.6,0.0,0.0,26.4,6.2,0.0,0.0,0.0,0.0,0.0,0.0,0.0,0.0,0.0,4.2,2.2,3.4,2.2,6.0,8.0,0.0,4.2,8.4,14.6,24.8,28.6,6.2,1.4,1.0,1.0,1.0,1.0,1.0,1.0,1.0,1.0,1.0,1.0,1.0,1.0,1.0,1.0,1.0,1.0,1.0,1.0,1.0,1.0,1.0,1.0,1.0,1.0,1.0,1.0,1.0,1.0,1.0,1.0,1.0
2648014,2,01/02/1949,1,16.4,50.0,16.0,6.0,1.0,1,0.0,815.8,2.0,0.0,0.0,0.0,0.0,0.0,0.0,0.0,6.2,0.0,0.0,0.0,0.0,0.0,0.0,0.0,16.4,0.0,0.0,0.0,0.0,0.0,4.2,8.6,10.4,4.2,0.0,0.0,0.0,,,,1.0,1.0,1.0,1.0,1.0,1.0,1.0,1.0,1.0,1.0,1.0,1.0,1.0,1.0,1.0,1.0,1.0,1.0,1.0,1.0,1.0,1.0,1.0,1.0,1.0,1.0,1.0,1.0,0.0,0.0,0.0
2648014,1,01/02/1949,1,16.4,50.0,16.0,6.0,1.0,1,0.0,791.3,1.0,0.0,0.0,0.0,0.0,0.0,0.0,0.0,6.2,0.0,0.0,0.0,0.0,0.0,0.0,0.0,16.4,0.0,0.0,0.0,0.0,0.0,4.2,8.6,10.4,4.2,0.0,0.0,0.0,,,,1.0,1.0,1.0,1.0,1.0,1.0,1.0,1.0,1.0,1.0,1.0,1.0,1.0,1.0,1.0,1.0,1.0,1.0,1.0,1.0,1.0,1.0,1.0,1.0,1.0,1.0,1.0,1.0,0.0,0.0,0.0
2648014,2,01/01/1949,1,15.4,94.4,17.0,14.0,1.0,1,0.0,815.8,2.0,0.0,0.0,0.0,0.0,0.0,0.0,13.2,6.0,0.0,13.4,4.2,2.4,0.0,0.0,4.2,4.6,15.4,3.2,0.0,0.0,0.0,0.0,0.0,0.0,0.4,6.2,6.4,10.6,4.2,0.0,0.0,1.0,1.0,1.0,1.0,1.0,1.0,1.0,1.0,1.0,1.0,1.0,1.0,1.0,1.0,1.0,1.0,1.0,1.0,1.0,1.0,1.0,1.0,1.0,1.0,1.0,1.0,1.0,1.0,1.0,1.0,1.0
2648014,1,01/01/1949,1,15.4,94.4,17.0,14.0,1.0,1,0.0,791.3,1.0,0.0,0.0,0.0,0.0,0.0,0.0,13.2,6.0,0.0,13.4,4.2,2.4,0.0,0.0,4.2,4.6,15.4,3.2,0.0,0.0,0.0,0.0,0.0,0.0,0.4,6.2,6.4,10.6,4.2,0.0,0.0,1.0,1.0,1.0,1.0,1.0,1.0,1.0,1.0,1.0,1.0,1.0,1.0,1.0,1.0,1.0,1.0,1.0,1.0,1.0,1.0,1.0,1.0,1.0,1.0,1.0,1.0,1.0,1.0,1.0,1.0,1.0
2648014,2,01/12/1948,1,13.2,44.0,18.0,7.0,1.0,1,0.0,1178.0,2.0,0.0,1.2,0.0,0.0,0.0,0.0,0.0,9.4,0.0,1.2,0.0,0.0,0.0,0.0,1.2,0.0,0.0,13.2,0.0,0.0,0.0,0.0,0.0,0.0,0.0,13.2,0.0,0.0,0.0,4.6,0.0,1.0,1.0,1.0,1.0,1.0,1.0,1.0,1.0,1.0,1.0,1.0,1.0,1.0,1.0,1.0,1.0,1.0,1.0,1.0,1.0,1.0,1.0,1.0,1.0,1.0,1.0,1.0,1.0,1.0,1.0,1.0
2648014,1,01/12/1948,1,13.2,44.0,18.0,7.0,1.0,1,0.0,911.9,1.0,0.0,1.2,0.0,0.0,0.0,0.0,0.0,9.4,0.0,1.2,0.0,0.0,0.0,0.0,1.2,0.0,0.0,13.2,0.0,0.0,0.0,0.0,0.0,0.0,0.0,13.2,0.0,0.0,0.0,4.6,0.0,1.0,1.0,1.0,1.0,1.0,1.0,1.0,1.0,1.0,1.0,1.0,1.0,1.0,1.0,1.0,1.0,1.0,1.0,1.0,1.0,1.0,1.0,1.0,1.0,1.0,1.0,1.0,1.0,1.0,1.0,1.0
2648014,2,01/11/1948,1,22.2,34.8,7.0,5.0,1.0,1,0.0,1178.0,2.0,0.0,0.0,0.0,0.0,0.0,0.0,22.2,4.4,0.0,0.0,0.0,0.0,2.6,0.0,0.0,0.0,0.0,0.0,0.0,0.0,0.0,4.2,1.4,0.0,0.0,0.0,0.0,0.0,0.0,0.0,,1.0,1.0,1.0,1.0,1.0,1.0,1.0,1.0,1.0,1.0,1.0,1.0,1.0,1.0,1.0,1.0,1.0,1.0,1.0,1.0,1.0,1.0,1.0,1.0,1.0,1.0,1.0,1.0,1.0,1.0,0.0
2648014,1,01/11/1948,1,22.2,34.8,7.0,5.0,1.0,1,0.0,911.9,1.0,0.0,0.0,0.0,0.0,0.0,0.0,22.2,4.4,0.0,0.0,0.0,0.0,2.6,0.0,0.0,0.0,0.0,0.0,0.0,0.0,0.0,4.2,1.4,0.0,0.0,0.0,0.0,0.0,0.0,0.0,,1.0,1.0,1.0,1.0,1.0,1.0,1.0,1.0,1.0,1.0,1.0,1.0,1.0,1.0,1.0,1.0,1.0,1.0,1.0,1.0,1.0,1.0,1.0,1.0,1.0,1.0,1.0,1.0,1.0,1.0,0.0
2648014,2,01/10/1948,1,,115.0,,,0.0,2,0.0,1178.0,2.0,,,,,,,,,,2.4,18.2,1.2,0.0,0.0,0.0,0.0,0.0,0.0,0.0,0.0,0.0,0.0,0.0,0.0,16.2,0.0,0.0,8.4,0.0,0.0,0.0,0.0,0.0,0.0,0.0,0.0,0.0,0.0,0.0,0.0,1.0,1.0,1.0,1.0,1.0,1.0,1.0,1.0,1.0,1.0,1.0,1.0,1.0,1.0,1.0,1.0,1.0,1.0,1.0,1.0,1.0,1.0
2648014,1,01/10/1948,1,18.2,46.4,11.0,5.0,1.0,1,0.0,911.9,1.0,0.0,0.0,0.0,0.0,0.0,0.0,0.0,0.0,0.0,2.4,18.2,1.2,0.0,0.0,0.0,0.0,0.0,0.0,0.0,0.0,0.0,0.0,0.0,0.0,16.2,0.0,0.0,8.4,0.0,0.0,0.0,1.0,1.0,1.0,1.0,1.0,1.0,1.0,1.0,1.0,1.0,1.0,1.0,1.0,1.0,1.0,1.0,1.0,1.0,1.0,1.0,1.0,1.0,1.0,1.0,1.0,1.0,1.0,1.0,1.0,1.0,1.0
2648014,2,01/09/1948,1,14.4,49.6,11.0,6.0,1.0,1,0.0,1178.0,2.0,0.0,0.0,0.0,0.0,0.0,0.0,0.0,0.0,0.0,0.0,14.4,8.4,6.2,12.4,0.0,0.0,0.0,0.0,0.0,0.0,6.2,0.0,0.0,0.0,0.0,2.0,0.0,0.0,0.0,0.0,,1.0,1.0,1.0,1.0,1.0,1.0,1.0,1.0,1.0,1.0,1.0,1.0,1.0,1.0,1.0,1.0,1.0,1.0,1.0,1.0,1.0,1.0,1.0,1.0,1.0,1.0,1.0,1.0,1.0,1.0,0.0
2648014,1,01/09/1948,1,14.4,49.6,11.0,6.0,1.0,1,0.0,911.9,1.0,0.0,0.0,0.0,0.0,0.0,0.0,0.0,0.0,0.0,0.0,14.4,8.4,6.2,12.4,0.0,0.0,0.0,0.0,0.0,0.0,6.2,0.0,0.0,0.0,0.0,2.0,0.0,0.0,0.0,0.0,,1.0,1.0,1.0,1.0,1.0,1.0,1.0,1.0,1.0,1.0,1.0,1.0,1.0,1.0,1.0,1.0,1.0,1.0,1.0,1.0,1.0,1.0,1.0,1.0,1.0,1.0,1.0,1.0,1.0,1.0,0.0
2648014,2,01/08/1948,1,26.8,67.9,5.0,4.0,1.0,1,0.0,1178.0,2.0,6.2,0.0,0.0,10.5,26.8,24.4,0.0,0.0,0.0,0.0,0.0,0.0,0.0,0.0,0.0,0.0,0.0,0.0,0.0,0.0,0.0,0.0,0.0,0.0,0.0,0.0,0.0,0.0,0.0,0.0,0.0,1.0,1.0,1.0,1.0,1.0,1.0,1.0,1.0,1.0,1.0,1.0,1.0,1.0,1.0,1.0,1.0,1.0,1.0,1.0,1.0,1.0,1.0,1.0,1.0,1.0,1.0,1.0,1.0,1.0,1.0,1.0
2648014,1,01/08/1948,1,26.8,67.9,5.0,4.0,1.0,1,0.0,911.9,1.0,6.2,0.0,0.0,10.5,26.8,24.4,0.0,0.0,0.0,0.0,0.0,0.0,0.0,0.0,0.0,0.0,0.0,0.0,0.0,0.0,0.0,0.0,0.0,0.0,0.0,0.0,0.0,0.0,0.0,0.0,0.0,1.0,1.0,1.0,1.0,1.0,1.0,1.0,1.0,1.0,1.0,1.0,1.0,1.0,1.0,1.0,1.0,1.0,1.0,1.0,1.0,1.0,1.0,1.0,1.0,1.0,1.0,1.0,1.0,1.0,1.0,1.0
2648014,2,01/07/1948,1,7.8,42.3,31.0,10.0,1.0,1,0.0,1178.0,2.0,0.0,0.0,0.0,0.0,0.0,0.0,0.0,0.0,0.0,0.0,0.0,0.0,0.0,0.0,0.0,0.0,0.0,2.4,3.2,0.0,0.0,0.0,0.0,4.2,2.2,2.0,4.2,5.4,6.5,4.4,7.8,1.0,1.0,1.0,1.0,1.0,1.0,1.0,1.0,1.0,1.0,1.0,1.0,1.0,1.0,1.0,1.0,1.0,1.0,1.0,1.0,1.0,1.0,1.0,1.0,1.0,1.0,1.0,1.0,1.0,1.0,1.0
2648014,1,01/07/1948,1,7.8,42.3,31.0,10.0,1.0,1,0.0,911.9,1.0,0.0,0.0,0.0,0.0,0.0,0.0,0.0,0.0,0.0,0.0,0.0,0.0,0.0,0.0,0.0,0.0,0.0,2.4,3.2,0.0,0.0,0.0,0.0,4.2,2.2,2.0,4.2,5.4,6.5,4.4,7.8,1.0,1.0,1.0,1.0,1.0,1.0,1.0,1.0,1.0,1.0,1.0,1.0,1.0,1.0,1.0,1.0,1.0,1.0,1.0,1.0,1.0,1.0,1.0,1.0,1.0,1.0,1.0,1.0,1.0,1.0,1.0
2648014,2,01/06/1948,1,2.2,2.2,29.0,1.0,1.0,1,0.0,1178.0,2.0,0.0,0.0,0.0,0.0,0.0,0.0,0.0,0.0,0.0,0.0,0.0,0.0,0.0,0.0,0.0,0.0,0.0,0.0,0.0,0.0,0.0,0.0,0.0,0.0,0.0,0.0,0.0,0.0,2.2,0.0,,1.0,1.0,1.0,1.0,1.0,1.0,1.0,1.0,1.0,1.0,1.0,1.0,1.0,1.0,1.0,1.0,1.0,1.0,1.0,1.0,1.0,1.0,1.0,1.0,1.0,1.0,1.0,1.0,1.0,1.0,0.0
2648014,1,01/06/1948,1,2.2,2.2,29.0,1.0,1.0,1,0.0,911.9,1.0,0.0,0.0,0.0,0.0,0.0,0.0,0.0,0.0,0.0,0.0,0.0,0.0,0.0,0.0,0.0,0.0,0.0,0.0,0.0,0.0,0.0,0.0,0.0,0.0,0.0,0.0,0.0,0.0,2.2,0.0,,1.0,1.0,1.0,1.0,1.0,1.0,1.0,1.0,1.0,1.0,1.0,1.0,1.0,1.0,1.0,1.0,1.0,1.0,1.0,1.0,1.0,1.0,1.0,1.0,1.0,1.0,1.0,1.0,1.0,1.0,0.0
2648014,2,01/05/1948,1,,222.0,,,0.0,2,0.0,1178.0,2.0,0.0,0.0,2.2,0.0,0.0,0.0,0.5,0.0,24.3,25.3,,,,,,,,,,,,,,,,0.0,0.0,24.2,0.0,0.0,0.0,1.0,1.0,1.0,1.0,1.0,1.0,1.0,1.0,1.0,1.0,0.0,0.0,0.0,0.0,0.0,0.0,0.0,0.0,0.0,0.0,0.0,0.0,0.0,0.0,0.0,1.0,1.0,1.0,1.0,1.0,1.0
2648014,1,01/05/1948,1,25.3,76.5,10.0,5.0,1.0,1,0.0,911.9,1.0,0.0,0.0,2.2,0.0,0.0,0.0,0.5,0.0,24.3,25.3,0.0,0.0,0.0,0.0,0.0,0.0,0.0,0.0,0.0,0.0,0.0,0.0,0.0,0.0,0.0,0.0,0.0,24.2,0.0,0.0,0.0,1.0,1.0,1.0,1.0,1.0,1.0,1.0,1.0,1.0,1.0,1.0,1.0,1.0,1.0,1.0,1.0,1.0,1.0,1.0,1.0,1.0,1.0,1.0,1.0,1.0,1.0,1.0,1.0,1.0,1.0,1.0
2648014,2,01/04/1948,1,,64.0,,,0.0,2,0.0,1178.0,2.0,0.0,0.0,3.2,0.0,0.0,4.2,2.4,0.0,0.0,0.0,0.0,0.0,0.0,0.0,2.2,,,,,,,,,,,,,,,,,1.0,1.0,1.0,1.0,1.0,1.0,1.0,1.0,1.0,1.0,1.0,1.0,1.0,1.0,1.0,0.0,0.0,0.0,0.0,0.0,0.0,0.0,0.0,0.0,0.0,0.0,0.0,0.0,0.0,0.0,0.0
2648014,1,01/04/1948,1,4.2,12.0,6.0,4.0,1.0,1,0.0,911.9,1.0,0.0,0.0,3.2,0.0,0.0,4.2,2.4,0.0,0.0,0.0,0.0,0.0,0.0,0.0,2.2,0.0,0.0,0.0,0.0,0.0,0.0,0.0,0.0,0.0,0.0,0.0,0.0,0.0,0.0,0.0,,1.0,1.0,1.0,1.0,1.0,1.0,1.0,1.0,1.0,1.0,1.0,1.0,1.0,1.0,1.0,1.0,1.0,1.0,1.0,1.0,1.0,1.0,1.0,1.0,1.0,1.0,1.0,1.0,1.0,1.0,0.0
2648014,2,01/03/1948,1,18.2,71.4,24.0,6.0,1.0,1,0.0,1178.0,2.0,0.0,0.0,0.0,0.0,0.0,0.0,0.0,0.0,0.0,0.0,16.4,10.2,0.0,0.0,0.0,0.0,7.0,0.0,0.0,0.0,0.0,0.0,0.0,18.2,0.0,10.3,0.0,9.3,0.0,0.0,0.0,1.0,1.0,1.0,1.0,1.0,1.0,1.0,1.0,1.0,1.0,1.0,1.0,1.0,1.0,1.0,1.0,1.0,1.0,1.0,1.0,1.0,1.0,1.0,1.0,1.0,1.0,1.0,1.0,1.0,1.0,1.0
2648014,1,01/03/1948,1,18.2,71.4,24.0,6.0,1.0,1,0.0,911.9,1.0,0.0,0.0,0.0,0.0,0.0,0.0,0.0,0.0,0.0,0.0,16.4,10.2,0.0,0.0,0.0,0.0,7.0,0.0,0.0,0.0,0.0,0.0,0.0,18.2,0.0,10.3,0.0,9.3,0.0,0.0,0.0,1.0,1.0,1.0,1.0,1.0,1.0,1.0,1.0,1.0,1.0,1.0,1.0,1.0,1.0,1.0,1.0,1.0,1.0,1.0,1.0,1.0,1.0,1.0,1.0,1.0,1.0,1.0,1.0,1.0,1.0,1.0
2648014,2,01/02/1948,1,65.4,244.5,14.0,17.0,1.0,1,0.0,1178.0,2.0,0.0,0.0,0.0,3.2,3.4,6.3,6.2,10.4,9.5,12.2,16.4,18.6,10.2,65.4,37.2,16.1,6.4,0.0,0.0,0.0,0.4,0.0,0.0,0.6,0.0,0.0,22.0,0.0,0.0,,,1.0,1.0,1.0,1.0,1.0,1.0,1.0,1.0,1.0,1.0,1.0,1.0,1.0,1.0,1.0,1.0,1.0,1.0,1.0,1.0,1.0,1.0,1.0,1.0,1.0,1.0,1.0,1.0,1.0,0.0,0.0
2648014,1,01/02/1948,1,65.4,244.5,14.0,17.0,1.0,1,0.0,911.9,1.0,0.0,0.0,0.0,3.2,3.4,6.3,6.2,10.4,9.5,12.2,16.4,18.6,10.2,65.4,37.2,16.1,6.4,0.0,0.0,0.0,0.4,0.0,0.0,0.6,0.0,0.0,22.0,0.0,0.0,,,1.0,1.0,1.0,1.0,1.0,1.0,1.0,1.0,1.0,1.0,1.0,1.0,1.0,1.0,1.0,1.0,1.0,1.0,1.0,1.0,1.0,1.0,1.0,1.0,1.0,1.0,1.0,1.0,1.0,0.0,0.0
2648014,2,01/01/1948,1,60.3,220.3,21.0,16.0,1.0,1,0.0,1178.0,2.0,0.0,0.0,0.0,0.0,0.0,0.0,0.0,0.0,0.0,6.3,2.2,0.0,0.0,0.2,10.0,0.0,6.3,6.2,0.0,0.0,60.3,20.2,40.4,10.6,0.0,10.2,6.4,4.2,30.4,3.2,3.2,1.0,1.0,1.0,1.0,1.0,1.0,1.0,1.0,1.0,1.0,1.0,1.0,1.0,1.0,1.0,1.0,1.0,1.0,1.0,1.0,1.0,1.0,1.0,1.0,1.0,1.0,1.0,1.0,1.0,1.0,1.0
2648014,1,01/01/1948,1,60.3,220.3,21.0,16.0,1.0,1,0.0,911.9,1.0,0.0,0.0,0.0,0.0,0.0,0.0,0.0,0.0,0.0,6.3,2.2,0.0,0.0,0.2,10.0,0.0,6.3,6.2,0.0,0.0,60.3,20.2,40.4,10.6,0.0,10.2,6.4,4.2,30.4,3.2,3.2,1.0,1.0,1.0,1.0,1.0,1.0,1.0,1.0,1.0,1.0,1.0,1.0,1.0,1.0,1.0,1.0,1.0,1.0,1.0,1.0,1.0,1.0,1.0,1.0,1.0,1.0,1.0,1.0,1.0,1.0,1.0
2648014,2,01/12/1947,1,23.0,109.6,3.0,14.0,1.0,1,0.0,1904.2,3.0,0.0,22.0,23.0,0.0,0.0,0.0,0.0,0.0,0.0,8.3,6.3,0.0,0.0,6.0,10.2,10.4,0.0,2.7,2.2,1.6,2.1,0.0,0.4,0.0,6.0,8.4,0.0,0.0,0.0,0.0,0.0,1.0,1.0,1.0,1.0,1.0,1.0,1.0,1.0,1.0,1.0,1.0,1.0,1.0,1.0,1.0,1.0,1.0,1.0,1.0,1.0,1.0,1.0,1.0,1.0,1.0,1.0,1.0,1.0,1.0,1.0,1.0
2648014,1,01/12/1947,1,23.0,109.6,3.0,14.0,1.0,1,0.0,1904.2,1.0,0.0,22.0,23.0,0.0,0.0,0.0,0.0,0.0,0.0,8.3,6.3,0.0,0.0,6.0,10.2,10.4,0.0,2.7,2.2,1.6,2.1,0.0,0.4,0.0,6.0,8.4,0.0,0.0,0.0,0.0,0.0,1.0,1.0,1.0,1.0,1.0,1.0,1.0,1.0,1.0,1.0,1.0,1.0,1.0,1.0,1.0,1.0,1.0,1.0,1.0,1.0,1.0,1.0,1.0,1.0,1.0,1.0,1.0,1.0,1.0,1.0,1.0
2648014,2,01/11/1947,1,48.0,178.0,2.0,13.0,1.0,1,0.0,1904.2,3.0,36.0,48.0,12.0,0.0,0.0,0.0,0.0,10.0,12.0,16.0,0.0,0.0,0.0,0.0,0.0,0.0,0.0,0.0,0.0,10.0,6.0,4.0,0.0,0.0,0.0,0.0,8.0,4.0,2.0,10.0,,1.0,1.0,1.0,1.0,1.0,1.0,1.0,1.0,1.0,1.0,1.0,1.0,1.0,1.0,1.0,1.0,1.0,1.0,1.0,1.0,1.0,1.0,1.0,1.0,1.0,1.0,1.0,1.0,1.0,1.0,0.0
2648014,1,01/11/1947,1,48.0,178.0,2.0,13.0,1.0,1,0.0,1904.2,1.0,36.0,48.0,12.0,0.0,0.0,0.0,0.0,10.0,12.0,16.0,0.0,0.0,0.0,0.0,0.0,0.0,0.0,0.0,0.0,10.0,6.0,4.0,0.0,0.0,0.0,0.0,8.0,4.0,2.0,10.0,,1.0,1.0,1.0,1.0,1.0,1.0,1.0,1.0,1.0,1.0,1.0,1.0,1.0,1.0,1.0,1.0,1.0,1.0,1.0,1.0,1.0,1.0,1.0,1.0,1.0,1.0,1.0,1.0,1.0,1.0,0.0
2648014,2,01/10/1947,1,16.0,173.0,26.0,18.0,1.0,1,0.0,1904.2,3.0,14.0,6.0,8.0,9.0,10.0,9.0,7.0,3.0,2.0,0.0,0.0,0.0,0.0,0.0,0.0,0.0,0.0,0.0,0.0,0.0,10.0,11.0,0.0,14.0,10.0,16.0,0.0,12.0,10.0,10.0,12.0,1.0,1.0,1.0,1.0,1.0,1.0,1.0,1.0,1.0,1.0,1.0,1.0,1.0,1.0,1.0,1.0,1.0,1.0,1.0,1.0,1.0,1.0,1.0,1.0,1.0,1.0,1.0,1.0,1.0,1.0,1.0
2648014,1,01/10/1947,1,16.0,173.0,26.0,18.0,1.0,1,0.0,1904.2,1.0,14.0,6.0,8.0,9.0,10.0,9.0,7.0,3.0,2.0,0.0,0.0,0.0,0.0,0.0,0.0,0.0,0.0,0.0,0.0,0.0,10.0,11.0,0.0,14.0,10.0,16.0,0.0,12.0,10.0,10.0,12.0,1.0,1.0,1.0,1.0,1.0,1.0,1.0,1.0,1.0,1.0,1.0,1.0,1.0,1.0,1.0,1.0,1.0,1.0,1.0,1.0,1.0,1.0,1.0,1.0,1.0,1.0,1.0,1.0,1.0,1.0,1.0
2648014,2,01/09/1947,1,38.0,168.0,24.0,13.0,1.0,1,0.0,1904.2,3.0,23.0,0.0,0.0,0.0,0.0,9.0,12.0,0.0,6.0,0.0,0.0,0.0,0.0,0.0,0.0,16.0,18.0,10.0,0.0,0.0,0.0,0.0,0.0,38.0,4.0,2.0,12.0,14.0,4.0,0.0,,1.0,1.0,1.0,1.0,1.0,1.0,1.0,1.0,1.0,1.0,1.0,1.0,1.0,1.0,1.0,1.0,1.0,1.0,1.0,1.0,1.0,1.0,1.0,1.0,1.0,1.0,1.0,1.0,1.0,1.0,0.0
2648014,1,01/09/1947,1,38.0,168.0,24.0,13.0,1.0,1,0.0,1904.2,1.0,23.0,0.0,0.0,0.0,0.0,9.0,12.0,0.0,6.0,0.0,0.0,0.0,0.0,0.0,0.0,16.0,18.0,10.0,0.0,0.0,0.0,0.0,0.0,38.0,4.0,2.0,12.0,14.0,4.0,0.0,,1.0,1.0,1.0,1.0,1.0,1.0,1.0,1.0,1.0,1.0,1.0,1.0,1.0,1.0,1.0,1.0,1.0,1.0,1.0,1.0,1.0,1.0,1.0,1.0,1.0,1.0,1.0,1.0,1.0,1.0,0.0
2648014,2,01/08/1947,1,54.0,196.0,1.0,6.0,1.0,1,0.0,1904.2,3.0,54.0,0.0,0.0,0.0,0.0,33.0,15.0,40.0,0.0,0.0,0.0,0.0,0.0,0.0,0.0,0.0,0.0,0.0,0.0,0.0,0.0,0.0,0.0,12.0,0.0,0.0,0.0,0.0,0.0,0.0,42.0,1.0,1.0,1.0,1.0,1.0,1.0,1.0,1.0,1.0,1.0,1.0,1.0,1.0,1.0,1.0,1.0,1.0,1.0,1.0,1.0,1.0,1.0,1.0,1.0,1.0,1.0,1.0,1.0,1.0,1.0,1.0
2648014,1,01/08/1947,1,54.0,196.0,1.0,6.0,1.0,1,0.0,1904.2,1.0,54.0,0.0,0.0,0.0,0.0,33.0,15.0,40.0,0.0,0.0,0.0,0.0,0.0,0.0,0.0,0.0,0.0,0.0,0.0,0.0,0.0,0.0,0.0,12.0,0.0,0.0,0.0,0.0,0.0,0.0,42.0,1.0,1.0,1.0,1.0,1.0,1.0,1.0,1.0,1.0,1.0,1.0,1.0,1.0,1.0,1.0,1.0,1.0,1.0,1.0,1.0,1.0,1.0,1.0,1.0,1.0,1.0,1.0,1.0,1.0,1.0,1.0
2648014,2,01/07/1947,1,56.0,282.0,29.0,8.0,1.0,1,0.0,1904.2,3.0,0.0,0.0,0.0,22.0,0.0,0.0,0.0,0.0,0.0,0.0,0.0,0.0,0.0,0.0,0.0,10.0,0.0,0.0,0.0,0.0,0.0,0.0,0.0,0.0,0.0,46.0,44.0,36.0,56.0,24.0,44.0,1.0,1.0,1.0,1.0,1.0,1.0,1.0,1.0,1.0,1.0,1.0,1.0,1.0,1.0,1.0,1.0,1.0,1.0,1.0,1.0,1.0,1.0,1.0,1.0,1.0,1.0,1.0,1.0,1.0,1.0,1.0
2648014,1,01/07/1947,1,56.0,282.0,29.0,8.0,1.0,1,0.0,1904.2,1.0,0.0,0.0,0.0,22.0,0.0,0.0,0.0,0.0,0.0,0.0,0.0,0.0,0.0,0.0,0.0,10.0,0.0,0.0,0.0,0.0,0.0,0.0,0.0,0.0,0.0,46.0,44.0,36.0,56.0,24.0,44.0,1.0,1.0,1.0,1.0,1.0,1.0,1.0,1.0,1.0,1.0,1.0,1.0,1.0,1.0,1.0,1.0,1.0,1.0,1.0,1.0,1.0,1.0,1.0,1.0,1.0,1.0,1.0,1.0,1.0,1.0,1.0
2648014,2,01/06/1947,1,29.0,91.0,12.0,6.0,1.0,1,0.0,1904.2,3.0,0.0,0.0,0.0,0.0,0.0,0.0,0.0,0.0,0.0,0.0,26.0,29.0,0.0,7.0,0.0,0.0,0.0,0.0,9.0,0.0,0.0,0.0,15.0,0.0,0.0,0.0,0.0,0.0,5.0,0.0,,1.0,1.0,1.0,1.0,1.0,1.0,1.0,1.0,1.0,1.0,1.0,1.0,1.0,1.0,1.0,1.0,1.0,1.0,1.0,1.0,1.0,1.0,1.0,1.0,1.0,1.0,1.0,1.0,1.0,1.0,0.0
2648014,1,01/06/1947,1,29.0,91.0,12.0,6.0,1.0,1,0.0,1904.2,1.0,0.0,0.0,0.0,0.0,0.0,0.0,0.0,0.0,0.0,0.0,26.0,29.0,0.0,7.0,0.0,0.0,0.0,0.0,9.0,0.0,0.0,0.0,15.0,0.0,0.0,0.0,0.0,0.0,5.0,0.0,,1.0,1.0,1.0,1.0,1.0,1.0,1.0,1.0,1.0,1.0,1.0,1.0,1.0,1.0,1.0,1.0,1.0,1.0,1.0,1.0,1.0,1.0,1.0,1.0,1.0,1.0,1.0,1.0,1.0,1.0,0.0
2648014,2,01/05/1947,1,12.4,38.6,7.0,5.0,1.0,1,0.0,1904.2,3.0,0.0,0.0,0.0,0.0,6.2,0.0,12.4,0.0,0.0,6.8,0.0,0.0,0.0,0.0,0.0,0.0,0.0,0.0,8.2,0.0,0.0,5.0,0.0,0.0,0.0,0.0,0.0,0.0,0.0,0.0,0.0,1.0,1.0,1.0,1.0,1.0,1.0,1.0,1.0,1.0,1.0,1.0,1.0,1.0,1.0,1.0,1.0,1.0,1.0,1.0,1.0,1.0,1.0,1.0,1.0,1.0,1.0,1.0,1.0,1.0,1.0,1.0
2648014,1,01/05/1947,1,12.4,38.6,7.0,5.0,1.0,1,0.0,1904.2,1.0,0.0,0.0,0.0,0.0,6.2,0.0,12.4,0.0,0.0,6.8,0.0,0.0,0.0,0.0,0.0,0.0,0.0,0.0,8.2,0.0,0.0,5.0,0.0,0.0,0.0,0.0,0.0,0.0,0.0,0.0,0.0,1.0,1.0,1.0,1.0,1.0,1.0,1.0,1.0,1.0,1.0,1.0,1.0,1.0,1.0,1.0,1.0,1.0,1.0,1.0,1.0,1.0,1.0,1.0,1.0,1.0,1.0,1.0,1.0,1.0,1.0,1.0
2648014,2,01/04/1947,1,30.8,150.0,17.0,9.0,1.0,3,0.0,1904.2,3.0,0.0,0.0,6.2,0.0,0.0,0.0,12.4,0.0,0.0,16.8,0.0,0.0,4.3,0.0,0.0,0.0,30.8,0.0,0.0,18.6,0.0,0.0,18.3,0.0,0.0,20.2,0.0,22.4,0.0,0.0,,1.0,1.0,1.0,1.0,1.0,1.0,1.0,1.0,1.0,1.0,1.0,1.0,1.0,1.0,1.0,1.0,1.0,1.0,1.0,1.0,1.0,1.0,1.0,1.0,1.0,1.0,1.0,1.0,1.0,1.0,0.0
2648014,1,01/04/1947,1,30.8,150.0,17.0,9.0,1.0,1,0.0,1904.2,1.0,0.0,0.0,6.2,0.0,0.0,0.0,12.4,0.0,0.0,16.8,0.0,0.0,4.3,0.0,0.0,0.0,30.8,0.0,0.0,18.6,0.0,0.0,18.3,0.0,0.0,20.2,0.0,22.4,0.0,0.0,,1.0,1.0,1.0,1.0,1.0,1.0,1.0,1.0,1.0,1.0,1.0,1.0,1.0,1.0,1.0,1.0,1.0,1.0,1.0,1.0,1.0,1.0,1.0,1.0,1.0,1.0,1.0,1.0,1.0,1.0,0.0
2648014,2,01/03/1947,1,22.8,159.8,25.0,12.0,1.0,1,0.0,1904.2,3.0,0.4,0.0,0.0,0.0,0.0,8.3,0.0,0.0,18.2,0.0,14.4,0.0,0.0,22.6,0.0,10.3,12.8,0.0,0.0,8.4,0.0,16.6,0.0,0.0,22.8,0.0,0.0,14.6,10.4,0.0,0.0,1.0,1.0,1.0,1.0,1.0,1.0,1.0,1.0,1.0,1.0,1.0,1.0,1.0,1.0,1.0,1.0,1.0,1.0,1.0,1.0,1.0,1.0,1.0,1.0,1.0,1.0,1.0,1.0,1.0,1.0,1.0
2648014,1,01/03/1947,1,22.8,159.8,25.0,12.0,1.0,1,0.0,1904.2,1.0,0.4,0.0,0.0,0.0,0.0,8.3,0.0,0.0,18.2,0.0,14.4,0.0,0.0,22.6,0.0,10.3,12.8,0.0,0.0,8.4,0.0,16.6,0.0,0.0,22.8,0.0,0.0,14.6,10.4,0.0,0.0,1.0,1.0,1.0,1.0,1.0,1.0,1.0,1.0,1.0,1.0,1.0,1.0,1.0,1.0,1.0,1.0,1.0,1.0,1.0,1.0,1.0,1.0,1.0,1.0,1.0,1.0,1.0,1.0,1.0,1.0,1.0
2648014,2,01/02/1947,1,36.2,168.6,26.0,11.0,1.0,1,0.0,1904.2,3.0,0.0,0.0,0.0,14.2,0.0,0.0,10.4,0.0,0.0,8.3,0.0,0.0,6.2,0.0,0.0,20.4,0.0,0.0,0.0,6.8,16.3,0.0,0.0,28.8,0.0,36.2,8.4,12.6,,,,1.0,1.0,1.0,1.0,1.0,1.0,1.0,1.0,1.0,1.0,1.0,1.0,1.0,1.0,1.0,1.0,1.0,1.0,1.0,1.0,1.0,1.0,1.0,1.0,1.0,1.0,1.0,1.0,0.0,0.0,0.0
2648014,1,01/02/1947,1,36.2,168.6,26.0,11.0,1.0,1,0.0,1904.2,1.0,0.0,0.0,0.0,14.2,0.0,0.0,10.4,0.0,0.0,8.3,0.0,0.0,6.2,0.0,0.0,20.4,0.0,0.0,0.0,6.8,16.3,0.0,0.0,28.8,0.0,36.2,8.4,12.6,,,,1.0,1.0,1.0,1.0,1.0,1.0,1.0,1.0,1.0,1.0,1.0,1.0,1.0,1.0,1.0,1.0,1.0,1.0,1.0,1.0,1.0,1.0,1.0,1.0,1.0,1.0,1.0,1.0,0.0,0.0,0.0
2648014,2,01/01/1947,1,34.2,189.6,18.0,10.0,1.0,1,0.0,1904.2,3.0,0.0,0.0,0.0,0.0,0.0,0.0,15.2,0.0,24.3,0.0,0.0,0.0,0.0,2.4,0.0,10.6,22.8,34.2,0.0,14.3,0.0,22.8,10.4,0.0,0.0,32.6,0.0,0.0,0.0,0.0,0.0,1.0,1.0,1.0,1.0,1.0,1.0,1.0,1.0,1.0,1.0,1.0,1.0,1.0,1.0,1.0,1.0,1.0,1.0,1.0,1.0,1.0,1.0,1.0,1.0,1.0,1.0,1.0,1.0,1.0,1.0,1.0
2648014,1,01/01/1947,1,34.2,189.6,18.0,10.0,1.0,1,0.0,1904.2,1.0,0.0,0.0,0.0,0.0,0.0,0.0,15.2,0.0,24.3,0.0,0.0,0.0,0.0,2.4,0.0,10.6,22.8,34.2,0.0,14.3,0.0,22.8,10.4,0.0,0.0,32.6,0.0,0.0,0.0,0.0,0.0,1.0,1.0,1.0,1.0,1.0,1.0,1.0,1.0,1.0,1.0,1.0,1.0,1.0,1.0,1.0,1.0,1.0,1.0,1.0,1.0,1.0,1.0,1.0,1.0,1.0,1.0,1.0,1.0,1.0,1.0,1.0
2648014,2,01/12/1946,1,22.4,108.8,21.0,7.0,1.0,1,0.0,1204.8,1.0,0.0,0.0,0.0,0.0,0.0,0.0,0.0,0.0,0.0,0.0,0.0,0.0,0.0,4.2,0.0,0.0,14.3,0.0,20.8,8.2,22.4,20.3,18.6,0.0,0.0,0.0,0.0,0.0,0.0,0.0,0.0,1.0,1.0,1.0,1.0,1.0,1.0,1.0,1.0,1.0,1.0,1.0,1.0,1.0,1.0,1.0,1.0,1.0,1.0,1.0,1.0,1.0,1.0,1.0,1.0,1.0,1.0,1.0,1.0,1.0,1.0,1.0
2648014,1,01/12/1946,1,22.4,108.8,21.0,7.0,1.0,1,0.0,1204.8,1.0,0.0,0.0,0.0,0.0,0.0,0.0,0.0,0.0,0.0,0.0,0.0,0.0,0.0,4.2,0.0,0.0,14.3,0.0,20.8,8.2,22.4,20.3,18.6,0.0,0.0,0.0,0.0,0.0,0.0,0.0,0.0,1.0,1.0,1.0,1.0,1.0,1.0,1.0,1.0,1.0,1.0,1.0,1.0,1.0,1.0,1.0,1.0,1.0,1.0,1.0,1.0,1.0,1.0,1.0,1.0,1.0,1.0,1.0,1.0,1.0,1.0,1.0
2648014,2,01/11/1946,1,18.6,42.5,19.0,4.0,1.0,1,0.0,1204.8,1.0,0.0,10.8,0.0,0.0,0.0,0.0,0.0,0.0,0.0,0.0,4.3,0.0,0.0,0.0,0.0,0.0,0.0,0.0,18.6,0.0,0.0,0.0,8.8,0.0,0.0,0.0,0.0,0.0,0.0,0.0,,1.0,1.0,1.0,1.0,1.0,1.0,1.0,1.0,1.0,1.0,1.0,1.0,1.0,1.0,1.0,1.0,1.0,1.0,1.0,1.0,1.0,1.0,1.0,1.0,1.0,1.0,1.0,1.0,1.0,1.0,0.0
2648014,1,01/11/1946,1,18.6,42.5,19.0,4.0,1.0,1,0.0,1204.8,1.0,0.0,10.8,0.0,0.0,0.0,0.0,0.0,0.0,0.0,0.0,4.3,0.0,0.0,0.0,0.0,0.0,0.0,0.0,18.6,0.0,0.0,0.0,8.8,0.0,0.0,0.0,0.0,0.0,0.0,0.0,,1.0,1.0,1.0,1.0,1.0,1.0,1.0,1.0,1.0,1.0,1.0,1.0,1.0,1.0,1.0,1.0,1.0,1.0,1.0,1.0,1.0,1.0,1.0,1.0,1.0,1.0,1.0,1.0,1.0,1.0,0.0
2648014,2,01/10/1946,1,20.7,89.9,18.0,9.0,1.0,1,0.0,1204.8,1.0,0.0,0.0,0.0,0.0,0.0,0.0,10.4,0.0,0.0,6.3,0.0,0.0,12.2,0.0,4.8,0.0,0.0,20.7,0.0,16.4,0.0,0.0,8.6,0.0,4.3,0.0,0.0,0.0,0.0,6.2,0.0,1.0,1.0,1.0,1.0,1.0,1.0,1.0,1.0,1.0,1.0,1.0,1.0,1.0,1.0,1.0,1.0,1.0,1.0,1.0,1.0,1.0,1.0,1.0,1.0,1.0,1.0,1.0,1.0,1.0,1.0,1.0
2648014,1,01/10/1946,1,20.7,89.9,18.0,9.0,1.0,1,0.0,1204.8,1.0,0.0,0.0,0.0,0.0,0.0,0.0,10.4,0.0,0.0,6.3,0.0,0.0,12.2,0.0,4.8,0.0,0.0,20.7,0.0,16.4,0.0,0.0,8.6,0.0,4.3,0.0,0.0,0.0,0.0,6.2,0.0,1.0,1.0,1.0,1.0,1.0,1.0,1.0,1.0,1.0,1.0,1.0,1.0,1.0,1.0,1.0,1.0,1.0,1.0,1.0,1.0,1.0,1.0,1.0,1.0,1.0,1.0,1.0,1.0,1.0,1.0,1.0
2648014,2,01/09/1946,1,23.8,67.8,23.0,6.0,1.0,1,0.0,1204.8,1.0,0.0,0.0,0.0,0.0,0.0,0.0,0.0,0.0,0.0,6.3,0.0,0.0,0.0,0.0,2.4,0.0,0.0,12.3,0.0,0.0,0.0,0.0,23.8,0.0,14.6,0.0,0.0,0.0,8.4,0.0,,1.0,1.0,1.0,1.0,1.0,1.0,1.0,1.0,1.0,1.0,1.0,1.0,1.0,1.0,1.0,1.0,1.0,1.0,1.0,1.0,1.0,1.0,1.0,1.0,1.0,1.0,1.0,1.0,1.0,1.0,0.0
2648014,1,01/09/1946,1,23.8,67.8,23.0,6.0,1.0,1,0.0,1204.8,1.0,0.0,0.0,0.0,0.0,0.0,0.0,0.0,0.0,0.0,6.3,0.0,0.0,0.0,0.0,2.4,0.0,0.0,12.3,0.0,0.0,0.0,0.0,23.8,0.0,14.6,0.0,0.0,0.0,8.4,0.0,,1.0,1.0,1.0,1.0,1.0,1.0,1.0,1.0,1.0,1.0,1.0,1.0,1.0,1.0,1.0,1.0,1.0,1.0,1.0,1.0,1.0,1.0,1.0,1.0,1.0,1.0,1.0,1.0,1.0,1.0,0.0
2648014,2,01/08/1946,1,28.8,96.1,24.0,8.0,1.0,1,0.0,1204.8,1.0,0.0,0.0,0.0,0.0,0.0,0.0,0.0,0.0,0.0,8.4,0.0,12.3,0.0,0.0,2.6,0.0,0.0,0.0,0.0,0.0,0.0,14.2,0.0,28.8,0.0,6.4,0.0,18.6,4.8,0.0,0.0,1.0,1.0,1.0,1.0,1.0,1.0,1.0,1.0,1.0,1.0,1.0,1.0,1.0,1.0,1.0,1.0,1.0,1.0,1.0,1.0,1.0,1.0,1.0,1.0,1.0,1.0,1.0,1.0,1.0,1.0,1.0
2648014,1,01/08/1946,1,28.8,96.1,24.0,8.0,1.0,1,0.0,1204.8,1.0,0.0,0.0,0.0,0.0,0.0,0.0,0.0,0.0,0.0,8.4,0.0,12.3,0.0,0.0,2.6,0.0,0.0,0.0,0.0,0.0,0.0,14.2,0.0,28.8,0.0,6.4,0.0,18.6,4.8,0.0,0.0,1.0,1.0,1.0,1.0,1.0,1.0,1.0,1.0,1.0,1.0,1.0,1.0,1.0,1.0,1.0,1.0,1.0,1.0,1.0,1.0,1.0,1.0,1.0,1.0,1.0,1.0,1.0,1.0,1.0,1.0,1.0
2648014,2,01/07/1946,1,43.8,114.5,16.0,9.0,1.0,1,0.0,1204.8,1.0,0.0,0.0,0.0,0.0,0.0,0.0,0.0,0.0,0.0,0.0,0.0,0.0,8.4,12.3,14.6,43.8,3.2,0.0,0.0,0.0,10.2,6.3,13.4,0.0,0.0,0.0,2.3,0.0,0.0,0.0,0.0,1.0,1.0,1.0,1.0,1.0,1.0,1.0,1.0,1.0,1.0,1.0,1.0,1.0,1.0,1.0,1.0,1.0,1.0,1.0,1.0,1.0,1.0,1.0,1.0,1.0,1.0,1.0,1.0,1.0,1.0,1.0
2648014,1,01/07/1946,1,43.8,114.5,16.0,9.0,1.0,1,0.0,1204.8,1.0,0.0,0.0,0.0,0.0,0.0,0.0,0.0,0.0,0.0,0.0,0.0,0.0,8.4,12.3,14.6,43.8,3.2,0.0,0.0,0.0,10.2,6.3,13.4,0.0,0.0,0.0,2.3,0.0,0.0,0.0,0.0,1.0,1.0,1.0,1.0,1.0,1.0,1.0,1.0,1.0,1.0,1.0,1.0,1.0,1.0,1.0,1.0,1.0,1.0,1.0,1.0,1.0,1.0,1.0,1.0,1.0,1.0,1.0,1.0,1.0,1.0,1.0
2648014,2,01/06/1946,1,35.4,123.6,8.0,10.0,1.0,1,0.0,1204.8,1.0,0.0,3.2,0.0,10.3,0.0,16.8,0.0,35.4,12.6,0.0,0.0,0.0,0.0,0.0,0.0,0.0,0.0,0.0,12.4,3.2,0.0,16.8,8.3,0.0,0.0,0.0,0.0,4.6,0.0,0.0,,1.0,1.0,1.0,1.0,1.0,1.0,1.0,1.0,1.0,1.0,1.0,1.0,1.0,1.0,1.0,1.0,1.0,1.0,1.0,1.0,1.0,1.0,1.0,1.0,1.0,1.0,1.0,1.0,1.0,1.0,0.0
2648014,1,01/06/1946,1,35.4,123.6,8.0,10.0,1.0,1,0.0,1204.8,1.0,0.0,3.2,0.0,10.3,0.0,16.8,0.0,35.4,12.6,0.0,0.0,0.0,0.0,0.0,0.0,0.0,0.0,0.0,12.4,3.2,0.0,16.8,8.3,0.0,0.0,0.0,0.0,4.6,0.0,0.0,,1.0,1.0,1.0,1.0,1.0,1.0,1.0,1.0,1.0,1.0,1.0,1.0,1.0,1.0,1.0,1.0,1.0,1.0,1.0,1.0,1.0,1.0,1.0,1.0,1.0,1.0,1.0,1.0,1.0,1.0,0.0
2648014,2,01/05/1946,1,18.3,58.1,20.0,8.0,1.0,1,0.0,1204.8,1.0,3.4,0.0,0.0,0.0,0.0,0.0,0.0,10.2,0.0,0.0,0.0,6.3,0.0,4.8,0.0,8.2,0.0,0.0,0.0,18.3,0.0,0.0,0.0,4.3,0.0,0.0,0.0,0.0,0.0,0.0,2.6,1.0,1.0,1.0,1.0,1.0,1.0,1.0,1.0,1.0,1.0,1.0,1.0,1.0,1.0,1.0,1.0,1.0,1.0,1.0,1.0,1.0,1.0,1.0,1.0,1.0,1.0,1.0,1.0,1.0,1.0,1.0
2648014,1,01/05/1946,1,18.3,58.1,20.0,8.0,1.0,1,0.0,1204.8,1.0,3.4,0.0,0.0,0.0,0.0,0.0,0.0,10.2,0.0,0.0,0.0,6.3,0.0,4.8,0.0,8.2,0.0,0.0,0.0,18.3,0.0,0.0,0.0,4.3,0.0,0.0,0.0,0.0,0.0,0.0,2.6,1.0,1.0,1.0,1.0,1.0,1.0,1.0,1.0,1.0,1.0,1.0,1.0,1.0,1.0,1.0,1.0,1.0,1.0,1.0,1.0,1.0,1.0,1.0,1.0,1.0,1.0,1.0,1.0,1.0,1.0,1.0
2648014,2,01/04/1946,1,18.2,55.9,27.0,7.0,1.0,1,0.0,1204.8,1.0,0.0,0.0,0.0,8.4,0.0,0.0,0.0,6.2,0.0,0.0,0.0,4.3,0.0,0.0,0.0,12.6,0.0,0.0,0.0,0.0,2.4,0.0,0.0,0.0,0.0,0.0,18.2,0.0,3.8,0.0,,1.0,1.0,1.0,1.0,1.0,1.0,1.0,1.0,1.0,1.0,1.0,1.0,1.0,1.0,1.0,1.0,1.0,1.0,1.0,1.0,1.0,1.0,1.0,1.0,1.0,1.0,1.0,1.0,1.0,1.0,0.0
2648014,1,01/04/1946,1,18.2,55.9,27.0,7.0,1.0,1,0.0,1204.8,1.0,0.0,0.0,0.0,8.4,0.0,0.0,0.0,6.2,0.0,0.0,0.0,4.3,0.0,0.0,0.0,12.6,0.0,0.0,0.0,0.0,2.4,0.0,0.0,0.0,0.0,0.0,18.2,0.0,3.8,0.0,,1.0,1.0,1.0,1.0,1.0,1.0,1.0,1.0,1.0,1.0,1.0,1.0,1.0,1.0,1.0,1.0,1.0,1.0,1.0,1.0,1.0,1.0,1.0,1.0,1.0,1.0,1.0,1.0,1.0,1.0,0.0
2648014,2,01/03/1946,1,22.8,142.2,23.0,12.0,1.0,1,0.0,1204.8,1.0,8.3,12.2,0.0,10.4,9.6,0.0,0.0,0.0,0.0,8.4,0.0,0.0,10.6,0.0,0.0,0.0,16.3,0.0,4.4,0.0,8.2,0.0,22.8,0.0,0.0,12.6,0.0,0.0,0.0,0.0,18.4,1.0,1.0,1.0,1.0,1.0,1.0,1.0,1.0,1.0,1.0,1.0,1.0,1.0,1.0,1.0,1.0,1.0,1.0,1.0,1.0,1.0,1.0,1.0,1.0,1.0,1.0,1.0,1.0,1.0,1.0,1.0
2648014,1,01/03/1946,1,22.8,142.2,23.0,12.0,1.0,1,0.0,1204.8,1.0,8.3,12.2,0.0,10.4,9.6,0.0,0.0,0.0,0.0,8.4,0.0,0.0,10.6,0.0,0.0,0.0,16.3,0.0,4.4,0.0,8.2,0.0,22.8,0.0,0.0,12.6,0.0,0.0,0.0,0.0,18.4,1.0,1.0,1.0,1.0,1.0,1.0,1.0,1.0,1.0,1.0,1.0,1.0,1.0,1.0,1.0,1.0,1.0,1.0,1.0,1.0,1.0,1.0,1.0,1.0,1.0,1.0,1.0,1.0,1.0,1.0,1.0
2648014,2,01/02/1946,1,22.4,171.1,26.0,14.0,1.0,1,0.0,1204.8,1.0,0.0,0.0,3.2,0.0,0.0,10.8,0.0,12.4,0.0,6.3,0.0,4.4,0.0,18.2,0.0,14.6,0.0,16.8,10.2,0.0,12.6,0.0,18.3,0.0,14.6,22.4,6.3,0.0,,,,1.0,1.0,1.0,1.0,1.0,1.0,1.0,1.0,1.0,1.0,1.0,1.0,1.0,1.0,1.0,1.0,1.0,1.0,1.0,1.0,1.0,1.0,1.0,1.0,1.0,1.0,1.0,1.0,0.0,0.0,0.0
2648014,1,01/02/1946,1,22.4,171.1,26.0,14.0,1.0,1,0.0,1204.8,1.0,0.0,0.0,3.2,0.0,0.0,10.8,0.0,12.4,0.0,6.3,0.0,4.4,0.0,18.2,0.0,14.6,0.0,16.8,10.2,0.0,12.6,0.0,18.3,0.0,14.6,22.4,6.3,0.0,,,,1.0,1.0,1.0,1.0,1.0,1.0,1.0,1.0,1.0,1.0,1.0,1.0,1.0,1.0,1.0,1.0,1.0,1.0,1.0,1.0,1.0,1.0,1.0,1.0,1.0,1.0,1.0,1.0,0.0,0.0,0.0
2648014,2,01/01/1946,1,38.2,134.3,9.0,10.0,1.0,1,0.0,1204.8,1.0,0.0,0.0,0.0,0.0,5.2,0.0,0.0,10.4,38.2,0.0,14.6,0.0,0.0,3.2,0.0,0.0,0.0,0.0,16.8,0.0,0.0,0.0,6.8,0.0,0.0,0.0,0.0,12.4,0.0,8.3,18.4,1.0,1.0,1.0,1.0,1.0,1.0,1.0,1.0,1.0,1.0,1.0,1.0,1.0,1.0,1.0,1.0,1.0,1.0,1.0,1.0,1.0,1.0,1.0,1.0,1.0,1.0,1.0,1.0,1.0,1.0,1.0
2648014,1,01/01/1946,1,38.2,134.3,9.0,10.0,1.0,1,0.0,1204.8,1.0,0.0,0.0,0.0,0.0,5.2,0.0,0.0,10.4,38.2,0.0,14.6,0.0,0.0,3.2,0.0,0.0,0.0,0.0,16.8,0.0,0.0,0.0,6.8,0.0,0.0,0.0,0.0,12.4,0.0,8.3,18.4,1.0,1.0,1.0,1.0,1.0,1.0,1.0,1.0,1.0,1.0,1.0,1.0,1.0,1.0,1.0,1.0,1.0,1.0,1.0,1.0,1.0,1.0,1.0,1.0,1.0,1.0,1.0,1.0,1.0,1.0,1.0
2648014,2,01/12/1945,1,34.3,179.1,28.0,13.0,1.0,1,0.0,1163.8,1.0,0.0,0.0,0.0,0.0,8.4,0.0,6.3,0.0,10.2,0.0,0.0,4.3,0.0,0.0,12.2,0.0,0.0,22.4,0.0,14.6,0.0,18.8,0.0,24.3,0.0,10.4,0.0,34.3,0.0,4.3,8.6,1.0,1.0,1.0,1.0,1.0,1.0,1.0,1.0,1.0,1.0,1.0,1.0,1.0,1.0,1.0,1.0,1.0,1.0,1.0,1.0,1.0,1.0,1.0,1.0,1.0,1.0,1.0,1.0,1.0,1.0,1.0
2648014,1,01/12/1945,1,34.3,179.1,28.0,13.0,1.0,1,0.0,1163.8,1.0,0.0,0.0,0.0,0.0,8.4,0.0,6.3,0.0,10.2,0.0,0.0,4.3,0.0,0.0,12.2,0.0,0.0,22.4,0.0,14.6,0.0,18.8,0.0,24.3,0.0,10.4,0.0,34.3,0.0,4.3,8.6,1.0,1.0,1.0,1.0,1.0,1.0,1.0,1.0,1.0,1.0,1.0,1.0,1.0,1.0,1.0,1.0,1.0,1.0,1.0,1.0,1.0,1.0,1.0,1.0,1.0,1.0,1.0,1.0,1.0,1.0,1.0
2648014,2,01/11/1945,1,22.4,116.1,17.0,9.0,1.0,1,0.0,1163.8,1.0,0.0,0.0,0.0,0.0,0.0,0.0,0.0,10.6,2.2,8.4,0.0,14.3,0.0,16.8,0.0,0.0,22.4,0.0,0.0,12.4,0.0,0.0,0.0,18.6,0.0,0.0,10.4,0.0,0.0,0.0,,1.0,1.0,1.0,1.0,1.0,1.0,1.0,1.0,1.0,1.0,1.0,1.0,1.0,1.0,1.0,1.0,1.0,1.0,1.0,1.0,1.0,1.0,1.0,1.0,1.0,1.0,1.0,1.0,1.0,1.0,0.0
2648014,1,01/11/1945,1,22.4,116.1,17.0,9.0,1.0,1,0.0,1163.8,1.0,0.0,0.0,0.0,0.0,0.0,0.0,0.0,10.6,2.2,8.4,0.0,14.3,0.0,16.8,0.0,0.0,22.4,0.0,0.0,12.4,0.0,0.0,0.0,18.6,0.0,0.0,10.4,0.0,0.0,0.0,,1.0,1.0,1.0,1.0,1.0,1.0,1.0,1.0,1.0,1.0,1.0,1.0,1.0,1.0,1.0,1.0,1.0,1.0,1.0,1.0,1.0,1.0,1.0,1.0,1.0,1.0,1.0,1.0,1.0,1.0,0.0
2648014,2,01/10/1945,1,22.4,88.6,5.0,10.0,1.0,1,0.0,1163.8,1.0,2.4,6.3,4.2,12.8,22.4,10.6,0.0,0.0,4.3,0.0,0.0,0.0,0.0,0.0,0.0,0.0,8.8,0.0,0.0,0.0,0.0,0.0,12.2,0.0,0.0,0.0,0.0,0.0,4.6,0.0,0.0,1.0,1.0,1.0,1.0,1.0,1.0,1.0,1.0,1.0,1.0,1.0,1.0,1.0,1.0,1.0,1.0,1.0,1.0,1.0,1.0,1.0,1.0,1.0,1.0,1.0,1.0,1.0,1.0,1.0,1.0,1.0
2648014,1,01/10/1945,1,22.4,88.6,5.0,10.0,1.0,1,0.0,1163.8,1.0,2.4,6.3,4.2,12.8,22.4,10.6,0.0,0.0,4.3,0.0,0.0,0.0,0.0,0.0,0.0,0.0,8.8,0.0,0.0,0.0,0.0,0.0,12.2,0.0,0.0,0.0,0.0,0.0,4.6,0.0,0.0,1.0,1.0,1.0,1.0,1.0,1.0,1.0,1.0,1.0,1.0,1.0,1.0,1.0,1.0,1.0,1.0,1.0,1.0,1.0,1.0,1.0,1.0,1.0,1.0,1.0,1.0,1.0,1.0,1.0,1.0,1.0
2648014,2,01/09/1945,1,16.8,48.5,30.0,6.0,1.0,1,0.0,1163.8,1.0,0.0,0.0,0.0,0.0,0.0,0.0,0.0,0.0,0.0,4.2,0.0,0.0,0.0,0.0,0.0,0.0,8.6,0.0,0.0,6.3,0.0,0.0,0.0,10.4,0.0,0.0,2.2,0.0,0.0,16.8,,1.0,1.0,1.0,1.0,1.0,1.0,1.0,1.0,1.0,1.0,1.0,1.0,1.0,1.0,1.0,1.0,1.0,1.0,1.0,1.0,1.0,1.0,1.0,1.0,1.0,1.0,1.0,1.0,1.0,1.0,0.0
2648014,1,01/09/1945,1,16.8,48.5,30.0,6.0,1.0,1,0.0,1163.8,1.0,0.0,0.0,0.0,0.0,0.0,0.0,0.0,0.0,0.0,4.2,0.0,0.0,0.0,0.0,0.0,0.0,8.6,0.0,0.0,6.3,0.0,0.0,0.0,10.4,0.0,0.0,2.2,0.0,0.0,16.8,,1.0,1.0,1.0,1.0,1.0,1.0,1.0,1.0,1.0,1.0,1.0,1.0,1.0,1.0,1.0,1.0,1.0,1.0,1.0,1.0,1.0,1.0,1.0,1.0,1.0,1.0,1.0,1.0,1.0,1.0,0.0
2648014,2,01/08/1945,1,10.8,34.5,30.0,6.0,1.0,1,0.0,1163.8,1.0,0.0,0.0,0.0,0.0,0.0,0.0,0.0,0.0,0.0,0.0,0.0,0.0,0.0,0.0,4.6,0.0,0.0,0.0,2.3,0.0,0.0,0.0,8.4,0.0,0.0,0.0,4.2,0.0,0.0,10.8,4.2,1.0,1.0,1.0,1.0,1.0,1.0,1.0,1.0,1.0,1.0,1.0,1.0,1.0,1.0,1.0,1.0,1.0,1.0,1.0,1.0,1.0,1.0,1.0,1.0,1.0,1.0,1.0,1.0,1.0,1.0,1.0
2648014,1,01/08/1945,1,10.8,34.5,30.0,6.0,1.0,1,0.0,1163.8,1.0,0.0,0.0,0.0,0.0,0.0,0.0,0.0,0.0,0.0,0.0,0.0,0.0,0.0,0.0,4.6,0.0,0.0,0.0,2.3,0.0,0.0,0.0,8.4,0.0,0.0,0.0,4.2,0.0,0.0,10.8,4.2,1.0,1.0,1.0,1.0,1.0,1.0,1.0,1.0,1.0,1.0,1.0,1.0,1.0,1.0,1.0,1.0,1.0,1.0,1.0,1.0,1.0,1.0,1.0,1.0,1.0,1.0,1.0,1.0,1.0,1.0,1.0
2648014,2,01/07/1945,1,36.8,111.3,8.0,7.0,1.0,1,0.0,1163.8,1.0,0.0,0.0,0.0,0.0,0.0,18.3,14.6,36.8,28.4,6.2,0.0,0.0,0.0,0.0,0.0,0.0,0.0,0.0,0.0,2.4,0.0,0.0,0.0,0.0,4.6,0.0,0.0,0.0,0.0,0.0,0.0,1.0,1.0,1.0,1.0,1.0,1.0,1.0,1.0,1.0,1.0,1.0,1.0,1.0,1.0,1.0,1.0,1.0,1.0,1.0,1.0,1.0,1.0,1.0,1.0,1.0,1.0,1.0,1.0,1.0,1.0,1.0
2648014,1,01/07/1945,1,36.8,111.3,8.0,7.0,1.0,1,0.0,1163.8,1.0,0.0,0.0,0.0,0.0,0.0,18.3,14.6,36.8,28.4,6.2,0.0,0.0,0.0,0.0,0.0,0.0,0.0,0.0,0.0,2.4,0.0,0.0,0.0,0.0,4.6,0.0,0.0,0.0,0.0,0.0,0.0,1.0,1.0,1.0,1.0,1.0,1.0,1.0,1.0,1.0,1.0,1.0,1.0,1.0,1.0,1.0,1.0,1.0,1.0,1.0,1.0,1.0,1.0,1.0,1.0,1.0,1.0,1.0,1.0,1.0,1.0,1.0
2648014,2,01/06/1945,1,40.2,103.5,26.0,6.0,1.0,1,0.0,1163.8,1.0,0.0,0.0,0.0,0.0,0.0,0.0,0.0,0.0,0.0,0.0,0.0,0.0,0.0,0.0,0.0,0.0,0.0,0.0,0.0,22.3,0.0,4.6,0.0,3.8,0.0,40.2,18.4,14.2,0.0,0.0,,1.0,1.0,1.0,1.0,1.0,1.0,1.0,1.0,1.0,1.0,1.0,1.0,1.0,1.0,1.0,1.0,1.0,1.0,1.0,1.0,1.0,1.0,1.0,1.0,1.0,1.0,1.0,1.0,1.0,1.0,0.0
2648014,1,01/06/1945,1,40.2,103.5,26.0,6.0,1.0,1,0.0,1163.8,1.0,0.0,0.0,0.0,0.0,0.0,0.0,0.0,0.0,0.0,0.0,0.0,0.0,0.0,0.0,0.0,0.0,0.0,0.0,0.0,22.3,0.0,4.6,0.0,3.8,0.0,40.2,18.4,14.2,0.0,0.0,,1.0,1.0,1.0,1.0,1.0,1.0,1.0,1.0,1.0,1.0,1.0,1.0,1.0,1.0,1.0,1.0,1.0,1.0,1.0,1.0,1.0,1.0,1.0,1.0,1.0,1.0,1.0,1.0,1.0,1.0,0.0
2648014,2,01/05/1945,1,12.6,37.3,28.0,5.0,1.0,1,0.0,1163.8,1.0,0.0,0.0,0.0,0.0,0.0,0.0,5.3,0.0,0.0,0.0,0.0,8.2,0.0,0.0,0.0,0.0,0.0,4.4,0.0,0.0,0.0,0.0,0.0,0.0,6.8,0.0,0.0,12.6,0.0,0.0,0.0,1.0,1.0,1.0,1.0,1.0,1.0,1.0,1.0,1.0,1.0,1.0,1.0,1.0,1.0,1.0,1.0,1.0,1.0,1.0,1.0,1.0,1.0,1.0,1.0,1.0,1.0,1.0,1.0,1.0,1.0,1.0
2648014,1,01/05/1945,1,12.6,37.3,28.0,5.0,1.0,1,0.0,1163.8,1.0,0.0,0.0,0.0,0.0,0.0,0.0,5.3,0.0,0.0,0.0,0.0,8.2,0.0,0.0,0.0,0.0,0.0,4.4,0.0,0.0,0.0,0.0,0.0,0.0,6.8,0.0,0.0,12.6,0.0,0.0,0.0,1.0,1.0,1.0,1.0,1.0,1.0,1.0,1.0,1.0,1.0,1.0,1.0,1.0,1.0,1.0,1.0,1.0,1.0,1.0,1.0,1.0,1.0,1.0,1.0,1.0,1.0,1.0,1.0,1.0,1.0,1.0
2648014,2,01/04/1945,1,24.2,82.6,19.0,6.0,1.0,1,0.0,1163.8,1.0,0.0,0.0,0.0,0.0,0.0,0.0,0.0,0.0,10.4,0.0,0.0,14.6,0.0,0.0,0.0,22.8,0.0,0.0,24.2,6.3,0.0,0.0,0.0,0.0,0.0,0.0,4.3,0.0,0.0,0.0,,1.0,1.0,1.0,1.0,1.0,1.0,1.0,1.0,1.0,1.0,1.0,1.0,1.0,1.0,1.0,1.0,1.0,1.0,1.0,1.0,1.0,1.0,1.0,1.0,1.0,1.0,1.0,1.0,1.0,1.0,0.0
2648014,1,01/04/1945,1,24.2,82.6,19.0,6.0,1.0,1,0.0,1163.8,1.0,0.0,0.0,0.0,0.0,0.0,0.0,0.0,0.0,10.4,0.0,0.0,14.6,0.0,0.0,0.0,22.8,0.0,0.0,24.2,6.3,0.0,0.0,0.0,0.0,0.0,0.0,4.3,0.0,0.0,0.0,,1.0,1.0,1.0,1.0,1.0,1.0,1.0,1.0,1.0,1.0,1.0,1.0,1.0,1.0,1.0,1.0,1.0,1.0,1.0,1.0,1.0,1.0,1.0,1.0,1.0,1.0,1.0,1.0,1.0,1.0,0.0
2648014,2,01/03/1945,1,14.2,69.9,24.0,10.0,1.0,1,0.0,1163.8,1.0,0.0,0.0,0.0,0.0,0.0,0.0,0.0,0.0,2.3,0.0,0.0,0.0,10.8,0.0,0.0,0.0,4.2,0.0,10.6,0.0,6.4,0.0,0.0,14.2,4.5,8.2,0.0,2.3,0.0,0.0,6.4,1.0,1.0,1.0,1.0,1.0,1.0,1.0,1.0,1.0,1.0,1.0,1.0,1.0,1.0,1.0,1.0,1.0,1.0,1.0,1.0,1.0,1.0,1.0,1.0,1.0,1.0,1.0,1.0,1.0,1.0,1.0
2648014,1,01/03/1945,1,14.2,69.9,24.0,10.0,1.0,1,0.0,1163.8,1.0,0.0,0.0,0.0,0.0,0.0,0.0,0.0,0.0,2.3,0.0,0.0,0.0,10.8,0.0,0.0,0.0,4.2,0.0,10.6,0.0,6.4,0.0,0.0,14.2,4.5,8.2,0.0,2.3,0.0,0.0,6.4,1.0,1.0,1.0,1.0,1.0,1.0,1.0,1.0,1.0,1.0,1.0,1.0,1.0,1.0,1.0,1.0,1.0,1.0,1.0,1.0,1.0,1.0,1.0,1.0,1.0,1.0,1.0,1.0,1.0,1.0,1.0
2648014,2,01/02/1945,1,30.2,137.7,22.0,10.0,1.0,1,0.0,1163.8,1.0,0.0,0.0,0.0,0.0,0.0,0.0,0.0,0.0,0.0,2.6,0.0,0.0,0.0,10.2,0.0,0.0,22.4,0.0,8.3,0.0,0.0,30.2,8.6,10.4,18.2,12.6,14.2,0.0,,,,1.0,1.0,1.0,1.0,1.0,1.0,1.0,1.0,1.0,1.0,1.0,1.0,1.0,1.0,1.0,1.0,1.0,1.0,1.0,1.0,1.0,1.0,1.0,1.0,1.0,1.0,1.0,1.0,0.0,0.0,0.0
2648014,1,01/02/1945,1,30.2,137.7,22.0,10.0,1.0,1,0.0,1163.8,1.0,0.0,0.0,0.0,0.0,0.0,0.0,0.0,0.0,0.0,2.6,0.0,0.0,0.0,10.2,0.0,0.0,22.4,0.0,8.3,0.0,0.0,30.2,8.6,10.4,18.2,12.6,14.2,0.0,,,,1.0,1.0,1.0,1.0,1.0,1.0,1.0,1.0,1.0,1.0,1.0,1.0,1.0,1.0,1.0,1.0,1.0,1.0,1.0,1.0,1.0,1.0,1.0,1.0,1.0,1.0,1.0,1.0,0.0,0.0,0.0
2648014,2,01/01/1945,1,42.2,154.7,30.0,6.0,1.0,1,0.0,1163.8,1.0,0.0,0.0,0.0,0.0,0.0,0.0,0.0,0.0,0.0,0.0,0.0,0.0,0.0,0.0,12.4,0.0,0.0,0.0,0.0,0.0,0.0,0.0,0.0,0.0,0.0,0.0,8.6,22.8,30.4,42.2,38.3,1.0,1.0,1.0,1.0,1.0,1.0,1.0,1.0,1.0,1.0,1.0,1.0,1.0,1.0,1.0,1.0,1.0,1.0,1.0,1.0,1.0,1.0,1.0,1.0,1.0,1.0,1.0,1.0,1.0,1.0,1.0
2648014,1,01/01/1945,1,42.2,154.7,30.0,6.0,1.0,1,0.0,1163.8,1.0,0.0,0.0,0.0,0.0,0.0,0.0,0.0,0.0,0.0,0.0,0.0,0.0,0.0,0.0,12.4,0.0,0.0,0.0,0.0,0.0,0.0,0.0,0.0,0.0,0.0,0.0,8.6,22.8,30.4,42.2,38.3,1.0,1.0,1.0,1.0,1.0,1.0,1.0,1.0,1.0,1.0,1.0,1.0,1.0,1.0,1.0,1.0,1.0,1.0,1.0,1.0,1.0,1.0,1.0,1.0,1.0,1.0,1.0,1.0,1.0,1.0,1.0
2648014,2,01/12/1944,1,,90.0,,,0.0,2,0.0,1079.4,2.0,,,,,,,,,,,,,,,,,,,,,0.0,8.6,0.0,0.0,0.0,4.3,0.0,0.0,0.0,0.0,0.0,0.0,0.0,0.0,0.0,0.0,0.0,0.0,0.0,0.0,0.0,0.0,0.0,0.0,0.0,0.0,0.0,0.0,0.0,0.0,0.0,1.0,1.0,1.0,1.0,1.0,1.0,1.0,1.0,1.0,1.0,1.0
2648014,1,01/12/1944,1,8.6,12.9,22.0,2.0,1.0,1,0.0,766.9,1.0,0.0,0.0,0.0,0.0,0.0,0.0,0.0,0.0,0.0,0.0,0.0,0.0,0.0,0.0,0.0,0.0,0.0,0.0,0.0,0.0,0.0,8.6,0.0,0.0,0.0,4.3,0.0,0.0,0.0,0.0,0.0,1.0,1.0,1.0,1.0,1.0,1.0,1.0,1.0,1.0,1.0,1.0,1.0,1.0,1.0,1.0,1.0,1.0,1.0,1.0,1.0,1.0,1.0,1.0,1.0,1.0,1.0,1.0,1.0,1.0,1.0,1.0
2648014,2,01/11/1944,1,42.6,251.0,25.0,10.0,1.0,1,0.0,1079.4,2.0,0.0,0.0,0.0,0.0,30.4,20.8,16.3,0.0,0.0,0.0,0.0,0.0,0.0,0.0,0.0,0.0,0.0,0.0,0.0,14.6,0.0,40.2,16.4,25.2,42.6,38.2,6.3,0.0,0.0,0.0,,1.0,1.0,1.0,1.0,1.0,1.0,1.0,1.0,1.0,1.0,1.0,1.0,1.0,1.0,1.0,1.0,1.0,1.0,1.0,1.0,1.0,1.0,1.0,1.0,1.0,1.0,1.0,1.0,1.0,1.0,0.0
2648014,1,01/11/1944,1,42.6,251.0,25.0,10.0,1.0,1,0.0,766.9,1.0,0.0,0.0,0.0,0.0,30.4,20.8,16.3,0.0,0.0,0.0,0.0,0.0,0.0,0.0,0.0,0.0,0.0,0.0,0.0,14.6,0.0,40.2,16.4,25.2,42.6,38.2,6.3,0.0,0.0,0.0,,1.0,1.0,1.0,1.0,1.0,1.0,1.0,1.0,1.0,1.0,1.0,1.0,1.0,1.0,1.0,1.0,1.0,1.0,1.0,1.0,1.0,1.0,1.0,1.0,1.0,1.0,1.0,1.0,1.0,1.0,0.0
2648014,2,01/10/1944,1,,57.0,,,0.0,2,0.0,1079.4,2.0,,,,,,,,,,,4.3,0.0,6.8,,,,,,,,,,,,,,4.2,0.0,0.0,0.0,0.0,0.0,0.0,0.0,0.0,0.0,0.0,0.0,0.0,0.0,0.0,1.0,1.0,1.0,0.0,0.0,0.0,0.0,0.0,0.0,0.0,0.0,0.0,0.0,0.0,0.0,0.0,1.0,1.0,1.0,1.0,1.0
2648014,1,01/10/1944,1,6.8,15.3,13.0,3.0,1.0,1,0.0,766.9,1.0,0.0,0.0,0.0,0.0,0.0,0.0,0.0,0.0,0.0,0.0,4.3,0.0,6.8,0.0,0.0,0.0,0.0,0.0,0.0,0.0,0.0,0.0,0.0,0.0,0.0,0.0,4.2,0.0,0.0,0.0,0.0,1.0,1.0,1.0,1.0,1.0,1.0,1.0,1.0,1.0,1.0,1.0,1.0,1.0,1.0,1.0,1.0,1.0,1.0,1.0,1.0,1.0,1.0,1.0,1.0,1.0,1.0,1.0,1.0,1.0,1.0,1.0
2648014,2,01/09/1944,1,,37.0,,,0.0,2,0.0,1079.4,2.0,,,,,,,,,,,,,,2.3,0.0,,,,,,,,,,,,,,,,,0.0,0.0,0.0,0.0,0.0,0.0,0.0,0.0,0.0,0.0,0.0,0.0,0.0,1.0,1.0,0.0,0.0,0.0,0.0,0.0,0.0,0.0,0.0,0.0,0.0,0.0,0.0,0.0,0.0,0.0,0.0
2648014,1,01/09/1944,1,2.3,2.3,14.0,1.0,1.0,1,0.0,766.9,1.0,0.0,0.0,0.0,0.0,0.0,0.0,0.0,0.0,0.0,0.0,0.0,0.0,0.0,2.3,0.0,0.0,0.0,0.0,0.0,0.0,0.0,0.0,0.0,0.0,0.0,0.0,0.0,0.0,0.0,0.0,,1.0,1.0,1.0,1.0,1.0,1.0,1.0,1.0,1.0,1.0,1.0,1.0,1.0,1.0,1.0,1.0,1.0,1.0,1.0,1.0,1.0,1.0,1.0,1.0,1.0,1.0,1.0,1.0,1.0,1.0,0.0
2648014,2,01/08/1944,1,,147.0,,,0.0,2,0.0,1079.4,2.0,,,,,,,,,,,,,,,,,,,,,,,,,12.6,4.3,0.0,2.4,0.0,0.0,0.0,0.0,0.0,0.0,0.0,0.0,0.0,0.0,0.0,0.0,0.0,0.0,0.0,0.0,0.0,0.0,0.0,0.0,0.0,0.0,0.0,0.0,0.0,0.0,0.0,1.0,1.0,1.0,1.0,1.0,1.0,1.0
2648014,1,01/08/1944,1,12.6,19.3,25.0,3.0,1.0,1,0.0,766.9,1.0,0.0,0.0,0.0,0.0,0.0,0.0,0.0,0.0,0.0,0.0,0.0,0.0,0.0,0.0,0.0,0.0,0.0,0.0,0.0,0.0,0.0,0.0,0.0,0.0,12.6,4.3,0.0,2.4,0.0,0.0,0.0,1.0,1.0,1.0,1.0,1.0,1.0,1.0,1.0,1.0,1.0,1.0,1.0,1.0,1.0,1.0,1.0,1.0,1.0,1.0,1.0,1.0,1.0,1.0,1.0,1.0,1.0,1.0,1.0,1.0,1.0,1.0
2648014,2,01/07/1944,1,,38.0,,,0.0,2,0.0,1079.4,2.0,,,,,,,,,,,,,,2.4,0.0,0.0,0.0,0.0,0.0,4.3,0.0,0.0,0.0,0.0,0.0,0.0,0.0,0.0,0.0,0.0,0.0,0.0,0.0,0.0,0.0,0.0,0.0,0.0,0.0,0.0,0.0,0.0,0.0,0.0,1.0,1.0,1.0,1.0,1.0,1.0,1.0,1.0,1.0,1.0,1.0,1.0,1.0,1.0,1.0,1.0,1.0,1.0
2648014,1,01/07/1944,1,4.3,6.7,20.0,2.0,1.0,1,0.0,766.9,1.0,0.0,0.0,0.0,0.0,0.0,0.0,0.0,0.0,0.0,0.0,0.0,0.0,0.0,2.4,0.0,0.0,0.0,0.0,0.0,4.3,0.0,0.0,0.0,0.0,0.0,0.0,0.0,0.0,0.0,0.0,0.0,1.0,1.0,1.0,1.0,1.0,1.0,1.0,1.0,1.0,1.0,1.0,1.0,1.0,1.0,1.0,1.0,1.0,1.0,1.0,1.0,1.0,1.0,1.0,1.0,1.0,1.0,1.0,1.0,1.0,1.0,1.0
2648014,2,01/06/1944,1,12.6,27.4,10.0,4.0,1.0,1,0.0,1079.4,2.0,0.0,0.0,0.0,0.0,0.0,4.3,0.0,0.0,0.0,12.6,0.0,0.0,0.0,0.0,0.0,0.0,0.0,6.2,0.0,0.0,0.0,0.0,0.0,0.0,0.0,0.0,4.3,0.0,0.0,0.0,,1.0,1.0,1.0,1.0,1.0,1.0,1.0,1.0,1.0,1.0,1.0,1.0,1.0,1.0,1.0,1.0,1.0,1.0,1.0,1.0,1.0,1.0,1.0,1.0,1.0,1.0,1.0,1.0,1.0,1.0,0.0
2648014,1,01/06/1944,1,12.6,27.4,10.0,4.0,1.0,1,0.0,766.9,1.0,0.0,0.0,0.0,0.0,0.0,4.3,0.0,0.0,0.0,12.6,0.0,0.0,0.0,0.0,0.0,0.0,0.0,6.2,0.0,0.0,0.0,0.0,0.0,0.0,0.0,0.0,4.3,0.0,0.0,0.0,,1.0,1.0,1.0,1.0,1.0,1.0,1.0,1.0,1.0,1.0,1.0,1.0,1.0,1.0,1.0,1.0,1.0,1.0,1.0,1.0,1.0,1.0,1.0,1.0,1.0,1.0,1.0,1.0,1.0,1.0,0.0
2648014,2,01/05/1944,1,16.6,58.5,25.0,6.0,1.0,1,0.0,1079.4,2.0,0.0,0.0,0.0,0.0,0.0,3.6,0.0,0.0,0.0,0.0,0.0,2.4,0.0,0.0,0.0,0.0,0.0,0.0,0.0,12.3,0.0,10.8,0.0,0.0,16.6,0.0,0.0,12.8,0.0,0.0,0.0,1.0,1.0,1.0,1.0,1.0,1.0,1.0,1.0,1.0,1.0,1.0,1.0,1.0,1.0,1.0,1.0,1.0,1.0,1.0,1.0,1.0,1.0,1.0,1.0,1.0,1.0,1.0,1.0,1.0,1.0,1.0
2648014,1,01/05/1944,1,16.6,58.5,25.0,6.0,1.0,1,0.0,766.9,1.0,0.0,0.0,0.0,0.0,0.0,3.6,0.0,0.0,0.0,0.0,0.0,2.4,0.0,0.0,0.0,0.0,0.0,0.0,0.0,12.3,0.0,10.8,0.0,0.0,16.6,0.0,0.0,12.8,0.0,0.0,0.0,1.0,1.0,1.0,1.0,1.0,1.0,1.0,1.0,1.0,1.0,1.0,1.0,1.0,1.0,1.0,1.0,1.0,1.0,1.0,1.0,1.0,1.0,1.0,1.0,1.0,1.0,1.0,1.0,1.0,1.0,1.0
2648014,2,01/04/1944,1,16.8,55.4,25.0,5.0,1.0,1,0.0,1079.4,2.0,0.0,0.0,0.0,0.0,0.0,0.0,8.4,0.0,0.0,0.0,3.2,0.0,0.0,0.0,0.0,14.6,0.0,0.0,0.0,12.4,0.0,0.0,0.0,0.0,16.8,0.0,0.0,0.0,0.0,0.0,,1.0,1.0,1.0,1.0,1.0,1.0,1.0,1.0,1.0,1.0,1.0,1.0,1.0,1.0,1.0,1.0,1.0,1.0,1.0,1.0,1.0,1.0,1.0,1.0,1.0,1.0,1.0,1.0,1.0,1.0,0.0
2648014,1,01/04/1944,1,16.8,55.4,25.0,5.0,1.0,1,0.0,766.9,1.0,0.0,0.0,0.0,0.0,0.0,0.0,8.4,0.0,0.0,0.0,3.2,0.0,0.0,0.0,0.0,14.6,0.0,0.0,0.0,12.4,0.0,0.0,0.0,0.0,16.8,0.0,0.0,0.0,0.0,0.0,,1.0,1.0,1.0,1.0,1.0,1.0,1.0,1.0,1.0,1.0,1.0,1.0,1.0,1.0,1.0,1.0,1.0,1.0,1.0,1.0,1.0,1.0,1.0,1.0,1.0,1.0,1.0,1.0,1.0,1.0,0.0
2648014,2,01/03/1944,1,14.4,55.8,15.0,7.0,1.0,1,0.0,1079.4,2.0,0.0,0.0,0.0,0.0,0.0,0.0,0.0,4.3,0.0,8.6,0.0,0.0,12.8,0.0,14.4,0.0,0.0,0.0,0.0,4.3,0.0,0.0,0.0,6.8,0.0,0.0,0.0,4.6,0.0,0.0,0.0,1.0,1.0,1.0,1.0,1.0,1.0,1.0,1.0,1.0,1.0,1.0,1.0,1.0,1.0,1.0,1.0,1.0,1.0,1.0,1.0,1.0,1.0,1.0,1.0,1.0,1.0,1.0,1.0,1.0,1.0,1.0
2648014,1,01/03/1944,1,14.4,55.8,15.0,7.0,1.0,1,0.0,766.9,1.0,0.0,0.0,0.0,0.0,0.0,0.0,0.0,4.3,0.0,8.6,0.0,0.0,12.8,0.0,14.4,0.0,0.0,0.0,0.0,4.3,0.0,0.0,0.0,6.8,0.0,0.0,0.0,4.6,0.0,0.0,0.0,1.0,1.0,1.0,1.0,1.0,1.0,1.0,1.0,1.0,1.0,1.0,1.0,1.0,1.0,1.0,1.0,1.0,1.0,1.0,1.0,1.0,1.0,1.0,1.0,1.0,1.0,1.0,1.0,1.0,1.0,1.0
2648014,2,01/02/1944,1,34.2,151.8,29.0,8.0,1.0,1,0.0,1079.4,2.0,0.0,0.0,0.0,0.0,0.0,0.0,0.0,0.0,2.4,0.0,0.0,0.0,0.0,0.0,18.6,0.0,0.0,14.2,0.0,0.0,22.8,0.0,0.0,12.6,0.0,28.4,0.0,18.6,34.2,,,1.0,1.0,1.0,1.0,1.0,1.0,1.0,1.0,1.0,1.0,1.0,1.0,1.0,1.0,1.0,1.0,1.0,1.0,1.0,1.0,1.0,1.0,1.0,1.0,1.0,1.0,1.0,1.0,1.0,0.0,0.0
2648014,1,01/02/1944,1,34.2,151.8,29.0,8.0,1.0,1,0.0,766.9,1.0,0.0,0.0,0.0,0.0,0.0,0.0,0.0,0.0,2.4,0.0,0.0,0.0,0.0,0.0,18.6,0.0,0.0,14.2,0.0,0.0,22.8,0.0,0.0,12.6,0.0,28.4,0.0,18.6,34.2,,,1.0,1.0,1.0,1.0,1.0,1.0,1.0,1.0,1.0,1.0,1.0,1.0,1.0,1.0,1.0,1.0,1.0,1.0,1.0,1.0,1.0,1.0,1.0,1.0,1.0,1.0,1.0,1.0,1.0,0.0,0.0
2648014,2,01/01/1944,1,42.5,110.5,31.0,6.0,1.0,1,0.0,1079.4,2.0,4.8,0.0,8.6,0.0,0.0,0.0,0.0,0.0,0.0,0.0,0.0,0.0,0.0,0.0,0.0,0.0,0.0,0.0,0.0,10.2,0.0,12.8,0.0,0.0,0.0,0.0,0.0,31.6,0.0,0.0,42.5,1.0,1.0,1.0,1.0,1.0,1.0,1.0,1.0,1.0,1.0,1.0,1.0,1.0,1.0,1.0,1.0,1.0,1.0,1.0,1.0,1.0,1.0,1.0,1.0,1.0,1.0,1.0,1.0,1.0,1.0,1.0
2648014,1,01/01/1944,1,42.5,110.5,31.0,6.0,1.0,1,0.0,766.9,1.0,4.8,0.0,8.6,0.0,0.0,0.0,0.0,0.0,0.0,0.0,0.0,0.0,0.0,0.0,0.0,0.0,0.0,0.0,0.0,10.2,0.0,12.8,0.0,0.0,0.0,0.0,0.0,31.6,0.0,0.0,42.5,1.0,1.0,1.0,1.0,1.0,1.0,1.0,1.0,1.0,1.0,1.0,1.0,1.0,1.0,1.0,1.0,1.0,1.0,1.0,1.0,1.0,1.0,1.0,1.0,1.0,1.0,1.0,1.0,1.0,1.0,1.0
2648014,2,01/12/1943,1,28.4,117.5,28.0,8.0,1.0,1,0.0,1206.1,1.0,0.0,0.0,0.0,14.3,0.0,16.4,0.0,0.0,0.0,0.0,0.0,0.0,0.0,0.0,8.4,0.0,0.0,0.0,0.0,14.8,0.0,0.0,6.3,0.0,0.0,16.2,0.0,28.4,0.0,0.0,12.7,1.0,1.0,1.0,1.0,1.0,1.0,1.0,1.0,1.0,1.0,1.0,1.0,1.0,1.0,1.0,1.0,1.0,1.0,1.0,1.0,1.0,1.0,1.0,1.0,1.0,1.0,1.0,1.0,1.0,1.0,1.0
2648014,1,01/12/1943,1,28.4,117.5,28.0,8.0,1.0,1,0.0,1206.1,1.0,0.0,0.0,0.0,14.3,0.0,16.4,0.0,0.0,0.0,0.0,0.0,0.0,0.0,0.0,8.4,0.0,0.0,0.0,0.0,14.8,0.0,0.0,6.3,0.0,0.0,16.2,0.0,28.4,0.0,0.0,12.7,1.0,1.0,1.0,1.0,1.0,1.0,1.0,1.0,1.0,1.0,1.0,1.0,1.0,1.0,1.0,1.0,1.0,1.0,1.0,1.0,1.0,1.0,1.0,1.0,1.0,1.0,1.0,1.0,1.0,1.0,1.0
2648014,2,01/11/1943,1,38.4,64.0,18.0,4.0,1.0,1,0.0,1206.1,1.0,0.0,0.0,0.0,0.0,0.0,0.0,0.0,10.8,0.0,0.0,0.0,0.0,0.0,8.6,0.0,0.0,0.0,38.4,0.0,0.0,0.0,0.0,0.0,0.0,0.0,0.0,6.2,0.0,0.0,0.0,,1.0,1.0,1.0,1.0,1.0,1.0,1.0,1.0,1.0,1.0,1.0,1.0,1.0,1.0,1.0,1.0,1.0,1.0,1.0,1.0,1.0,1.0,1.0,1.0,1.0,1.0,1.0,1.0,1.0,1.0,0.0
2648014,1,01/11/1943,1,38.4,64.0,18.0,4.0,1.0,1,0.0,1206.1,1.0,0.0,0.0,0.0,0.0,0.0,0.0,0.0,10.8,0.0,0.0,0.0,0.0,0.0,8.6,0.0,0.0,0.0,38.4,0.0,0.0,0.0,0.0,0.0,0.0,0.0,0.0,6.2,0.0,0.0,0.0,,1.0,1.0,1.0,1.0,1.0,1.0,1.0,1.0,1.0,1.0,1.0,1.0,1.0,1.0,1.0,1.0,1.0,1.0,1.0,1.0,1.0,1.0,1.0,1.0,1.0,1.0,1.0,1.0,1.0,1.0,0.0
2648014,2,01/10/1943,1,28.6,118.5,25.0,13.0,1.0,1,0.0,1206.1,1.0,0.0,0.0,0.0,20.3,0.0,18.4,2.8,4.3,6.6,2.4,3.6,0.0,0.0,4.3,0.0,3.8,0.0,0.0,0.0,0.0,0.0,0.0,10.4,0.0,28.6,0.0,0.0,10.4,0.0,0.0,2.6,1.0,1.0,1.0,1.0,1.0,1.0,1.0,1.0,1.0,1.0,1.0,1.0,1.0,1.0,1.0,1.0,1.0,1.0,1.0,1.0,1.0,1.0,1.0,1.0,1.0,1.0,1.0,1.0,1.0,1.0,1.0
2648014,1,01/10/1943,1,28.6,118.5,25.0,13.0,1.0,1,0.0,1206.1,1.0,0.0,0.0,0.0,20.3,0.0,18.4,2.8,4.3,6.6,2.4,3.6,0.0,0.0,4.3,0.0,3.8,0.0,0.0,0.0,0.0,0.0,0.0,10.4,0.0,28.6,0.0,0.0,10.4,0.0,0.0,2.6,1.0,1.0,1.0,1.0,1.0,1.0,1.0,1.0,1.0,1.0,1.0,1.0,1.0,1.0,1.0,1.0,1.0,1.0,1.0,1.0,1.0,1.0,1.0,1.0,1.0,1.0,1.0,1.0,1.0,1.0,1.0
2648014,2,01/09/1943,1,26.4,82.0,24.0,8.0,1.0,1,0.0,1206.1,1.0,0.0,0.0,0.0,0.0,0.0,0.0,0.0,4.3,0.0,0.0,0.0,0.0,0.0,0.0,2.8,0.0,0.0,10.3,0.0,0.0,0.0,0.0,0.0,26.4,0.0,12.3,14.7,6.4,4.8,0.0,,1.0,1.0,1.0,1.0,1.0,1.0,1.0,1.0,1.0,1.0,1.0,1.0,1.0,1.0,1.0,1.0,1.0,1.0,1.0,1.0,1.0,1.0,1.0,1.0,1.0,1.0,1.0,1.0,1.0,1.0,0.0
2648014,1,01/09/1943,1,26.4,82.0,24.0,8.0,1.0,1,0.0,1206.1,1.0,0.0,0.0,0.0,0.0,0.0,0.0,0.0,4.3,0.0,0.0,0.0,0.0,0.0,0.0,2.8,0.0,0.0,10.3,0.0,0.0,0.0,0.0,0.0,26.4,0.0,12.3,14.7,6.4,4.8,0.0,,1.0,1.0,1.0,1.0,1.0,1.0,1.0,1.0,1.0,1.0,1.0,1.0,1.0,1.0,1.0,1.0,1.0,1.0,1.0,1.0,1.0,1.0,1.0,1.0,1.0,1.0,1.0,1.0,1.0,1.0,0.0
2648014,2,01/08/1943,1,52.8,106.2,23.0,7.0,1.0,1,0.0,1206.1,1.0,0.0,0.0,18.2,0.0,0.0,0.0,0.0,0.0,0.0,0.0,0.0,0.0,0.0,0.0,0.0,0.0,0.0,0.0,0.0,10.6,8.4,6.2,52.8,4.3,0.0,0.0,0.0,0.0,0.0,5.7,0.0,1.0,1.0,1.0,1.0,1.0,1.0,1.0,1.0,1.0,1.0,1.0,1.0,1.0,1.0,1.0,1.0,1.0,1.0,1.0,1.0,1.0,1.0,1.0,1.0,1.0,1.0,1.0,1.0,1.0,1.0,1.0
2648014,1,01/08/1943,1,52.8,106.2,23.0,7.0,1.0,1,0.0,1206.1,1.0,0.0,0.0,18.2,0.0,0.0,0.0,0.0,0.0,0.0,0.0,0.0,0.0,0.0,0.0,0.0,0.0,0.0,0.0,0.0,10.6,8.4,6.2,52.8,4.3,0.0,0.0,0.0,0.0,0.0,5.7,0.0,1.0,1.0,1.0,1.0,1.0,1.0,1.0,1.0,1.0,1.0,1.0,1.0,1.0,1.0,1.0,1.0,1.0,1.0,1.0,1.0,1.0,1.0,1.0,1.0,1.0,1.0,1.0,1.0,1.0,1.0,1.0
2648014,2,01/07/1943,1,73.6,113.9,31.0,5.0,1.0,1,0.0,1206.1,1.0,0.0,0.0,0.0,0.0,0.0,10.3,0.0,6.4,0.0,0.0,0.0,3.8,0.0,0.0,0.0,0.0,0.0,0.0,0.0,0.0,0.0,0.0,0.0,0.0,0.0,0.0,0.0,19.8,0.0,0.0,73.6,1.0,1.0,1.0,1.0,1.0,1.0,1.0,1.0,1.0,1.0,1.0,1.0,1.0,1.0,1.0,1.0,1.0,1.0,1.0,1.0,1.0,1.0,1.0,1.0,1.0,1.0,1.0,1.0,1.0,1.0,1.0
2648014,1,01/07/1943,1,73.6,113.9,31.0,5.0,1.0,1,0.0,1206.1,1.0,0.0,0.0,0.0,0.0,0.0,10.3,0.0,6.4,0.0,0.0,0.0,3.8,0.0,0.0,0.0,0.0,0.0,0.0,0.0,0.0,0.0,0.0,0.0,0.0,0.0,0.0,0.0,19.8,0.0,0.0,73.6,1.0,1.0,1.0,1.0,1.0,1.0,1.0,1.0,1.0,1.0,1.0,1.0,1.0,1.0,1.0,1.0,1.0,1.0,1.0,1.0,1.0,1.0,1.0,1.0,1.0,1.0,1.0,1.0,1.0,1.0,1.0
2648014,2,01/06/1943,1,35.2,129.3,16.0,15.0,1.0,1,0.0,1206.1,1.0,4.3,3.6,10.2,6.4,4.8,5.3,12.2,7.3,0.0,0.0,0.0,0.0,10.4,8.6,0.0,35.2,4.3,0.0,4.6,0.0,0.0,8.4,3.7,0.0,0.0,0.0,0.0,0.0,0.0,0.0,,1.0,1.0,1.0,1.0,1.0,1.0,1.0,1.0,1.0,1.0,1.0,1.0,1.0,1.0,1.0,1.0,1.0,1.0,1.0,1.0,1.0,1.0,1.0,1.0,1.0,1.0,1.0,1.0,1.0,1.0,0.0
2648014,1,01/06/1943,1,35.2,129.3,16.0,15.0,1.0,1,0.0,1206.1,1.0,4.3,3.6,10.2,6.4,4.8,5.3,12.2,7.3,0.0,0.0,0.0,0.0,10.4,8.6,0.0,35.2,4.3,0.0,4.6,0.0,0.0,8.4,3.7,0.0,0.0,0.0,0.0,0.0,0.0,0.0,,1.0,1.0,1.0,1.0,1.0,1.0,1.0,1.0,1.0,1.0,1.0,1.0,1.0,1.0,1.0,1.0,1.0,1.0,1.0,1.0,1.0,1.0,1.0,1.0,1.0,1.0,1.0,1.0,1.0,1.0,0.0
2648014,2,01/05/1943,1,30.8,64.3,24.0,5.0,1.0,1,0.0,1206.1,1.0,0.0,0.0,0.0,0.0,0.0,0.0,0.0,0.0,0.0,0.0,0.0,0.0,0.0,0.0,4.6,0.0,0.0,0.0,0.0,0.0,0.0,0.0,0.0,30.8,0.0,0.0,6.3,0.0,10.4,0.0,12.2,1.0,1.0,1.0,1.0,1.0,1.0,1.0,1.0,1.0,1.0,1.0,1.0,1.0,1.0,1.0,1.0,1.0,1.0,1.0,1.0,1.0,1.0,1.0,1.0,1.0,1.0,1.0,1.0,1.0,1.0,1.0
2648014,1,01/05/1943,1,30.8,64.3,24.0,5.0,1.0,1,0.0,1206.1,1.0,0.0,0.0,0.0,0.0,0.0,0.0,0.0,0.0,0.0,0.0,0.0,0.0,0.0,0.0,4.6,0.0,0.0,0.0,0.0,0.0,0.0,0.0,0.0,30.8,0.0,0.0,6.3,0.0,10.4,0.0,12.2,1.0,1.0,1.0,1.0,1.0,1.0,1.0,1.0,1.0,1.0,1.0,1.0,1.0,1.0,1.0,1.0,1.0,1.0,1.0,1.0,1.0,1.0,1.0,1.0,1.0,1.0,1.0,1.0,1.0,1.0,1.0
2648014,2,01/04/1943,1,63.4,90.2,14.0,3.0,1.0,1,0.0,1206.1,1.0,0.0,0.0,0.0,0.0,0.0,0.0,0.0,0.0,0.0,0.0,0.0,0.0,0.0,63.4,0.0,0.0,0.0,0.0,14.2,0.0,0.0,0.0,0.0,0.0,0.0,0.0,12.6,0.0,0.0,0.0,,1.0,1.0,1.0,1.0,1.0,1.0,1.0,1.0,1.0,1.0,1.0,1.0,1.0,1.0,1.0,1.0,1.0,1.0,1.0,1.0,1.0,1.0,1.0,1.0,1.0,1.0,1.0,1.0,1.0,1.0,0.0
2648014,1,01/04/1943,1,63.4,90.2,14.0,3.0,1.0,1,0.0,1206.1,1.0,0.0,0.0,0.0,0.0,0.0,0.0,0.0,0.0,0.0,0.0,0.0,0.0,0.0,63.4,0.0,0.0,0.0,0.0,14.2,0.0,0.0,0.0,0.0,0.0,0.0,0.0,12.6,0.0,0.0,0.0,,1.0,1.0,1.0,1.0,1.0,1.0,1.0,1.0,1.0,1.0,1.0,1.0,1.0,1.0,1.0,1.0,1.0,1.0,1.0,1.0,1.0,1.0,1.0,1.0,1.0,1.0,1.0,1.0,1.0,1.0,0.0
2648014,2,01/03/1943,1,26.8,61.4,28.0,5.0,1.0,1,0.0,1206.1,1.0,0.0,0.0,0.0,0.0,0.0,0.0,0.0,0.0,0.0,0.0,0.0,10.9,0.0,0.0,9.1,0.0,0.0,2.5,0.0,0.0,0.0,0.0,0.0,0.0,0.0,0.0,0.0,26.8,0.0,0.0,12.1,1.0,1.0,1.0,1.0,1.0,1.0,1.0,1.0,1.0,1.0,1.0,1.0,1.0,1.0,1.0,1.0,1.0,1.0,1.0,1.0,1.0,1.0,1.0,1.0,1.0,1.0,1.0,1.0,1.0,1.0,1.0
2648014,1,01/03/1943,1,26.8,61.4,28.0,5.0,1.0,1,0.0,1206.1,1.0,0.0,0.0,0.0,0.0,0.0,0.0,0.0,0.0,0.0,0.0,0.0,10.9,0.0,0.0,9.1,0.0,0.0,2.5,0.0,0.0,0.0,0.0,0.0,0.0,0.0,0.0,0.0,26.8,0.0,0.0,12.1,1.0,1.0,1.0,1.0,1.0,1.0,1.0,1.0,1.0,1.0,1.0,1.0,1.0,1.0,1.0,1.0,1.0,1.0,1.0,1.0,1.0,1.0,1.0,1.0,1.0,1.0,1.0,1.0,1.0,1.0,1.0
2648014,2,01/02/1943,1,46.2,183.7,16.0,7.0,1.0,1,0.0,1206.1,1.0,0.0,0.0,0.0,0.0,0.0,0.0,0.0,0.0,0.0,0.0,0.0,12.3,0.0,35.6,41.9,46.2,0.0,0.0,18.9,0.0,0.0,7.1,0.0,0.0,0.0,0.0,21.7,0.0,,,,1.0,1.0,1.0,1.0,1.0,1.0,1.0,1.0,1.0,1.0,1.0,1.0,1.0,1.0,1.0,1.0,1.0,1.0,1.0,1.0,1.0,1.0,1.0,1.0,1.0,1.0,1.0,1.0,0.0,0.0,0.0
2648014,1,01/02/1943,1,46.2,183.7,16.0,7.0,1.0,1,0.0,1206.1,1.0,0.0,0.0,0.0,0.0,0.0,0.0,0.0,0.0,0.0,0.0,0.0,12.3,0.0,35.6,41.9,46.2,0.0,0.0,18.9,0.0,0.0,7.1,0.0,0.0,0.0,0.0,21.7,0.0,,,,1.0,1.0,1.0,1.0,1.0,1.0,1.0,1.0,1.0,1.0,1.0,1.0,1.0,1.0,1.0,1.0,1.0,1.0,1.0,1.0,1.0,1.0,1.0,1.0,1.0,1.0,1.0,1.0,0.0,0.0,0.0
2648014,2,01/01/1943,1,66.8,75.1,24.0,3.0,1.0,1,0.0,1206.1,1.0,0.0,0.0,0.0,0.0,0.0,0.0,0.0,0.0,0.0,0.0,4.7,0.0,0.0,0.0,0.0,0.0,0.0,0.0,0.0,0.0,0.0,0.0,0.0,66.8,0.0,0.0,3.6,0.0,0.0,0.0,0.0,1.0,1.0,1.0,1.0,1.0,1.0,1.0,1.0,1.0,1.0,1.0,1.0,1.0,1.0,1.0,1.0,1.0,1.0,1.0,1.0,1.0,1.0,1.0,1.0,1.0,1.0,1.0,1.0,1.0,1.0,1.0
2648014,1,01/01/1943,1,66.8,75.1,24.0,3.0,1.0,1,0.0,1206.1,1.0,0.0,0.0,0.0,0.0,0.0,0.0,0.0,0.0,0.0,0.0,4.7,0.0,0.0,0.0,0.0,0.0,0.0,0.0,0.0,0.0,0.0,0.0,0.0,66.8,0.0,0.0,3.6,0.0,0.0,0.0,0.0,1.0,1.0,1.0,1.0,1.0,1.0,1.0,1.0,1.0,1.0,1.0,1.0,1.0,1.0,1.0,1.0,1.0,1.0,1.0,1.0,1.0,1.0,1.0,1.0,1.0,1.0,1.0,1.0,1.0,1.0,1.0
2648014,2,01/12/1942,1,46.8,123.5,8.0,4.0,1.0,1,0.0,1545.5,1.0,0.0,8.8,0.0,0.0,0.0,0.0,0.0,46.8,0.0,0.0,45.7,0.0,0.0,22.2,0.0,0.0,0.0,0.0,0.0,0.0,0.0,0.0,0.0,0.0,0.0,0.0,0.0,0.0,0.0,0.0,0.0,1.0,1.0,1.0,1.0,1.0,1.0,1.0,1.0,1.0,1.0,1.0,1.0,1.0,1.0,1.0,1.0,1.0,1.0,1.0,1.0,1.0,1.0,1.0,1.0,1.0,1.0,1.0,1.0,1.0,1.0,1.0
2648014,1,01/12/1942,1,46.8,123.5,8.0,4.0,1.0,1,0.0,1545.5,1.0,0.0,8.8,0.0,0.0,0.0,0.0,0.0,46.8,0.0,0.0,45.7,0.0,0.0,22.2,0.0,0.0,0.0,0.0,0.0,0.0,0.0,0.0,0.0,0.0,0.0,0.0,0.0,0.0,0.0,0.0,0.0,1.0,1.0,1.0,1.0,1.0,1.0,1.0,1.0,1.0,1.0,1.0,1.0,1.0,1.0,1.0,1.0,1.0,1.0,1.0,1.0,1.0,1.0,1.0,1.0,1.0,1.0,1.0,1.0,1.0,1.0,1.0
2648014,2,01/11/1942,1,111.7,198.3,18.0,4.0,1.0,1,0.0,1545.5,1.0,0.0,0.0,0.0,0.0,0.0,0.0,0.0,0.0,0.0,0.0,0.0,0.0,0.0,0.0,0.0,27.2,0.0,111.7,0.0,0.0,31.7,0.0,0.0,0.0,0.0,0.0,27.7,0.0,0.0,0.0,,1.0,1.0,1.0,1.0,1.0,1.0,1.0,1.0,1.0,1.0,1.0,1.0,1.0,1.0,1.0,1.0,1.0,1.0,1.0,1.0,1.0,1.0,1.0,1.0,1.0,1.0,1.0,1.0,1.0,1.0,0.0
2648014,1,01/11/1942,1,111.7,198.3,18.0,4.0,1.0,1,0.0,1545.5,1.0,0.0,0.0,0.0,0.0,0.0,0.0,0.0,0.0,0.0,0.0,0.0,0.0,0.0,0.0,0.0,27.2,0.0,111.7,0.0,0.0,31.7,0.0,0.0,0.0,0.0,0.0,27.7,0.0,0.0,0.0,,1.0,1.0,1.0,1.0,1.0,1.0,1.0,1.0,1.0,1.0,1.0,1.0,1.0,1.0,1.0,1.0,1.0,1.0,1.0,1.0,1.0,1.0,1.0,1.0,1.0,1.0,1.0,1.0,1.0,1.0,0.0
2648014,2,01/10/1942,1,40.3,58.4,7.0,4.0,1.0,1,0.0,1545.5,1.0,0.0,0.0,0.0,0.0,0.0,0.0,40.3,0.0,0.0,0.0,0.0,0.0,0.0,0.0,0.0,0.0,2.9,0.0,0.0,0.0,0.0,0.0,10.4,0.0,0.0,4.8,0.0,0.0,0.0,0.0,0.0,1.0,1.0,1.0,1.0,1.0,1.0,1.0,1.0,1.0,1.0,1.0,1.0,1.0,1.0,1.0,1.0,1.0,1.0,1.0,1.0,1.0,1.0,1.0,1.0,1.0,1.0,1.0,1.0,1.0,1.0,1.0
2648014,1,01/10/1942,1,40.3,58.4,7.0,4.0,1.0,1,0.0,1545.5,1.0,0.0,0.0,0.0,0.0,0.0,0.0,40.3,0.0,0.0,0.0,0.0,0.0,0.0,0.0,0.0,0.0,2.9,0.0,0.0,0.0,0.0,0.0,10.4,0.0,0.0,4.8,0.0,0.0,0.0,0.0,0.0,1.0,1.0,1.0,1.0,1.0,1.0,1.0,1.0,1.0,1.0,1.0,1.0,1.0,1.0,1.0,1.0,1.0,1.0,1.0,1.0,1.0,1.0,1.0,1.0,1.0,1.0,1.0,1.0,1.0,1.0,1.0
2648014,2,01/09/1942,1,26.7,119.5,25.0,6.0,1.0,1,0.0,1545.5,1.0,0.0,0.0,0.0,0.0,0.0,0.0,0.0,0.0,0.0,0.0,0.0,0.0,0.0,0.0,0.0,18.4,13.6,19.5,0.0,0.0,0.0,0.0,0.0,25.4,26.7,0.0,0.0,0.0,0.0,15.9,,1.0,1.0,1.0,1.0,1.0,1.0,1.0,1.0,1.0,1.0,1.0,1.0,1.0,1.0,1.0,1.0,1.0,1.0,1.0,1.0,1.0,1.0,1.0,1.0,1.0,1.0,1.0,1.0,1.0,1.0,0.0
2648014,1,01/09/1942,1,26.7,119.5,25.0,6.0,1.0,1,0.0,1545.5,1.0,0.0,0.0,0.0,0.0,0.0,0.0,0.0,0.0,0.0,0.0,0.0,0.0,0.0,0.0,0.0,18.4,13.6,19.5,0.0,0.0,0.0,0.0,0.0,25.4,26.7,0.0,0.0,0.0,0.0,15.9,,1.0,1.0,1.0,1.0,1.0,1.0,1.0,1.0,1.0,1.0,1.0,1.0,1.0,1.0,1.0,1.0,1.0,1.0,1.0,1.0,1.0,1.0,1.0,1.0,1.0,1.0,1.0,1.0,1.0,1.0,0.0
2648014,2,01/08/1942,1,30.7,38.4,23.0,3.0,1.0,1,0.0,1545.5,1.0,0.0,0.0,0.0,0.0,0.0,4.3,0.0,0.0,0.0,0.0,0.0,0.0,0.0,0.0,0.0,0.0,0.0,0.0,0.0,3.4,0.0,0.0,30.7,0.0,0.0,0.0,0.0,0.0,0.0,0.0,0.0,1.0,1.0,1.0,1.0,1.0,1.0,1.0,1.0,1.0,1.0,1.0,1.0,1.0,1.0,1.0,1.0,1.0,1.0,1.0,1.0,1.0,1.0,1.0,1.0,1.0,1.0,1.0,1.0,1.0,1.0,1.0
2648014,1,01/08/1942,1,30.7,38.4,23.0,3.0,1.0,1,0.0,1545.5,1.0,0.0,0.0,0.0,0.0,0.0,4.3,0.0,0.0,0.0,0.0,0.0,0.0,0.0,0.0,0.0,0.0,0.0,0.0,0.0,3.4,0.0,0.0,30.7,0.0,0.0,0.0,0.0,0.0,0.0,0.0,0.0,1.0,1.0,1.0,1.0,1.0,1.0,1.0,1.0,1.0,1.0,1.0,1.0,1.0,1.0,1.0,1.0,1.0,1.0,1.0,1.0,1.0,1.0,1.0,1.0,1.0,1.0,1.0,1.0,1.0,1.0,1.0
2648014,2,01/07/1942,1,40.7,107.8,4.0,7.0,1.0,1,0.0,1545.5,1.0,0.0,0.0,2.3,40.7,0.0,0.0,16.8,0.0,0.0,0.0,0.0,0.0,0.0,0.0,0.0,0.0,0.0,0.0,0.0,0.0,0.0,0.0,0.0,0.0,0.0,0.0,0.0,15.8,14.4,8.2,9.6,1.0,1.0,1.0,1.0,1.0,1.0,1.0,1.0,1.0,1.0,1.0,1.0,1.0,1.0,1.0,1.0,1.0,1.0,1.0,1.0,1.0,1.0,1.0,1.0,1.0,1.0,1.0,1.0,1.0,1.0,1.0
2648014,1,01/07/1942,1,40.7,107.8,4.0,7.0,1.0,1,0.0,1545.5,1.0,0.0,0.0,2.3,40.7,0.0,0.0,16.8,0.0,0.0,0.0,0.0,0.0,0.0,0.0,0.0,0.0,0.0,0.0,0.0,0.0,0.0,0.0,0.0,0.0,0.0,0.0,0.0,15.8,14.4,8.2,9.6,1.0,1.0,1.0,1.0,1.0,1.0,1.0,1.0,1.0,1.0,1.0,1.0,1.0,1.0,1.0,1.0,1.0,1.0,1.0,1.0,1.0,1.0,1.0,1.0,1.0,1.0,1.0,1.0,1.0,1.0,1.0
2648014,2,01/06/1942,1,55.6,149.1,18.0,3.0,1.0,1,0.0,1545.5,1.0,0.0,0.0,0.0,0.0,0.0,0.0,0.0,0.0,0.0,0.0,0.0,0.0,0.0,0.0,0.0,44.2,49.3,55.6,0.0,0.0,0.0,0.0,0.0,0.0,0.0,0.0,0.0,0.0,0.0,0.0,,1.0,1.0,1.0,1.0,1.0,1.0,1.0,1.0,1.0,1.0,1.0,1.0,1.0,1.0,1.0,1.0,1.0,1.0,1.0,1.0,1.0,1.0,1.0,1.0,1.0,1.0,1.0,1.0,1.0,1.0,0.0
2648014,1,01/06/1942,1,55.6,149.1,18.0,3.0,1.0,1,0.0,1545.5,1.0,0.0,0.0,0.0,0.0,0.0,0.0,0.0,0.0,0.0,0.0,0.0,0.0,0.0,0.0,0.0,44.2,49.3,55.6,0.0,0.0,0.0,0.0,0.0,0.0,0.0,0.0,0.0,0.0,0.0,0.0,,1.0,1.0,1.0,1.0,1.0,1.0,1.0,1.0,1.0,1.0,1.0,1.0,1.0,1.0,1.0,1.0,1.0,1.0,1.0,1.0,1.0,1.0,1.0,1.0,1.0,1.0,1.0,1.0,1.0,1.0,0.0
2648014,2,01/05/1942,1,20.6,44.0,15.0,4.0,1.0,1,0.0,1545.5,1.0,0.0,0.0,0.0,0.0,0.0,10.9,0.0,0.0,0.0,0.0,0.0,10.3,0.0,0.0,20.6,0.0,0.0,0.0,0.0,0.0,0.0,0.0,0.0,0.0,0.0,0.0,0.0,0.0,0.0,0.0,2.2,1.0,1.0,1.0,1.0,1.0,1.0,1.0,1.0,1.0,1.0,1.0,1.0,1.0,1.0,1.0,1.0,1.0,1.0,1.0,1.0,1.0,1.0,1.0,1.0,1.0,1.0,1.0,1.0,1.0,1.0,1.0
2648014,1,01/05/1942,1,20.6,44.0,15.0,4.0,1.0,1,0.0,1545.5,1.0,0.0,0.0,0.0,0.0,0.0,10.9,0.0,0.0,0.0,0.0,0.0,10.3,0.0,0.0,20.6,0.0,0.0,0.0,0.0,0.0,0.0,0.0,0.0,0.0,0.0,0.0,0.0,0.0,0.0,0.0,2.2,1.0,1.0,1.0,1.0,1.0,1.0,1.0,1.0,1.0,1.0,1.0,1.0,1.0,1.0,1.0,1.0,1.0,1.0,1.0,1.0,1.0,1.0,1.0,1.0,1.0,1.0,1.0,1.0,1.0,1.0,1.0
2648014,2,01/04/1942,1,56.4,217.3,7.0,9.0,1.0,1,0.0,1545.5,1.0,0.0,0.0,0.0,0.0,0.0,0.0,56.4,0.0,0.0,0.0,0.0,0.0,0.0,15.2,0.0,0.0,0.0,0.0,43.9,0.0,29.4,0.0,27.7,0.0,0.0,0.0,10.8,15.4,5.3,13.2,,1.0,1.0,1.0,1.0,1.0,1.0,1.0,1.0,1.0,1.0,1.0,1.0,1.0,1.0,1.0,1.0,1.0,1.0,1.0,1.0,1.0,1.0,1.0,1.0,1.0,1.0,1.0,1.0,1.0,1.0,0.0
2648014,1,01/04/1942,1,56.4,217.3,7.0,9.0,1.0,1,0.0,1545.5,1.0,0.0,0.0,0.0,0.0,0.0,0.0,56.4,0.0,0.0,0.0,0.0,0.0,0.0,15.2,0.0,0.0,0.0,0.0,43.9,0.0,29.4,0.0,27.7,0.0,0.0,0.0,10.8,15.4,5.3,13.2,,1.0,1.0,1.0,1.0,1.0,1.0,1.0,1.0,1.0,1.0,1.0,1.0,1.0,1.0,1.0,1.0,1.0,1.0,1.0,1.0,1.0,1.0,1.0,1.0,1.0,1.0,1.0,1.0,1.0,1.0,0.0
2648014,2,01/03/1942,1,60.3,193.9,6.0,8.0,1.0,1,0.0,1545.5,1.0,0.0,0.0,0.0,0.0,0.0,60.3,0.0,0.0,0.0,0.0,0.0,0.0,0.0,0.0,0.0,50.8,20.6,0.0,0.0,2.5,0.0,0.0,0.0,0.0,0.0,35.1,0.0,0.0,9.2,10.9,4.5,1.0,1.0,1.0,1.0,1.0,1.0,1.0,1.0,1.0,1.0,1.0,1.0,1.0,1.0,1.0,1.0,1.0,1.0,1.0,1.0,1.0,1.0,1.0,1.0,1.0,1.0,1.0,1.0,1.0,1.0,1.0
2648014,1,01/03/1942,1,60.3,193.9,6.0,8.0,1.0,1,0.0,1545.5,1.0,0.0,0.0,0.0,0.0,0.0,60.3,0.0,0.0,0.0,0.0,0.0,0.0,0.0,0.0,0.0,50.8,20.6,0.0,0.0,2.5,0.0,0.0,0.0,0.0,0.0,35.1,0.0,0.0,9.2,10.9,4.5,1.0,1.0,1.0,1.0,1.0,1.0,1.0,1.0,1.0,1.0,1.0,1.0,1.0,1.0,1.0,1.0,1.0,1.0,1.0,1.0,1.0,1.0,1.0,1.0,1.0,1.0,1.0,1.0,1.0,1.0,1.0
2648014,2,01/02/1942,1,48.8,189.6,6.0,15.0,1.0,1,0.0,1545.5,1.0,6.6,4.9,6.4,15.5,0.0,48.8,9.6,5.4,0.0,0.0,21.3,7.0,4.0,0.0,0.0,24.8,0.0,0.0,0.0,0.0,12.3,4.8,0.0,0.0,0.0,5.6,0.0,12.6,,,,1.0,1.0,1.0,1.0,1.0,1.0,1.0,1.0,1.0,1.0,1.0,1.0,1.0,1.0,1.0,1.0,1.0,1.0,1.0,1.0,1.0,1.0,1.0,1.0,1.0,1.0,1.0,1.0,0.0,0.0,0.0
2648014,1,01/02/1942,1,48.8,189.6,6.0,15.0,1.0,1,0.0,1545.5,1.0,6.6,4.9,6.4,15.5,0.0,48.8,9.6,5.4,0.0,0.0,21.3,7.0,4.0,0.0,0.0,24.8,0.0,0.0,0.0,0.0,12.3,4.8,0.0,0.0,0.0,5.6,0.0,12.6,,,,1.0,1.0,1.0,1.0,1.0,1.0,1.0,1.0,1.0,1.0,1.0,1.0,1.0,1.0,1.0,1.0,1.0,1.0,1.0,1.0,1.0,1.0,1.0,1.0,1.0,1.0,1.0,1.0,0.0,0.0,0.0
2648014,2,01/01/1942,1,19.4,105.7,30.0,8.0,1.0,1,0.0,1545.5,1.0,0.0,7.0,0.0,16.9,16.6,0.0,0.0,0.0,0.0,0.0,0.0,0.0,0.0,0.0,0.0,0.0,0.0,0.0,15.0,0.0,0.0,0.0,0.0,0.0,0.0,0.0,0.0,12.7,17.3,19.4,0.8,1.0,1.0,1.0,1.0,1.0,1.0,1.0,1.0,1.0,1.0,1.0,1.0,1.0,1.0,1.0,1.0,1.0,1.0,1.0,1.0,1.0,1.0,1.0,1.0,1.0,1.0,1.0,1.0,1.0,1.0,1.0
2648014,1,01/01/1942,1,19.4,105.7,30.0,8.0,1.0,1,0.0,1545.5,1.0,0.0,7.0,0.0,16.9,16.6,0.0,0.0,0.0,0.0,0.0,0.0,0.0,0.0,0.0,0.0,0.0,0.0,0.0,15.0,0.0,0.0,0.0,0.0,0.0,0.0,0.0,0.0,12.7,17.3,19.4,0.8,1.0,1.0,1.0,1.0,1.0,1.0,1.0,1.0,1.0,1.0,1.0,1.0,1.0,1.0,1.0,1.0,1.0,1.0,1.0,1.0,1.0,1.0,1.0,1.0,1.0,1.0,1.0,1.0,1.0,1.0,1.0
2648014,2,01/12/1941,1,44.3,187.3,28.0,12.0,1.0,1,0.0,1375.4,1.0,0.0,0.0,14.1,12.4,2.7,0.0,0.0,3.2,0.0,0.0,8.4,11.1,0.0,26.2,22.7,0.0,0.0,0.0,0.0,22.4,0.0,0.0,0.0,0.0,0.0,0.0,0.0,44.3,0.0,10.3,9.5,1.0,1.0,1.0,1.0,1.0,1.0,1.0,1.0,1.0,1.0,1.0,1.0,1.0,1.0,1.0,1.0,1.0,1.0,1.0,1.0,1.0,1.0,1.0,1.0,1.0,1.0,1.0,1.0,1.0,1.0,1.0
2648014,1,01/12/1941,1,44.3,187.3,28.0,12.0,1.0,1,0.0,1375.4,1.0,0.0,0.0,14.1,12.4,2.7,0.0,0.0,3.2,0.0,0.0,8.4,11.1,0.0,26.2,22.7,0.0,0.0,0.0,0.0,22.4,0.0,0.0,0.0,0.0,0.0,0.0,0.0,44.3,0.0,10.3,9.5,1.0,1.0,1.0,1.0,1.0,1.0,1.0,1.0,1.0,1.0,1.0,1.0,1.0,1.0,1.0,1.0,1.0,1.0,1.0,1.0,1.0,1.0,1.0,1.0,1.0,1.0,1.0,1.0,1.0,1.0,1.0
2648014,2,01/11/1941,1,97.3,236.3,17.0,12.0,1.0,1,0.0,1375.4,1.0,3.2,0.0,0.0,20.0,6.1,4.9,0.0,0.0,0.0,0.0,0.0,0.0,50.0,0.0,0.0,0.0,97.3,0.0,2.0,1.9,17.5,0.0,25.9,0.0,4.1,0.0,0.0,0.0,3.4,0.0,,1.0,1.0,1.0,1.0,1.0,1.0,1.0,1.0,1.0,1.0,1.0,1.0,1.0,1.0,1.0,1.0,1.0,1.0,1.0,1.0,1.0,1.0,1.0,1.0,1.0,1.0,1.0,1.0,1.0,1.0,0.0
2648014,1,01/11/1941,1,97.3,236.3,17.0,12.0,1.0,1,0.0,1375.4,1.0,3.2,0.0,0.0,20.0,6.1,4.9,0.0,0.0,0.0,0.0,0.0,0.0,50.0,0.0,0.0,0.0,97.3,0.0,2.0,1.9,17.5,0.0,25.9,0.0,4.1,0.0,0.0,0.0,3.4,0.0,,1.0,1.0,1.0,1.0,1.0,1.0,1.0,1.0,1.0,1.0,1.0,1.0,1.0,1.0,1.0,1.0,1.0,1.0,1.0,1.0,1.0,1.0,1.0,1.0,1.0,1.0,1.0,1.0,1.0,1.0,0.0
2648014,2,01/10/1941,1,26.5,109.0,8.0,9.0,1.0,1,0.0,1375.4,1.0,0.0,0.0,10.4,9.6,0.0,0.0,0.0,26.5,14.3,7.2,0.0,0.0,1.4,0.0,0.0,0.0,17.6,0.0,0.0,0.0,0.0,0.0,0.0,0.0,0.0,0.0,20.0,0.0,0.0,0.0,2.0,1.0,1.0,1.0,1.0,1.0,1.0,1.0,1.0,1.0,1.0,1.0,1.0,1.0,1.0,1.0,1.0,1.0,1.0,1.0,1.0,1.0,1.0,1.0,1.0,1.0,1.0,1.0,1.0,1.0,1.0,1.0
2648014,1,01/10/1941,1,26.5,109.0,8.0,9.0,1.0,1,0.0,1375.4,1.0,0.0,0.0,10.4,9.6,0.0,0.0,0.0,26.5,14.3,7.2,0.0,0.0,1.4,0.0,0.0,0.0,17.6,0.0,0.0,0.0,0.0,0.0,0.0,0.0,0.0,0.0,20.0,0.0,0.0,0.0,2.0,1.0,1.0,1.0,1.0,1.0,1.0,1.0,1.0,1.0,1.0,1.0,1.0,1.0,1.0,1.0,1.0,1.0,1.0,1.0,1.0,1.0,1.0,1.0,1.0,1.0,1.0,1.0,1.0,1.0,1.0,1.0
2648014,2,01/09/1941,1,40.4,93.3,3.0,5.0,1.0,1,0.0,1375.4,1.0,0.0,0.0,40.4,0.0,0.0,0.0,0.0,0.0,0.0,0.0,0.0,0.0,8.0,18.4,0.0,0.0,0.0,0.0,0.0,0.0,20.0,0.0,0.0,6.5,0.0,0.0,0.0,0.0,0.0,0.0,,1.0,1.0,1.0,1.0,1.0,1.0,1.0,1.0,1.0,1.0,1.0,1.0,1.0,1.0,1.0,1.0,1.0,1.0,1.0,1.0,1.0,1.0,1.0,1.0,1.0,1.0,1.0,1.0,1.0,1.0,0.0
2648014,1,01/09/1941,1,40.4,93.3,3.0,5.0,1.0,1,0.0,1375.4,1.0,0.0,0.0,40.4,0.0,0.0,0.0,0.0,0.0,0.0,0.0,0.0,0.0,8.0,18.4,0.0,0.0,0.0,0.0,0.0,0.0,20.0,0.0,0.0,6.5,0.0,0.0,0.0,0.0,0.0,0.0,,1.0,1.0,1.0,1.0,1.0,1.0,1.0,1.0,1.0,1.0,1.0,1.0,1.0,1.0,1.0,1.0,1.0,1.0,1.0,1.0,1.0,1.0,1.0,1.0,1.0,1.0,1.0,1.0,1.0,1.0,0.0
2648014,2,01/08/1941,1,22.5,63.3,5.0,4.0,1.0,1,0.0,1375.4,1.0,0.0,0.0,0.0,0.0,22.5,0.0,0.0,0.0,0.0,0.0,0.0,0.0,0.0,0.0,16.2,8.6,16.0,0.0,0.0,0.0,0.0,0.0,0.0,0.0,0.0,0.0,0.0,0.0,0.0,0.0,0.0,1.0,1.0,1.0,1.0,1.0,1.0,1.0,1.0,1.0,1.0,1.0,1.0,1.0,1.0,1.0,1.0,1.0,1.0,1.0,1.0,1.0,1.0,1.0,1.0,1.0,1.0,1.0,1.0,1.0,1.0,1.0
2648014,1,01/08/1941,1,22.5,63.3,5.0,4.0,1.0,1,0.0,1375.4,1.0,0.0,0.0,0.0,0.0,22.5,0.0,0.0,0.0,0.0,0.0,0.0,0.0,0.0,0.0,16.2,8.6,16.0,0.0,0.0,0.0,0.0,0.0,0.0,0.0,0.0,0.0,0.0,0.0,0.0,0.0,0.0,1.0,1.0,1.0,1.0,1.0,1.0,1.0,1.0,1.0,1.0,1.0,1.0,1.0,1.0,1.0,1.0,1.0,1.0,1.0,1.0,1.0,1.0,1.0,1.0,1.0,1.0,1.0,1.0,1.0,1.0,1.0
2648014,2,01/07/1941,1,10.0,23.6,28.0,3.0,1.0,1,0.0,1375.4,1.0,0.0,0.0,0.0,0.0,0.0,0.0,0.0,0.0,0.0,0.0,0.0,0.0,0.0,0.0,9.3,4.3,0.0,0.0,0.0,0.0,0.0,0.0,0.0,0.0,0.0,0.0,0.0,10.0,0.0,0.0,0.0,1.0,1.0,1.0,1.0,1.0,1.0,1.0,1.0,1.0,1.0,1.0,1.0,1.0,1.0,1.0,1.0,1.0,1.0,1.0,1.0,1.0,1.0,1.0,1.0,1.0,1.0,1.0,1.0,1.0,1.0,1.0
2648014,1,01/07/1941,1,10.0,23.6,28.0,3.0,1.0,1,0.0,1375.4,1.0,0.0,0.0,0.0,0.0,0.0,0.0,0.0,0.0,0.0,0.0,0.0,0.0,0.0,0.0,9.3,4.3,0.0,0.0,0.0,0.0,0.0,0.0,0.0,0.0,0.0,0.0,0.0,10.0,0.0,0.0,0.0,1.0,1.0,1.0,1.0,1.0,1.0,1.0,1.0,1.0,1.0,1.0,1.0,1.0,1.0,1.0,1.0,1.0,1.0,1.0,1.0,1.0,1.0,1.0,1.0,1.0,1.0,1.0,1.0,1.0,1.0,1.0
2648014,2,01/06/1941,1,16.0,53.0,18.0,4.0,1.0,1,0.0,1375.4,1.0,0.0,0.0,0.0,0.0,0.0,0.0,0.0,0.0,0.0,0.0,0.0,15.5,0.0,0.0,0.0,0.0,0.0,16.0,9.5,0.0,0.0,0.0,0.0,12.0,0.0,0.0,0.0,0.0,0.0,0.0,,1.0,1.0,1.0,1.0,1.0,1.0,1.0,1.0,1.0,1.0,1.0,1.0,1.0,1.0,1.0,1.0,1.0,1.0,1.0,1.0,1.0,1.0,1.0,1.0,1.0,1.0,1.0,1.0,1.0,1.0,0.0
2648014,1,01/06/1941,1,16.0,53.0,18.0,4.0,1.0,1,0.0,1375.4,1.0,0.0,0.0,0.0,0.0,0.0,0.0,0.0,0.0,0.0,0.0,0.0,15.5,0.0,0.0,0.0,0.0,0.0,16.0,9.5,0.0,0.0,0.0,0.0,12.0,0.0,0.0,0.0,0.0,0.0,0.0,,1.0,1.0,1.0,1.0,1.0,1.0,1.0,1.0,1.0,1.0,1.0,1.0,1.0,1.0,1.0,1.0,1.0,1.0,1.0,1.0,1.0,1.0,1.0,1.0,1.0,1.0,1.0,1.0,1.0,1.0,0.0
2648014,2,01/05/1941,1,41.8,122.6,6.0,11.0,1.0,1,0.0,1375.4,1.0,0.0,0.0,0.0,0.0,0.0,41.8,2.3,0.0,0.0,0.0,0.0,0.0,0.0,0.0,9.0,10.0,5.0,6.5,8.0,10.0,0.0,0.0,0.0,18.0,0.0,0.0,0.0,10.5,0.0,0.0,1.5,1.0,1.0,1.0,1.0,1.0,1.0,1.0,1.0,1.0,1.0,1.0,1.0,1.0,1.0,1.0,1.0,1.0,1.0,1.0,1.0,1.0,1.0,1.0,1.0,1.0,1.0,1.0,1.0,1.0,1.0,1.0
2648014,1,01/05/1941,1,41.8,122.6,6.0,11.0,1.0,1,0.0,1375.4,1.0,0.0,0.0,0.0,0.0,0.0,41.8,2.3,0.0,0.0,0.0,0.0,0.0,0.0,0.0,9.0,10.0,5.0,6.5,8.0,10.0,0.0,0.0,0.0,18.0,0.0,0.0,0.0,10.5,0.0,0.0,1.5,1.0,1.0,1.0,1.0,1.0,1.0,1.0,1.0,1.0,1.0,1.0,1.0,1.0,1.0,1.0,1.0,1.0,1.0,1.0,1.0,1.0,1.0,1.0,1.0,1.0,1.0,1.0,1.0,1.0,1.0,1.0
2648014,2,01/04/1941,1,16.2,36.9,18.0,5.0,1.0,1,0.0,1375.4,1.0,0.0,0.0,0.0,0.0,0.0,0.0,0.0,0.0,11.1,2.5,0.0,0.0,0.0,4.5,0.0,0.0,0.0,16.2,0.0,0.0,0.0,2.6,0.0,0.0,0.0,0.0,0.0,0.0,0.0,0.0,,1.0,1.0,1.0,1.0,1.0,1.0,1.0,1.0,1.0,1.0,1.0,1.0,1.0,1.0,1.0,1.0,1.0,1.0,1.0,1.0,1.0,1.0,1.0,1.0,1.0,1.0,1.0,1.0,1.0,1.0,0.0
2648014,1,01/04/1941,1,16.2,36.9,18.0,5.0,1.0,1,0.0,1375.4,1.0,0.0,0.0,0.0,0.0,0.0,0.0,0.0,0.0,11.1,2.5,0.0,0.0,0.0,4.5,0.0,0.0,0.0,16.2,0.0,0.0,0.0,2.6,0.0,0.0,0.0,0.0,0.0,0.0,0.0,0.0,,1.0,1.0,1.0,1.0,1.0,1.0,1.0,1.0,1.0,1.0,1.0,1.0,1.0,1.0,1.0,1.0,1.0,1.0,1.0,1.0,1.0,1.0,1.0,1.0,1.0,1.0,1.0,1.0,1.0,1.0,0.0
2648014,2,01/03/1941,1,29.4,106.3,2.0,17.0,1.0,1,0.0,1375.4,1.0,4.1,29.4,0.2,8.8,0.5,1.2,3.8,0.0,0.0,2.9,0.0,0.0,0.0,0.0,1.3,2.5,6.2,0.0,0.0,0.0,13.6,9.2,5.6,2.3,5.4,0.0,0.0,0.0,0.0,0.0,9.3,1.0,1.0,1.0,1.0,1.0,1.0,1.0,1.0,1.0,1.0,1.0,1.0,1.0,1.0,1.0,1.0,1.0,1.0,1.0,1.0,1.0,1.0,1.0,1.0,1.0,1.0,1.0,1.0,1.0,1.0,1.0
2648014,1,01/03/1941,1,29.4,106.3,2.0,17.0,1.0,1,0.0,1375.4,1.0,4.1,29.4,0.2,8.8,0.5,1.2,3.8,0.0,0.0,2.9,0.0,0.0,0.0,0.0,1.3,2.5,6.2,0.0,0.0,0.0,13.6,9.2,5.6,2.3,5.4,0.0,0.0,0.0,0.0,0.0,9.3,1.0,1.0,1.0,1.0,1.0,1.0,1.0,1.0,1.0,1.0,1.0,1.0,1.0,1.0,1.0,1.0,1.0,1.0,1.0,1.0,1.0,1.0,1.0,1.0,1.0,1.0,1.0,1.0,1.0,1.0,1.0
2648014,2,01/02/1941,1,91.5,246.9,25.0,19.0,1.0,1,0.0,1375.4,1.0,13.7,16.2,9.6,2.5,8.3,17.8,5.4,13.6,10.0,0.0,0.0,0.0,32.1,10.2,0.0,0.0,0.0,4.6,0.0,1.1,1.0,5.5,0.0,0.0,91.5,0.9,0.2,2.7,,,,1.0,1.0,1.0,1.0,1.0,1.0,1.0,1.0,1.0,1.0,1.0,1.0,1.0,1.0,1.0,1.0,1.0,1.0,1.0,1.0,1.0,1.0,1.0,1.0,1.0,1.0,1.0,1.0,0.0,0.0,0.0
2648014,1,01/02/1941,1,91.5,246.9,25.0,19.0,1.0,1,0.0,1375.4,1.0,13.7,16.2,9.6,2.5,8.3,17.8,5.4,13.6,10.0,0.0,0.0,0.0,32.1,10.2,0.0,0.0,0.0,4.6,0.0,1.1,1.0,5.5,0.0,0.0,91.5,0.9,0.2,2.7,,,,1.0,1.0,1.0,1.0,1.0,1.0,1.0,1.0,1.0,1.0,1.0,1.0,1.0,1.0,1.0,1.0,1.0,1.0,1.0,1.0,1.0,1.0,1.0,1.0,1.0,1.0,1.0,1.0,0.0,0.0,0.0
2648014,2,01/01/1941,1,36.5,96.9,26.0,18.0,1.0,1,0.0,1375.4,1.0,0.0,0.0,0.0,2.5,1.3,0.0,3.8,5.2,1.5,3.8,1.3,2.5,1.6,0.8,0.5,3.2,0.0,0.0,0.0,0.0,0.0,1.4,1.6,2.8,1.3,36.5,0.0,0.0,0.0,25.3,0.0,1.0,1.0,1.0,1.0,1.0,1.0,1.0,1.0,1.0,1.0,1.0,1.0,1.0,1.0,1.0,1.0,1.0,1.0,1.0,1.0,1.0,1.0,1.0,1.0,1.0,1.0,1.0,1.0,1.0,1.0,1.0
2648014,1,01/01/1941,1,36.5,96.9,26.0,18.0,1.0,1,0.0,1375.4,1.0,0.0,0.0,0.0,2.5,1.3,0.0,3.8,5.2,1.5,3.8,1.3,2.5,1.6,0.8,0.5,3.2,0.0,0.0,0.0,0.0,0.0,1.4,1.6,2.8,1.3,36.5,0.0,0.0,0.0,25.3,0.0,1.0,1.0,1.0,1.0,1.0,1.0,1.0,1.0,1.0,1.0,1.0,1.0,1.0,1.0,1.0,1.0,1.0,1.0,1.0,1.0,1.0,1.0,1.0,1.0,1.0,1.0,1.0,1.0,1.0,1.0,1.0
2648014,2,01/12/1940,1,43.6,143.0,29.0,13.0,1.0,1,0.0,1568.8,1.0,0.0,0.0,0.0,0.0,0.0,0.0,0.0,0.0,0.0,0.0,0.0,1.3,2.8,2.5,1.8,2.3,1.5,0.0,0.0,0.0,31.9,2.6,4.2,0.0,0.0,0.0,0.0,8.3,43.6,13.8,26.4,1.0,1.0,1.0,1.0,1.0,1.0,1.0,1.0,1.0,1.0,1.0,1.0,1.0,1.0,1.0,1.0,1.0,1.0,1.0,1.0,1.0,1.0,1.0,1.0,1.0,1.0,1.0,1.0,1.0,1.0,1.0
2648014,1,01/12/1940,1,43.6,143.0,29.0,13.0,1.0,1,0.0,1568.8,1.0,0.0,0.0,0.0,0.0,0.0,0.0,0.0,0.0,0.0,0.0,0.0,1.3,2.8,2.5,1.8,2.3,1.5,0.0,0.0,0.0,31.9,2.6,4.2,0.0,0.0,0.0,0.0,8.3,43.6,13.8,26.4,1.0,1.0,1.0,1.0,1.0,1.0,1.0,1.0,1.0,1.0,1.0,1.0,1.0,1.0,1.0,1.0,1.0,1.0,1.0,1.0,1.0,1.0,1.0,1.0,1.0,1.0,1.0,1.0,1.0,1.0,1.0
2648014,2,01/11/1940,1,31.6,80.5,12.0,17.0,1.0,1,0.0,1568.8,1.0,0.0,0.0,1.6,0.8,0.4,1.3,0.0,1.6,2.2,2.5,0.0,31.6,17.3,2.5,5.3,0.0,0.0,0.0,0.0,3.6,1.3,1.8,1.5,3.6,1.6,0.0,0.0,0.0,0.0,0.0,,1.0,1.0,1.0,1.0,1.0,1.0,1.0,1.0,1.0,1.0,1.0,1.0,1.0,1.0,1.0,1.0,1.0,1.0,1.0,1.0,1.0,1.0,1.0,1.0,1.0,1.0,1.0,1.0,1.0,1.0,0.0
2648014,1,01/11/1940,1,31.6,80.5,12.0,17.0,1.0,1,0.0,1568.8,1.0,0.0,0.0,1.6,0.8,0.4,1.3,0.0,1.6,2.2,2.5,0.0,31.6,17.3,2.5,5.3,0.0,0.0,0.0,0.0,3.6,1.3,1.8,1.5,3.6,1.6,0.0,0.0,0.0,0.0,0.0,,1.0,1.0,1.0,1.0,1.0,1.0,1.0,1.0,1.0,1.0,1.0,1.0,1.0,1.0,1.0,1.0,1.0,1.0,1.0,1.0,1.0,1.0,1.0,1.0,1.0,1.0,1.0,1.0,1.0,1.0,0.0
2648014,2,01/10/1940,1,53.8,212.3,22.0,17.0,1.0,1,0.0,1568.8,1.0,0.0,3.7,1.6,0.0,0.0,0.0,0.0,2.4,13.8,17.3,3.6,0.0,0.0,0.0,0.0,0.0,0.0,13.8,21.4,17.9,46.3,53.8,0.0,3.5,8.2,1.8,0.6,1.4,1.2,0.0,0.0,1.0,1.0,1.0,1.0,1.0,1.0,1.0,1.0,1.0,1.0,1.0,1.0,1.0,1.0,1.0,1.0,1.0,1.0,1.0,1.0,1.0,1.0,1.0,1.0,1.0,1.0,1.0,1.0,1.0,1.0,1.0
2648014,1,01/10/1940,1,53.8,212.3,22.0,17.0,1.0,1,0.0,1568.8,1.0,0.0,3.7,1.6,0.0,0.0,0.0,0.0,2.4,13.8,17.3,3.6,0.0,0.0,0.0,0.0,0.0,0.0,13.8,21.4,17.9,46.3,53.8,0.0,3.5,8.2,1.8,0.6,1.4,1.2,0.0,0.0,1.0,1.0,1.0,1.0,1.0,1.0,1.0,1.0,1.0,1.0,1.0,1.0,1.0,1.0,1.0,1.0,1.0,1.0,1.0,1.0,1.0,1.0,1.0,1.0,1.0,1.0,1.0,1.0,1.0,1.0,1.0
2648014,2,01/09/1940,1,4.2,14.1,12.0,4.0,1.0,1,0.0,1568.8,1.0,0.0,0.0,0.0,0.0,0.0,0.0,0.0,0.0,0.0,0.0,3.6,4.2,0.0,0.0,0.0,0.0,0.0,0.0,0.0,0.0,0.0,0.0,0.0,0.0,0.0,3.8,0.0,0.0,0.0,2.5,,1.0,1.0,1.0,1.0,1.0,1.0,1.0,1.0,1.0,1.0,1.0,1.0,1.0,1.0,1.0,1.0,1.0,1.0,1.0,1.0,1.0,1.0,1.0,1.0,1.0,1.0,1.0,1.0,1.0,1.0,0.0
2648014,1,01/09/1940,1,4.2,14.1,12.0,4.0,1.0,1,0.0,1568.8,1.0,0.0,0.0,0.0,0.0,0.0,0.0,0.0,0.0,0.0,0.0,3.6,4.2,0.0,0.0,0.0,0.0,0.0,0.0,0.0,0.0,0.0,0.0,0.0,0.0,0.0,3.8,0.0,0.0,0.0,2.5,,1.0,1.0,1.0,1.0,1.0,1.0,1.0,1.0,1.0,1.0,1.0,1.0,1.0,1.0,1.0,1.0,1.0,1.0,1.0,1.0,1.0,1.0,1.0,1.0,1.0,1.0,1.0,1.0,1.0,1.0,0.0
2648014,2,01/08/1940,1,81.7,157.9,24.0,12.0,1.0,1,0.0,1568.8,1.0,0.0,0.0,2.6,3.8,1.3,0.0,1.6,2.9,0.0,0.0,0.0,0.0,0.0,13.5,19.7,11.4,14.6,0.0,0.0,0.0,0.0,0.0,0.0,81.7,2.0,2.8,0.0,0.0,0.0,0.0,0.0,1.0,1.0,1.0,1.0,1.0,1.0,1.0,1.0,1.0,1.0,1.0,1.0,1.0,1.0,1.0,1.0,1.0,1.0,1.0,1.0,1.0,1.0,1.0,1.0,1.0,1.0,1.0,1.0,1.0,1.0,1.0
2648014,1,01/08/1940,1,81.7,157.9,24.0,12.0,1.0,1,0.0,1568.8,1.0,0.0,0.0,2.6,3.8,1.3,0.0,1.6,2.9,0.0,0.0,0.0,0.0,0.0,13.5,19.7,11.4,14.6,0.0,0.0,0.0,0.0,0.0,0.0,81.7,2.0,2.8,0.0,0.0,0.0,0.0,0.0,1.0,1.0,1.0,1.0,1.0,1.0,1.0,1.0,1.0,1.0,1.0,1.0,1.0,1.0,1.0,1.0,1.0,1.0,1.0,1.0,1.0,1.0,1.0,1.0,1.0,1.0,1.0,1.0,1.0,1.0,1.0
2648014,2,01/07/1940,1,19.6,66.6,12.0,8.0,1.0,1,0.0,1568.8,1.0,0.0,0.0,0.0,0.0,0.0,0.0,0.0,15.5,1.3,0.0,0.0,19.6,0.0,0.0,0.0,0.0,0.0,0.0,0.0,0.0,2.3,1.6,0.0,0.0,0.0,0.0,0.0,9.5,13.2,3.6,0.0,1.0,1.0,1.0,1.0,1.0,1.0,1.0,1.0,1.0,1.0,1.0,1.0,1.0,1.0,1.0,1.0,1.0,1.0,1.0,1.0,1.0,1.0,1.0,1.0,1.0,1.0,1.0,1.0,1.0,1.0,1.0
2648014,1,01/07/1940,1,19.6,66.6,12.0,8.0,1.0,1,0.0,1568.8,1.0,0.0,0.0,0.0,0.0,0.0,0.0,0.0,15.5,1.3,0.0,0.0,19.6,0.0,0.0,0.0,0.0,0.0,0.0,0.0,0.0,2.3,1.6,0.0,0.0,0.0,0.0,0.0,9.5,13.2,3.6,0.0,1.0,1.0,1.0,1.0,1.0,1.0,1.0,1.0,1.0,1.0,1.0,1.0,1.0,1.0,1.0,1.0,1.0,1.0,1.0,1.0,1.0,1.0,1.0,1.0,1.0,1.0,1.0,1.0,1.0,1.0,1.0
2648014,2,01/06/1940,1,14.6,33.6,23.0,6.0,1.0,1,0.0,1568.8,1.0,0.0,0.0,0.0,0.0,0.0,0.0,0.0,0.0,0.0,0.0,0.0,3.6,2.8,0.0,0.0,0.0,0.0,0.0,0.0,0.0,0.0,3.8,14.6,5.2,0.0,0.0,0.0,0.0,0.0,3.6,,1.0,1.0,1.0,1.0,1.0,1.0,1.0,1.0,1.0,1.0,1.0,1.0,1.0,1.0,1.0,1.0,1.0,1.0,1.0,1.0,1.0,1.0,1.0,1.0,1.0,1.0,1.0,1.0,1.0,1.0,0.0
2648014,1,01/06/1940,1,14.6,33.6,23.0,6.0,1.0,1,0.0,1568.8,1.0,0.0,0.0,0.0,0.0,0.0,0.0,0.0,0.0,0.0,0.0,0.0,3.6,2.8,0.0,0.0,0.0,0.0,0.0,0.0,0.0,0.0,3.8,14.6,5.2,0.0,0.0,0.0,0.0,0.0,3.6,,1.0,1.0,1.0,1.0,1.0,1.0,1.0,1.0,1.0,1.0,1.0,1.0,1.0,1.0,1.0,1.0,1.0,1.0,1.0,1.0,1.0,1.0,1.0,1.0,1.0,1.0,1.0,1.0,1.0,1.0,0.0
2648014,2,01/05/1940,1,36.8,100.2,2.0,10.0,1.0,1,0.0,1568.8,1.0,8.3,36.8,28.2,5.3,2.6,7.4,4.9,0.0,0.0,0.0,0.0,0.0,0.0,0.0,0.0,0.0,0.8,1.3,0.0,0.0,0.0,0.0,0.0,0.0,0.0,0.0,0.0,4.6,0.0,0.0,0.0,1.0,1.0,1.0,1.0,1.0,1.0,1.0,1.0,1.0,1.0,1.0,1.0,1.0,1.0,1.0,1.0,1.0,1.0,1.0,1.0,1.0,1.0,1.0,1.0,1.0,1.0,1.0,1.0,1.0,1.0,1.0
2648014,1,01/05/1940,1,36.8,100.2,2.0,10.0,1.0,1,0.0,1568.8,1.0,8.3,36.8,28.2,5.3,2.6,7.4,4.9,0.0,0.0,0.0,0.0,0.0,0.0,0.0,0.0,0.0,0.8,1.3,0.0,0.0,0.0,0.0,0.0,0.0,0.0,0.0,0.0,4.6,0.0,0.0,0.0,1.0,1.0,1.0,1.0,1.0,1.0,1.0,1.0,1.0,1.0,1.0,1.0,1.0,1.0,1.0,1.0,1.0,1.0,1.0,1.0,1.0,1.0,1.0,1.0,1.0,1.0,1.0,1.0,1.0,1.0,1.0
2648014,2,01/04/1940,1,23.8,153.0,22.0,18.0,1.0,1,0.0,1568.8,1.0,0.0,13.6,17.8,6.2,3.9,2.5,21.4,0.0,0.0,0.0,3.5,1.9,2.6,9.3,13.6,0.0,0.0,0.0,0.0,0.0,0.0,23.8,13.6,2.3,1.6,8.3,5.4,0.0,0.0,1.7,,1.0,1.0,1.0,1.0,1.0,1.0,1.0,1.0,1.0,1.0,1.0,1.0,1.0,1.0,1.0,1.0,1.0,1.0,1.0,1.0,1.0,1.0,1.0,1.0,1.0,1.0,1.0,1.0,1.0,1.0,0.0
2648014,1,01/04/1940,1,23.8,153.0,22.0,18.0,1.0,1,0.0,1568.8,1.0,0.0,13.6,17.8,6.2,3.9,2.5,21.4,0.0,0.0,0.0,3.5,1.9,2.6,9.3,13.6,0.0,0.0,0.0,0.0,0.0,0.0,23.8,13.6,2.3,1.6,8.3,5.4,0.0,0.0,1.7,,1.0,1.0,1.0,1.0,1.0,1.0,1.0,1.0,1.0,1.0,1.0,1.0,1.0,1.0,1.0,1.0,1.0,1.0,1.0,1.0,1.0,1.0,1.0,1.0,1.0,1.0,1.0,1.0,1.0,1.0,0.0
2648014,2,01/03/1940,1,49.0,132.3,25.0,14.0,1.0,1,0.0,1568.8,1.0,0.0,0.0,0.0,0.0,0.0,0.0,6.4,15.3,10.8,15.7,0.7,0.3,1.9,0.0,0.0,3.2,0.0,0.0,0.0,0.0,3.0,0.0,0.0,0.0,49.0,0.0,10.8,9.1,2.7,3.4,0.0,1.0,1.0,1.0,1.0,1.0,1.0,1.0,1.0,1.0,1.0,1.0,1.0,1.0,1.0,1.0,1.0,1.0,1.0,1.0,1.0,1.0,1.0,1.0,1.0,1.0,1.0,1.0,1.0,1.0,1.0,1.0
2648014,1,01/03/1940,1,49.0,132.3,25.0,14.0,1.0,1,0.0,1568.8,1.0,0.0,0.0,0.0,0.0,0.0,0.0,6.4,15.3,10.8,15.7,0.7,0.3,1.9,0.0,0.0,3.2,0.0,0.0,0.0,0.0,3.0,0.0,0.0,0.0,49.0,0.0,10.8,9.1,2.7,3.4,0.0,1.0,1.0,1.0,1.0,1.0,1.0,1.0,1.0,1.0,1.0,1.0,1.0,1.0,1.0,1.0,1.0,1.0,1.0,1.0,1.0,1.0,1.0,1.0,1.0,1.0,1.0,1.0,1.0,1.0,1.0,1.0
2648014,2,01/02/1940,1,48.3,235.3,18.0,15.0,1.0,1,0.0,1568.8,1.0,0.0,0.0,36.8,4.2,3.6,8.5,0.0,0.0,0.0,0.0,19.6,0.0,0.0,0.0,13.6,4.8,9.5,48.3,23.9,0.0,26.4,21.8,0.0,0.0,0.0,0.0,4.6,6.2,3.5,,,1.0,1.0,1.0,1.0,1.0,1.0,1.0,1.0,1.0,1.0,1.0,1.0,1.0,1.0,1.0,1.0,1.0,1.0,1.0,1.0,1.0,1.0,1.0,1.0,1.0,1.0,1.0,1.0,1.0,0.0,0.0
2648014,1,01/02/1940,1,48.3,235.3,18.0,15.0,1.0,1,0.0,1568.8,1.0,0.0,0.0,36.8,4.2,3.6,8.5,0.0,0.0,0.0,0.0,19.6,0.0,0.0,0.0,13.6,4.8,9.5,48.3,23.9,0.0,26.4,21.8,0.0,0.0,0.0,0.0,4.6,6.2,3.5,,,1.0,1.0,1.0,1.0,1.0,1.0,1.0,1.0,1.0,1.0,1.0,1.0,1.0,1.0,1.0,1.0,1.0,1.0,1.0,1.0,1.0,1.0,1.0,1.0,1.0,1.0,1.0,1.0,1.0,0.0,0.0
2648014,2,01/01/1940,1,25.3,240.0,3.0,25.0,1.0,1,0.0,1568.8,1.0,0.0,0.0,25.3,12.6,4.4,17.6,13.9,16.3,0.0,4.8,5.3,1.6,2.5,10.8,13.5,3.8,6.9,4.5,8.2,3.6,5.7,13.2,19.4,11.8,21.7,0.0,0.0,0.0,6.3,3.5,2.8,1.0,1.0,1.0,1.0,1.0,1.0,1.0,1.0,1.0,1.0,1.0,1.0,1.0,1.0,1.0,1.0,1.0,1.0,1.0,1.0,1.0,1.0,1.0,1.0,1.0,1.0,1.0,1.0,1.0,1.0,1.0
2648014,1,01/01/1940,1,25.3,240.0,3.0,25.0,1.0,1,0.0,1568.8,1.0,0.0,0.0,25.3,12.6,4.4,17.6,13.9,16.3,0.0,4.8,5.3,1.6,2.5,10.8,13.5,3.8,6.9,4.5,8.2,3.6,5.7,13.2,19.4,11.8,21.7,0.0,0.0,0.0,6.3,3.5,2.8,1.0,1.0,1.0,1.0,1.0,1.0,1.0,1.0,1.0,1.0,1.0,1.0,1.0,1.0,1.0,1.0,1.0,1.0,1.0,1.0,1.0,1.0,1.0,1.0,1.0,1.0,1.0,1.0,1.0,1.0,1.0
2648014,2,01/12/1939,1,36.5,175.2,20.0,26.0,1.0,1,0.0,,0.0,2.5,3.1,6.3,2.8,4.2,2.9,2.3,3.6,0.0,0.0,0.0,23.6,6.9,8.2,1.3,1.7,0.0,0.0,1.3,36.5,2.5,1.3,1.7,1.2,1.4,2.4,21.3,1.7,6.2,13.8,14.5,1.0,1.0,1.0,1.0,1.0,1.0,1.0,1.0,1.0,1.0,1.0,1.0,1.0,1.0,1.0,1.0,1.0,1.0,1.0,1.0,1.0,1.0,1.0,1.0,1.0,1.0,1.0,1.0,1.0,1.0,1.0
2648014,1,01/12/1939,1,36.5,175.2,20.0,26.0,1.0,1,0.0,,0.0,2.5,3.1,6.3,2.8,4.2,2.9,2.3,3.6,0.0,0.0,0.0,23.6,6.9,8.2,1.3,1.7,0.0,0.0,1.3,36.5,2.5,1.3,1.7,1.2,1.4,2.4,21.3,1.7,6.2,13.8,14.5,1.0,1.0,1.0,1.0,1.0,1.0,1.0,1.0,1.0,1.0,1.0,1.0,1.0,1.0,1.0,1.0,1.0,1.0,1.0,1.0,1.0,1.0,1.0,1.0,1.0,1.0,1.0,1.0,1.0,1.0,1.0
2648014,2,01/11/1939,1,26.3,256.0,22.0,24.0,1.0,1,0.0,,0.0,0.0,1.4,2.8,0.0,1.3,2.5,4.8,3.6,0.0,0.0,1.4,1.8,1.2,1.6,4.2,23.6,21.4,19.2,17.8,13.5,11.8,26.3,17.9,11.5,13.8,26.2,23.8,2.6,0.0,0.0,,1.0,1.0,1.0,1.0,1.0,1.0,1.0,1.0,1.0,1.0,1.0,1.0,1.0,1.0,1.0,1.0,1.0,1.0,1.0,1.0,1.0,1.0,1.0,1.0,1.0,1.0,1.0,1.0,1.0,1.0,0.0
2648014,1,01/11/1939,1,26.3,256.0,22.0,24.0,1.0,1,0.0,,0.0,0.0,1.4,2.8,0.0,1.3,2.5,4.8,3.6,0.0,0.0,1.4,1.8,1.2,1.6,4.2,23.6,21.4,19.2,17.8,13.5,11.8,26.3,17.9,11.5,13.8,26.2,23.8,2.6,0.0,0.0,,1.0,1.0,1.0,1.0,1.0,1.0,1.0,1.0,1.0,1.0,1.0,1.0,1.0,1.0,1.0,1.0,1.0,1.0,1.0,1.0,1.0,1.0,1.0,1.0,1.0,1.0,1.0,1.0,1.0,1.0,0.0
2648014,2,01/10/1939,1,17.2,93.7,5.0,9.0,1.0,1,0.0,,0.0,3.5,6.8,8.3,13.6,17.2,0.0,0.0,0.0,0.0,0.0,0.0,0.0,0.0,0.0,0.0,0.0,0.0,0.0,0.0,0.0,4.3,9.7,13.5,16.8,0.0,0.0,0.0,0.0,0.0,0.0,0.0,1.0,1.0,1.0,1.0,1.0,1.0,1.0,1.0,1.0,1.0,1.0,1.0,1.0,1.0,1.0,1.0,1.0,1.0,1.0,1.0,1.0,1.0,1.0,1.0,1.0,1.0,1.0,1.0,1.0,1.0,1.0
2648014,1,01/10/1939,1,17.2,93.7,5.0,9.0,1.0,1,0.0,,0.0,3.5,6.8,8.3,13.6,17.2,0.0,0.0,0.0,0.0,0.0,0.0,0.0,0.0,0.0,0.0,0.0,0.0,0.0,0.0,0.0,4.3,9.7,13.5,16.8,0.0,0.0,0.0,0.0,0.0,0.0,0.0,1.0,1.0,1.0,1.0,1.0,1.0,1.0,1.0,1.0,1.0,1.0,1.0,1.0,1.0,1.0,1.0,1.0,1.0,1.0,1.0,1.0,1.0,1.0,1.0,1.0,1.0,1.0,1.0,1.0,1.0,1.0
2648014,2,01/09/1939,1,31.3,202.0,5.0,19.0,1.0,1,0.0,,0.0,16.3,13.8,17.6,25.8,31.3,17.5,0.0,0.0,0.0,0.0,0.0,0.0,0.0,0.0,3.2,9.5,16.8,29.3,3.6,5.9,1.4,0.5,1.6,0.0,0.0,0.0,1.6,2.4,1.3,2.6,,1.0,1.0,1.0,1.0,1.0,1.0,1.0,1.0,1.0,1.0,1.0,1.0,1.0,1.0,1.0,1.0,1.0,1.0,1.0,1.0,1.0,1.0,1.0,1.0,1.0,1.0,1.0,1.0,1.0,1.0,0.0
2648014,1,01/09/1939,1,31.3,202.0,5.0,19.0,1.0,1,0.0,,0.0,16.3,13.8,17.6,25.8,31.3,17.5,0.0,0.0,0.0,0.0,0.0,0.0,0.0,0.0,3.2,9.5,16.8,29.3,3.6,5.9,1.4,0.5,1.6,0.0,0.0,0.0,1.6,2.4,1.3,2.6,,1.0,1.0,1.0,1.0,1.0,1.0,1.0,1.0,1.0,1.0,1.0,1.0,1.0,1.0,1.0,1.0,1.0,1.0,1.0,1.0,1.0,1.0,1.0,1.0,1.0,1.0,1.0,1.0,1.0,1.0,0.0
2648014,2,01/05/1938,1,76.3,172.3,21.0,7.0,1.0,1,0.0,,0.0,0.0,0.0,0.0,0.0,0.0,0.0,13.2,0.0,0.0,0.0,0.0,0.0,0.0,0.0,0.0,0.0,13.8,0.0,0.0,0.0,76.3,38.9,0.0,0.0,0.0,7.3,13.6,9.2,0.0,0.0,0.0,1.0,1.0,1.0,1.0,1.0,1.0,1.0,1.0,1.0,1.0,1.0,1.0,1.0,1.0,1.0,1.0,1.0,1.0,1.0,1.0,1.0,1.0,1.0,1.0,1.0,1.0,1.0,1.0,1.0,1.0,1.0
2648014,1,01/05/1938,1,76.3,172.3,21.0,7.0,1.0,1,0.0,,0.0,0.0,0.0,0.0,0.0,0.0,0.0,13.2,0.0,0.0,0.0,0.0,0.0,0.0,0.0,0.0,0.0,13.8,0.0,0.0,0.0,76.3,38.9,0.0,0.0,0.0,7.3,13.6,9.2,0.0,0.0,0.0,1.0,1.0,1.0,1.0,1.0,1.0,1.0,1.0,1.0,1.0,1.0,1.0,1.0,1.0,1.0,1.0,1.0,1.0,1.0,1.0,1.0,1.0,1.0,1.0,1.0,1.0,1.0,1.0,1.0,1.0,1.0
